4.264990129244329575e-02 1.325029194265839013e-03 3.071894600700435609e-04 8.090324977728316090e-05 2.304702638635282432e-05 7.081509298020231741e-06 2.205237670244267081e-06 7.164508085172487220e-07 2.496655220449095216e-07 7.907040617257835364e-08 2.709051042588159492e-08 4.242074738824333194e-09 -1.326543111829008676e-09 -1.273993361331047899e-09 1.545269244485804294e-09 3.561142751982546081e-10 -9.409034263830432788e-10 -1.411126516609888637e-10 -6.901098292377113713e-10 8.037205003128520853e-11 -4.736821450703875935e-10 -3.503656609748400192e-11 -1.802848175839791778e-11 2.911950693017337256e-10 3.352883688231152019e-10 -4.628104124434108858e-11 -2.970877299167070740e-11 -1.645357540758622844e-10 -1.569677014398040277e-11 -9.887274110831100598e-11 -1.596249048991450682e-10 8.451808013147596566e-13 -1.886637607667325510e-11 7.264938104732243471e-11 4.713615207806379382e-11 -4.422401344129793583e-11 1.779917245889502025e-11 1.669920924973552445e-10 -8.588218537726419747e-11 -1.570948592323525436e-10 7.757406191558554872e-11 -3.771382198344540524e-10 2.191615266035060486e-10 1.738113456291305030e-10 5.320092739231417259e-10 -4.884834426060416169e-11 1.361727312582200021e-09 -5.107006331766706456e-11 -4.319361289241575074e-10 4.399663716387204210e-10 -7.195105972845855808e-12 3.291208960811095848e-09 -5.747236964755739688e-10 6.193789021223811389e-09 3.145952642985311346e-08 7.813923976657387243e-08 2.353232276910975154e-07 6.998525498425250300e-07 2.211646212553656791e-06 6.983238473511649849e-06 2.304666101296951175e-05 8.076408511329891062e-05 3.067849921245543814e-04 1.333237699023919181e-03
4.265094502864005821e-02 1.324828624917023193e-03 3.072563285005754292e-04 8.089383206095259468e-05 2.304239382137802250e-05 7.085638410196451261e-06 2.205790844342588350e-06 7.153416541448583732e-07 2.495456100475257131e-07 7.956498629598430815e-08 2.774988715843648117e-08 4.353046989901314467e-09 -1.100906406625315489e-09 -1.356781607773350228e-09 1.645915110922407890e-09 2.646768338943830254e-10 -9.972614061150854575e-10 -1.657157847459274042e-10 -7.190839133244108693e-10 6.538971612354282115e-11 -4.815953892865103068e-10 -5.315038863137205588e-11 -3.287540797812844555e-11 2.808653435236855531e-10 3.271644481099654616e-10 -3.701339221644284175e-11 -2.222262383228758748e-11 -1.589166284607241667e-10 -1.448909326113277655e-11 -1.071743594522235110e-10 -1.595955599598537641e-10 -1.224705981339272742e-12 -1.403191205509139937e-11 6.924414863517454566e-11 4.736821924525927751e-11 -4.213288007443523935e-11 1.554525421509690348e-11 1.674771856058499799e-10 -7.393816450800002785e-11 -1.578287256482881162e-10 7.070508856674502180e-11 -3.787005530105840321e-10 2.027830068438146072e-10 1.411861217234575234e-10 5.482613581190409036e-10 -4.902271062066252901e-11 1.359431490799928887e-09 -6.518278549010814470e-11 -4.479122036313272683e-10 3.740507147338279057e-10 7.755825295146945033e-11 3.221814557160537224e-09 -6.530479324890497588e-10 6.090175218960410532e-09 3.181031986664909615e-08 7.820618866300026868e-08 2.344319116598893415e-07 6.993941793307621142e-07 2.210191819751387788e-06 6.981763118901899558e-06 2.303966673490530337e-05 8.078512623582635060e-05 3.067383009576394822e-04 1.332327373446709875e-03
4.265010934518922991e-02 1.324872038829406212e-03 3.072265857464790599e-04 8.090351741643795008e-05 2.304178377292557766e-05 7.081291676026127738e-06 2.205691509213196837e-06 7.157655490461408065e-07 2.503653479176321313e-07 7.972360256648383481e-08 2.715080228770721357e-08 4.411395130106027500e-09 -1.334647921157127218e-09 -1.271374648346777139e-09 1.651440320423092766e-09 2.610851429327864256e-10 -1.013124141771323477e-09 -1.758650163473442039e-10 -6.812179352497332243e-10 1.141355620293810708e-10 -4.466716357289267173e-10 -1.766024601262114452e-11 -4.897699099837290653e-11 2.778454064012197941e-10 3.447408503553119194e-10 -3.101854806169053736e-11 -2.500369604759086264e-11 -1.573612734242379736e-10 -1.705873413289056221e-11 -1.078759537694543044e-10 -1.609673937792768272e-10 -4.212713287185496893e-13 -1.156881770637053902e-11 7.708989326654793905e-11 5.749885589070973146e-11 -3.871847534916936543e-11 1.480109075327795957e-11 1.712082614696646412e-10 -7.224968028071629597e-11 -1.473358612223894339e-10 9.211483787792317964e-11 -3.853891043677445960e-10 1.885098443834251659e-10 1.257098133138530427e-10 5.065382348176879311e-10 -7.055123778614949570e-11 1.295154713148412895e-09 -5.486700216655007136e-11 -4.631654093806830398e-10 5.133421711153578854e-10 5.776278718465881360e-11 3.313916328874332149e-09 -8.784554871895763762e-10 5.923910400541911860e-09 3.123295055918844378e-08 7.784030332161502344e-08 2.353748162060370281e-07 7.000363763271115213e-07 2.210087297733189815e-06 6.987626829420044950e-06 2.304741178049373438e-05 8.076547650917812056e-05 3.068130567387951585e-04 1.332581740909857988e-03
4.264990194070208268e-02 1.325328204930826832e-03 3.072550322429118842e-04 8.087901765998021782e-05 2.305610929692422734e-05 7.084498396626795277e-06 2.206461471733215504e-06 7.154932992415000113e-07 2.495059213241249813e-07 7.946923571760035777e-08 2.695333443422245770e-08 4.222018933709850718e-09 -1.171878251759997929e-09 -1.198219381493771092e-09 1.662198847625856144e-09 3.036751840533318920e-10 -9.042690758710156385e-10 -6.962814585691159521e-11 -7.056023310949507247e-10 1.056851863827976021e-10 -4.159983490933115645e-10 1.828139276103080394e-11 8.985236996724551855e-12 2.762947152590050334e-10 3.145318904988626405e-10 -4.253318873413764340e-11 -2.143705049825866133e-11 -1.496075603085771437e-10 -1.786908125794531207e-11 -9.396474341012471259e-11 -1.592206363653320716e-10 5.728098630729418259e-12 -1.064083632231086211e-11 6.786197167322428923e-11 5.269319029779479882e-11 -4.842689379502015100e-11 1.456998664692044685e-11 1.722241779317933708e-10 -7.124776035837270351e-11 -1.447449577232739785e-10 9.163528408174921099e-11 -3.648680145023404334e-10 1.843046296944579350e-10 1.357598069188661479e-10 5.331056748498118138e-10 -4.370385186151402503e-11 1.325356302592494593e-09 -3.031284433491280602e-11 -3.827558377183407813e-10 4.197303582176488687e-10 9.236839306931628422e-11 3.212206217305664016e-09 -6.090039750529395505e-10 5.979566192037298333e-09 3.194282033805917971e-08 7.805613453948500247e-08 2.355938873847581507e-07 7.016629548338002475e-07 2.211978368718718938e-06 6.987411320262630813e-06 2.304910739620075045e-05 8.080964121462975145e-05 3.068287127882367835e-04 1.332743780830740292e-03
4.264968635344779102e-02 1.324871768975558611e-03 3.072452809013274163e-04 8.092538854248937624e-05 2.305315016831044209e-05 7.086015183069761762e-06 2.207483910796531903e-06 7.158195966950067629e-07 2.497602606315658423e-07 7.942260263264170330e-08 2.679031198003336932e-08 4.537220190806366671e-09 -1.408323220595786582e-09 -1.232637420735667222e-09 1.645207682073400328e-09 4.803708011920342781e-10 -8.929608247093916399e-10 -6.878686514579206491e-11 -7.162325940376519718e-10 1.549701941681639359e-10 -4.677950896595608155e-10 5.330155882570691818e-12 -7.240180033780840844e-12 2.827552590894880672e-10 3.448500430895845997e-10 -3.367395206559169891e-11 -3.340675945599241241e-11 -1.621089943584792402e-10 -1.992023373714521743e-11 -1.110302002035562394e-10 -1.632641735251135482e-10 6.772022780902903874e-12 -8.046437431556193065e-12 7.953061770083090305e-11 4.885884770217002781e-11 -3.881857639987616880e-11 1.727589800908554625e-11 1.651268347120321573e-10 -6.993738602742562199e-11 -1.567778034367095702e-10 8.328905598689288561e-11 -3.599814572872031977e-10 1.985762380173055883e-10 9.812533731522742053e-11 5.176412226896145085e-10 -4.474001087253303663e-11 1.275118548931663142e-09 -5.970679172924305695e-11 -4.620206736535444857e-10 4.583184387140568041e-10 3.154247702501443629e-11 3.278638292948844491e-09 -6.516557454402867021e-10 6.114174519749217930e-09 3.188084546475732293e-08 7.822475197640673208e-08 2.351129823458379242e-07 6.996523802577899239e-07 2.209626009003381563e-06 6.980182731256043482e-06 2.304678496572453052e-05 8.078255490443815448e-05 3.067239062645635132e-04 1.332879575995728682e-03
4.265091674022025020e-02 1.324557352825771498e-03 3.071794767881770084e-04 8.091603897170290859e-05 2.304457111833810933e-05 7.079728570249241392e-06 2.204726383534097397e-06 7.165872676788380636e-07 2.489407204160742525e-07 7.947338036090700270e-08 2.735068489201943922e-08 4.416343385608624767e-09 -1.213683867874456188e-09 -1.060058811731161875e-09 1.622625257325439690e-09 2.523506428349133121e-10 -9.197179608014473498e-10 -1.572176190741041414e-10 -6.879738388271362639e-10 8.208601966193600201e-11 -4.694753088092871672e-10 -3.240143742568296467e-11 -2.198344474625923501e-11 2.723840754830599850e-10 3.687716518967019505e-10 -5.151911140564449731e-11 -3.710489778845214172e-11 -1.526657891206467934e-10 -2.327868286543920653e-11 -9.928758397393977980e-11 -1.655181189132769311e-10 5.749013268693956520e-12 -1.344359942350452395e-11 6.596707394502269128e-11 4.061289842343496564e-11 -4.951550042269523272e-11 5.308505699426998002e-12 1.663684134879344802e-10 -7.219881242928001544e-11 -1.472396676492429688e-10 8.289743493567665698e-11 -3.781669849758624132e-10 2.194887109234922511e-10 1.426737788809859520e-10 4.816849163347293416e-10 -1.803473894431147100e-11 1.305686946009413883e-09 -6.670393171631161986e-12 -4.753237869193806656e-10 4.884249367983718356e-10 -1.514442875498452697e-11 3.347464380481927841e-09 -4.827768349911489874e-10 6.219576156799341250e-09 3.171281037166895807e-08 7.800469727292457908e-08 2.357695016846452592e-07 7.001559453101943165e-07 2.211746786525545434e-06 6.984197697679775693e-06 2.304230635515451902e-05 8.078711545439788417e-05 3.067879114179243561e-04 1.332487550328098017e-03
4.265006019898521378e-02 1.325035546265892995e-03 3.073449216145865436e-04 8.091597390097715050e-05 2.304731442900289612e-05 7.083979420476044960e-06 2.208087833802509397e-06 7.157453961432296863e-07 2.490929096057890501e-07 7.918157515110510003e-08 2.708146496433769816e-08 4.395251018207422778e-09 -1.286304210765154404e-09 -1.166304367528016671e-09 1.590699819043236501e-09 2.646829405951413303e-10 -1.023897546236302565e-09 -9.360376436177331525e-11 -6.982364422765644372e-10 1.138350478387239778e-10 -4.531438635564349491e-10 4.120690359410753538e-12 -2.104420376597792823e-11 2.924719346599876271e-10 3.415020915141106986e-10 -5.204382365264917269e-11 -2.425924954454151288e-11 -1.578980997410655403e-10 -1.657684477233044038e-11 -1.008900288100459313e-10 -1.591106227884357739e-10 5.284804485533415276e-12 -1.961372418594108176e-11 7.262737686700096726e-11 4.400090264356821107e-11 -4.929452232546766481e-11 1.107160489204556890e-11 1.699911241885964319e-10 -7.149088342518590760e-11 -1.576484929970225074e-10 9.115573724355843268e-11 -3.702020335446474608e-10 2.111891575297955802e-10 1.339395327280281976e-10 5.116165449978751303e-10 9.628991577635278534e-13 1.311113064271461440e-09 -6.145672929669282447e-11 -4.775149433512868083e-10 4.713953724437217940e-10 1.260856717748683305e-10 3.357368273232580376e-09 -5.204570560320369493e-10 6.065924113672838241e-09 3.181811780930663084e-08 7.825037951435133492e-08 2.361057368984117476e-07 7.015581005809642615e-07 2.212199725369523978e-06 6.983104579964255414e-06 2.305285476638936114e-05 8.080314195528326773e-05 3.068141496224122589e-04 1.332886050011558620e-03
4.264972068055981197e-02 1.325241371323849929e-03 3.072842008071784560e-04 8.091254588143124461e-05 2.304971096404725693e-05 7.081004918964264740e-06 2.206253942031824251e-06 7.152449465389848910e-07 2.498547219700465926e-07 7.931890680007268649e-08 2.700070294857398544e-08 4.324828354281128409e-09 -1.303183388452047130e-09 -1.209810532429177237e-09 1.576518756876178378e-09 3.391613602148513800e-10 -1.006796876771727519e-09 -2.063695195750927915e-10 -7.238114451441574504e-10 1.120443173158195992e-10 -4.506101920340008096e-10 8.624291304064208700e-12 1.556859496230054289e-12 2.843224666199264473e-10 3.412641519549120767e-10 -2.855395702959530489e-11 -9.688866336086863300e-12 -1.597681704880620729e-10 -1.366640420070108082e-11 -1.046289287375675806e-10 -1.604695735847466365e-10 9.757123143527170071e-12 -6.802570576244288144e-12 7.847002663643686399e-11 4.524949805445253702e-11 -4.623834201656734785e-11 1.349761785460100956e-11 1.727004373379898974e-10 -7.139378292298344072e-11 -1.584140004857986316e-10 9.973954732917492183e-11 -3.488887386777590218e-10 2.013443381264802159e-10 1.240252590184965796e-10 5.125691407028553810e-10 -2.718594688322271399e-11 1.357106392483827883e-09 -6.250354633428703631e-11 -5.055037181885345207e-10 3.916685850380578114e-10 -1.027309191372446287e-10 3.302615270049807582e-09 -5.978396861776684307e-10 6.042177357120021537e-09 3.154105091850992216e-08 7.826592734122660811e-08 2.360623600162698572e-07 7.011777373924844482e-07 2.212148356272389316e-06 6.984872604984394553e-06 2.304666638366813499e-05 8.078638922451933651e-05 3.068203535508376607e-04 1.332920513306117254e-03
4.265011188060930519e-02 1.324773616800677817e-03 3.072482356550789297e-04 8.089447590927585662e-05 2.305786855176472324e-05 7.089641988816145163e-06 2.207728855026274763e-06 7.165566405007730714e-07 2.503440677936765814e-07 7.929198865958384370e-08 2.769231450798982695e-08 4.626443213443205506e-09 -1.211369131681714824e-09 -1.160676846903507689e-09 1.564277794499931166e-09 3.422780167106046253e-10 -8.841004782376387088e-10 -1.186052712932467540e-10 -6.996451966815161760e-10 8.421427175373506760e-11 -4.240635423367424064e-10 6.450322873888490560e-12 9.541832862048354116e-12 2.990408778763853910e-10 3.524317284783679643e-10 -4.615872309187543365e-11 -3.057440029662840014e-11 -1.558858405334266436e-10 -1.653495629466035683e-11 -1.037499885194551654e-10 -1.604465264544888528e-10 4.170371556093584932e-12 -9.947054029581717880e-12 7.530844800148439371e-11 4.832638034088519557e-11 -4.280779595934458294e-11 2.611029746570386527e-11 1.693284708057161357e-10 -6.500142629889252907e-11 -1.543220703098644773e-10 9.165249249742045260e-11 -3.784752352860860406e-10 1.913075914514027177e-10 1.192622425431792375e-10 5.065171757157996609e-10 -7.725047933103957143e-11 1.337005092694240128e-09 -1.212347864228218886e-10 -4.104265030992335516e-10 4.850003832638157633e-10 2.133158739487968102e-12 3.358480648251137079e-09 -6.091113384611634932e-10 6.055083272380104710e-09 3.197335536068703896e-08 7.808463592068158871e-08 2.348736751962488270e-07 7.010140566554665972e-07 2.211414857479983624e-06 6.986596422780651919e-06 2.305957745997547778e-05 8.079719440959571392e-05 3.068371073877258987e-04 1.332727255879741571e-03
4.265125803861075787e-02 1.325005850061985839e-03 3.072424496756352122e-04 8.090250512791886863e-05 2.305088322437413864e-05 7.081729051496650917e-06 2.206762169603556372e-06 7.162430494096682351e-07 2.500252713011939253e-07 7.954922197229315966e-08 2.728418323274738578e-08 4.584709100507560613e-09 -1.146709661873003051e-09 -1.280743136011494518e-09 1.628654380036763035e-09 3.798403466428848590e-10 -9.457686970199612109e-10 -6.811290923696265328e-11 -7.216885693674094450e-10 7.237444146887108641e-11 -4.585246677775181066e-10 1.863444664661399525e-11 -2.227807474086222031e-12 2.737144419735499655e-10 3.375892039017353378e-10 -4.913448119441243167e-11 -3.608484093397619089e-11 -1.562818871450471925e-10 -2.213249859558713689e-11 -1.043435110929515287e-10 -1.571716385476309573e-10 6.258430626969371614e-12 -1.288375561544710348e-11 6.595182826078561719e-11 4.574600945486194041e-11 -4.343552384079563184e-11 7.521616519766811589e-12 1.741136481173771028e-10 -8.262366062693324116e-11 -1.587490296599116092e-10 7.598568902952627674e-11 -3.901581353786282149e-10 2.003862649146098365e-10 1.393152352494925224e-10 5.588715677566547651e-10 -5.460197301514698155e-11 1.340570735534487634e-09 -1.487337657372886677e-11 -3.793717583264378311e-10 4.649609834466182532e-10 3.739129416248484568e-12 3.320006842741954818e-09 -7.175352285581186596e-10 6.194554247502870344e-09 3.195238709183661722e-08 7.805516087362612022e-08 2.347533671908146249e-07 7.004304288118938352e-07 2.208377049205723096e-06 6.979272208032390767e-06 2.303573526178440530e-05 8.079342525537378580e-05 3.067106783806796159e-04 1.332617175607941299e-03
4.265156565476121292e-02 1.324875959510801856e-03 3.072346258069221046e-04 8.089558965249949308e-05 2.304393415181969627e-05 7.083285031709607809e-06 2.208130955143455866e-06 7.163823952777476280e-07 2.499614383700824305e-07 7.936648599650178057e-08 2.750836692757735794e-08 4.587074086343914407e-09 -1.115718622987589434e-09 -9.901184504211373071e-10 1.574119202978981677e-09 3.014713132856638994e-10 -1.015478379293956796e-09 -1.143611429432033756e-10 -7.288304387315811384e-10 1.292164811640091310e-10 -4.665548493017387968e-10 -1.456124672434521637e-11 -2.174109868689608421e-11 2.817404795996919076e-10 3.238376231289616137e-10 -3.464767257786357266e-11 -3.532913344413719394e-11 -1.526235153532861306e-10 -1.464358203082753876e-11 -1.011169415680938481e-10 -1.559442320515858201e-10 6.763616779397504554e-12 -1.082374999640044541e-11 7.683216037895290739e-11 4.775315280426299882e-11 -4.553667040439897468e-11 1.608498848360455491e-11 1.698063676244427895e-10 -6.271843281224614176e-11 -1.473532825107383603e-10 8.627885602770188803e-11 -3.682028376311406509e-10 1.889044980347276145e-10 1.332061333095482867e-10 5.000939459198331885e-10 -2.662395806592773717e-11 1.302753774946417761e-09 -3.508550104251602918e-13 -5.172410998692755851e-10 5.292595359380329342e-10 -2.725391721352972057e-11 3.311211952229705858e-09 -7.411129810094747551e-10 6.224363408971464489e-09 3.201161826796280333e-08 7.825282006693397437e-08 2.356226997570287466e-07 7.016763140877789145e-07 2.213341439482195658e-06 6.988082432098532661e-06 2.305712463965706800e-05 8.080541778985187774e-05 3.067890964301199855e-04 1.333202904727818832e-03
4.265092846930680637e-02 1.324806591474550531e-03 3.072245178437890472e-04 8.088761804917764578e-05 2.305227762830192837e-05 7.086796510399376779e-06 2.207656995873328677e-06 7.161042854975437579e-07 2.499126936202388903e-07 7.971816158524696058e-08 2.730581573046437601e-08 4.338449955650430264e-09 -1.338294537876973023e-09 -1.236949025657281492e-09 1.656913464163212561e-09 3.891650919762383023e-10 -9.029826205807462469e-10 -1.371183792297490939e-10 -7.206215735303128694e-10 7.383843457192809582e-11 -4.838074620736408425e-10 -2.602354492294555277e-11 -1.196615458053318002e-11 2.792762543193718624e-10 3.381846833385324134e-10 -4.213394694091512024e-11 -3.761156257630694012e-11 -1.575715298247620937e-10 -1.600201888089872134e-11 -1.044740097353665854e-10 -1.572268971030838893e-10 9.733489633222792992e-12 -1.197481020605299719e-11 7.082194039190483860e-11 4.489573439316182177e-11 -4.435587324006602932e-11 1.517350226567524225e-11 1.665057585784610468e-10 -8.083746466789598532e-11 -1.443854775739796431e-10 6.897944794076123600e-11 -3.915812523086798476e-10 1.744789027369931629e-10 1.066470877949840354e-10 5.220825538856346121e-10 1.188569032950190443e-11 1.329377917185919617e-09 -9.038704609934320085e-11 -5.118943971843578800e-10 3.914107726446571635e-10 1.982084376340255665e-10 3.309946768556925534e-09 -6.062617272879571364e-10 6.290307604335610131e-09 3.199541549705732952e-08 7.777232123693715436e-08 2.352049520850050556e-07 6.998661713524367112e-07 2.210994232941916228e-06 6.981643992583701961e-06 2.305097383698522171e-05 8.076413436871279934e-05 3.067646915782832532e-04 1.332913154249609202e-03
4.265063735755095231e-02 1.325129665977255091e-03 3.072559088377395885e-04 8.090740350048781322e-05 2.304668971334594794e-05 7.084420954028505919e-06 2.207884416740549338e-06 7.163840063995698328e-07 2.495102935549152848e-07 7.944147507148953342e-08 2.714349962719549894e-08 4.231523949952966409e-09 -1.184747218890308765e-09 -1.117306978130134372e-09 1.620399719100526596e-09 3.326594879982164757e-10 -9.986726404265995821e-10 -8.371512652091730121e-11 -7.167609485332417942e-10 5.157951030765531380e-11 -4.648383135339772642e-10 1.051956430005283951e-11 -3.362089307171303173e-13 2.965540310190414199e-10 3.393353154886649129e-10 -2.804053619801181022e-11 -3.471329316384424888e-11 -1.608147945016050375e-10 -1.257148745918760081e-11 -1.013381395855351261e-10 -1.654158630743037010e-10 5.879375474739495207e-12 -9.406545493855908364e-12 7.712551760712018345e-11 4.621391366836667653e-11 -4.260841971160801712e-11 1.449090889010921024e-11 1.689443937383257336e-10 -7.619381778572392013e-11 -1.522956400104516568e-10 8.533843440461232075e-11 -3.679066756677160094e-10 2.028658879379318542e-10 1.203469568738914021e-10 5.255670353065349387e-10 -4.304182541401236319e-11 1.368891131530725934e-09 -2.475875333425174090e-11 -4.859370120923975074e-10 5.021330258546731334e-10 2.761908490813053503e-11 3.278180251048168968e-09 -6.061640758464471585e-10 6.080856391599383365e-09 3.185643874812118256e-08 7.798542387715450329e-08 2.348510422862636882e-07 7.000572050959919765e-07 2.210379602630545258e-06 6.978843943267883326e-06 2.303894951213738515e-05 8.078575616343748177e-05 3.068593261407031323e-04 1.332755890122017031e-03
4.264969901266480595e-02 1.324969736027029532e-03 3.071704098964929430e-04 8.086736785205618538e-05 2.304533924184784332e-05 7.084135336715659759e-06 2.207377420547225287e-06 7.161029911304333964e-07 2.496601046767803641e-07 7.900150438654258120e-08 2.732104413117968588e-08 4.324808670267010334e-09 -1.508900803994491861e-09 -1.221064268948553059e-09 1.574921832759074024e-09 2.264677590129854170e-10 -1.008424079184045775e-09 -7.299462206900259625e-11 -6.717515867028900610e-10 1.243402591816671717e-10 -4.708424801362170883e-10 -3.735463773339309144e-11 -1.964128885356267210e-11 2.835535250048747871e-10 3.327436639736999747e-10 -4.360734219697561030e-11 -3.241189739863619017e-11 -1.606337662524678609e-10 -2.136311030972051604e-11 -9.645189690788686345e-11 -1.526558016050154796e-10 1.158965032062080384e-11 -1.793512094313455052e-11 7.011744470423605739e-11 4.915723194548439000e-11 -4.520251842659371717e-11 8.926441438734280803e-12 1.665728197814507904e-10 -7.355417078524926079e-11 -1.517767205433073595e-10 7.678402976683221446e-11 -3.834993012877760293e-10 2.137127234518885678e-10 1.211180758982357612e-10 4.807243640958970460e-10 -2.214360063292443291e-11 1.291785565613354357e-09 -6.339562729599038557e-11 -4.395813746362831217e-10 4.662749262770779461e-10 1.231706746708182358e-10 3.272375300316675733e-09 -8.029244391964236927e-10 5.970043762015674123e-09 3.184547643135660841e-08 7.819894432133157658e-08 2.358167005201887644e-07 7.008631555853296248e-07 2.212505180741920965e-06 6.987464555288614488e-06 2.304740604816514146e-05 8.080281683386645914e-05 3.068449295653715271e-04 1.332972169079399329e-03
4.265054262079128605e-02 1.324956706566854251e-03 3.071648471402441995e-04 8.089017405485904668e-05 2.304780327690627298e-05 7.082987144318844107e-06 2.206167386408449248e-06 7.159207483658355230e-07 2.497024639894350214e-07 7.928832604332162551e-08 2.742574649382991469e-08 4.291097227870067065e-09 -1.420641144429618850e-09 -1.190157746238722549e-09 1.651821328041971383e-09 3.757796504122363782e-10 -8.956123337906414012e-10 -9.023882720956798351e-11 -6.838440742298969636e-10 1.070428326448253694e-10 -4.509316835391003168e-10 -1.874425699224885381e-12 -7.595821617271272651e-12 2.690008322494596465e-10 3.341423489876024509e-10 -3.972963916680576534e-11 -2.915243926559185866e-11 -1.538228152678370965e-10 -2.219323865740044898e-11 -9.524919964635121816e-11 -1.496439171965292139e-10 1.347733043996493051e-12 -1.673789396606449953e-11 6.632871137167896879e-11 4.698742185987963883e-11 -4.256902765873211343e-11 1.506417241061176335e-11 1.694673904955030714e-10 -6.503262340754281723e-11 -1.584138516309987090e-10 7.720070183940274872e-11 -3.989149313997957822e-10 1.923752066631798785e-10 1.415187779988413770e-10 5.035619905233977465e-10 -4.192900155531803266e-11 1.314173870108101644e-09 -1.935226154023009048e-11 -4.003686103231905757e-10 4.442689013755248115e-10 5.299480167570534241e-11 3.342439515527430107e-09 -6.028979769205025879e-10 6.197629509993085100e-09 3.142768335774284668e-08 7.772190364025235738e-08 2.354033503557363473e-07 6.997083966382695162e-07 2.211692177491382695e-06 6.983579744295183929e-06 2.305025335800856158e-05 8.078932524183002491e-05 3.068389472143700147e-04 1.332395460859843667e-03
4.265154080922801266e-02 1.324712914573829238e-03 3.072651847467330281e-04 8.090527903171289520e-05 2.305510594575357937e-05 7.083432850411921614e-06 2.206831285935101581e-06 7.169499847876993671e-07 2.494089171658405246e-07 8.009235697026707702e-08 2.740107769479894467e-08 4.134320032993919613e-09 -1.122200549091895565e-09 -1.044700974529495554e-09 1.712352819830616712e-09 3.005596677757683798e-10 -9.394025527280239469e-10 -9.133066650204558194e-11 -6.867334706879259096e-10 1.159828073343389021e-10 -4.555267955265005318e-10 -1.549165864405297759e-11 -1.869637917004229813e-11 2.680019368164530993e-10 3.461759136751686489e-10 -4.044151064360470093e-11 -2.481902039197990359e-11 -1.574409280635876942e-10 -1.930292018290253825e-11 -9.815825531360974270e-11 -1.568855304692043523e-10 6.627675938792572666e-12 -1.359658413672448725e-11 6.581744092144603186e-11 4.651795549921554567e-11 -3.977212299119156660e-11 1.576978075321413498e-11 1.690898303001114659e-10 -7.338682268007859173e-11 -1.599799178634898577e-10 7.795749204137355274e-11 -3.725686321550068463e-10 1.890872163319129532e-10 1.276567406395711192e-10 5.393445310118090182e-10 -3.747394166674610338e-11 1.313233791464828041e-09 -4.842924108088142213e-12 -4.764976471835922212e-10 4.133939279053666599e-10 -3.115924674012586352e-13 3.323712964369836197e-09 -6.673671649675255386e-10 6.079269506884547397e-09 3.200511018725864564e-08 7.867422458634136448e-08 2.359309222219142728e-07 6.998410676962950215e-07 2.211797375491838204e-06 6.986163613960821826e-06 2.305403831009184050e-05 8.079725245817616917e-05 3.067179282814525986e-04 1.332685186835148167e-03
4.265129924623981689e-02 1.325022853673561663e-03 3.073022418039411479e-04 8.091857073463826103e-05 2.305984559702387021e-05 7.089218139075731178e-06 2.206727723099631681e-06 7.174112266023743264e-07 2.492660431326956527e-07 7.922775893958337564e-08 2.742352118994262609e-08 4.213365305398838338e-09 -1.270956720965591702e-09 -1.187692243974128156e-09 1.556494744305779584e-09 2.414156235746013147e-10 -1.001322666398674521e-09 -8.916715813104194128e-11 -7.324740751943450623e-10 6.818090487786095642e-11 -4.582223401384981867e-10 -1.749308630857973503e-12 -2.440909094283385717e-12 2.720973683569437390e-10 3.350868700256807454e-10 -4.594610781884872787e-11 -2.867724311734961218e-11 -1.591601609071598382e-10 -1.348649162882880090e-11 -1.003871936461432726e-10 -1.576264060728378630e-10 6.365272200023776652e-12 -1.399980283119974151e-11 7.170300571332780078e-11 4.867358885391599636e-11 -4.788580685563657359e-11 1.105278089007209367e-11 1.676213218150906622e-10 -7.301151780546881962e-11 -1.550235001484144540e-10 7.346604945984117298e-11 -3.793135122295638857e-10 1.922345438882914078e-10 1.717669734713370216e-10 4.909487584055481611e-10 -6.564109443262072439e-11 1.295400031198375661e-09 -7.249180404621744449e-11 -4.499470574597323361e-10 5.188257343948213063e-10 1.330313270666448323e-10 3.250006585708029811e-09 -6.145841547347963442e-10 6.179072339650092184e-09 3.199785463389223968e-08 7.840155570578726843e-08 2.360422025768787058e-07 7.013164019612134685e-07 2.210800231723352334e-06 6.985687071008328971e-06 2.305241655509502921e-05 8.077653801989193060e-05 3.067770169979312138e-04 1.332459801691854859e-03
4.264992394446865537e-02 1.324985284778610077e-03 3.072447839118658958e-04 8.090319822102266583e-05 2.305699682379654859e-05 7.085963398359469774e-06 2.206159812433960876e-06 7.153198550868752782e-07 2.495705689383973353e-07 7.941197261413579985e-08 2.726893825146228181e-08 4.498111332693388811e-09 -1.212515244376930216e-09 -1.456676244062710379e-09 1.531439288214684895e-09 1.500289000295248511e-10 -9.668073339652277757e-10 -1.757367103925039533e-10 -7.540518844403572231e-10 7.685194359191879019e-11 -4.651024033134215770e-10 3.515916539821069857e-12 -6.116006368781823868e-12 2.948375408845083534e-10 3.433453044139282473e-10 -4.636156595486257761e-11 -2.594863003218139294e-11 -1.612480643608577031e-10 -1.753016573844545025e-11 -1.003434327894101918e-10 -1.627573797554423993e-10 2.034900588214211570e-12 -1.406063240580505278e-11 7.371452538765107708e-11 5.233400634368730268e-11 -4.714099199473508809e-11 7.121514509105639511e-12 1.686302654532581222e-10 -7.547833416663642806e-11 -1.484824384489881427e-10 8.891463808713138823e-11 -3.807236724561969885e-10 2.075377196580107225e-10 1.055253639042604572e-10 4.820084454419746717e-10 -3.246910007510960496e-11 1.323819504678352113e-09 6.636665645860974155e-12 -3.645869118525924396e-10 5.498455083766523345e-10 1.646976863928417530e-11 3.502305651938049780e-09 -5.208867730359232799e-10 6.241838355218710109e-09 3.188569543033043397e-08 7.825606122803077769e-08 2.359618456011725543e-07 7.005579900975045920e-07 2.211279587975970919e-06 6.985314019024943413e-06 2.304998190093890590e-05 8.080484668847385653e-05 3.068440777323197858e-04 1.332602253597079539e-03
4.265084883193681620e-02 1.325250531907595265e-03 3.073247819934332107e-04 8.093539305052460577e-05 2.305466729272996965e-05 7.088029468034403413e-06 2.207742688014146620e-06 7.162495611696328733e-07 2.495251811221826770e-07 7.933813679438598082e-08 2.721140688068643478e-08 4.249080070220183976e-09 -1.305552873807187350e-09 -1.293937131938257899e-09 1.588473142331435982e-09 3.287618545629107353e-10 -9.801528461862271758e-10 -1.699662812273771137e-10 -7.412658119299255001e-10 9.649450911671868015e-11 -4.843543612262359819e-10 -3.830928240635186084e-12 -1.141002588470774688e-11 2.653293485309881358e-10 3.466693485922849079e-10 -3.955419357786594490e-11 -2.015849625451596755e-11 -1.504610956245209831e-10 -2.183210871294321454e-11 -1.010226574470581561e-10 -1.576434810507989168e-10 8.070939606498913019e-12 -1.036533638791909812e-11 6.998585444700351082e-11 4.936956355654859014e-11 -4.453368538219435087e-11 1.267900964216512165e-11 1.664469294356219603e-10 -8.066314173625410821e-11 -1.564927573801846455e-10 9.681346171580416883e-11 -3.582104454172528179e-10 1.985951703302076133e-10 1.348907111244107969e-10 5.241538489845827359e-10 -4.615075950705665767e-11 1.347935188123831408e-09 -3.006641234975058350e-11 -3.945307096990507968e-10 5.579227231146764160e-10 -4.697807866864282511e-11 3.299015805845375561e-09 -5.414055760312250082e-10 6.350923882232564756e-09 3.192181910438663786e-08 7.840746906504121408e-08 2.358054036531882320e-07 7.012389993756835369e-07 2.211951942807509233e-06 6.982603856601519894e-06 2.303745306677265316e-05 8.078010329806577553e-05 3.068060578925138246e-04 1.332908206997630244e-03
4.265005960201253415e-02 1.324945493517850183e-03 3.073170297414992333e-04 8.092347346386797615e-05 2.305554254131565424e-05 7.087099681286319464e-06 2.208652887155736760e-06 7.156653967183600964e-07 2.491200941582792965e-07 7.913165420778404988e-08 2.675501496998977340e-08 4.290773790270386513e-09 -1.458266988556809096e-09 -1.381373893629648796e-09 1.547689725833442549e-09 2.454971261891375747e-10 -1.004158188405787395e-09 -1.254053416730499054e-10 -7.072921683355582286e-10 1.300984693878582524e-10 -4.638505423752866957e-10 -8.423144971040047742e-13 1.136183699098375461e-11 2.857995855575894720e-10 3.491509048442933081e-10 -3.560815055363160784e-11 -3.624372382485753345e-11 -1.620959536828294251e-10 -1.475134571212549407e-11 -1.025143265282851469e-10 -1.638537433460542443e-10 5.437775190702411897e-12 -1.153943731478047638e-11 6.982447289547726530e-11 4.159394610799686093e-11 -4.740942949991560615e-11 1.113583183508137041e-11 1.695767376378513467e-10 -7.299582857836799507e-11 -1.594074514190222760e-10 8.544927184286695433e-11 -3.829560864581906610e-10 1.915933588057142359e-10 1.227323420277121471e-10 5.383260115333892152e-10 -1.923801509689739178e-11 1.267425522000986230e-09 -5.484789808074911112e-11 -4.565504342543693294e-10 4.492750632551527764e-10 -4.937635222731130924e-11 3.342592756476653985e-09 -5.694032161384495761e-10 6.297911338536414327e-09 3.166294081854759098e-08 7.777146507826302004e-08 2.357804832518636747e-07 7.006018277219269984e-07 2.212984727064047128e-06 6.983635899181554979e-06 2.304539140727936025e-05 8.078434090786152852e-05 3.068321359118569565e-04 1.332335440082963373e-03
4.265127474626968090e-02 1.324610954369275385e-03 3.071929621390038535e-04 8.091502799465551034e-05 2.305669155400921858e-05 7.086323293366913421e-06 2.207037300229306637e-06 7.161536254736305803e-07 2.501752630726717770e-07 7.944862032935328686e-08 2.750794767489676124e-08 4.174616231781861771e-09 -1.408289881487150993e-09 -1.079495677387823837e-09 1.642499982276881822e-09 3.002500374009123796e-10 -9.446082991852415559e-10 -1.169014495287494940e-10 -7.093763691789401577e-10 1.152442249606413218e-10 -4.609076954637470573e-10 1.394114559645878134e-11 1.222348203798950341e-11 2.600125916703826518e-10 3.477291113330651087e-10 -4.095293729439027822e-11 -2.571185230765734730e-11 -1.509536803857889834e-10 -1.091834722179922082e-11 -1.008152435558662063e-10 -1.582530646994299155e-10 1.001820587855617266e-11 -1.675921371317453202e-11 6.999264078366648656e-11 4.746671588136066061e-11 -3.829948435152693096e-11 9.827337659273909047e-12 1.729818012308988917e-10 -7.243489681990200273e-11 -1.503801872576175823e-10 1.000647871517332864e-10 -3.652285874892461389e-10 2.050724506381350249e-10 1.407694748045803215e-10 5.141519998629557606e-10 -2.338598887212028859e-11 1.343475415291931625e-09 -4.516256219283642993e-11 -4.430448259417813578e-10 5.627580634601029858e-10 1.306376303131932395e-10 3.276685284293908465e-09 -6.924212591253930924e-10 6.127764138951185213e-09 3.199835113715546169e-08 7.837640847608943716e-08 2.358277242607041851e-07 7.008437661253324712e-07 2.210747192615792474e-06 6.986094069015679739e-06 2.305667839813560450e-05 8.080701619233314665e-05 3.067205303972360235e-04 1.332466017046014155e-03
4.265194800459758129e-02 1.325036349831396412e-03 3.071849892580002833e-04 8.084916121798364948e-05 2.304211234548302837e-05 7.087078850978476812e-06 2.207492962089846188e-06 7.171356236626323186e-07 2.494427408379160426e-07 7.940494757369668073e-08 2.754924989030457234e-08 4.618239425363922444e-09 -1.188704100698790295e-09 -1.259092354113432046e-09 1.547961080354113902e-09 2.377088574648260334e-10 -9.981118716134216123e-10 -1.565476767605409982e-10 -7.453778708417171620e-10 1.106047662061608829e-10 -4.905084131130938679e-10 -1.829595368844895702e-11 -1.609749181105403229e-11 2.848917945453769537e-10 3.491548527624696661e-10 -3.525649827292654102e-11 -2.145894205826466302e-11 -1.570687796794921216e-10 -1.460630169218936912e-11 -9.972858897285427882e-11 -1.598991600638490809e-10 3.955530058765195771e-12 -1.707867151275304056e-11 6.749707608240097150e-11 5.277658507244477262e-11 -4.583233369158735160e-11 1.794795917578423722e-11 1.712587012426971487e-10 -6.894152046560701147e-11 -1.586151084580038668e-10 7.457307085536358239e-11 -3.943171698541447383e-10 2.094583947072150832e-10 1.495970028752854242e-10 5.316922128010798188e-10 -1.715761869907220770e-11 1.354948992149061769e-09 2.599701256890237913e-11 -4.409891399765542263e-10 4.505576789004264832e-10 -4.484275879445827115e-11 3.357781772904759477e-09 -6.884337767522264457e-10 6.025699793367104941e-09 3.190803697134069197e-08 7.859845677207601055e-08 2.354089842855263184e-07 6.999433289001381096e-07 2.210827333030461864e-06 6.983350960134440125e-06 2.303137026208645005e-05 8.074122668547721127e-05 3.067486417185819438e-04 1.332688621387701335e-03
4.264987587826390286e-02 1.325181131855225234e-03 3.073148599062478707e-04 8.091558726807305906e-05 2.304978507764914649e-05 7.082671988524105446e-06 2.207146406390717664e-06 7.158870217585707652e-07 2.498203865372742891e-07 7.938449759980471040e-08 2.752732429107034845e-08 4.502497571943787424e-09 -1.219095184479594842e-09 -1.204269714655307316e-09 1.602696982064362443e-09 3.437854259462906383e-10 -9.499278924196817104e-10 -1.988464837771415452e-10 -7.488987695864191749e-10 7.855924946851059867e-11 -4.855099540456948770e-10 -2.268393936538614222e-12 -1.426664467860579071e-11 2.741795523234502927e-10 3.438127730027068365e-10 -4.038924323667944846e-11 -3.392832680923021407e-11 -1.588765878852718000e-10 -9.266703882733974241e-12 -1.024493591220712732e-10 -1.580668894247963650e-10 3.803199542594567352e-12 -2.132907255535805108e-11 7.217498878605530414e-11 4.316077161078299943e-11 -4.784010391329411553e-11 1.288862933505534303e-11 1.650936627407899496e-10 -7.594822615748428373e-11 -1.469722733496625294e-10 6.834904748664240113e-11 -3.736848605811368088e-10 2.067896682873164357e-10 1.277338743121299947e-10 4.913825893140515553e-10 -6.292066597059200785e-11 1.340004143884903751e-09 -2.628485084544744581e-11 -4.560303966923438366e-10 4.193062915426814911e-10 1.386901125999916330e-10 3.241540393374689935e-09 -7.102371642529293544e-10 6.342147173540142017e-09 3.191242032173063171e-08 7.857269522438886482e-08 2.357355970183314685e-07 7.004929273942122814e-07 2.209727755325462018e-06 6.983433603044570820e-06 2.305075757672228604e-05 8.079607710451025310e-05 3.067949292931922470e-04 1.332842232668799906e-03
4.265054175509170459e-02 1.325116620669574427e-03 3.073218840864935688e-04 8.090741570662369553e-05 2.305355552780192585e-05 7.084250034529358212e-06 2.207629443151280528e-06 7.160001679185641147e-07 2.501887704761093621e-07 7.991936180409638568e-08 2.741501334610631306e-08 4.321456422723242215e-09 -1.275333497038764399e-09 -1.069322811479414067e-09 1.614523366673588750e-09 2.377311318979235053e-10 -9.344906002837845037e-10 -8.483097195250355894e-11 -7.270272110758337938e-10 9.282322784246653946e-11 -4.608296712107081026e-10 -1.741448668538200904e-11 -2.527528864103381600e-11 2.940327960077342969e-10 3.424808512897131300e-10 -5.566361815230337610e-11 -3.081047265337838778e-11 -1.589448414788735640e-10 -2.095562948664686069e-11 -9.911623610387832467e-11 -1.585914518471125465e-10 6.127073659340451331e-12 -1.452359106965222860e-11 7.400604518790622175e-11 4.066355622056386783e-11 -4.255778043950347495e-11 1.793021572290283933e-11 1.767160648020218763e-10 -7.232655832294400400e-11 -1.625978753855939719e-10 6.470169856819606711e-11 -3.812581319963834803e-10 1.998354012446293146e-10 1.403617777180993798e-10 5.237117148175284367e-10 -2.652131364823339737e-11 1.355050422797884241e-09 -2.311802041305812630e-11 -4.270535712338129540e-10 5.415181493736829702e-10 4.338296062619473508e-11 3.362560556451988706e-09 -4.452434359998856922e-10 6.060274430014590935e-09 3.163801083606421968e-08 7.839402831042352242e-08 2.352732224411799989e-07 7.000908781601056643e-07 2.210098068583897931e-06 6.984654469161902007e-06 2.305131658076114832e-05 8.078135460676896817e-05 3.068256969885134445e-04 1.332616692071592317e-03
4.265093905170829619e-02 1.324996779446980209e-03 3.072395962048016238e-04 8.092557041247296762e-05 2.305863570716115883e-05 7.086218532227955105e-06 2.208759772928510006e-06 7.160018247045346406e-07 2.493119791470429403e-07 7.941257519374253884e-08 2.708220681249177753e-08 4.240644086475451828e-09 -1.328539073596971359e-09 -1.265509990665631271e-09 1.534053933890400224e-09 3.400855319408837195e-10 -9.472333486681069458e-10 -1.532895413167878485e-10 -6.961840317407900510e-10 7.581571974452154630e-11 -4.543826850372506357e-10 -2.367116697080169960e-11 1.622874273970374500e-11 2.870323262809581004e-10 3.373720780503524142e-10 -4.411402965655156913e-11 -2.171086723780538351e-11 -1.496972893626082599e-10 -1.180143451569814309e-11 -9.593389697191122688e-11 -1.626578829425544355e-10 4.174426731484546140e-13 -1.586746935438019000e-11 6.877398222123920983e-11 4.461235987205115391e-11 -4.288539196313092758e-11 1.428972174087764624e-11 1.687664803102547808e-10 -7.278449226734397399e-11 -1.497628233843656432e-10 9.492583002904590319e-11 -3.746625391476605545e-10 1.979197789174553188e-10 1.149373514437600601e-10 4.997590032761112998e-10 -9.134065308809722998e-11 1.340493707103801800e-09 -3.524008358035689260e-11 -4.106687183346120177e-10 5.174647685064831562e-10 1.607145125335597488e-10 3.244461911287396000e-09 -6.247812377887483504e-10 6.174811530862327199e-09 3.198661520573400633e-08 7.816625532020748992e-08 2.357477366897617952e-07 6.999611445631196230e-07 2.212125659991056049e-06 6.982873119931811725e-06 2.303619123269712182e-05 8.078111265061699547e-05 3.067837704599343297e-04 1.332613688720861011e-03
4.265088272228111793e-02 1.324671234009327896e-03 3.072286878216061966e-04 8.090258265322790342e-05 2.304600764548009719e-05 7.083871938731137359e-06 2.206441951783161991e-06 7.157035906338146201e-07 2.500811306431644480e-07 7.944701333927022346e-08 2.733451579933947057e-08 4.421008475122257447e-09 -1.205338805194007818e-09 -1.319209275585039426e-09 1.522340641995867389e-09 2.832958808914567272e-10 -9.434062480540625680e-10 -1.107339576148276635e-10 -6.764873107632570444e-10 1.188827526334169077e-10 -4.495608321019085078e-10 1.689230606079686954e-11 -6.729211108290018628e-12 2.781180558671094350e-10 3.547361133134844752e-10 -3.763149768511062501e-11 -3.192696654524215572e-11 -1.537415385638186871e-10 -1.794488975952677012e-11 -9.757376180941982848e-11 -1.568964703680149941e-10 4.669409981740190323e-12 -1.062646856967599986e-11 7.062955792966075746e-11 4.323790353737100445e-11 -4.449079111779368968e-11 1.480369629416247444e-11 1.739457435139155103e-10 -8.678002859130489081e-11 -1.679377296585927685e-10 7.768111613506828801e-11 -3.593396753396968370e-10 1.907595701975436481e-10 1.434722384214954479e-10 5.114340305700132862e-10 -6.096720094399943666e-11 1.358698734600040309e-09 -9.921673604290215594e-12 -4.946901472277261191e-10 5.495690540360658811e-10 -1.426895449112902458e-10 3.362017480117440085e-09 -5.685846410034806208e-10 6.390052572861077476e-09 3.192598042880721120e-08 7.826471679523877032e-08 2.351691987137220944e-07 6.999580419882247798e-07 2.210555482361367693e-06 6.983433266233118814e-06 2.304649599224169596e-05 8.075700687996908739e-05 3.067206860103299944e-04 1.332401528211383038e-03
4.265126929403698086e-02 1.324944463381547968e-03 3.071935139133496855e-04 8.089654075199753430e-05 2.305457762078684026e-05 7.083188990868194671e-06 2.206009671339369855e-06 7.160006055536562866e-07 2.502881208874657038e-07 7.971091202971751894e-08 2.736265340971365499e-08 4.463131515471466790e-09 -1.410137496039240936e-09 -1.194413388192152744e-09 1.578290132009009222e-09 2.238342067012578503e-10 -9.975170510714658400e-10 -1.300684036504498415e-10 -7.341668623363785998e-10 7.232442214692659482e-11 -4.567075082670136964e-10 5.035154629908713363e-12 -3.392577581042796595e-11 2.452219478080614445e-10 3.324788610584134336e-10 -4.317756443478882808e-11 -3.284324214753996379e-11 -1.621918959955009324e-10 -1.891047701402008443e-11 -9.967008003059526307e-11 -1.639215367285845052e-10 8.527904218741208030e-13 -1.912824927328675809e-11 6.985711534352973716e-11 5.109627184112077976e-11 -4.696116747895735612e-11 9.032212512069259205e-12 1.604522455140199549e-10 -7.844798433007486614e-11 -1.527839595944102617e-10 8.758512954843526444e-11 -3.826362183694373285e-10 1.913552224158810215e-10 1.105174876655478408e-10 5.104995144229268088e-10 -1.410264275289069630e-11 1.314876106952190739e-09 -7.728359655753075288e-12 -5.076175841921145603e-10 4.557685079020682890e-10 3.279404045504684393e-11 3.454807553175351187e-09 -5.087684013463505964e-10 5.956059194172972042e-09 3.177495650574394152e-08 7.862795604163175563e-08 2.355860819891376585e-07 7.005161913319092008e-07 2.210006361040643297e-06 6.979157102588441892e-06 2.304685858289922060e-05 8.076786778815975222e-05 3.068432199325549724e-04 1.332596091796454463e-03
4.265005819191932529e-02 1.324624114612456185e-03 3.071954360366584559e-04 8.091702384316618176e-05 2.304679191854352733e-05 7.084485223698005091e-06 2.208898063818194018e-06 7.156766544008686116e-07 2.503234224931397825e-07 7.974657845009866755e-08 2.751529233858416136e-08 4.507175783527472390e-09 -1.305276273473186630e-09 -1.302553407901573797e-09 1.494005420174519560e-09 2.404267343208524048e-10 -1.028181795219923433e-09 -1.558754417894056334e-10 -7.374445812206507028e-10 1.323991615381336728e-10 -4.851459262078844598e-10 2.813726722147676972e-12 -1.775595995641449583e-11 2.867462988188126860e-10 3.346379117542463757e-10 -4.253003750937655730e-11 -3.426254344207173182e-11 -1.639583749752737821e-10 -1.335009625989269732e-11 -1.003894665230593535e-10 -1.560154249240133376e-10 4.689487522104803464e-12 -1.390390671863189432e-11 7.139777971613868287e-11 5.110074354700299645e-11 -4.498687018055934341e-11 1.170269883259269603e-11 1.678063352047057183e-10 -7.566920422381975941e-11 -1.597473298872345134e-10 8.723093791340413294e-11 -3.834449613481543071e-10 1.798580794132095665e-10 1.253820612919722721e-10 5.079991457011793122e-10 -5.685480843379467682e-11 1.334341462405055192e-09 -6.241345268747767493e-11 -4.358409081741765764e-10 4.570620248186393539e-10 7.613264128301323478e-11 3.211407201523214752e-09 -8.323544289286870705e-10 6.322477758797668389e-09 3.216365780157772737e-08 7.871816806570978970e-08 2.354033410358374344e-07 7.001472264622616419e-07 2.210833579893649846e-06 6.982645834046542657e-06 2.304176825841127265e-05 8.075651242337957740e-05 3.067860168921527427e-04 1.332932104764709275e-03
4.265088297990539401e-02 1.325134144160693096e-03 3.071383374196498236e-04 8.090476401206605193e-05 2.304553205218628844e-05 7.081537357776213128e-06 2.205613908922867969e-06 7.164009210264966615e-07 2.500202892437048265e-07 8.005450700296319540e-08 2.738710533003067085e-08 4.338127585579067050e-09 -1.403530402740786171e-09 -1.192058105012504957e-09 1.575365979463315282e-09 3.013131836244456238e-10 -9.814939264393413108e-10 -1.411498414343815464e-10 -7.081459739625354337e-10 1.374848967361160231e-10 -4.749218878696661180e-10 -9.829542803370648853e-12 -5.588094598710419469e-12 2.919956311670755860e-10 3.477202484135192754e-10 -3.247674424292160228e-11 -3.100019932707622408e-11 -1.541457590422286236e-10 -1.177888534020773074e-11 -1.019984905066581975e-10 -1.611352645233253320e-10 7.694773322325636059e-12 -1.069240818461501399e-11 7.180887234009770345e-11 4.664248628144198706e-11 -5.375668108528010505e-11 1.126737232091281942e-11 1.730748934148308223e-10 -8.410368216189889635e-11 -1.577742507262268112e-10 7.834431956003131469e-11 -3.622784666935765663e-10 1.836451806673876099e-10 1.142095637150425921e-10 5.210157556772642980e-10 -4.345433119672441180e-11 1.312786176837865240e-09 -6.081206218528842735e-11 -4.196778712429925871e-10 4.523133035529811094e-10 7.060185021155117237e-11 3.355488499169147841e-09 -6.210493066037111432e-10 6.034174495262611568e-09 3.180437964755805450e-08 7.794687874368698403e-08 2.353777558694815072e-07 7.003298079576661569e-07 2.210674508419153966e-06 6.982252551920245797e-06 2.304802010070233927e-05 8.079221497246256902e-05 3.067816761097341737e-04 1.332694839686718747e-03
4.265079761825017746e-02 1.324429513873422344e-03 3.071759186387673494e-04 8.089067463826932777e-05 2.305091643572927275e-05 7.083213083876340634e-06 2.207730348194001066e-06 7.156320294074788690e-07 2.497830588433385925e-07 7.995698874635903363e-08 2.729165207851581372e-08 4.383528411461814888e-09 -1.239241432522220010e-09 -1.155998987409853678e-09 1.642495026287549358e-09 3.355166981063609402e-10 -9.662233474687111396e-10 -1.720587971777680108e-10 -7.019759795096790451e-10 9.743281231451574468e-11 -4.425214921024955320e-10 -2.703677873035759905e-12 -2.227544704453361557e-11 2.821755878021196964e-10 3.459836374161097204e-10 -3.260362218075407232e-11 -3.236054269133744646e-11 -1.675934537973614844e-10 -1.629995283986277382e-11 -1.068345969786869341e-10 -1.624192512221391536e-10 8.022716744334486212e-12 -1.141113337928523662e-11 6.928612824813058468e-11 4.305942475347140907e-11 -4.615005687568953094e-11 1.940890751765450947e-11 1.715525716874131284e-10 -7.808862338969186794e-11 -1.620193425440300404e-10 9.381460229566988503e-11 -3.591661607491161842e-10 1.957618998618784825e-10 1.272751604020717870e-10 5.482026304404831474e-10 -1.836678644450709251e-11 1.345020614146079454e-09 1.457213448184075437e-11 -3.321064556702482489e-10 5.641939563348637806e-10 4.245167329265585682e-11 3.340549022571440846e-09 -7.567851749251957225e-10 5.974379010444648597e-09 3.167227383134233522e-08 7.796622244980192705e-08 2.359573321878609623e-07 7.003591108127579776e-07 2.212494528451240334e-06 6.985537202162127536e-06 2.304801551278742869e-05 8.079845027101386886e-05 3.067986805056104114e-04 1.332638862958677962e-03
4.264955781606478286e-02 1.325128252655156415e-03 3.072648221339077906e-04 8.089826450800559690e-05 2.305387716403219933e-05 7.082530912910019865e-06 2.205932220208225593e-06 7.152763030795061844e-07 2.496478530597762890e-07 7.935819947454906607e-08 2.745090713514497915e-08 4.485431354196008803e-09 -1.135598234314057358e-09 -1.359648916523503092e-09 1.690053939712015566e-09 2.871237662585608936e-10 -9.731183094222356058e-10 -1.336514979022548820e-10 -6.988708419656222647e-10 2.519120547287377532e-11 -4.830934670530968791e-10 -8.633099016984404872e-12 -2.281614294920313411e-11 2.578505757143396537e-10 3.328561556084088260e-10 -4.946600344502730341e-11 -2.703578303618528393e-11 -1.513572121082337666e-10 -1.356237860747477662e-11 -1.007085888069088258e-10 -1.564494559071559647e-10 6.268141331573804201e-12 -1.042907523096362314e-11 6.869037813619477979e-11 4.901737156765628535e-11 -4.757670677467126850e-11 7.419424359228402529e-12 1.649346245574563757e-10 -7.802344185606126979e-11 -1.706370479886154553e-10 7.145204432854470098e-11 -3.726120426991248296e-10 1.773753578832551740e-10 1.153129060579192747e-10 5.118065520745744047e-10 -1.096405373002379587e-11 1.324705507902728974e-09 8.632157041674507670e-12 -4.278716230769299211e-10 5.606783569278464547e-10 -2.093121488981986804e-11 3.227699159685946727e-09 -4.908037681641302675e-10 6.117320014254614615e-09 3.198025934983745730e-08 7.863309141772387932e-08 2.352629107071130022e-07 7.006561089091896465e-07 2.211446144844462845e-06 6.985575340386739565e-06 2.304688629770606305e-05 8.078400498229230671e-05 3.067603437761943033e-04 1.332782444231390409e-03
4.265044738341356584e-02 1.324856959594172259e-03 3.072787140127669560e-04 8.091696365588575636e-05 2.305907595361461761e-05 7.084481256634786267e-06 2.205601844465592858e-06 7.162631596316261232e-07 2.508407672553145415e-07 7.950016678368115331e-08 2.742865895781862359e-08 4.478764780318482469e-09 -1.278628713867263339e-09 -1.293453418138721457e-09 1.665991835839621366e-09 2.835019242009587760e-10 -9.759919874393559463e-10 -8.334744382373285171e-11 -7.059213705937019371e-10 8.038562894918578776e-11 -4.406210625943765537e-10 7.605040153226191556e-12 -2.461888474891802082e-11 2.822093816883527952e-10 3.325362854185273504e-10 -4.122496905793378495e-11 -2.675740795498923802e-11 -1.532925910756795533e-10 -2.000687503104535785e-11 -9.809374488324558030e-11 -1.636836347171122262e-10 -5.286780225765631938e-12 -1.362508905861975787e-11 7.204499792937268966e-11 4.419424032195337334e-11 -3.820150826056872943e-11 1.486629458077887144e-11 1.683991970775442306e-10 -7.088436017106817708e-11 -1.572621403629283915e-10 8.208914751494053624e-11 -3.690269420543641418e-10 1.915896370475774883e-10 1.216710561484404759e-10 4.910233623243641850e-10 -3.486672674581039861e-11 1.282025896805973280e-09 -4.578750472465782918e-11 -4.613643236569336510e-10 4.199407814706177448e-10 1.338366841133420698e-10 3.432143068583351381e-09 -5.123217641451604831e-10 6.052542144952701202e-09 3.173197382576190898e-08 7.788335031488669089e-08 2.360661816086871792e-07 6.998485989450849053e-07 2.211204388079530395e-06 6.982271811554924707e-06 2.305105623311587092e-05 8.076013092188859786e-05 3.068034384170400001e-04 1.333106812321751232e-03
4.265153142798437658e-02 1.325116775200174766e-03 3.072389841743624369e-04 8.089129625477207920e-05 2.305394847042354983e-05 7.085180431734044895e-06 2.209414509381902149e-06 7.159623902387593717e-07 2.490390364247024346e-07 7.942350598151664760e-08 2.694864880143062461e-08 4.221179337681257701e-09 -1.115965570318122640e-09 -1.209745109223533228e-09 1.531008148702584062e-09 2.740169918890015347e-10 -1.008278797309639298e-09 -1.619850550146125555e-10 -6.837627079182855273e-10 6.535789924913483531e-11 -4.404373054392259468e-10 1.242659493586096452e-11 -1.602096481993678262e-11 2.837521967476970636e-10 3.397107758103587030e-10 -4.607402594209609033e-11 -3.412988466302716309e-11 -1.499575240610254925e-10 -1.362502229415552120e-11 -9.916984977161984904e-11 -1.615691628601950049e-10 1.095593609285190262e-11 -1.058211506653777364e-11 7.018207399094558281e-11 5.095226103404353152e-11 -3.819949696697420824e-11 2.166401156080698221e-11 1.612374758749700936e-10 -7.374413617797833110e-11 -1.436274551874824604e-10 9.306606585679036151e-11 -3.679095933523492563e-10 1.945853297224770554e-10 1.353073519551607287e-10 5.099745502319228845e-10 -5.927959764283300003e-12 1.381572750623326981e-09 -2.057588340287354478e-11 -4.071949197595270815e-10 5.291576502297312546e-10 7.093210453763956536e-11 3.440095059358631923e-09 -6.644113201562867511e-10 6.294518742952861146e-09 3.212902962352633238e-08 7.865118857268082954e-08 2.356418720150546861e-07 7.004993461132160806e-07 2.210460925968786604e-06 6.981118177974803776e-06 2.304108806082785424e-05 8.078792452609214164e-05 3.067506062105276876e-04 1.332573405656154591e-03
4.265021247303518726e-02 1.325022865089972015e-03 3.072195642884643853e-04 8.089807574328205890e-05 2.305722861590166087e-05 7.082369561169192461e-06 2.207774822529978984e-06 7.157671608740587818e-07 2.501030327104672908e-07 7.957597388748698140e-08 2.729278815771232043e-08 4.385469912105472410e-09 -1.404569086464854972e-09 -1.281913569975204798e-09 1.533724174383090809e-09 3.020109139691768434e-10 -1.040672091592794058e-09 -1.600308329677984774e-10 -7.636413850062938401e-10 7.958062208159163046e-11 -4.592439836254339373e-10 -1.295336979376424690e-11 1.298516820944816627e-11 2.800449050134297724e-10 3.571712524701117562e-10 -3.885231289915460943e-11 -3.363582965681859950e-11 -1.591492921960936003e-10 -1.671886613990623934e-11 -1.072705924600941943e-10 -1.600318634019781493e-10 1.029100830857582693e-11 -1.873804862342983523e-11 7.363533517900920547e-11 5.084174131435267834e-11 -4.509851589470648759e-11 1.923839060777058104e-11 1.671571360896561377e-10 -8.016669056263810190e-11 -1.497821705909657188e-10 9.305084977696150509e-11 -3.678688860279242557e-10 1.712268704434927067e-10 1.209683453056654066e-10 5.007932620066809498e-10 -6.985687293919498988e-11 1.351703389839720522e-09 -7.340261308938755643e-11 -4.619545817532442300e-10 3.768554430939096252e-10 9.061290513267814276e-11 3.370164588050384356e-09 -8.221779424521043129e-10 6.440458414149312134e-09 3.187404957361773015e-08 7.811983959010973482e-08 2.352222847058569714e-07 7.012583810431255948e-07 2.211303123091251608e-06 6.984269582670840960e-06 2.305146144684859698e-05 8.079605883392037809e-05 3.068820223973840440e-04 1.333092724237120059e-03
4.265048006130498642e-02 1.324466497492649995e-03 3.072630392431949589e-04 8.093246762950824004e-05 2.305594622129358801e-05 7.085691441652182714e-06 2.208506657111666912e-06 7.163592746378674821e-07 2.501886365868571633e-07 7.937832096087357375e-08 2.729974745549910598e-08 4.472425204113714928e-09 -1.401105183262242931e-09 -1.382038253537608472e-09 1.559041206877179194e-09 2.487720364055591806e-10 -9.381683089929212493e-10 -8.168206930986433391e-11 -7.027589457740106998e-10 1.017676015045168096e-10 -4.555030489411101426e-10 1.888972902764647064e-12 -1.824989376627857199e-11 2.741830590129795158e-10 3.371691307574809645e-10 -4.452964663108616782e-11 -2.372147050227837103e-11 -1.604995531451827687e-10 -2.058791429186175580e-11 -9.963442858062413424e-11 -1.585925341177464404e-10 8.670453804411020839e-12 -1.473507700618839397e-11 6.742006659135451944e-11 4.713036814279853063e-11 -4.267202646332070156e-11 1.600246874050075948e-11 1.756378590542348324e-10 -7.080182425106567535e-11 -1.624617751771285507e-10 8.857355209692607039e-11 -3.813171234465940967e-10 1.987987194087491719e-10 1.564201055265803769e-10 5.451499314636100906e-10 -3.973108554570230835e-11 1.291533846959560939e-09 3.849470253946102409e-11 -4.265192390177915413e-10 5.000817784874458242e-10 1.697651265121298670e-10 3.313108298603047273e-09 -6.459807018876547911e-10 6.086164234961002929e-09 3.166933996724030568e-08 7.862588253274212742e-08 2.355583012893207831e-07 7.016432542191771601e-07 2.211462085240707200e-06 6.981981424545028200e-06 2.304546938852769408e-05 8.079914334737528059e-05 3.067989929156702015e-04 1.332832837274848352e-03
4.265133666411800861e-02 1.325047612197879183e-03 3.072148343453818902e-04 8.089923759430101707e-05 2.304820892189692689e-05 7.087124757751861385e-06 2.207635824330578940e-06 7.158143226934676309e-07 2.490132452144755679e-07 7.931833851343806485e-08 2.753091177833003037e-08 4.329095767443201940e-09 -1.365214287802256971e-09 -1.208630233293737436e-09 1.484066304559019474e-09 3.239050796863130261e-10 -1.037119259179507809e-09 -1.993591334070340540e-10 -7.504243256440064426e-10 6.867538858046410980e-11 -4.754277141228428272e-10 -4.635551857598182053e-12 -2.722549415068449531e-12 2.691559305764288690e-10 3.354688952844436001e-10 -4.516205022411065072e-11 -3.906572457811470203e-11 -1.595791303904187624e-10 -1.614718820776488916e-11 -1.013737567064596684e-10 -1.594128812779023364e-10 2.241849999009169483e-12 -1.140498156828108960e-11 7.035544192879357434e-11 4.973327594344059183e-11 -4.045915817387566565e-11 2.020750012877733092e-11 1.644468527416818578e-10 -8.191288604906882252e-11 -1.588583767871150606e-10 7.662427705745911555e-11 -3.806616659634703334e-10 2.015290789245119036e-10 1.173004593165704326e-10 5.278282418519232265e-10 -6.795141792306393094e-11 1.337668102680991221e-09 -7.571348404592164024e-11 -4.816752837763905164e-10 4.993483367979662562e-10 7.073305580587593959e-11 3.259774503091084191e-09 -4.349267875172376437e-10 6.206102593393185926e-09 3.171082135449313292e-08 7.831230422543875629e-08 2.349553108417181478e-07 7.019205323599316680e-07 2.211884849209648216e-06 6.982530753585436691e-06 2.303929576556617334e-05 8.077985055102593912e-05 3.067197948523965774e-04 1.332264610098658980e-03
4.265146320533694246e-02 1.324735266132640943e-03 3.072182259959629360e-04 8.089744367954185842e-05 2.305563971168632847e-05 7.084115779924498587e-06 2.206797089552317273e-06 7.163028263773682221e-07 2.498940782981405552e-07 7.951850612741999367e-08 2.724676898552144237e-08 4.424673229819124034e-09 -1.419197053037241681e-09 -1.281280981825761079e-09 1.642323256782882029e-09 3.119228250219790318e-10 -9.367918194238282433e-10 -6.798316577739513720e-11 -7.061242706584610319e-10 1.511297946243344680e-10 -4.449582949723607279e-10 -1.144752722437318431e-11 -2.655152560432530798e-11 2.763356605055220750e-10 3.385694276419345603e-10 -4.494778161916765156e-11 -3.477880088953402390e-11 -1.538783222169527923e-10 -1.927589469137744229e-11 -1.033264146466145598e-10 -1.621872189136124249e-10 7.995136304168875665e-12 -1.573130445189534419e-11 6.178695791940169484e-11 4.852333122129297443e-11 -4.584849854259937939e-11 2.270482115703690225e-11 1.693928973036644729e-10 -6.891362675339842551e-11 -1.451090111581271106e-10 9.200039875080525844e-11 -3.594254850176219111e-10 1.806513096709824341e-10 1.312395337502590316e-10 5.288075394403786685e-10 -7.430864838120620598e-12 1.337528492705731489e-09 -4.038287956523400786e-11 -4.778879961454656014e-10 4.182426458898633674e-10 -7.199098505720350232e-11 3.295125322645790761e-09 -8.287188950767246699e-10 6.104697897692909286e-09 3.168317538613948327e-08 7.844632207839626412e-08 2.358575365786834642e-07 7.010496544538766323e-07 2.213041895159253061e-06 6.985862819303378631e-06 2.303983800103014096e-05 8.077296828797775774e-05 3.067663301963626942e-04 1.332509232404088979e-03
4.265092828275771075e-02 1.324378172597402053e-03 3.071501878563451834e-04 8.090988866937430177e-05 2.305696697845816936e-05 7.083748497835123340e-06 2.205852073584471817e-06 7.158124455512880359e-07 2.496356960231788533e-07 7.947683838937365967e-08 2.701374426664395084e-08 4.442458416109377055e-09 -1.109029867937468037e-09 -1.359172720182450907e-09 1.649525631006522223e-09 2.168220604263156342e-10 -1.029615543822860481e-09 -1.453454738993016484e-10 -7.084206856355673992e-10 8.564518490303730905e-11 -4.517823864107420492e-10 -1.048394704086796106e-12 1.173819652882659872e-11 2.774398008962413157e-10 3.401767936574849350e-10 -3.732386450858303104e-11 -2.399698048225126283e-11 -1.591371782624643748e-10 -2.118776873200432992e-11 -9.918945622882399857e-11 -1.642491235534849713e-10 8.721976856101381698e-12 -1.138995617513979542e-11 7.170465387035549802e-11 4.223651532513400808e-11 -4.441940968596196819e-11 1.073334877508691192e-11 1.614397774056129579e-10 -7.661040730902590420e-11 -1.526268130251909932e-10 8.780163902934706849e-11 -3.794460915012278346e-10 2.099303646172873538e-10 1.584961583539496155e-10 5.400251815762703909e-10 -4.885718865995030804e-11 1.326207258710467517e-09 7.495674310068528614e-12 -4.552380785263193705e-10 5.145339004269580443e-10 1.212514853639334577e-10 3.365846728900261748e-09 -6.446513049088818828e-10 5.976160161982452963e-09 3.180990810376814893e-08 7.843707573695897455e-08 2.357384081742355647e-07 7.013421251077783628e-07 2.209329612984157013e-06 6.984706751155775124e-06 2.304768672417110078e-05 8.078450319032296390e-05 3.068119708286578488e-04 1.332505643474170536e-03
4.264923263573192069e-02 1.324899570997761702e-03 3.072091585551369754e-04 8.091334180009348025e-05 2.305458860531120621e-05 7.087707696754336934e-06 2.207136685281857408e-06 7.160098212907745024e-07 2.498420240741879655e-07 7.947818873602720073e-08 2.705293782586771865e-08 4.043856877555313081e-09 -1.373920959452514261e-09 -1.112668183427199947e-09 1.674126860802336822e-09 3.450720296609029166e-10 -1.021277236755751649e-09 -1.221776057110945689e-10 -6.651019664700258604e-10 1.155077737046524139e-10 -4.827891809341957723e-10 -1.516388230336174069e-11 -1.558493065679220042e-11 2.822896472144819083e-10 3.449917027380443303e-10 -4.182445399598593468e-11 -3.789072903305069797e-11 -1.602197651308887727e-10 -1.351050873139837212e-11 -9.703113706428802844e-11 -1.567283613033624556e-10 5.969408618873338281e-12 -1.079114551206627862e-11 7.019566791883531363e-11 4.244211190673164618e-11 -4.305312871285682544e-11 1.720807555371063224e-11 1.708763694661658800e-10 -5.724723168515531089e-11 -1.354373223584813543e-10 1.008030920521950109e-10 -3.774806461773768329e-10 1.836292454356763781e-10 1.427031986768518390e-10 5.161226432024484008e-10 -3.506502261567662746e-11 1.311583494140503810e-09 -5.903299005352275634e-11 -4.800532184367269573e-10 4.553782571243750359e-10 3.902883086309319826e-11 3.423455508638623811e-09 -7.950172399575539712e-10 6.126514283638943095e-09 3.165228667991094759e-08 7.819706053006235383e-08 2.359851177055150560e-07 6.999122214955691545e-07 2.211630248937453038e-06 6.982076138016589223e-06 2.305460709973823825e-05 8.079615524905635782e-05 3.067671504718592554e-04 1.332476054484080198e-03
4.265113004315257417e-02 1.325141276225410983e-03 3.071875548134631820e-04 8.087360196162333916e-05 2.304697856728614850e-05 7.080815065349957536e-06 2.206791666122903036e-06 7.166452945169968597e-07 2.497736856058425052e-07 7.904729551847335804e-08 2.709391502981831623e-08 4.425087955131287375e-09 -1.313044266484981852e-09 -1.260667545765328672e-09 1.652433306075626573e-09 2.999799517020802580e-10 -9.664692438205791238e-10 -6.625041257548976251e-11 -7.013438335121494071e-10 1.148884682277707453e-10 -4.783629630276817810e-10 -2.338752135130032314e-11 -4.139692224656704471e-11 2.796882744900354090e-10 3.362733245526468105e-10 -4.951780524341491723e-11 -3.674493910197897006e-11 -1.521245706947859114e-10 -1.902581734392631194e-11 -1.001995962603695603e-10 -1.603766724355915377e-10 6.213549179488730978e-12 -1.444799820407051743e-12 7.381121260262898392e-11 5.534205537435136228e-11 -4.014891786072839573e-11 2.055137103407335231e-11 1.720362695963487728e-10 -7.232366239336577540e-11 -1.558407758221625891e-10 7.892713410889882428e-11 -3.622949738586624265e-10 1.857355448082426577e-10 1.173710204707678979e-10 5.013604213489686483e-10 -5.022201522464501489e-11 1.298315045337337150e-09 -3.160965898436295656e-11 -3.925168128204656123e-10 5.366996748321429446e-10 1.412777678708439996e-10 3.336354074167712394e-09 -5.574267195046717134e-10 6.149339265043546632e-09 3.195093287365442933e-08 7.820183186008762761e-08 2.355246879373641299e-07 7.018554223327171648e-07 2.212116484777671579e-06 6.985338550941843180e-06 2.304780926331776022e-05 8.081194165708579873e-05 3.068614892913774494e-04 1.332944701784390118e-03
4.265039066982852928e-02 1.324822717781506346e-03 3.072280080981087112e-04 8.089965900277792433e-05 2.304496351201297421e-05 7.082641210606018140e-06 2.206246494486107590e-06 7.163231134047268619e-07 2.496505879137969053e-07 7.954532852280089849e-08 2.726875162106233228e-08 4.191815602311523496e-09 -1.124548699982919350e-09 -1.122290496785479993e-09 1.564162340968755041e-09 3.399537623869722416e-10 -9.992378471508099759e-10 -1.083690248048042284e-10 -7.281420029727426201e-10 5.840332903916988657e-11 -4.441378565854247036e-10 -2.906200511924698236e-11 -1.125843087116681093e-11 2.706687693176312170e-10 3.468876706882348873e-10 -3.230890275891567350e-11 -3.960315522317012050e-11 -1.631096757556588473e-10 -1.543574922256300787e-11 -1.000124121928708037e-10 -1.558078542302868933e-10 2.521812617750003094e-12 -1.107733661063337385e-11 6.425048919002819145e-11 4.094286921285583262e-11 -4.633232632876095219e-11 1.069085844415885791e-11 1.736359172294475938e-10 -7.313828566590023665e-11 -1.418633359584345379e-10 8.517595984228668539e-11 -3.750212587418960201e-10 1.931235583649781165e-10 1.310047515933087580e-10 5.125991107472630061e-10 -6.298713978826433994e-11 1.312819248597100844e-09 3.173732866733773074e-11 -5.142076235838705069e-10 5.740548388174797086e-10 -1.439938617740612897e-12 3.196936371517577487e-09 -6.702737629064079616e-10 6.270076181086981360e-09 3.201339252290308722e-08 7.856716491813306890e-08 2.354675243393565191e-07 7.002443303263027797e-07 2.211374208342673267e-06 6.986496996930188343e-06 2.304903524269607943e-05 8.078051947051263521e-05 3.067759003536895150e-04 1.332736247329923632e-03
4.265027537062696800e-02 1.325191993469087897e-03 3.072862502171130189e-04 8.090022266560429915e-05 2.304664031331001632e-05 7.083906725438550244e-06 2.206824600001090205e-06 7.179175821766288978e-07 2.499085545900781852e-07 8.001400554095135411e-08 2.718732200985067282e-08 4.367279861959947422e-09 -1.476668532987727875e-09 -1.222253408978651233e-09 1.604921567376087185e-09 3.249559347618029196e-10 -9.773599789913795304e-10 -1.157581412926421050e-10 -7.434919065296045953e-10 1.238157392021965664e-10 -4.782300102697134624e-10 2.808706268497439102e-11 -3.185258624894912534e-13 2.690587235412563464e-10 3.368134782643624801e-10 -4.075442129562538856e-11 -2.866338988581405591e-11 -1.604336632471617578e-10 -1.565004221942268292e-11 -1.038977515368285322e-10 -1.604696635546396535e-10 2.589555965355134464e-12 -1.765098045528106418e-11 7.686592783870567772e-11 4.882840384681778007e-11 -4.333114139671506574e-11 1.774218515969799594e-11 1.726088269298476011e-10 -8.031717804907300656e-11 -1.511714520106707765e-10 6.401877766825500959e-11 -3.848869204655299923e-10 1.938050868319418587e-10 1.121481600889010225e-10 5.090922349869499600e-10 -5.001264075335723981e-11 1.345352031066784704e-09 -3.730612107008116644e-11 -3.991954079984043821e-10 5.753303197468447817e-10 9.991744078637542903e-11 3.434648991194285201e-09 -4.744616409868635895e-10 6.362181446866226345e-09 3.155244121597170479e-08 7.830050698454383826e-08 2.353221513453551713e-07 7.004240627409930372e-07 2.211400014206740374e-06 6.984102883224145405e-06 2.304750228468947573e-05 8.074837967442879841e-05 3.068593340838732340e-04 1.332759480118354562e-03
4.265136483045672139e-02 1.324667654380568254e-03 3.072243504448808897e-04 8.088173871944898813e-05 2.305450185334611792e-05 7.083788303062053075e-06 2.205355937974788202e-06 7.161331176400386076e-07 2.501191219254135712e-07 7.950119019946783441e-08 2.721659181556861483e-08 4.399053878599763899e-09 -1.355056534700453751e-09 -1.265866607994663857e-09 1.676219638589459025e-09 3.010756759535917239e-10 -9.557267289141530605e-10 -1.696559643320726217e-10 -6.824358876640938203e-10 7.728842793373320013e-11 -4.656882024513194672e-10 3.579337995660441789e-11 -1.695830965900564504e-11 2.774541758646369487e-10 3.437422352145599731e-10 -3.083942562336022499e-11 -3.431386277067210717e-11 -1.502200914217792458e-10 -1.758321131527885118e-11 -9.867432923629853190e-11 -1.593659602807511830e-10 4.538527392919145905e-12 -1.940812012888440822e-11 6.930103547198828056e-11 4.662364646641320158e-11 -4.891681441201242709e-11 8.790958525650153755e-12 1.664684759999471578e-10 -7.397316264651942363e-11 -1.532814672759981816e-10 7.500602355673502889e-11 -3.940526818489474976e-10 1.765636311006687251e-10 1.083359341004716476e-10 4.826034547427664268e-10 -4.384174419490962679e-11 1.345766867671760901e-09 -6.002631880800701094e-11 -4.228322063417039383e-10 5.165855004811442696e-10 7.136833654597384623e-11 3.201691542244830218e-09 -6.233769494740616422e-10 6.316793629845310091e-09 3.205354741337244168e-08 7.823468228056383152e-08 2.353224687069987321e-07 7.003516753291144755e-07 2.210177440920407110e-06 6.982706765816427054e-06 2.304337805256952452e-05 8.076474429008735428e-05 3.067968790763207104e-04 1.332639369224686244e-03
4.265014380146916334e-02 1.324760545837130182e-03 3.072016348179555287e-04 8.089288407132502821e-05 2.304811159499881951e-05 7.083493363763241681e-06 2.207511330563783283e-06 7.173603627551326276e-07 2.504240422988972143e-07 7.986898080998906538e-08 2.757846949738988415e-08 4.368416650018603565e-09 -1.313388215587586466e-09 -1.295540694031912427e-09 1.653908907302949937e-09 3.157698896094507709e-10 -1.006387014639009815e-09 -1.608331320948587208e-10 -6.371498419200218880e-10 1.369327034520660200e-10 -4.598053665542395096e-10 -1.921522962585970651e-11 -1.669812695751976396e-11 2.665474899276203636e-10 3.377519096307280414e-10 -4.198219931587627114e-11 -2.879306020767328341e-11 -1.675216817681978928e-10 -1.778325231443534768e-11 -9.865283192336975192e-11 -1.586493994339918743e-10 -5.175493866823817456e-13 -1.771456578145247013e-11 7.463000924470282801e-11 5.386947756738003502e-11 -4.711829642426319132e-11 1.060090808880723983e-11 1.627416898378177263e-10 -8.817103059720390791e-11 -1.682746545024020156e-10 7.913404495813904319e-11 -3.676481859564375586e-10 2.041863260966882178e-10 1.153796669244025566e-10 5.366342064618001475e-10 -4.734192183639693985e-12 1.376871594354178317e-09 2.142093567365596169e-12 -4.304307504562551063e-10 4.882693525586223631e-10 7.305784328088138411e-11 3.274167187465840552e-09 -6.409097475696941797e-10 6.020682422633852219e-09 3.185263863051569999e-08 7.818428069091123951e-08 2.355656743781830206e-07 7.014939681736986223e-07 2.211857199471813245e-06 6.987968234828055615e-06 2.304833229980821809e-05 8.081266418137038213e-05 3.068706932052045499e-04 1.332676705700263069e-03
4.265087903876896985e-02 1.324667490799015654e-03 3.072236222042056073e-04 8.090727474480316451e-05 2.305429029023749597e-05 7.084134159403476944e-06 2.207342382719938859e-06 7.167868586298094810e-07 2.495576990758141442e-07 7.962611634422803392e-08 2.719624487184244219e-08 4.375965987848579183e-09 -1.177007525076012407e-09 -1.261772172664247657e-09 1.620273623420689645e-09 3.683565198882666296e-10 -9.569688828024788470e-10 -1.531901532512617664e-10 -7.096834366843294336e-10 1.237430531236102539e-10 -4.470678380844144467e-10 -2.421757555705090950e-11 -8.496623215666327867e-12 2.666240929883986465e-10 3.317384703975210742e-10 -3.891217050702984015e-11 -2.896048280045594152e-11 -1.586028817124698444e-10 -2.427191378774607885e-11 -9.975363919361817089e-11 -1.560647957107856350e-10 2.273302473605087358e-12 -1.305629201745506011e-11 6.782286479674039544e-11 4.132663938178941823e-11 -4.489136667603350491e-11 1.654572135990598935e-11 1.629788972911282769e-10 -6.410470982253240158e-11 -1.455711174656532734e-10 8.030372045400623332e-11 -3.758415739721686377e-10 2.050014763533225880e-10 1.137387847365655828e-10 4.761465870120579468e-10 -8.282132703009168195e-11 1.321799795044683823e-09 2.951374529263023801e-11 -4.539637659539521653e-10 4.547688542179152470e-10 4.027759487295160739e-11 3.401915932579252175e-09 -7.573010487519282657e-10 6.008584021291496597e-09 3.183571730747325808e-08 7.858179936077144326e-08 2.355453388531889092e-07 7.007874968655550032e-07 2.210796519037578877e-06 6.986975912389708055e-06 2.304907294893822009e-05 8.079272324626698867e-05 3.068160731023356655e-04 1.332730512462451450e-03
4.265083594775251341e-02 1.324752906393509514e-03 3.073275775853288286e-04 8.089566952748887400e-05 2.304722865645545887e-05 7.082747982707243456e-06 2.208446263549852393e-06 7.158585956816785018e-07 2.501128622489358496e-07 7.997503199387796026e-08 2.746347022838001771e-08 4.366540587605510278e-09 -1.280066717998564103e-09 -9.987164838243788569e-10 1.770546629089092096e-09 4.068138208894452084e-10 -9.677167829488440534e-10 -1.416458504315600218e-10 -7.126650253669968220e-10 1.339450008051111196e-10 -4.531832019221650502e-10 -2.377469819128037921e-11 -2.577054999751945608e-11 2.746938103925528536e-10 3.430863868836044850e-10 -3.871628270770249204e-11 -4.126229099843699623e-11 -1.576667505755226804e-10 -1.340889597852032119e-11 -9.769998707311933614e-11 -1.591112559291145846e-10 6.464712615850583646e-12 -1.158624949383576965e-11 7.465913956240621621e-11 4.468615472630636263e-11 -4.602625058563777495e-11 1.395652199732997885e-11 1.699195808669827952e-10 -8.316668899300802681e-11 -1.787615075610944545e-10 9.509299712877602979e-11 -3.834698297655553401e-10 2.038742336664244423e-10 1.326831663581921398e-10 5.315502674176875594e-10 -6.544707131388663389e-11 1.340629829349662971e-09 -7.239680637250940996e-11 -4.568682983774775471e-10 4.506152276853678455e-10 1.185249747426527935e-10 3.421915799668875892e-09 -7.069419814453366873e-10 6.050004746824649111e-09 3.185919898348618098e-08 7.858531325159424507e-08 2.354906623969981408e-07 7.013113880444548073e-07 2.210681260884267733e-06 6.982112928825029491e-06 2.304745321097175715e-05 8.078187595236126196e-05 3.068050065585217930e-04 1.332648341317681229e-03
4.265033390535048069e-02 1.324816218006329713e-03 3.071876810479469855e-04 8.090072349603085486e-05 2.305133964007288853e-05 7.086236346184136007e-06 2.205705306976658517e-06 7.160467998903707973e-07 2.499739106124681399e-07 7.953173629790999323e-08 2.759534482258302400e-08 4.367950346501956282e-09 -1.304740909848361979e-09 -1.176536222206797589e-09 1.581647700811267212e-09 2.487448709810988578e-10 -9.363792081825671721e-10 -9.725193017411659745e-11 -6.988779115905032598e-10 1.374635313707665058e-10 -4.966973776094405473e-10 -7.204655281453671033e-12 -1.008796026493296710e-12 2.754857665496798139e-10 3.429993628984144454e-10 -4.312757783076854176e-11 -2.853023797824532666e-11 -1.565778545092059284e-10 -2.178091918278815061e-11 -9.844397694614557886e-11 -1.585632368171982229e-10 1.295198328657628300e-12 -8.589022323030943220e-12 7.323654574044346137e-11 4.918936116826614620e-11 -4.428452577607313165e-11 1.799352516094558829e-11 1.724718172247098257e-10 -7.794365155563294556e-11 -1.456931817547188517e-10 9.500744543773245960e-11 -3.986200874304605717e-10 1.984996283356969614e-10 1.127822098503717707e-10 5.262275725300239091e-10 -2.719551177679775278e-11 1.317258291330418987e-09 -4.057553873205656094e-11 -4.131330085888352178e-10 4.911463172764178257e-10 1.674293501552701665e-11 3.271275511281016931e-09 -5.849707972296642270e-10 5.826810215489529094e-09 3.200200121379261270e-08 7.816989528101107565e-08 2.356693353404991600e-07 7.004031548433116184e-07 2.211451051434089053e-06 6.980322387161387625e-06 2.304879655084941974e-05 8.081519734378426296e-05 3.067848556116040235e-04 1.332885926952475731e-03
4.264982701032945384e-02 1.325058978740327334e-03 3.072627765199964565e-04 8.090565624429856592e-05 2.305690912433572650e-05 7.085818896482928135e-06 2.205939026448934059e-06 7.154229262120133091e-07 2.496887429244064395e-07 7.972196705216780980e-08 2.740643281113323200e-08 4.243926420841279928e-09 -1.033276124799273642e-09 -1.044321566485774383e-09 1.646232138655464061e-09 3.150652140294438240e-10 -9.135743289553581899e-10 -1.187083094990871476e-10 -7.132903452088972374e-10 9.407420171595703470e-11 -5.040030506473542947e-10 -5.470518524763109887e-11 -2.033238608067095411e-11 2.764131814821784937e-10 3.553673485240867247e-10 -5.289392546659796744e-11 -2.281161178557921411e-11 -1.648404520581382589e-10 -1.723416382403305528e-11 -9.883574142272210403e-11 -1.594625137068589022e-10 2.313378254336233427e-13 -1.761693659948619999e-11 7.036002810714862728e-11 5.174727838593045416e-11 -4.281042098738678432e-11 2.680167292691934267e-11 1.660578361512804362e-10 -7.708035970896554365e-11 -1.519832873882123459e-10 9.501153889418958272e-11 -3.660226192753951408e-10 1.834561131838982292e-10 1.203853920502654262e-10 5.207640699189693909e-10 -1.942250305107622482e-11 1.329392863421683702e-09 -2.219178552801121747e-11 -4.219048170461519674e-10 5.824819726117215848e-10 1.728652008667020241e-10 3.324665087116300426e-09 -7.715017629538965601e-10 6.181282249021297967e-09 3.198591539821498611e-08 7.838861103922088762e-08 2.359330136644621356e-07 7.005785841682275619e-07 2.212038260571674859e-06 6.981272948247965604e-06 2.305182719734201620e-05 8.077429452568299958e-05 3.067309607521017485e-04 1.333013030968794232e-03
4.265050334466701648e-02 1.325045185167117705e-03 3.072697564642385684e-04 8.090842310520604129e-05 2.304855005551653303e-05 7.089335117496009207e-06 2.208900586824106248e-06 7.172432826995062541e-07 2.505612989077991820e-07 8.009657269583361064e-08 2.722721661244025952e-08 4.378416004580127827e-09 -1.401059281502114515e-09 -1.278461982597815803e-09 1.509838554154812187e-09 3.660767617250773429e-10 -9.872520152025854852e-10 -1.281803911833384983e-10 -7.032188838903366640e-10 1.101909331747077042e-10 -4.898512491943801648e-10 4.370137585065769841e-12 -7.384774503687418920e-12 2.798345677313554200e-10 3.462982116375723244e-10 -3.327671320354277227e-11 -3.146413162365508518e-11 -1.629624793458837006e-10 -1.871501872195131319e-11 -1.000061400085593485e-10 -1.580263489470625621e-10 6.203752640010874845e-12 -6.765283224915632294e-12 7.038804548097519627e-11 4.265406016593380787e-11 -4.154207881854317673e-11 1.331223899578003840e-11 1.660424102504792442e-10 -8.589182191196851034e-11 -1.540377444342785153e-10 7.483123447726319621e-11 -3.691226434899098360e-10 2.013769896255451992e-10 1.410253004364779068e-10 5.279388404738409439e-10 -2.161690708080956829e-11 1.292118568891779108e-09 -2.008186459665967712e-11 -3.744180150247669596e-10 5.389392116667137185e-10 7.035386712796684174e-11 3.263152171985369744e-09 -6.680496832972684857e-10 6.046139611821173455e-09 3.222159099438386808e-08 7.806279507847868760e-08 2.348075367077573363e-07 7.009145593041421236e-07 2.212857702204319705e-06 6.982640849108641418e-06 2.304679960643584905e-05 8.078079068092407743e-05 3.068072387741480013e-04 1.332883447898376358e-03
4.265063623091307904e-02 1.325378325512977136e-03 3.072676029080190392e-04 8.089542033685542767e-05 2.305123255259523628e-05 7.085408058102580950e-06 2.207219159204878590e-06 7.170438341953096561e-07 2.495020859980192670e-07 7.956523268056978995e-08 2.760043887919412616e-08 4.238158219358360243e-09 -1.377245140936586040e-09 -1.222706868464448303e-09 1.558765919331387023e-09 3.678385881976663674e-10 -9.534400441437169625e-10 -1.218448136233848121e-10 -7.415777864493309594e-10 1.036894645412081256e-10 -4.577071018851863579e-10 -1.049702743610831738e-12 -2.754289865915751676e-11 2.664054293489179966e-10 3.527178519730402439e-10 -4.338418893608678912e-11 -3.582905657688432031e-11 -1.693112168901173334e-10 -2.260568771228359520e-11 -1.019946449192810026e-10 -1.562615023165987133e-10 4.207288897281687112e-12 -1.177447928914659966e-11 7.272904850921519967e-11 4.712076724965544998e-11 -4.260448963029838559e-11 1.167185677626128571e-11 1.695405333728658081e-10 -6.947051790196439757e-11 -1.605273875609343451e-10 6.826624391700680145e-11 -3.676083674207382116e-10 1.987470954895244997e-10 1.785052190692603485e-10 5.677952079293628271e-10 -1.592438987589015629e-11 1.331069343531689390e-09 -6.474675052300557712e-11 -5.079935917493991978e-10 5.163282120419885061e-10 1.163313459141615441e-10 3.210253206656023715e-09 -7.485571537465572851e-10 6.209382218250788746e-09 3.190648831010689947e-08 7.854348434404805365e-08 2.353326233657394722e-07 7.006157703352339796e-07 2.212523294289880509e-06 6.984284023373663871e-06 2.303702914912999204e-05 8.076502959301316983e-05 3.066477865344410456e-04 1.332812458702032363e-03
4.265042270444006217e-02 1.324692014693037512e-03 3.072151298360696896e-04 8.089984771343515957e-05 2.305333699197977660e-05 7.084042950826615653e-06 2.206442147723709459e-06 7.164074757324706227e-07 2.498352515593664739e-07 7.985219669466579094e-08 2.717969623202584421e-08 4.355364937417767767e-09 -1.345019158607014981e-09 -1.299963711631182704e-09 1.525849232365689756e-09 2.753934146506901370e-10 -9.467619502866949555e-10 -9.912707557975597227e-11 -6.863234030004951141e-10 8.597416311318353093e-11 -4.792425062736315824e-10 -1.496025588418203352e-11 -1.558567274066312708e-11 2.775914305160076022e-10 3.421459221310280592e-10 -3.699280102426131826e-11 -3.202149279304680247e-11 -1.645118725306776741e-10 -2.026270285899362553e-11 -9.891145974313118442e-11 -1.559985932212365760e-10 3.777284028490569442e-12 -1.442023851979982075e-11 6.766960100935457881e-11 4.198197139386602348e-11 -4.869412812598867426e-11 1.096861629757712786e-11 1.668080126672968169e-10 -7.178300027106345144e-11 -1.486946400412523718e-10 7.847417508242756687e-11 -3.720996076279341795e-10 2.013361108720495414e-10 1.292865958592813781e-10 5.328621129494651394e-10 -2.242844659441804495e-11 1.302818718820943311e-09 -1.042420365451587134e-10 -4.845052864876264303e-10 4.819015398552619996e-10 1.034083484782158186e-10 3.433277854691741235e-09 -6.013855567410951222e-10 6.129475452365091362e-09 3.185143576085779530e-08 7.818302964179152254e-08 2.359601768965096040e-07 6.998587721123636987e-07 2.210243678976701699e-06 6.981399882281429213e-06 2.303939461923292821e-05 8.075653528679301041e-05 3.068293638467278653e-04 1.332856454625671845e-03
4.264980406512076938e-02 1.325379562124617914e-03 3.072939442417266243e-04 8.089760125596632851e-05 2.304060613647313600e-05 7.085097300615196736e-06 2.206823970965872635e-06 7.156875525213605701e-07 2.500709486189823623e-07 7.917501819022344820e-08 2.755116635583416335e-08 4.408601508799388040e-09 -1.183516057950784408e-09 -9.776103616684074230e-10 1.496321770391301805e-09 2.839012270509772160e-10 -9.556125484252703747e-10 -1.478831654225825824e-10 -7.523552503022598721e-10 1.273755568002763796e-10 -4.393176972750394632e-10 -1.563782239904982825e-11 -2.619388264298062870e-11 2.734917914807863851e-10 3.528138642687830880e-10 -4.386431524496948083e-11 -3.519180687978011549e-11 -1.600163661014259298e-10 -1.753877767971259132e-11 -1.025385608728984177e-10 -1.580990669744267677e-10 5.658749615526155931e-12 -1.016486851529844656e-11 7.343556557578568966e-11 4.514984919860263089e-11 -4.927571341551426738e-11 1.192084605514958360e-11 1.665958184560003229e-10 -7.697249623844550024e-11 -1.601987113905548116e-10 9.433521428995389220e-11 -3.693070750683222626e-10 1.890443595670918830e-10 1.269412035581465610e-10 5.112850821231884840e-10 -2.039941231437824922e-11 1.322788381764453340e-09 -1.363707716433744266e-11 -4.479002636600760949e-10 4.220114337586113385e-10 9.323700362239394236e-12 3.380336170188172455e-09 -7.560075088027062426e-10 6.176562639113239423e-09 3.212793299476187220e-08 7.836624998885771373e-08 2.355366792503661047e-07 7.011471004739346445e-07 2.212434704440973277e-06 6.984444837323866762e-06 2.304090968817678627e-05 8.077780118318835802e-05 3.067756591886215104e-04 1.332975320858763302e-03
4.265027616590037068e-02 1.325172370718397281e-03 3.072289830335349923e-04 8.091384542647406958e-05 2.305054659172086731e-05 7.083509747477384296e-06 2.207609554632242309e-06 7.163613437309910134e-07 2.503696165347623080e-07 7.983515435157528137e-08 2.717784578332517777e-08 4.371234041291264728e-09 -1.202867343495041103e-09 -1.176932230743763579e-09 1.639293094454778857e-09 3.178843745775410676e-10 -9.521406237619006417e-10 -9.953415668863892284e-11 -7.330743156861653671e-10 8.905663359613542108e-11 -4.748958281184955146e-10 1.259363337590619399e-12 -1.835061462304315739e-11 2.927562234857336676e-10 3.497414613872983792e-10 -2.442527955843312295e-11 -3.310772859746531497e-11 -1.553015436606522126e-10 -2.438626935803946781e-11 -1.037986835910469418e-10 -1.548726445763499100e-10 2.206310354078152605e-12 -1.581224843963564878e-11 7.227651576607014329e-11 5.047401755904170008e-11 -4.814832139636531362e-11 2.042699519200624748e-11 1.651588492004243916e-10 -7.270417953329164536e-11 -1.627470404469840311e-10 1.048395376641288326e-10 -3.635520268513286714e-10 1.767241805872563273e-10 9.776894883097045907e-11 5.208702217710213289e-10 -4.171709082964094447e-11 1.312132497685863665e-09 -5.996987906038361801e-11 -3.799859326738789730e-10 5.532726136598595220e-10 7.905667865966825822e-11 3.361547769048802712e-09 -4.935109052702871421e-10 6.145633804229070044e-09 3.175258336175438726e-08 7.849946627200585401e-08 2.349879722741310867e-07 7.007919145783126168e-07 2.212216129949686279e-06 6.984894505670454215e-06 2.305239209652733037e-05 8.081128080738989635e-05 3.068258812503414082e-04 1.332899201419349535e-03
4.265009902846490092e-02 1.324670829066381533e-03 3.072349721974857980e-04 8.088339743181214214e-05 2.304697500018225407e-05 7.083718812860530090e-06 2.208007082392426910e-06 7.168097717324271007e-07 2.499554032136383290e-07 7.954040503899089485e-08 2.757893380358514014e-08 4.485487937904417649e-09 -1.061635539954483199e-09 -1.117147305004163927e-09 1.636221983786309541e-09 2.562386862531921429e-10 -1.071664137585926565e-09 -1.395949113216455921e-10 -6.927368976819519331e-10 8.815253704310352688e-11 -4.727316261417105409e-10 -2.860900990478706125e-11 8.053399706305277341e-13 2.721352410954275776e-10 3.437174972206210887e-10 -3.858996848602401831e-11 -3.760090740699545845e-11 -1.439377717239304893e-10 -1.627416484824173165e-11 -9.990600420778633613e-11 -1.634434375324439012e-10 -2.589779191211980908e-12 -1.119594608989321964e-11 7.464562860725222733e-11 5.216664815594616017e-11 -4.182826701257724298e-11 1.869877067102062096e-11 1.662691850713445857e-10 -6.806111357918824427e-11 -1.590678685082175809e-10 8.682057517451324667e-11 -3.888345133714863517e-10 1.823497004051339391e-10 1.178156414679352688e-10 4.930367731697901970e-10 -8.354779867900091908e-11 1.343660909451186561e-09 -9.478148246575850390e-11 -4.055962945661482801e-10 3.847110406680566420e-10 -7.595734352600133359e-11 3.314606937390224498e-09 -7.619998628412226658e-10 6.104619013616321031e-09 3.171143326932916133e-08 7.822871558091626886e-08 2.352872087384724613e-07 6.996176250163381286e-07 2.212939343126121208e-06 6.987403425285771384e-06 2.305740464496137054e-05 8.077829934963004987e-05 3.067998283912306266e-04 1.332953812346057178e-03
4.265055743359501966e-02 1.325113261551138762e-03 3.072216367526064171e-04 8.087600850761319593e-05 2.305117974148777974e-05 7.079680894016452448e-06 2.206240468853495800e-06 7.153979740477656931e-07 2.494686545048014189e-07 7.929909457092609166e-08 2.719974940611352802e-08 4.250675524952783567e-09 -1.263278677888257235e-09 -1.259706907255963017e-09 1.674969114116977194e-09 2.735862324723066670e-10 -9.208970011121029430e-10 -1.007431991133554071e-10 -6.975824279095162274e-10 4.820980987484733516e-11 -4.327502120593652255e-10 -4.300485359299871798e-12 -2.166063551663014745e-11 2.777268722445721661e-10 3.487184981081035728e-10 -3.770162644563152019e-11 -3.050773528386031799e-11 -1.612784921326521046e-10 -1.081107488770489834e-11 -9.612074243275437681e-11 -1.582822740437665165e-10 -9.819929205609582763e-13 -1.570681078464395158e-11 7.538963137942547012e-11 5.312921450833962578e-11 -4.235884887987910379e-11 1.016924523997355901e-11 1.643584072761214508e-10 -7.192812592815691589e-11 -1.526076780170066726e-10 8.431005241401518807e-11 -3.671925939986732399e-10 1.889073249132783819e-10 1.199584943289713727e-10 5.304673346625874940e-10 -5.233669813687056187e-11 1.305646599475720609e-09 -5.207844220260811505e-11 -4.378577727509402614e-10 4.212788184793434563e-10 3.129745409369606790e-11 3.436500308196427188e-09 -4.631574246075041821e-10 6.102159826649664384e-09 3.190109350303164733e-08 7.886256502877695818e-08 2.361565173835203818e-07 7.005111515607230100e-07 2.212405037772018167e-06 6.987778409468147659e-06 2.305038986545456740e-05 8.079491646535607772e-05 3.068533371303951043e-04 1.333146892363607601e-03
4.264995334009153566e-02 1.325120558049713154e-03 3.073012855766353688e-04 8.088845350786081061e-05 2.304975574924211700e-05 7.083926975116252913e-06 2.205531285847087772e-06 7.170707871832940098e-07 2.494377424136044978e-07 7.979727027943830987e-08 2.748747415808823291e-08 4.620491824904783445e-09 -1.179531615169653935e-09 -1.175890931303571884e-09 1.725508015757548257e-09 2.607332238748243483e-10 -1.012536712997684886e-09 -1.118399090759986963e-10 -7.021042396689702312e-10 8.923564978390543981e-11 -4.526390283102194917e-10 9.229690314002680417e-12 -1.249419829714914347e-11 2.833949467121826441e-10 3.404595094422499179e-10 -2.931299211415572790e-11 -3.352340984683072851e-11 -1.529048606347092267e-10 -1.584234260250217815e-11 -9.999183875264824969e-11 -1.571864815714797304e-10 7.370324833402646469e-12 -7.530917686959732175e-12 7.264152529745351709e-11 4.900389135100578487e-11 -4.240846460883362761e-11 2.183225798970391345e-11 1.637770262262065532e-10 -6.603649118966391553e-11 -1.517938973877552012e-10 9.255802926547889462e-11 -3.671034543780789202e-10 2.095863605919041728e-10 1.342674178485199535e-10 5.221010342200336630e-10 -5.468398615484800310e-11 1.328045784715437172e-09 -4.769320674177362119e-11 -4.148950809818399546e-10 4.811787949903623072e-10 -4.558225959185767819e-11 3.325001258539915608e-09 -5.896799251936646447e-10 5.976950169934438343e-09 3.193200179027524938e-08 7.805077447670148974e-08 2.358749059778027763e-07 7.005808683215739039e-07 2.210331205439549799e-06 6.980909415259112781e-06 2.304422593602581377e-05 8.077299514670949491e-05 3.067956981770580569e-04 1.332947967462901366e-03
4.265034475844675654e-02 1.325016468992888836e-03 3.072849187665393643e-04 8.092164597124480393e-05 2.305410150042104398e-05 7.080230166216294037e-06 2.207003116968770723e-06 7.158244378562700682e-07 2.502549282631558157e-07 7.941601149181623558e-08 2.759245253641501859e-08 4.369496997970878531e-09 -9.752618680133742374e-10 -1.179627652057365548e-09 1.481915969565702700e-09 3.649904572745235611e-10 -9.138031448498754432e-10 -4.521983106994508656e-11 -6.821069658807061871e-10 9.885060641161219503e-11 -4.654648465135993183e-10 -6.794743000951653018e-12 -2.095545469301598910e-11 2.848764351599932157e-10 3.404657367016042386e-10 -5.122633429808926524e-11 -1.178946982034123210e-11 -1.619712815529374304e-10 -1.430146934684986204e-11 -9.604709298761386471e-11 -1.554314358786481856e-10 1.170671971757034115e-11 -9.543529112515515817e-12 6.916702024148804250e-11 4.909560359392769196e-11 -4.095305984204581699e-11 1.515669975582021292e-11 1.756505360313935801e-10 -7.130967647833608920e-11 -1.635115770596875550e-10 7.429921289166857152e-11 -3.795924389595219655e-10 1.897801532357731970e-10 1.444854542389717644e-10 5.214977890442850194e-10 -2.851626782780157872e-11 1.275346156404495481e-09 -3.740457605387944303e-11 -4.393937353938724515e-10 4.187008902760142431e-10 1.014450867730292236e-10 3.320682114185228509e-09 -6.204280493169063875e-10 6.225818913153755764e-09 3.169055827095187081e-08 7.827938340014172134e-08 2.353235016336564671e-07 7.003075130986169030e-07 2.210838452485937944e-06 6.982998516717240406e-06 2.304365676711738828e-05 8.079586724934810190e-05 3.067963739824399274e-04 1.333111483526809192e-03
4.264971025679249045e-02 1.324945315153572842e-03 3.072022247352317981e-04 8.091372810547623644e-05 2.305250570629699018e-05 7.082075948121716011e-06 2.207565781403809520e-06 7.160852073186451451e-07 2.501286448624246824e-07 7.946952268810588523e-08 2.733173465688473850e-08 4.484770259684910705e-09 -1.276259522547313478e-09 -1.195848780342333768e-09 1.766287015319892196e-09 2.618115406138253830e-10 -1.012656675754831747e-09 -7.560902540123798964e-11 -7.011515251729036749e-10 1.132468433643382309e-10 -4.694844775196429096e-10 -1.114179195991368880e-11 -2.797882955889747898e-11 2.688988305423185636e-10 3.555886541374288938e-10 -3.847518787915531045e-11 -3.486181001616283216e-11 -1.605015554354418211e-10 -1.616484932286183116e-11 -1.053525182327906315e-10 -1.588688877714595554e-10 2.245381480397476599e-12 -1.232853879026895923e-11 6.851577367002930719e-11 4.446941014656350372e-11 -4.879306731403105465e-11 1.272775696939675542e-11 1.579339224885409800e-10 -8.161095597027147690e-11 -1.607584862996030997e-10 8.226181163048160007e-11 -3.784856806717450427e-10 1.780896621499412729e-10 1.124281985122476468e-10 4.739652049954732642e-10 -2.226147379572157330e-11 1.333112089566167307e-09 -5.570454166558714124e-11 -4.131634823860564412e-10 5.723675606412953933e-10 -5.628841480787539558e-11 3.401131074744824037e-09 -4.658422771005665573e-10 6.083997529216183131e-09 3.198384471307932577e-08 7.850669702078719654e-08 2.352054811149343426e-07 7.008906865687101218e-07 2.212299673678230672e-06 6.983256238189103900e-06 2.304172927327888281e-05 8.079652292357465757e-05 3.068110259210370051e-04 1.332782848905022252e-03
4.265154600405270113e-02 1.324740472306482368e-03 3.071839273817290709e-04 8.091634224910772570e-05 2.305172735705097266e-05 7.086752537542182135e-06 2.206718865592167207e-06 7.157671259677292756e-07 2.503429674628537622e-07 7.950441897898592616e-08 2.720356342950606158e-08 4.284608790718312415e-09 -1.398718956447138732e-09 -1.084329826856395192e-09 1.682240996788367339e-09 3.452099300026366780e-10 -9.924732152064540834e-10 -1.355586015053280049e-10 -6.809134025228908668e-10 9.854457540572852413e-11 -4.571071077991155660e-10 2.819853309663893574e-11 -6.165564997024710796e-12 2.584286838084643090e-10 3.376159686216650741e-10 -3.990458875505716920e-11 -4.156788222175157738e-11 -1.491206452970671589e-10 -1.405733782604845619e-11 -9.519228832848219605e-11 -1.590734132687415191e-10 4.885979443951393064e-12 -1.371218939468995527e-11 6.809409459941029710e-11 4.893200615190222039e-11 -4.891268977249851691e-11 1.618270822959237227e-11 1.610860833890050027e-10 -6.969288168722363965e-11 -1.580414834129762678e-10 1.015754180748299032e-10 -3.701499531993278073e-10 1.989122542278050336e-10 1.317808448811886100e-10 4.918575277668506298e-10 -2.168561702248139391e-11 1.328737456155384207e-09 -2.422544020737922123e-11 -4.500604794231769869e-10 4.677314180479702986e-10 -7.998061182909315934e-11 3.484298813194178125e-09 -3.599101122313378744e-10 6.286676729415696324e-09 3.198734579946375688e-08 7.852105662180900098e-08 2.352985690051950580e-07 7.006879468355814026e-07 2.210183836013049655e-06 6.988173681204715997e-06 2.305183889487521029e-05 8.078568804662673299e-05 3.067685211613142057e-04 1.332540316187828203e-03
4.264984336512842727e-02 1.325102351456650986e-03 3.072225997305984150e-04 8.090260321759273031e-05 2.304944909659891765e-05 7.083299014513196546e-06 2.207228806995914984e-06 7.152552672884315505e-07 2.502162243342058364e-07 7.983605172219154120e-08 2.734992712135165083e-08 4.555665190566321476e-09 -1.417167861984783854e-09 -1.079935600670598361e-09 1.573086220221915713e-09 2.857351265009066429e-10 -9.998893559317851167e-10 -9.289037294772198238e-11 -6.682616081598631730e-10 1.254822375050600497e-10 -4.638299296980748768e-10 -1.058726411186552724e-12 1.144047265280885932e-11 2.853817434669038858e-10 3.375160295295983449e-10 -3.973689265995281590e-11 -4.084096175868935693e-11 -1.536300173113103481e-10 -9.644666361669262127e-12 -9.974195653485503673e-11 -1.601185074896630662e-10 3.753608579791905536e-12 -1.680995164494864794e-11 6.473132127994465953e-11 5.108029007222861525e-11 -4.141164059528817827e-11 2.381382882671872202e-11 1.705453792264828756e-10 -6.980730348880312816e-11 -1.476325862659636328e-10 8.620662338872271189e-11 -3.687141416344769901e-10 1.886503202785281976e-10 1.359058545078784497e-10 5.088207022617358805e-10 -1.238497214699081822e-11 1.355076854675390328e-09 1.557030123056543868e-11 -4.250759774715328007e-10 5.513101683680730134e-10 -4.830662376768365631e-12 3.419488398856606079e-09 -6.329938489761080725e-10 6.070301365261275540e-09 3.176211034500569661e-08 7.837928609228766259e-08 2.357766328452809880e-07 7.013276813767097500e-07 2.212186221886706768e-06 6.987662834335287505e-06 2.305211372028524906e-05 8.079491811805015902e-05 3.068577616644347088e-04 1.332894809061796124e-03
4.264961750996527218e-02 1.325106340010133270e-03 3.072503078382549015e-04 8.090892651064711231e-05 2.304492042099112782e-05 7.081077601747829523e-06 2.209376124203468084e-06 7.168807699098051640e-07 2.497157720022014429e-07 7.944571810501349533e-08 2.745610993198163287e-08 4.277800487225784047e-09 -1.213850408436411163e-09 -1.342334591835693723e-09 1.459707965406777492e-09 2.289605116104845416e-10 -1.033041402867836438e-09 -9.689954271050525240e-11 -7.088274971438677169e-10 3.555085917148218036e-11 -4.699526137465110569e-10 -2.730629742656822600e-11 -2.090398328933683314e-11 2.787227471058292911e-10 3.467235084318129417e-10 -4.880690598201534360e-11 -3.158016314450493701e-11 -1.562556895364078844e-10 -1.255321674809914404e-11 -1.015283798322168874e-10 -1.586498879465104718e-10 7.053570733072245388e-12 -9.744434992701088702e-12 7.215972447111576298e-11 4.852901091306591912e-11 -4.552686324277229008e-11 1.218131429207010823e-11 1.687482322751233213e-10 -7.571351943850498482e-11 -1.501532451374650607e-10 1.077599104012688543e-10 -3.761692023617825335e-10 1.957386851795824080e-10 1.195687440416480066e-10 5.187976304373328680e-10 -6.132723786525961133e-11 1.326310807412782565e-09 -1.465679219909420557e-11 -4.453147324833384884e-10 4.193960134548282709e-10 1.366718040936805526e-11 3.287577925588368704e-09 -5.113968431317469491e-10 6.243284333343473991e-09 3.208926261465552090e-08 7.797105415440516068e-08 2.358613156097441594e-07 6.999025611268904453e-07 2.211070111833991596e-06 6.983871449709676645e-06 2.304425434171804087e-05 8.077365781722693988e-05 3.067855322168722555e-04 1.332609307439862421e-03
4.264964961538188215e-02 1.325080469636055270e-03 3.073042531887145660e-04 8.088897293677293804e-05 2.305343301676701938e-05 7.081819006999081525e-06 2.208429362499850128e-06 7.160927209344312580e-07 2.495349161458721798e-07 7.975629287223075143e-08 2.691544199114450057e-08 4.130857211495596854e-09 -1.367023981379963752e-09 -1.164814596386468164e-09 1.536161369649536913e-09 3.051072272310600591e-10 -9.452015554238560340e-10 -1.173776930428132583e-10 -7.096074246792910122e-10 8.894807180864692495e-11 -4.132232783134260635e-10 -1.211620520330927436e-11 4.472846733965831256e-12 2.800863990647234785e-10 3.369395832171549701e-10 -4.064744554052830084e-11 -3.183538861480906350e-11 -1.592995336893710983e-10 -1.300670071063280487e-11 -9.327097888263610674e-11 -1.575542281142792402e-10 2.072366978838829561e-12 -1.370439922220018669e-11 7.424771787194175554e-11 4.587737338357397339e-11 -4.221238787321024451e-11 1.818482764645095778e-11 1.598900606919795818e-10 -7.640585216769506952e-11 -1.565212859014763771e-10 9.777571755658993016e-11 -3.753230788516463232e-10 2.021019260268556002e-10 1.439890775054263686e-10 4.994679869850565069e-10 -5.125280161332445714e-11 1.330738332383071262e-09 -4.244970712590319482e-11 -4.075140124751827298e-10 5.131853110997367869e-10 -6.071852790759194583e-11 3.267970020055581081e-09 -5.961034896190819580e-10 6.150053875351348967e-09 3.154709669040812668e-08 7.844384302418707587e-08 2.354635682658163738e-07 6.999085639742115566e-07 2.211135329053590539e-06 6.989992506787786080e-06 2.304911801316302940e-05 8.078815428798702208e-05 3.068994015113787953e-04 1.332793654133240498e-03
4.265090427072348866e-02 1.324557833473219122e-03 3.072678533846871459e-04 8.089642361726530914e-05 2.304753932472296455e-05 7.082925517122155392e-06 2.207219230916454815e-06 7.174032726788972406e-07 2.504120104252884822e-07 7.932101010178197627e-08 2.730727948398919367e-08 4.447832305211022630e-09 -1.192874656531303005e-09 -1.168153974908864517e-09 1.622208329740758008e-09 3.939760375498828131e-10 -9.983824728192048851e-10 -1.842837836453952413e-10 -7.067403845739646997e-10 1.004065296716850540e-10 -4.825224552588874533e-10 1.471243391791082828e-11 -1.703558354063650290e-12 2.877379769715731062e-10 3.519618423124731203e-10 -2.679738808225342651e-11 -3.032947954494009608e-11 -1.528596941094075805e-10 -1.218370158322896275e-11 -9.195586149368087364e-11 -1.552056507328350891e-10 4.348250260839497853e-12 -1.018940693141861958e-11 7.474671363259226347e-11 4.834654656909828671e-11 -4.867662329762988130e-11 1.254560890540681404e-11 1.627027752763247988e-10 -8.636325425288560907e-11 -1.751524071987945176e-10 7.756106966086940227e-11 -4.021646329522098626e-10 1.967089608428071456e-10 1.282616316343314624e-10 5.502822771237117636e-10 -3.003509362991275600e-11 1.329913473706164083e-09 4.643634495747249929e-11 -5.277421643965839512e-10 4.909657844147877614e-10 2.139258715751395128e-10 3.375619049227750880e-09 -4.894470571493963677e-10 6.273132657095934397e-09 3.197585137514108867e-08 7.818818998939825713e-08 2.355866199396954382e-07 7.014829152709970129e-07 2.211389953251883027e-06 6.980254621793729515e-06 2.304530783178488059e-05 8.078590990692621982e-05 3.068389161224794508e-04 1.332727719292710377e-03
4.265095096327617408e-02 1.324586977245431705e-03 3.072291012958534959e-04 8.094192811774475059e-05 2.305065546429065049e-05 7.084385377161427635e-06 2.207504817950538723e-06 7.164719310739674427e-07 2.499726154553255957e-07 7.945099824800455727e-08 2.702735354921830484e-08 4.129240274954241388e-09 -1.448816729842008792e-09 -1.028990199315491750e-09 1.554666652889784769e-09 2.545930931370256658e-10 -1.062440451390340934e-09 -1.571453817685994077e-10 -7.314918266884783791e-10 7.869063399789219455e-11 -4.891368164445445947e-10 -1.835140955921234057e-11 -3.446613275628364708e-12 2.789442115300279743e-10 3.410166879020381664e-10 -4.423906397520956163e-11 -3.279858546226134517e-11 -1.596888021604315633e-10 -2.149329341664153252e-11 -1.064960051245238807e-10 -1.618988904502707228e-10 8.739617768879059157e-12 -1.042098600793940404e-11 7.037660493201929075e-11 4.694626797168112368e-11 -3.940502660708332956e-11 2.357800601014185483e-11 1.803821802703088657e-10 -6.110498179488591814e-11 -1.614281137779752518e-10 6.839581800374412371e-11 -3.722161497868257292e-10 1.904164752404814769e-10 1.342111982713517673e-10 5.229562513829513396e-10 -6.894158057635151163e-11 1.320476335099642470e-09 -1.787169846798770015e-11 -4.994615544884623578e-10 5.258980886643346988e-10 -4.928815338580651016e-11 3.341885482980544387e-09 -7.857866219133126704e-10 5.965425067932076909e-09 3.205189192493789904e-08 7.806925679193353147e-08 2.356942843604385825e-07 7.003762562770257781e-07 2.211787514635524548e-06 6.985441461338724678e-06 2.304939721659420376e-05 8.079048278986746868e-05 3.068472406978410647e-04 1.332936926758945904e-03
4.265143863345852854e-02 1.324689288684124770e-03 3.071643458620579217e-04 8.089666362798038758e-05 2.305869511813633531e-05 7.082260448163846276e-06 2.206393143050780014e-06 7.152468651326867704e-07 2.497606528569616727e-07 7.983032288804217732e-08 2.734964460229849265e-08 4.486480592554839079e-09 -1.188346765076127188e-09 -1.146831376486554695e-09 1.585637881237223123e-09 3.748171944406625061e-10 -9.006081019584000096e-10 -1.868737890769264849e-10 -6.939209095976991985e-10 1.111024417557024655e-10 -4.559820604264586374e-10 -1.105476130468971057e-11 -6.491493658657505265e-12 2.836217647107685470e-10 3.347789027336858928e-10 -4.106179536729224536e-11 -2.747317059037155759e-11 -1.617319197978943569e-10 -1.972268479770959794e-11 -9.615729960924506086e-11 -1.614447147423914277e-10 3.990605238587461165e-12 -9.554711032522241523e-12 7.544937288337897376e-11 4.550447644901141775e-11 -4.859258651541115095e-11 2.320680177995009056e-11 1.649376840028593908e-10 -8.019522162447574378e-11 -1.521519739517260770e-10 7.687917982432445626e-11 -3.848335944685552666e-10 2.017913135161984008e-10 1.213345238389646691e-10 5.266900007622227063e-10 -3.134778705470632242e-11 1.314333885913996513e-09 -1.023071571918856624e-10 -3.793212216516333854e-10 5.129702033283423466e-10 1.207110175324087023e-10 3.380691977641307270e-09 -7.646905093536822943e-10 6.191249124818719469e-09 3.210855811000202274e-08 7.869507348785933732e-08 2.344670412736484139e-07 7.000683549502875931e-07 2.210657375758411203e-06 6.984396204196956112e-06 2.305698218213144725e-05 8.080920915277923448e-05 3.068541038183530707e-04 1.332964163692882016e-03
4.264990658638471988e-02 1.324878775172464666e-03 3.072844093104653033e-04 8.086212759713608982e-05 2.305619723123454620e-05 7.083756941188113549e-06 2.207436552094675690e-06 7.154515964466870963e-07 2.488605690551176704e-07 7.932916740931351000e-08 2.723831943091121144e-08 4.349793493288471999e-09 -1.173706491893370049e-09 -1.162361603757913369e-09 1.495052625404358279e-09 2.763595005672962952e-10 -1.103551217275183761e-09 -1.298100254827556307e-10 -7.409789925455586976e-10 9.333497380691789024e-11 -4.484280597022764630e-10 2.334760906405221530e-12 3.115565725072899106e-12 2.695102330896469466e-10 3.481599311015328095e-10 -3.784743301127392420e-11 -4.391947735348114343e-11 -1.638607487875727836e-10 -2.089186512695031248e-11 -9.635301141306735545e-11 -1.581936277702610272e-10 2.078567255211250103e-12 -1.003726796395600846e-11 7.153430572049156265e-11 4.363476276845801851e-11 -4.859577648053537426e-11 1.658478477236796245e-11 1.599492072859624013e-10 -8.853591830528756918e-11 -1.516775421181939017e-10 6.477548206106305212e-11 -3.896322102129137555e-10 1.797291370118575262e-10 1.289782816262075053e-10 5.011222014176833458e-10 -5.889999873885845142e-11 1.311606774901480916e-09 1.065297517931623586e-11 -5.430817083716702702e-10 4.301763475754745143e-10 8.790981187603907989e-11 3.271375405014292887e-09 -5.341357344564881605e-10 6.090546084410738924e-09 3.208629112580268696e-08 7.865867863034754597e-08 2.349582424858743341e-07 7.003221315623537644e-07 2.209479091476759106e-06 6.979096751441884792e-06 2.304842168217808099e-05 8.080939285389166166e-05 3.068193496445738777e-04 1.332755091876052910e-03
4.265004191035461772e-02 1.325132472988126012e-03 3.072725233553556161e-04 8.091718851376065698e-05 2.306114010213072444e-05 7.084113024212692821e-06 2.207118499924083181e-06 7.155777147327581691e-07 2.496561125260168884e-07 7.941614732130134687e-08 2.714615570100065894e-08 4.201619202927044324e-09 -1.275920113742644389e-09 -1.103051227501345171e-09 1.670212170330849202e-09 2.060529343550698136e-10 -1.005329583195946995e-09 -1.162801168975545158e-10 -7.305642469652454745e-10 9.779551724040501804e-11 -4.680530533556086936e-10 -2.530392810427792460e-11 -2.253585247501585028e-11 2.700331316183968412e-10 3.429554258183411663e-10 -4.211947937120315033e-11 -2.692082301729477556e-11 -1.582919524607354582e-10 -1.058177835035707023e-11 -1.036171457620230397e-10 -1.602276818533552675e-10 4.134367800691210199e-12 -1.385373064917277834e-11 6.956526479386512969e-11 4.592201571785120889e-11 -4.666397134471011890e-11 2.151549843773102902e-11 1.557318997400032520e-10 -7.883335507813251322e-11 -1.460682124280462128e-10 1.050841715316917141e-10 -3.810806955701689121e-10 1.785722650818524353e-10 1.120765939638722541e-10 5.204504858762732508e-10 -4.340290572659155653e-11 1.340668497800452534e-09 -3.186397033258363444e-11 -4.162002611773781129e-10 4.545607695484695011e-10 1.379424812582056123e-10 3.199887899225252663e-09 -6.884859735012412985e-10 6.205526385470440051e-09 3.217613701495838055e-08 7.840911083190783679e-08 2.355913953836529974e-07 6.999511620605719059e-07 2.211066259343899182e-06 6.985346695712676092e-06 2.306330794536167399e-05 8.081836787994490200e-05 3.069389322127181324e-04 1.333339538963134330e-03
4.265118957903987762e-02 1.324714636581934358e-03 3.072297620304452644e-04 8.091666838563475782e-05 2.306130914006741480e-05 7.079276103224909646e-06 2.206940081114783993e-06 7.158121043066431432e-07 2.499099004339415437e-07 7.948788271629179610e-08 2.708625705415306725e-08 4.262607260123871354e-09 -1.235062767222233625e-09 -1.235484712391831877e-09 1.570305143079039613e-09 3.757527966459982345e-10 -9.976263784558173725e-10 -1.173615802608633777e-10 -7.109646965441164759e-10 7.117080439678945086e-11 -4.734964609590802659e-10 -2.447760757965957479e-11 -1.785369047235389799e-11 2.806101486431894159e-10 3.468001064162912872e-10 -3.237171499888147900e-11 -2.275485501416877689e-11 -1.679649084095773400e-10 -1.333386860186185877e-11 -9.240297590164792572e-11 -1.600465388528451940e-10 5.969734456844502741e-12 -1.467081773802743446e-11 7.386888252404912319e-11 4.585160151115058761e-11 -4.996536061406545689e-11 2.396129778430339812e-11 1.754369416434892105e-10 -7.030974385147422312e-11 -1.479630335427939647e-10 8.134912850610621485e-11 -3.729906513768311919e-10 1.983889678234683334e-10 1.130950699197493538e-10 5.270547346108155073e-10 -2.757987473867383311e-11 1.367589624923310756e-09 -5.681632308328580533e-11 -4.835741873818285713e-10 5.219602068824103787e-10 1.045365661718587826e-10 3.472437605220207925e-09 -5.580315542765590908e-10 6.210358955121570781e-09 3.165729055729048139e-08 7.803642620955635638e-08 2.354145724125883225e-07 6.991627877801032826e-07 2.209856340694408014e-06 6.985303770399605341e-06 2.304417063502382603e-05 8.076249857395302080e-05 3.067741099398490546e-04 1.332425939226551930e-03
4.265058877638566032e-02 1.324821166064119602e-03 3.073133998670554050e-04 8.092294659793420133e-05 2.305493201282387145e-05 7.085944148508396640e-06 2.210179964578018444e-06 7.171327110418232615e-07 2.503722798469138794e-07 7.914418890658505862e-08 2.725603738042061309e-08 4.242432379713833614e-09 -1.238901269712051815e-09 -1.144191329578620636e-09 1.696067652051471190e-09 2.584507813100011615e-10 -9.800087773319466709e-10 -1.069650958795110427e-10 -7.310197486834341572e-10 1.010556353771700271e-10 -4.695356776584846427e-10 -1.660338635193196545e-11 6.412007286498646481e-12 2.785996571188410405e-10 3.318312082753873013e-10 -4.274475223466652803e-11 -4.013784867391686788e-11 -1.643934131752731738e-10 -1.457941756764309794e-11 -9.911178933047258706e-11 -1.606823747739482265e-10 1.395608888839916383e-12 -1.610818184753733992e-11 6.911451338645633480e-11 3.943737839805489813e-11 -4.981750470983391047e-11 1.662026503144848375e-11 1.693847448430343684e-10 -7.094079549540519246e-11 -1.518734926028062567e-10 8.947162081935384938e-11 -3.751355833956813801e-10 1.721393099634115933e-10 1.151313872253226031e-10 5.001238671253246518e-10 -6.946872758070010160e-11 1.343606559964757613e-09 -6.829766852909533576e-11 -4.213289351636239699e-10 4.686664018193767117e-10 5.918478628564470352e-11 3.298871679767715112e-09 -5.811710537194560818e-10 6.247664125801634777e-09 3.199959834611276284e-08 7.844856586563146163e-08 2.359128115609062026e-07 7.012392453651153639e-07 2.211206076071724333e-06 6.985916099694979899e-06 2.304914139468589946e-05 8.080800702755596245e-05 3.068452434621458773e-04 1.332789121236375562e-03
4.264948468105305562e-02 1.325068411489704716e-03 3.072640127204283528e-04 8.089640361562824378e-05 2.304342537085642719e-05 7.082120242505228765e-06 2.205721540505845649e-06 7.162353842859461974e-07 2.495708666824736053e-07 7.987462495545017819e-08 2.743558967933747981e-08 4.300903594988837088e-09 -1.248671909296410531e-09 -1.292569084303887781e-09 1.618240460724165782e-09 3.517286436844963078e-10 -8.720518169227551972e-10 -1.296451765915999296e-10 -6.796617025860136449e-10 1.127971990430924969e-10 -4.691442520119301096e-10 1.429700462433501748e-12 -2.799592860874743401e-13 2.778397887802025448e-10 3.630897415018366829e-10 -3.521492354143551491e-11 -2.378222092604163622e-11 -1.500259043729482977e-10 -1.598379528634381952e-11 -1.012247417000266322e-10 -1.564204935559924034e-10 3.471691937358810236e-12 -5.699119568607301255e-12 7.347781520535959407e-11 4.756293807495168000e-11 -4.314638156274975590e-11 1.445436037644338819e-11 1.678058055173145047e-10 -6.876937955710118813e-11 -1.466888466236081347e-10 6.796134606404993124e-11 -3.558272048389782395e-10 1.897014241784983088e-10 1.318319608906959013e-10 5.021644546555048599e-10 -6.636998851526313904e-11 1.327586732618816053e-09 -1.500293435609122460e-11 -4.247087941245440237e-10 5.801052708687279274e-10 1.279894650670238183e-10 3.374564605828912023e-09 -5.276456101628796374e-10 6.085287955531911331e-09 3.166705719354859338e-08 7.783102304006917942e-08 2.356585981046021140e-07 7.007183398311350393e-07 2.212837006687920349e-06 6.983663356781942911e-06 2.304517074066177602e-05 8.076461687473963176e-05 3.067750038359473639e-04 1.332889421170320270e-03
4.265085998372470516e-02 1.324606032409825348e-03 3.071629126902990269e-04 8.087831764815356958e-05 2.304769174936349067e-05 7.082487957563695974e-06 2.206324908496147526e-06 7.163722537084049629e-07 2.492501083995697999e-07 7.947773697801812281e-08 2.729677002881055414e-08 4.573196506718708772e-09 -1.249034100595502462e-09 -9.668735329690150892e-10 1.780566403237895187e-09 3.107990315494425905e-10 -9.421575888046996114e-10 -1.556595860815479259e-10 -6.973161831805657753e-10 1.858572891321495449e-10 -4.243158563838432632e-10 2.914921976023177295e-11 -2.210984196288269437e-11 2.927528498591049572e-10 3.591439783482334953e-10 -3.040717726431893475e-11 -2.487640877115812523e-11 -1.756284943747588957e-10 -1.673212390370864633e-11 -1.048902011309436527e-10 -1.592069313933232998e-10 3.620299826904777769e-12 -9.572530134976521846e-12 7.222809440140771032e-11 4.719116454205509423e-11 -4.148277555326995778e-11 1.845005629025430840e-11 1.692411917960889850e-10 -6.991998544497421117e-11 -1.431728580209826160e-10 8.903948587600564961e-11 -3.666795154788183881e-10 1.877941549404766061e-10 1.429677957275199265e-10 5.295316152936980125e-10 -4.850198689991726299e-11 1.364518277632532106e-09 -2.826131668185269971e-11 -4.965749596056746699e-10 4.682834854952772605e-10 2.097582276525524184e-11 3.352634834717755597e-09 -5.826967375222858567e-10 6.243180519530165738e-09 3.169985088820818278e-08 7.832303598018737412e-08 2.350540306268020099e-07 7.002979161391850378e-07 2.210324744544389993e-06 6.984178489307204643e-06 2.305075699855927012e-05 8.077194084333739099e-05 3.067925344970262418e-04 1.332986868305153236e-03
4.265162366591741805e-02 1.324978072879823797e-03 3.071572057802964082e-04 8.090319048625683508e-05 2.305159334694511754e-05 7.084583480009534314e-06 2.207201234039625307e-06 7.169268951880942681e-07 2.499454851346144116e-07 7.962770277121154177e-08 2.692932308076866409e-08 4.155015552986694231e-09 -1.318376082194591293e-09 -1.149937701916484993e-09 1.624419437698809642e-09 2.989909940343965593e-10 -9.552683644916090120e-10 -1.201939068879025649e-10 -7.252174516278362496e-10 8.718778480624663438e-11 -4.480280932001747684e-10 -1.784782037705739003e-11 -1.320660931943205870e-11 2.605263533318584889e-10 3.359592167917783766e-10 -4.723804155943368329e-11 -3.542083012271025977e-11 -1.520766425413746343e-10 -2.146523946338210009e-11 -1.038252009319198889e-10 -1.613606282234911473e-10 3.006765937764800182e-12 -1.066830817811222380e-11 6.836460669912389654e-11 4.431002689108601030e-11 -4.294715388525184734e-11 1.955003809550788167e-11 1.630677402089009220e-10 -8.081140778463790703e-11 -1.517556880981809556e-10 9.948582389620995547e-11 -3.665131382729541425e-10 1.807237372400848069e-10 1.461233624011498175e-10 5.206913394149464863e-10 -4.242750811912156762e-11 1.328695792987688727e-09 -7.737668641664302447e-11 -4.726435905163572613e-10 3.717212395434787892e-10 -5.132247743132561147e-12 3.357839145261158160e-09 -7.421185827674628132e-10 6.144522712157304067e-09 3.216085491215905307e-08 7.828825622128440098e-08 2.352691818351504601e-07 7.000432489701510293e-07 2.210165497241181324e-06 6.985148353437776066e-06 2.304714364341632260e-05 8.080032511674522426e-05 3.068691741557907329e-04 1.333218643066413217e-03
4.265058606894766430e-02 1.324625593680409368e-03 3.072380315729631448e-04 8.089264396597704366e-05 2.305146995310666604e-05 7.083920764482272177e-06 2.204520642273095647e-06 7.159067233561983520e-07 2.497449337151306068e-07 7.950732268190879947e-08 2.708054190378129800e-08 4.296454923942420537e-09 -1.416893390533657702e-09 -1.313788459229258370e-09 1.681762852513649959e-09 3.454151173493990486e-10 -9.092815623949190788e-10 -1.364722745421990320e-10 -6.895565870124727678e-10 1.041082808425834704e-10 -4.490235030869843263e-10 -1.224873643157481089e-11 6.959767606166376373e-12 2.672093525601807096e-10 3.442615959166736759e-10 -3.043970480882631883e-11 -3.719926325457691091e-11 -1.600799735870545093e-10 -2.407353038356194349e-11 -1.019299397622153861e-10 -1.599876233695453032e-10 2.520545450890021699e-12 -9.405620554840305493e-12 6.760355223086980522e-11 4.766230971493897771e-11 -5.300460640854480259e-11 1.202146076738818060e-11 1.728408265387510755e-10 -7.944228053042120253e-11 -1.498787954905894858e-10 8.559500107757882372e-11 -3.748948844610728895e-10 1.699494515956921455e-10 1.152780130575673229e-10 4.758966825753396493e-10 -4.760993125768550469e-11 1.293023029791542629e-09 -1.130416166520073404e-10 -4.175859978737814208e-10 5.185524950587014743e-10 -2.797952638853043032e-12 3.244195167969373149e-09 -8.031930680735352526e-10 6.258386614825559450e-09 3.154647792101387017e-08 7.792872824310676921e-08 2.351425226208524821e-07 7.010780065375608786e-07 2.208879019678981563e-06 6.984997015134920394e-06 2.304187483386377632e-05 8.078767353495663287e-05 3.067882385400848787e-04 1.332697158994093157e-03
4.264998802856232590e-02 1.324917827285538576e-03 3.072634368453502603e-04 8.091096682827719701e-05 2.305178903084200952e-05 7.082584270781797508e-06 2.207378807985195585e-06 7.166730379584690019e-07 2.499762213822358155e-07 7.949786138151833042e-08 2.720722948574798120e-08 4.337773128633930749e-09 -1.330990525590846564e-09 -1.146291670188618039e-09 1.566656815790767526e-09 1.593926514563161143e-10 -8.996674846402719946e-10 -7.251822022950192532e-11 -6.776657505282694761e-10 9.855522853573535462e-11 -5.019912144120784587e-10 2.971917349085634135e-13 6.566180132850220146e-12 2.729952093442112119e-10 3.291842749556369726e-10 -3.128078982045478505e-11 -3.651557459536536348e-11 -1.567195960418522650e-10 -2.131002687073368557e-11 -9.872374466576474194e-11 -1.589478056324199782e-10 5.826919544064171834e-12 -1.087122259457823507e-11 8.045579810371946958e-11 4.944999327183407413e-11 -4.666314197539981152e-11 1.643427780818812443e-11 1.707779352974346392e-10 -7.809469028126282926e-11 -1.559755844316802527e-10 9.699945287809818830e-11 -3.394581095294350354e-10 2.076927676762685506e-10 1.863925038929405595e-10 5.305943962915675218e-10 -7.504475853730042750e-11 1.279682163017020491e-09 1.219572328085557877e-11 -5.091831888823693258e-10 4.317795403572573422e-10 -9.276564827137920352e-12 3.302697291758291821e-09 -7.527892021669188281e-10 5.866435189359850855e-09 3.149975277686086457e-08 7.855236215344032658e-08 2.360425351247081302e-07 7.010660197750191874e-07 2.213531986018754421e-06 6.985325941028102683e-06 2.303913408251082181e-05 8.077521499458026962e-05 3.067403833188236842e-04 1.332043089652816190e-03
4.265099884707907602e-02 1.325028500578725186e-03 3.072571347273225762e-04 8.090769786652428298e-05 2.305358010409922531e-05 7.086733799437956427e-06 2.207466705703778359e-06 7.169261240870984624e-07 2.499143796327549417e-07 7.938944317829190151e-08 2.727401686577474074e-08 4.077237140720632670e-09 -1.356258700355182491e-09 -1.199468756046045294e-09 1.577664952847678690e-09 2.906108420868150351e-10 -9.016647835870249481e-10 -1.122481680624145795e-10 -6.890473186071398978e-10 1.240410160888692451e-10 -4.697228376929709820e-10 -5.853687363746626577e-12 -1.238218826931118084e-11 3.099566763644302408e-10 3.351119678393860226e-10 -3.630965275938692642e-11 -1.111057755835661142e-11 -1.501405819492403957e-10 -2.224790266171290338e-11 -9.910005556752065509e-11 -1.620792803841698139e-10 1.008406870960939628e-11 -1.351958597943628257e-11 6.902280425911806311e-11 4.842755574293733853e-11 -4.484923845515156167e-11 7.629502365285316147e-12 1.648744731421648295e-10 -6.294855755613050927e-11 -1.544891937853844627e-10 7.661626634435906863e-11 -3.759537749217502063e-10 1.943651501743787738e-10 1.306408403565523718e-10 5.250218563415645354e-10 -2.784968729477592459e-11 1.344969476763953554e-09 -4.334961694295994121e-11 -4.948518060738724225e-10 4.545858958097226485e-10 6.002978386535699875e-12 3.216252779611510811e-09 -8.126204052516585105e-10 6.006130494478927967e-09 3.141781840203412862e-08 7.902877923428939741e-08 2.358820152140266661e-07 7.002771081843636685e-07 2.212231095871077677e-06 6.981785747437647395e-06 2.304968799814754004e-05 8.080843894648083686e-05 3.067963854369578714e-04 1.332896553873488821e-03
4.265106295786561669e-02 1.324884580907724832e-03 3.072286963398315469e-04 8.088103948137587834e-05 2.305533033037499065e-05 7.083937265533906918e-06 2.206585008708376630e-06 7.155892906387045414e-07 2.501409747136355561e-07 7.964793076675346450e-08 2.724598343812785066e-08 4.269723593727699442e-09 -1.271600752680298103e-09 -1.215152936857280656e-09 1.604826052325039588e-09 3.394948145162292893e-10 -8.939441195368441697e-10 -8.709931108485931980e-11 -7.187462732251171908e-10 8.651894257320445904e-11 -4.657799479167281562e-10 6.542505583362435342e-12 -1.886995995450187603e-12 2.898948646397774520e-10 3.452529828268596140e-10 -3.516853341445701658e-11 -3.841437139643836347e-11 -1.588717627282252147e-10 -1.823893829873808838e-11 -9.952681574084565978e-11 -1.627419890349961275e-10 7.986331219484169702e-12 -1.273323243302450502e-11 7.509345072833242321e-11 4.796189223893410076e-11 -4.515707051873047205e-11 1.635222667257768295e-11 1.684224059516238973e-10 -7.302046610929772125e-11 -1.604991644423678911e-10 9.631697641094018350e-11 -3.826313992902286619e-10 1.945716250203534585e-10 1.371420618973338762e-10 5.209127512979662821e-10 -1.911659563014444570e-11 1.299542156608891754e-09 -4.545766435758363192e-11 -4.400664176188586439e-10 4.372300599090872230e-10 1.298745731119811520e-11 3.434550854932831774e-09 -5.460134161450105688e-10 6.285804428320356033e-09 3.170849386144556036e-08 7.803108925553392951e-08 2.353337700369864027e-07 7.004134252146035194e-07 2.209984982057610483e-06 6.985664368768107485e-06 2.305194336140343540e-05 8.078565929162450168e-05 3.067917168890535429e-04 1.332886534168736294e-03
4.264987950362073010e-02 1.324777308424861027e-03 3.072528282941414915e-04 8.091774418543393665e-05 2.305383016242744943e-05 7.086261580661343203e-06 2.208998778233078012e-06 7.155491012854871540e-07 2.493979823054707147e-07 7.868766382272429747e-08 2.759182867472807040e-08 4.332785220812741030e-09 -1.381382098484243938e-09 -1.289300592350469927e-09 1.573483854420795456e-09 3.588922128508803177e-10 -9.831932237217395887e-10 -1.500014360290067950e-10 -7.332877111398369880e-10 5.676306496915155106e-11 -4.538455850566215139e-10 1.636532782130721781e-11 -8.316269178820387775e-12 2.889114884572695463e-10 3.308931167130162945e-10 -2.567757869109551398e-11 -2.907570114691144618e-11 -1.476421197247288996e-10 -8.574963876716413768e-12 -1.034798034043654042e-10 -1.653647737124049539e-10 8.067751450107044218e-12 -9.286079949931028890e-12 7.248247658935610443e-11 4.347484680424626630e-11 -4.204652503979376914e-11 2.226913939525055694e-11 1.767280275358576805e-10 -7.258263374367098892e-11 -1.562972413494143219e-10 9.523989170058679193e-11 -3.734388514586753147e-10 2.041048014207233664e-10 1.409665051125813728e-10 5.335787757334273977e-10 -4.004398328831030971e-11 1.296854069567230745e-09 7.137749398197922020e-12 -4.791205337819421174e-10 4.744273306783853801e-10 -1.277666450988357892e-10 3.314197303692803873e-09 -6.064942718212278923e-10 6.369676249973844047e-09 3.206142680790821931e-08 7.798238250647286788e-08 2.349906630779202927e-07 7.004668687884298007e-07 2.212171322412002034e-06 6.983172794944868322e-06 2.305205225495698601e-05 8.077796965376200409e-05 3.068093425633685234e-04 1.332583950436698342e-03
4.265091182530292291e-02 1.325171036246187246e-03 3.072676752129806991e-04 8.088950835106704245e-05 2.304871020162835204e-05 7.080131793384370644e-06 2.207129711813816446e-06 7.155486250147149344e-07 2.494735238936392853e-07 7.937218771141859927e-08 2.743654323796471095e-08 4.518127703723549888e-09 -1.327131429627780623e-09 -1.307837228404037282e-09 1.468662438213431206e-09 2.327620469439021667e-10 -1.019026800619453391e-09 -1.694850602355560607e-10 -7.379472353413269890e-10 8.202008976616006539e-11 -4.426939857839084342e-10 -2.091775033589343874e-11 7.948102576569188786e-13 2.865901442567532125e-10 3.428633152919388956e-10 -3.843149444452443754e-11 -3.019545791404385453e-11 -1.533496700991362482e-10 -1.781434853554850431e-11 -1.031933397999591742e-10 -1.596543701468029115e-10 5.053974921002109415e-12 -1.345817593726559163e-11 6.966023504270368540e-11 4.879242008460037033e-11 -4.058230209181979570e-11 1.837567883907214647e-11 1.801603162210929211e-10 -6.625537520983544083e-11 -1.524092985887278249e-10 7.514071401270542666e-11 -3.760263626053861929e-10 2.041666719450231168e-10 1.048088338238516269e-10 5.042376027309524757e-10 1.355005124333589525e-11 1.366621268168058455e-09 -3.326750302586318306e-11 -4.186343527310260472e-10 3.409566515433652155e-10 7.863999939275668210e-11 3.207571025367019039e-09 -7.362578804085428145e-10 6.278051285372952664e-09 3.176736465865070823e-08 7.868338617286212769e-08 2.358975248269365409e-07 6.999013975729182087e-07 2.210652550806134701e-06 6.984187952031160121e-06 2.304424927320153187e-05 8.078732505782945997e-05 3.068064250464660851e-04 1.332232135153903728e-03
4.265105323751044314e-02 1.324818738077440487e-03 3.072652043907144023e-04 8.089069961986855518e-05 2.305138158673455796e-05 7.080798891270798482e-06 2.204900049098077438e-06 7.155219036245633554e-07 2.492360415313581796e-07 7.930084661024839448e-08 2.746320121109072889e-08 4.544796043467734689e-09 -1.609241776772402447e-09 -1.292970219824735401e-09 1.529892831618110624e-09 2.499136198202354181e-10 -9.918058669844805246e-10 -1.958461475936093449e-10 -7.118296604016528977e-10 8.029096912714793383e-11 -4.519957419647952197e-10 1.508262078423146433e-11 -1.562849785305964321e-11 2.776151826865234519e-10 3.488803993815672164e-10 -4.836423697550129951e-11 -3.314299809131140163e-11 -1.601829074062889777e-10 -2.026044121652207237e-11 -9.758033959640414527e-11 -1.589718446210275579e-10 6.444054990149951694e-12 -1.405945016106534886e-11 6.708550518801107788e-11 4.482882831457090358e-11 -5.433865035678803909e-11 1.477728029735420787e-11 1.723068984994710184e-10 -7.509941796789761596e-11 -1.720706004150575347e-10 7.677452787034145531e-11 -4.031032168493214760e-10 1.788786506507837424e-10 1.300983459472024156e-10 5.112556884099979572e-10 -5.223904602964494848e-11 1.347229062470228343e-09 5.575369995204006628e-11 -3.267374093743643139e-10 5.504948032204204114e-10 1.831667476018531130e-10 3.416991128556905742e-09 -5.125610764399366415e-10 6.366761833450409937e-09 3.166729405765102382e-08 7.821349494272966318e-08 2.357883461943711431e-07 7.008115215354612994e-07 2.211350733283218195e-06 6.983236595475414379e-06 2.303882252720232615e-05 8.076091413031723817e-05 3.066745816270819444e-04 1.332167683444271215e-03
4.265004389930953516e-02 1.325202500268555681e-03 3.071458103279516450e-04 8.088900811295670831e-05 2.305325953962483575e-05 7.082077130731964551e-06 2.206301270686972206e-06 7.161724328037861657e-07 2.499025993849887423e-07 7.967023814696846282e-08 2.738887499824411175e-08 4.601197350705490119e-09 -1.280747008066176287e-09 -1.261530510312757489e-09 1.648164646227548991e-09 2.769612455166277045e-10 -9.726677089124626834e-10 -1.339389279717732435e-10 -7.205312795321105672e-10 9.161887224924244094e-11 -4.532088416289649520e-10 -3.752704139179157175e-12 -1.793725995955617348e-11 2.737161951226564286e-10 3.244049844115197379e-10 -5.410919644639063705e-11 -2.819666292865083798e-11 -1.605050567689797056e-10 -1.479873797665355268e-11 -9.917845511760673670e-11 -1.570591410877942232e-10 7.647448731042617953e-12 -8.512766474787776343e-12 7.389729685460887586e-11 5.161230128527747479e-11 -4.035452317235814608e-11 1.733322060715231842e-11 1.676309339019844514e-10 -7.608133071207432279e-11 -1.534030755910258527e-10 7.624465566700634618e-11 -3.741078930465356365e-10 1.915686780849267789e-10 1.118751371531867632e-10 5.250609234860789775e-10 -5.139098258079445095e-11 1.310855849359499039e-09 -4.634610355974265101e-11 -4.102175390061410026e-10 5.220881157966984716e-10 8.553404960785458318e-11 3.226975211411160116e-09 -5.377220231773080418e-10 6.046014403703278139e-09 3.227830044250367262e-08 7.831207607928919691e-08 2.354450872392300030e-07 7.011722173773686032e-07 2.212234644098252078e-06 6.985677690384656350e-06 2.304098446964334145e-05 8.077082913974569986e-05 3.068000518660962466e-04 1.332791922933597873e-03
4.265119223188555686e-02 1.324787956164755458e-03 3.071922521112544218e-04 8.091393104645376296e-05 2.304816466850300203e-05 7.083426279175703382e-06 2.206190962696581453e-06 7.172512075701176850e-07 2.501788637391671519e-07 7.953929252866326141e-08 2.737131588401493368e-08 4.208768964004902939e-09 -1.291472705576031871e-09 -1.432826655253315576e-09 1.473089089173509677e-09 2.039402262429071285e-10 -9.522301639972905651e-10 -1.647157985375361271e-10 -6.867850360650500178e-10 6.285032818704621934e-11 -4.610151460436352288e-10 2.293307674556824012e-11 -2.028169526140626285e-11 2.762328793708918635e-10 3.388989797372413156e-10 -4.324398989743876139e-11 -2.965185943002187055e-11 -1.567833187964307320e-10 -9.863035312347882038e-12 -1.013636650912047553e-10 -1.593861231481619768e-10 2.203042712461914777e-12 -6.484008096244931284e-12 7.883324707491082795e-11 5.387058587054521257e-11 -4.917853196778553911e-11 1.306267879653303558e-11 1.714700783837514039e-10 -7.363352565402660525e-11 -1.418167608295258490e-10 8.624070136367726041e-11 -3.607062326813608556e-10 2.025308810969886931e-10 1.392046885601599769e-10 5.253496238741903685e-10 -3.915966706814324102e-11 1.336919650207777495e-09 -7.111364357243535351e-11 -4.036499584611803188e-10 4.836185629752284840e-10 3.624550315230809361e-11 3.213658428916886067e-09 -5.944294908564376667e-10 5.785235808193559881e-09 3.193958145510118302e-08 7.805540360774194343e-08 2.351706567155516011e-07 7.005605695432736120e-07 2.210163088011271856e-06 6.981011235795670505e-06 2.304177661373881428e-05 8.079679455284066671e-05 3.068008749867733335e-04 1.332457299001768873e-03
4.265127245131412892e-02 1.324505405540744776e-03 3.072121991944265365e-04 8.090296999550369741e-05 2.305042383050714302e-05 7.079567437095920855e-06 2.206782813099870272e-06 7.156288170632661678e-07 2.491003685251550658e-07 7.950973834909281488e-08 2.723930321680509790e-08 4.388468819168011360e-09 -1.239675545232384513e-09 -1.263843491989476997e-09 1.540275080426112356e-09 2.317020767389701188e-10 -9.793122127369217787e-10 -1.006764195919197212e-10 -6.882602670053674609e-10 1.025363500023262663e-10 -4.654790981931938361e-10 -2.353129544999208192e-11 -4.902442153486297983e-11 2.926573256002387269e-10 3.465557327839868775e-10 -3.075484746601039954e-11 -2.689180354279160827e-11 -1.545126477976938995e-10 -1.806706888748825654e-11 -1.002639741248848511e-10 -1.617839168512615152e-10 4.712762751254792778e-12 -1.932184228774393114e-11 7.027199591037434285e-11 4.989823707595001811e-11 -4.372383231113209734e-11 2.157787083757014284e-11 1.678654414011995117e-10 -6.994805567988830567e-11 -1.563806226679009797e-10 8.001874007776739335e-11 -4.006185048447125224e-10 1.723255505181586707e-10 1.148387898471251067e-10 5.241405437076463665e-10 -1.192365351923305979e-10 1.329368675536523948e-09 -3.470040124909565669e-11 -4.250888234643488760e-10 4.252135428307441200e-10 -1.539528654896590585e-12 3.283601481306827174e-09 -4.514877994035250553e-10 6.183477963458631404e-09 3.197069686396790651e-08 7.824519541872033764e-08 2.350951976729963716e-07 7.005446623405421010e-07 2.211477218275892680e-06 6.980798430085268011e-06 2.304219933699898847e-05 8.079768745587485174e-05 3.068074162125748001e-04 1.332667343446136167e-03
4.265086867188125352e-02 1.325008913179519980e-03 3.073048425829623289e-04 8.090585182635035423e-05 2.305389810179065384e-05 7.084614743009765140e-06 2.207147574589383314e-06 7.177514170691392595e-07 2.505058617627342749e-07 7.949517031759994620e-08 2.739629483204595030e-08 4.428653273803767188e-09 -1.304723747795958000e-09 -1.233202223032048119e-09 1.502178558019049126e-09 2.173579627911283713e-10 -9.473941996449863521e-10 -1.183972531025420492e-10 -6.971871569421733337e-10 1.005284116047726398e-10 -5.018337542826441477e-10 -1.102032005690480461e-11 1.606081521923554985e-12 2.674494324297317792e-10 3.459115468865858790e-10 -4.868865941645724651e-11 -3.749773063069448336e-11 -1.605522866935059431e-10 -1.866666210695182373e-11 -1.059681623751469151e-10 -1.590438567621819270e-10 4.725145972209134229e-12 -1.461439109864282615e-11 7.096045361378718460e-11 4.587821258002833454e-11 -4.789971041002063225e-11 2.145955211109713135e-11 1.693680553194098748e-10 -6.362319320381437928e-11 -1.629924007100994912e-10 9.304286849557252313e-11 -3.825882205206907056e-10 2.011109644853162017e-10 1.324928942684619101e-10 5.232174936033369544e-10 -5.828239859755026557e-11 1.274273966752705935e-09 -4.425470716326492087e-11 -4.908018335188414064e-10 4.640226018718406751e-10 5.009777602183045063e-12 3.318465425967408207e-09 -6.092720537570969815e-10 6.156236761703298753e-09 3.165612747656302350e-08 7.831420879914994559e-08 2.352908404605377039e-07 6.989686795260023687e-07 2.210183777609082280e-06 6.982841091627046168e-06 2.303669859485617223e-05 8.079770503696676173e-05 3.068051022970840532e-04 1.332943360394939864e-03
4.265009361508041719e-02 1.325155399200196073e-03 3.072719511755587466e-04 8.092572335016299991e-05 2.306208880281226527e-05 7.086192241797876380e-06 2.206563515131447310e-06 7.160891928666613302e-07 2.498325343834408450e-07 7.920876077413399071e-08 2.719188629445288187e-08 4.260306034717439200e-09 -1.362846809618020980e-09 -1.301793101616162712e-09 1.718931522857160135e-09 2.969941061906850404e-10 -1.033550886363105892e-09 -1.115411365371330718e-10 -7.058454400762348800e-10 6.626813560444308825e-11 -4.922090537545989664e-10 -2.031619865893307749e-11 -2.628916063483111892e-11 2.769873641554393297e-10 3.405986452922529449e-10 -3.314946493318420617e-11 -2.840795003456080590e-11 -1.535610835069804926e-10 -9.472824331824351622e-12 -1.037955513020366546e-10 -1.556853817487094486e-10 6.744851305791835270e-12 -1.596727822830388132e-11 7.004083176190756375e-11 4.819940115861460528e-11 -5.331848953150152598e-11 9.403873760002007594e-12 1.572964786878086263e-10 -8.250094876331017561e-11 -1.450380046109131384e-10 8.118182108995506008e-11 -3.720577680162841973e-10 2.039610431443685823e-10 1.067360051866876579e-10 4.952634571219131644e-10 -8.097467480184579848e-12 1.338117424403988382e-09 -3.226418111814745748e-11 -5.171302260962465646e-10 5.174528932917245688e-10 1.769180268779598402e-10 3.382818074118909044e-09 -6.096317286584052216e-10 6.190926690133749090e-09 3.163836704916250992e-08 7.841375449501624284e-08 2.359256299240299845e-07 7.011174260314299525e-07 2.210757800559485476e-06 6.985785383050867838e-06 2.304788666232831433e-05 8.081158466294805626e-05 3.068036242488625322e-04 1.332758197717450344e-03
4.265066812165149712e-02 1.324758948888282066e-03 3.072462959801669762e-04 8.090686275102748073e-05 2.305374244644959328e-05 7.081601884510011821e-06 2.208451146818287330e-06 7.152699409648043744e-07 2.494231792118456502e-07 7.929406063290234432e-08 2.736220031586784185e-08 4.191962316542602240e-09 -1.186404105110677534e-09 -1.158662178700110690e-09 1.675069330823999690e-09 2.227753409198319532e-10 -9.799345714797713515e-10 -1.298298935047017066e-10 -6.440516841932866518e-10 1.247473992215190585e-10 -4.575200067707798234e-10 -3.504226266243463303e-11 -1.363616012964764513e-11 2.857013783667801168e-10 3.525142946502602407e-10 -2.243837270981663033e-11 -2.904035412295063490e-11 -1.499368986814902807e-10 -6.969716658644346783e-12 -1.025912174567443215e-10 -1.616935383501844822e-10 5.700384287969431098e-12 -1.233136419212473335e-11 6.429383178832432013e-11 5.213199066196506645e-11 -4.470301457232453357e-11 2.667247293063936705e-11 1.593398965502639183e-10 -8.437479709017411078e-11 -1.523019360220811338e-10 8.155288659535185032e-11 -3.951831294199962151e-10 1.904130704062810215e-10 1.460819587737939951e-10 5.331615442387845636e-10 -3.712940562022183048e-11 1.320255992355673147e-09 -5.780964995592159064e-11 -4.668093068897092775e-10 4.006330082099532981e-10 -9.231677354979789436e-12 3.202009467933205390e-09 -4.902414464846615865e-10 6.151230063582943084e-09 3.181745134194444907e-08 7.873671524727785939e-08 2.361526689969423971e-07 7.016537668908179753e-07 2.211576852587647766e-06 6.985811536262209654e-06 2.304720767889357092e-05 8.077998439666324423e-05 3.068262325374967515e-04 1.332883591056125035e-03
4.265084253514261903e-02 1.324742370786548230e-03 3.071883572160005542e-04 8.089295723422276546e-05 2.305246741056019634e-05 7.086890021590351448e-06 2.207420284092182305e-06 7.169268112951110705e-07 2.500936031112241926e-07 7.949366939608842251e-08 2.735851583445579963e-08 4.407543573261341795e-09 -1.335042954570602070e-09 -1.222770505374333744e-09 1.517458759178961728e-09 2.358279021812726945e-10 -1.018727539577945215e-09 -1.317518479264419990e-10 -7.139721431921136477e-10 1.256965806098419887e-10 -4.713380046678403029e-10 1.260117262526094278e-12 -1.877206263324703371e-11 2.717654680561679708e-10 3.331571717754187695e-10 -3.427317116414383701e-11 -3.190286973650534157e-11 -1.596838372949718275e-10 -2.177020091907564360e-11 -1.046494626970145874e-10 -1.568150606755761124e-10 5.553023757103458186e-12 -1.069546808607393333e-11 6.924056533396994071e-11 4.598153686552040213e-11 -4.132778213205612794e-11 1.885867976944198731e-11 1.674645820040566016e-10 -8.307658789851089105e-11 -1.586072838910240900e-10 8.495802448320700904e-11 -3.755948416967897432e-10 2.146143112034646751e-10 1.430404039567923291e-10 5.308422473115685998e-10 -7.589414887219346731e-11 1.291625146324008862e-09 -1.006124706381867284e-10 -4.542801302256393272e-10 4.958899532743468045e-10 -2.665947066147987555e-11 3.395174836358435813e-09 -6.121351774374516945e-10 6.365160016039912166e-09 3.204662795135017586e-08 7.879832927768274912e-08 2.355997944492017014e-07 7.010704066272523100e-07 2.211985413700195213e-06 6.980457830789754927e-06 2.303920070646304688e-05 8.077767095269879842e-05 3.067581698415727375e-04 1.332830076003496808e-03
4.264984030905569906e-02 1.325096475696675409e-03 3.073389523316595400e-04 8.091764262740857379e-05 2.304647944893655195e-05 7.083085172688470916e-06 2.208073190291090525e-06 7.174980006242026766e-07 2.500612348494401422e-07 8.013824478185358762e-08 2.726241112968075566e-08 4.591256646194097635e-09 -1.361636165777202403e-09 -1.204980237287188951e-09 1.659441845641244327e-09 2.401921453054100915e-10 -1.009356827376938168e-09 -1.263081595159747981e-10 -7.060315134084077400e-10 6.963735639933231377e-11 -4.630730117347406425e-10 -6.758818320533621233e-12 -6.213040617078546371e-12 2.875388678493263266e-10 3.179800194307644513e-10 -4.305975277639193954e-11 -3.410851564513337340e-11 -1.590372177479264899e-10 -1.483037676722061900e-11 -9.978265914673418306e-11 -1.543429388637798746e-10 4.306001702195745888e-12 -1.067555501325627224e-11 6.554488685136549022e-11 4.734944150794100567e-11 -4.365863524074869564e-11 2.575822756255286605e-11 1.727260864145796241e-10 -7.882026583151238625e-11 -1.489598018579350617e-10 7.545949916303692911e-11 -3.731226522211451915e-10 1.683022272213904474e-10 1.230581433827017604e-10 5.093784207972157319e-10 -4.439193496741975351e-11 1.324036295897947411e-09 -3.669095997750195699e-11 -5.363730951160877822e-10 4.141183781012639623e-10 2.237560924169678422e-12 3.339404563073216595e-09 -4.560245362748337316e-10 6.208568539433678554e-09 3.214509577481128667e-08 7.841590229172606884e-08 2.351210803318084056e-07 7.012438900463752926e-07 2.211959135889739344e-06 6.984358937553818950e-06 2.305146273983525656e-05 8.081041112742239660e-05 3.068006857045245503e-04 1.332912054472487834e-03
4.265050151521262295e-02 1.324876222479910368e-03 3.072162443659913304e-04 8.089984082510943432e-05 2.305003230835631569e-05 7.086194851423971411e-06 2.204654230260904812e-06 7.159377954910651136e-07 2.493413537656689931e-07 7.943700658577948545e-08 2.717723398482527331e-08 4.349786089612992677e-09 -1.169523996899888926e-09 -1.113722404822737695e-09 1.726267375278153818e-09 3.986676750261913948e-10 -1.031678517764156573e-09 -1.431883155982074178e-10 -7.544789097381717640e-10 1.089730383533297547e-10 -4.930770043369957282e-10 -1.514447999843372069e-11 -2.424162225782822360e-11 2.670839651894803546e-10 3.498580666187151515e-10 -3.816509668328770019e-11 -3.068072484582463231e-11 -1.590117843502844400e-10 -1.666161548904947858e-11 -1.059513574326600325e-10 -1.566337203625833592e-10 2.064795977824452575e-12 -1.801327630694580213e-11 7.207655389110090916e-11 4.607000392618837786e-11 -4.169886913661903883e-11 1.904285306794567080e-11 1.615318456196943069e-10 -8.079011220610983370e-11 -1.497735229096688671e-10 8.213232861315347559e-11 -3.890770645797781037e-10 1.822673787089301353e-10 1.445205632337549896e-10 5.454675139264479569e-10 -4.927382948543433693e-11 1.329696411189747733e-09 3.240894239054975676e-11 -3.813083993822332458e-10 5.066537921658682416e-10 9.653143560531339787e-11 3.468613642001508001e-09 -6.060541802808223375e-10 6.256216353179178735e-09 3.196695133832950844e-08 7.803683292406731019e-08 2.351411057239057877e-07 7.015130325252399691e-07 2.212410722772366485e-06 6.985346080600650683e-06 2.304559143534935494e-05 8.078567902106382960e-05 3.068775946538701950e-04 1.333113459129790747e-03
4.265015788998671731e-02 1.325042654014180069e-03 3.072235299375582142e-04 8.091044831615580146e-05 2.304341714297109450e-05 7.077992304430781336e-06 2.206007463697483987e-06 7.164052833963610566e-07 2.496874371587605778e-07 7.934948825261174898e-08 2.700201532725784360e-08 4.766614190112399985e-09 -1.086632750339075031e-09 -1.209472424912311937e-09 1.623530684727235051e-09 3.900420594942467337e-10 -9.228182464865131090e-10 -5.101201195671718475e-11 -7.436466347415730746e-10 8.795820327702070857e-11 -4.494657432738950409e-10 -2.156457993909127795e-11 -7.140136454291183077e-12 2.848634352622068818e-10 3.400325322391633529e-10 -3.248367511694033500e-11 -2.871237451304700443e-11 -1.617698857949264161e-10 -2.078197127613216113e-11 -9.818610361002299786e-11 -1.618401558903350761e-10 1.103623142311890216e-11 -7.626997041509068993e-12 7.104325474531760939e-11 4.686970004838524180e-11 -4.734910446522126226e-11 1.393369805781093039e-11 1.700979399356235695e-10 -8.141048980402379250e-11 -1.635753569834438449e-10 6.844297653220398387e-11 -3.728285125765151220e-10 1.853151817151166806e-10 1.325293444574808096e-10 5.022407360380659476e-10 -1.676969482943832297e-11 1.360148932830357794e-09 -1.209370040630306978e-10 -4.413121742353373049e-10 5.256810864493812814e-10 1.058302023626440051e-10 3.396695832869006782e-09 -7.345350547431387314e-10 6.229091775086251560e-09 3.200104788491968038e-08 7.843622241528533799e-08 2.352387579924373212e-07 7.007151829175978162e-07 2.212167943213280400e-06 6.986036142998834521e-06 2.304631738408785538e-05 8.079552803134744843e-05 3.068106024631041696e-04 1.332805868175404237e-03
4.264962181922461043e-02 1.325178591499425167e-03 3.073515338283423488e-04 8.090518944742309333e-05 2.305069323369266345e-05 7.084525143516328350e-06 2.207242114068943296e-06 7.159243287866049262e-07 2.498971964038947707e-07 7.949014153696453389e-08 2.718178722159151483e-08 4.527178273197262366e-09 -1.052363291400812219e-09 -1.225233017556328071e-09 1.672191011316433278e-09 2.735950157425607487e-10 -9.783995492721030987e-10 -1.300348695282844060e-10 -7.035597966271382097e-10 5.168176007765699959e-11 -4.570023283765848548e-10 7.423642262930268572e-12 1.762908902989889337e-12 2.814170433229110726e-10 3.362748058669916980e-10 -5.303593983323602066e-11 -3.571599462019858269e-11 -1.499951454685112032e-10 -1.428438776229821216e-11 -1.052369103902888511e-10 -1.602635072348681504e-10 2.203696274094984298e-12 -1.727807612568562045e-11 7.073964234702533070e-11 5.002238165155345377e-11 -5.019242720205995319e-11 1.724242223269069077e-11 1.705566073381738617e-10 -7.973355202900931537e-11 -1.668630797557201237e-10 9.372662272135675760e-11 -3.638189099284326383e-10 1.951068644829557705e-10 1.447255564059006487e-10 5.211077733327430153e-10 -2.245779941718358059e-11 1.338693290493095629e-09 -1.178680396736459531e-10 -4.248213475364454151e-10 4.748279973305377059e-10 -6.502178265501994624e-12 3.279529575117734700e-09 -7.318139791286246017e-10 5.805298532257136080e-09 3.176378725796618763e-08 7.860767378156357693e-08 2.353262734840079238e-07 7.002141778331347837e-07 2.211199259446474097e-06 6.981936688253275676e-06 2.304717659576811412e-05 8.078668328173119867e-05 3.068454875202452367e-04 1.332522016362921047e-03
4.265020599684876679e-02 1.324809475490727013e-03 3.071986262815674679e-04 8.087728871971892777e-05 2.304700297882839754e-05 7.079254367367891276e-06 2.204756815002397306e-06 7.150338942109648398e-07 2.494717177803502830e-07 7.923206001898380528e-08 2.730184141467770550e-08 4.524024726362623426e-09 -1.075630258533367060e-09 -1.206229853585154873e-09 1.636351876080135358e-09 3.843937856322115160e-10 -8.685629980279153640e-10 -4.846840684722259697e-11 -6.981509567329255242e-10 1.093553423654352473e-10 -4.305007250119130404e-10 -1.205197176753040378e-11 7.039260151444680757e-12 3.023910842315283780e-10 3.255250162803011410e-10 -2.722802762064833900e-11 -2.236747215250856641e-11 -1.603042541772572491e-10 -2.049010169022172579e-11 -1.032634219990400296e-10 -1.601236804107961065e-10 8.022845617820559169e-12 -1.240773848201317946e-11 7.703415555773365491e-11 4.931195695812038936e-11 -3.939648819262877672e-11 2.037405929719316669e-11 1.667249732758239846e-10 -7.223534566179456871e-11 -1.570134776980617189e-10 8.254158401937262493e-11 -3.923143854446073093e-10 1.854078399317300728e-10 1.339992918203271502e-10 5.014251621182823100e-10 -4.577341970224244189e-11 1.309728659217203223e-09 -9.859828131058165684e-11 -4.477091111638696055e-10 4.699598157066834564e-10 4.550102126766194533e-11 3.436848526419254287e-09 -5.922670111923934480e-10 6.079808809185007678e-09 3.213504788467783898e-08 7.839419255548495001e-08 2.356398809042103968e-07 6.997277633612160005e-07 2.211876346451674295e-06 6.982794693128669808e-06 2.304490897203930841e-05 8.080348727736264372e-05 3.068571533141996668e-04 1.333041674206256882e-03
4.265045538317620288e-02 1.325171223084271963e-03 3.072113756954273473e-04 8.089498519014527245e-05 2.305746071455155768e-05 7.084265512826134447e-06 2.208727615489438120e-06 7.163124296686013375e-07 2.500333521381446740e-07 7.976877032541429949e-08 2.745678030698006110e-08 4.416309831867957758e-09 -1.173074490736556677e-09 -1.383375259572282703e-09 1.579014526965419294e-09 2.383992016414661795e-10 -9.194511828007747706e-10 -6.319546600633636387e-11 -6.751704808163601845e-10 8.650699037198534565e-11 -4.807119007012506085e-10 5.206406638245181795e-13 1.801064892463550737e-11 2.749386193466221196e-10 3.408214002796608205e-10 -3.290296330446060262e-11 -3.351194347854158739e-11 -1.625540986536910053e-10 -1.584618307144056427e-11 -1.008691949873436232e-10 -1.479186993788107963e-10 2.624777850667618382e-12 -1.425194806169256243e-11 6.935609189149898998e-11 5.006835206072272126e-11 -4.495925546626099498e-11 2.123152768474448607e-11 1.658582944424547677e-10 -7.114793694969083571e-11 -1.552799284709164717e-10 8.123546360897629313e-11 -3.821919430143738571e-10 1.985343553396383160e-10 1.456507154225440080e-10 5.082692993736990905e-10 -2.086377283443580321e-11 1.372304989412597132e-09 2.662129502985735766e-11 -4.384764086909061368e-10 4.611016699015377292e-10 7.788039882231754391e-11 3.310580878970117691e-09 -5.501968886585706343e-10 6.413369420087126162e-09 3.191722957072084464e-08 7.800152748101183001e-08 2.347968262154681209e-07 7.009793531222202929e-07 2.210392877107113605e-06 6.979771558748114770e-06 2.304486020258820133e-05 8.077365490227942746e-05 3.067634690772647055e-04 1.332886010705801186e-03
4.265051967574397251e-02 1.324672620641448870e-03 3.072252244039677931e-04 8.092810279714869083e-05 2.305510499611998523e-05 7.085331999321849104e-06 2.207491699249101482e-06 7.160551891049900375e-07 2.506383143594206418e-07 7.975454052587602530e-08 2.740874838443298695e-08 4.365749833327732727e-09 -1.320702170977750798e-09 -1.318781330130771464e-09 1.558276502857483888e-09 2.136825490996077165e-10 -9.506270632339169792e-10 -9.436646933695415844e-11 -7.081181309918537380e-10 1.028174604255795210e-10 -4.404670922835173248e-10 -1.071210710700547584e-11 -2.528116346851927504e-11 2.741558863095656007e-10 3.323608208590062944e-10 -5.468114535876520891e-11 -3.288676358634615773e-11 -1.562892237502483772e-10 -2.101270583848277988e-11 -1.040321430898501978e-10 -1.592950671781028014e-10 8.032936524266188927e-12 -1.630128741836502641e-11 6.999373608817151471e-11 4.970132391954358826e-11 -4.606964904396239412e-11 1.796643751481954703e-11 1.635031797225625672e-10 -8.205008727227317634e-11 -1.645914976907698202e-10 8.408874288223448554e-11 -3.768927325182340083e-10 1.999895433906353982e-10 1.413816008324122457e-10 5.207682142373504989e-10 -4.960749860260940668e-11 1.311633233117423765e-09 -3.344244174165125843e-11 -4.331344846346541811e-10 5.218115539840966621e-10 5.981917372382718753e-11 3.269776376374353077e-09 -7.983754684744156703e-10 6.081783762104626922e-09 3.167632131665024913e-08 7.800813599636929564e-08 2.354550044558427988e-07 7.004274849669989230e-07 2.210435420853633658e-06 6.986468524341941805e-06 2.305327914135465824e-05 8.079913984702748251e-05 3.068180994071451561e-04 1.332558394559708436e-03
4.264949119112648040e-02 1.324340639955316192e-03 3.071801510808094804e-04 8.088789951555585883e-05 2.304874729170936531e-05 7.082693702302034364e-06 2.207835150088182997e-06 7.158339108888438374e-07 2.495387729422223928e-07 7.945121351445923102e-08 2.731240177113370844e-08 4.142116549285082581e-09 -1.222182368223794267e-09 -1.159285559727618013e-09 1.505017618851847239e-09 3.702089845099203890e-10 -9.959379000452057600e-10 -2.391360223382197336e-10 -6.935617428492270611e-10 7.294380861346684001e-11 -4.418830862387601661e-10 -9.514376752570661903e-12 7.707308882053264029e-12 2.963017352844226160e-10 3.502888031597872028e-10 -5.197264556519765342e-11 -3.771210637855517388e-11 -1.664445690940340893e-10 -1.761132203385083668e-11 -9.570539708659582944e-11 -1.578768214266874402e-10 2.523591785287885565e-12 -1.124253814396294308e-11 7.821976208172334492e-11 5.275350798808401849e-11 -3.945896486451614137e-11 2.742354591329989685e-11 1.754560315088284155e-10 -7.417572435148991202e-11 -1.634710000318135611e-10 7.187982527819531306e-11 -3.921236575062135161e-10 1.962401312883863783e-10 1.431536900046405241e-10 5.453394195322721721e-10 -1.785241542841452338e-11 1.330483337493114724e-09 -5.106547641750704236e-11 -4.809887880351033831e-10 5.317767287795331701e-10 -1.384830513939240935e-10 3.311107270591405386e-09 -7.171403507679808210e-10 5.763792641670122098e-09 3.188636796850166037e-08 7.813343635121952052e-08 2.351814533574538021e-07 7.008034972288422644e-07 2.209694047464699108e-06 6.982718468824880226e-06 2.304368782246948855e-05 8.078976346483933749e-05 3.068797904424359793e-04 1.333076416550483872e-03
4.265046299320784245e-02 1.324566437829418231e-03 3.072743659135083820e-04 8.089420207240400457e-05 2.305166278300691018e-05 7.084258696451733864e-06 2.205767398218740563e-06 7.165239621529672008e-07 2.495172105910981481e-07 7.969609205792175799e-08 2.741175598553551204e-08 4.499913902347186641e-09 -1.299870402037378422e-09 -1.218033459900745035e-09 1.555487824257483910e-09 4.484505358136587864e-10 -9.223862473940910406e-10 -1.468954878661386905e-10 -6.811765940041623780e-10 1.532446424963910177e-10 -4.981889505282916052e-10 -2.679860872544298866e-11 -9.111595679398113660e-12 2.726961444893162061e-10 3.372456275400397402e-10 -3.217045533157093614e-11 -3.232981901645183912e-11 -1.703507915250832761e-10 -1.798016845195260914e-11 -1.010197935233957350e-10 -1.586974996683715405e-10 6.262175894223971798e-12 -9.906390560809234427e-12 7.225515694987140120e-11 5.073018217752176498e-11 -3.437282379277494077e-11 1.195540895615680470e-11 1.598525987713717542e-10 -8.292329048595745158e-11 -1.618552189499372814e-10 9.519189935467220928e-11 -3.911559404910158901e-10 1.814864214842347426e-10 1.467476006692019058e-10 5.043391213076283567e-10 -3.724569169479347801e-11 1.348747538039580627e-09 -2.027014896736304634e-11 -5.346561631553015898e-10 4.271644023757297290e-10 8.334163553311728464e-11 3.302035407117242404e-09 -7.130956867368201287e-10 6.273962356247490893e-09 3.197813134218271793e-08 7.789693316966819802e-08 2.353572670342850318e-07 7.000526138455824308e-07 2.210529164393731586e-06 6.979663142835713815e-06 2.304105744409773546e-05 8.077816809807895904e-05 3.068033132620113525e-04 1.332633610521162222e-03
4.265135014184405493e-02 1.324785519951643571e-03 3.072563560338637412e-04 8.088722813978253736e-05 2.305379764670294795e-05 7.086782387783002568e-06 2.207977446227582932e-06 7.158209237798235033e-07 2.497324169539230286e-07 7.946982486628741538e-08 2.743562619986902249e-08 4.145178250856824915e-09 -1.300685284833470727e-09 -1.106715032441089674e-09 1.577373699692041323e-09 3.674098598482735408e-10 -1.006653119177845621e-09 -1.078866460258935104e-10 -7.601866257591592736e-10 1.068818692098064879e-10 -4.836050231286374683e-10 1.235189885298619517e-11 -1.298913574976174663e-11 2.734404597735293950e-10 3.524495609010522483e-10 -3.195848967687513452e-11 -3.160191811175735622e-11 -1.456592925532085670e-10 -1.104722951629534829e-11 -1.017372040731242434e-10 -1.583283961061736616e-10 3.303314846052812014e-12 -1.557803728200332927e-11 6.965482441551929726e-11 4.853575226351118423e-11 -4.352088312703435421e-11 8.680506489573781911e-12 1.705129596934735582e-10 -7.509428518893232457e-11 -1.563572207338320797e-10 8.150909193352447415e-11 -3.707460031274499069e-10 2.059475142872172420e-10 1.613995017794170803e-10 5.045665119994651228e-10 -5.003139310068852477e-11 1.311867513200935659e-09 -3.763346521667235561e-11 -5.479441567756301143e-10 4.177651128468173290e-10 -3.104992316231779332e-11 3.319496257523836750e-09 -6.927479389685633027e-10 6.007807743171406355e-09 3.165878819694847227e-08 7.793749755191612812e-08 2.346446061781686899e-07 7.002373611282788896e-07 2.209445641817477260e-06 6.980183334593537582e-06 2.304610372316526920e-05 8.078570199475324095e-05 3.068482593149762577e-04 1.332827771048972687e-03
4.265089133782817843e-02 1.325231478922151785e-03 3.071717401219404230e-04 8.089209015413755704e-05 2.305152882227750580e-05 7.083549398561808014e-06 2.205899476516950274e-06 7.154730430320276004e-07 2.492083836724653366e-07 7.936340657425843836e-08 2.737050292707672444e-08 4.272790317363778971e-09 -1.394342398866032889e-09 -1.388387789366898581e-09 1.465238179772563338e-09 2.708460982460154147e-10 -1.089685943523819908e-09 -1.543673989825581053e-10 -7.058193613772093889e-10 1.295953627336740433e-10 -4.597649429747422865e-10 2.321511108458986132e-11 -2.124086735026778259e-13 2.775896428540892193e-10 3.261651016014954515e-10 -5.693457472450274259e-11 -3.680701759826159335e-11 -1.682175130292882626e-10 -1.321351755349567680e-11 -9.625671095070523797e-11 -1.538008100111813013e-10 7.971658302014622828e-12 -6.896429318590544518e-12 7.678169001584623292e-11 4.630868266241819117e-11 -4.423659115937412656e-11 1.381476244547220214e-11 1.723040004966580817e-10 -7.181410307890286399e-11 -1.553639822685585114e-10 7.690600065742726687e-11 -3.819734221576661031e-10 2.029762743007209827e-10 1.083595455228085365e-10 4.649148033171270500e-10 2.613702155460307686e-11 1.349610830478309984e-09 -1.784244672246651128e-12 -4.183040422181622041e-10 5.160130457144880885e-10 2.009613672709877718e-10 3.512124784072961918e-09 -5.735507057474359418e-10 6.299702784419443255e-09 3.161485232205497086e-08 7.811086559582212971e-08 2.347262457343362681e-07 7.004294705999455642e-07 2.210262566064311596e-06 6.984579337789267752e-06 2.304522915393657640e-05 8.080314317047221438e-05 3.068303683331395572e-04 1.332690633129211691e-03
4.265019947921852572e-02 1.325081992989291576e-03 3.072850528924800785e-04 8.091224497763680964e-05 2.305282852364290392e-05 7.086172077212141362e-06 2.206833074285625971e-06 7.157401644911453722e-07 2.500348955478398319e-07 7.966133304876534580e-08 2.760096868906252998e-08 4.642795566938936716e-09 -1.217573054363705403e-09 -1.239142725358845801e-09 1.606094969585866024e-09 2.815934568907028993e-10 -9.426740647734501463e-10 -8.842634083411672134e-11 -7.001040150896494105e-10 4.684383653731937581e-11 -5.032474640227144090e-10 -2.953986846679143901e-11 -5.862294550906808314e-13 2.748091547343967149e-10 3.275140528780201943e-10 -3.984953734211197613e-11 -2.851524208156591046e-11 -1.503969564720071125e-10 -1.642712630893904077e-11 -9.707937281320811201e-11 -1.518703644056980902e-10 6.469034487404506802e-12 -9.123926053716354088e-12 6.735993325191601443e-11 4.603171247795785789e-11 -3.639411864011599387e-11 1.671898499284479760e-11 1.823446699841030442e-10 -6.762185689527728078e-11 -1.481165104244522376e-10 6.356713867891941775e-11 -3.909798760705492873e-10 1.798423083408376362e-10 1.286859141979488996e-10 5.560653340817532392e-10 -1.693938365820621304e-11 1.334891698575290637e-09 -6.839598968584533654e-11 -4.613345271513823569e-10 4.551735718803429064e-10 -6.786174551188407956e-11 3.508622522799202649e-09 -7.455529501205086187e-10 6.139582012863115776e-09 3.191330131798763241e-08 7.846290195441876928e-08 2.358856528306267995e-07 7.010734630787944252e-07 2.210088734976768139e-06 6.983029884738838336e-06 2.303986127954708597e-05 8.079957658953487612e-05 3.067231962782825919e-04 1.332541405959734816e-03
4.264983583707444154e-02 1.324612019298971027e-03 3.071567821602556696e-04 8.085955406197238798e-05 2.304559580364120243e-05 7.077695731435829673e-06 2.206664218073065051e-06 7.159046301172565296e-07 2.499453800924350192e-07 7.952033257596408702e-08 2.765962919727293287e-08 4.236976138619051905e-09 -1.198195730278893934e-09 -1.353883106266921985e-09 1.484144038124830780e-09 3.502857752976886897e-10 -9.394387007305036858e-10 -1.342883697030538037e-10 -6.905940442200806802e-10 9.983819384235666102e-11 -4.919042204296493025e-10 1.729378686963598513e-12 -1.043262874938507223e-11 2.632252441011690482e-10 3.351437223132404851e-10 -4.152284851249759608e-11 -2.883935570290361433e-11 -1.574524700895411129e-10 -1.457898543895766274e-11 -1.074223496696815542e-10 -1.654410609689493051e-10 -2.874749894124108672e-13 -1.411464395686123617e-11 6.827911077965156323e-11 5.034494883061440479e-11 -4.348925807825631494e-11 8.495143409231578815e-12 1.620424652998059890e-10 -6.896584945267876171e-11 -1.550967805159044720e-10 8.257371670958227568e-11 -3.726299093055461485e-10 1.820327544510848950e-10 1.231425940928365341e-10 5.495645285646632032e-10 -3.545358370958314770e-11 1.333423162456808048e-09 -1.384993387880529072e-10 -4.518582801317982735e-10 4.583309251275980828e-10 5.382826043312219926e-11 3.321089469248576385e-09 -5.662224872948950890e-10 5.928145675560792797e-09 3.185357087046570061e-08 7.832920797392350800e-08 2.360693016471622631e-07 7.010236443667559986e-07 2.210532083102210481e-06 6.984882464908205402e-06 2.304871793641032047e-05 8.078340016626087486e-05 3.068250819103517015e-04 1.332793419620539790e-03
4.265030227868963492e-02 1.325159212033884606e-03 3.072745722570957268e-04 8.089542474415127213e-05 2.305058194839288454e-05 7.085788508647113919e-06 2.207049179885811803e-06 7.182817082836266519e-07 2.500080299167899721e-07 7.914956978335047144e-08 2.716050452229524392e-08 4.447638483002051452e-09 -1.232060942566320440e-09 -1.180757656646176026e-09 1.618024770155247649e-09 2.969884807213066914e-10 -1.021140892820340423e-09 -1.216266129746879120e-10 -7.414231817767341287e-10 9.553381907888505450e-11 -4.488685063176407418e-10 -8.804951841961971167e-12 -1.189013135583429744e-11 2.738428324805821530e-10 3.331203890403291074e-10 -4.490901103739140154e-11 -3.606512752012728784e-11 -1.593419874536376150e-10 -1.463021268102657263e-11 -9.934133600617629770e-11 -1.601515617159199092e-10 3.510724457831024633e-12 -1.110516692538491229e-11 6.774857218906033772e-11 4.715553521570354862e-11 -4.411775338121293241e-11 1.822589647392945229e-11 1.766229426506602038e-10 -7.479159370997868696e-11 -1.624476230004443476e-10 8.317679203744143881e-11 -3.875803008535108179e-10 1.697473804120869782e-10 1.377692688766576425e-10 5.385955993000634692e-10 -1.620536127159535676e-11 1.385249116388305029e-09 1.602912147351088699e-11 -4.486521985672756419e-10 3.937892735663414897e-10 1.329210830022249638e-10 3.244171796550312874e-09 -5.860291057872772501e-10 6.156577562840055295e-09 3.190853741961687889e-08 7.826324762804769306e-08 2.352611520947999806e-07 7.006409801382295439e-07 2.210725334038074619e-06 6.982154785967037640e-06 2.304356889885638456e-05 8.077641857526182700e-05 3.067414906012067640e-04 1.332626550782540185e-03
4.265109803865248239e-02 1.324831033237282556e-03 3.071335710190969850e-04 8.090929531112819265e-05 2.305239346667238952e-05 7.083047648289425055e-06 2.205709170233934330e-06 7.160248143911864118e-07 2.498563999883115865e-07 7.926061349846444676e-08 2.776644006156084574e-08 4.606883754556648144e-09 -1.216708378093781562e-09 -1.278986395268796801e-09 1.586247425775167685e-09 3.172289386408551750e-10 -9.504113385019455138e-10 -1.222484316215931659e-10 -6.431449323430325678e-10 7.244099123267459161e-11 -4.964719244562226699e-10 -5.363587250504249985e-12 2.804486938434182713e-12 2.868608948229363918e-10 3.439528151653931237e-10 -3.783699749878289804e-11 -3.416236475499686052e-11 -1.565480833809139612e-10 -1.531376054672005871e-11 -9.788884648030941835e-11 -1.580142036506688085e-10 5.931576490527290450e-12 -1.544587230466236557e-11 7.077561928876646207e-11 5.176668949222935984e-11 -4.492533398424844698e-11 2.347495719068007159e-11 1.667056938228148312e-10 -8.128894153002965237e-11 -1.477370816443308520e-10 8.865142269445515900e-11 -3.757870745733280393e-10 1.894090826130924358e-10 1.160138655222301370e-10 5.130251351616452321e-10 -5.058196213025577222e-11 1.308249847636988036e-09 -2.199822063924117875e-11 -4.359969560837286892e-10 4.761924435932562430e-10 2.783385641064169054e-11 3.352957161352600086e-09 -6.269218490189823147e-10 5.959306499188089029e-09 3.184265639902779707e-08 7.804011222003395912e-08 2.352104245078812225e-07 7.002793441139230964e-07 2.211885889617357322e-06 6.986120044327906133e-06 2.305921165967330592e-05 8.079909779096092681e-05 3.068466578838594731e-04 1.332587032106310977e-03
4.265093031810768265e-02 1.324395530413126527e-03 3.072170313645641404e-04 8.089311358896914916e-05 2.305393866939497996e-05 7.083080669329606003e-06 2.208183449867273946e-06 7.157967963481188036e-07 2.499448612117466740e-07 7.988044235689453965e-08 2.728607968331704508e-08 4.541237060668898009e-09 -1.165126595104024908e-09 -1.237052642540336551e-09 1.716131136447138769e-09 3.442291650974522282e-10 -9.858695464875163811e-10 -1.825151213260717036e-10 -7.529823160067931559e-10 6.016382599642620558e-11 -4.827022122363680055e-10 -2.218717237512621453e-12 -1.698441920766174829e-11 2.839007619049468506e-10 3.414732444987969887e-10 -2.928431004570642823e-11 -2.836844943514979735e-11 -1.589951245954429362e-10 -1.486396726074708125e-11 -9.571952694812564107e-11 -1.598724791784143044e-10 1.455515447313926286e-12 -1.648152744818049880e-11 6.852131301608786309e-11 4.852736941620703325e-11 -4.099270606411930932e-11 1.726143325077340635e-11 1.748759559811242422e-10 -5.937612768314358751e-11 -1.479740132474531648e-10 9.276151765543342652e-11 -3.819800757189387886e-10 1.914386911251304941e-10 1.102973546783248026e-10 5.083309051814001296e-10 -5.925753064102547346e-12 1.342477883790418431e-09 -4.870345199059830351e-11 -4.728705755319892365e-10 4.532481141676614408e-10 -2.596669363965423678e-11 3.368662011927530888e-09 -4.925748953191150876e-10 6.066791493068505597e-09 3.175652750136743312e-08 7.791306833628203213e-08 2.352698225882672187e-07 7.007428967540165371e-07 2.212460775597373909e-06 6.986646815643530149e-06 2.304694698675421372e-05 8.077968765330669973e-05 3.067729266849057550e-04 1.332657225715333255e-03
4.264990029927255566e-02 1.324974141614687888e-03 3.072025834561310830e-04 8.089823412116095862e-05 2.305238210836312772e-05 7.085048899713151305e-06 2.206302430285896149e-06 7.169519464718575333e-07 2.503143055621245963e-07 7.957971609752000571e-08 2.745424021688850620e-08 4.221020838708374418e-09 -1.181758099167358005e-09 -1.276876077554506022e-09 1.648367658568706519e-09 3.216946121797565343e-10 -9.336116980029036939e-10 -1.057505365376354442e-10 -7.336383266561898582e-10 9.309948362709898566e-11 -4.710714204144369520e-10 -1.963973754813547177e-11 -6.231304396374775175e-12 2.827528675492518688e-10 3.480562976516517098e-10 -3.032532482545375242e-11 -3.917931921354341065e-11 -1.664434131615514190e-10 -1.002572857521577975e-11 -9.836669099940521972e-11 -1.639154499488202270e-10 1.846615599531567726e-12 -1.208706825474336979e-11 7.653028232376342986e-11 4.851929792537318637e-11 -4.367374421447616404e-11 1.576170836376633209e-11 1.689425958942521832e-10 -7.281168005293691509e-11 -1.622297801072219369e-10 8.563619860647786843e-11 -3.875524980738231842e-10 2.058240099173014239e-10 1.375998868637728539e-10 5.190792948780651953e-10 -3.896132010526493663e-11 1.333762375954926546e-09 -2.938553646130468483e-11 -3.803659419817928733e-10 3.866873243640792727e-10 -5.310392832078161286e-11 3.219199745240080705e-09 -4.860863805511526420e-10 6.286246139186514242e-09 3.155569403548583970e-08 7.815583587012062905e-08 2.351976653640804515e-07 7.001827814203981120e-07 2.211890675586127002e-06 6.983338714647353562e-06 2.305138476033712997e-05 8.079896364489942608e-05 3.068272747186915022e-04 1.332827100020392329e-03
4.265060576429115929e-02 1.324813301660337540e-03 3.072001040727586436e-04 8.089856359206639130e-05 2.305295708775012312e-05 7.086838824096898741e-06 2.206502327340400137e-06 7.159326562897490920e-07 2.491976123197455684e-07 7.942453870566848513e-08 2.735726675865024412e-08 4.239176866549453041e-09 -1.372081167439378788e-09 -1.178193157974374532e-09 1.636278051306179872e-09 1.958249719988037188e-10 -9.389514628963419362e-10 -1.063631448461832783e-10 -7.082313175676155733e-10 1.355814703451813523e-10 -4.476231713507864142e-10 1.712404262076593195e-11 -1.047820863050404814e-11 2.908643112204499195e-10 3.563816948944978344e-10 -2.911390637252249775e-11 -2.470670706156344390e-11 -1.527059249743522846e-10 -1.946907408823828040e-11 -9.969017610691605891e-11 -1.584620048084349500e-10 3.065799660233383283e-12 -1.147547224867927757e-11 8.551165426352061031e-11 5.268290194725644459e-11 -4.316154088924752808e-11 2.613058879886441203e-11 1.713553994875115377e-10 -6.885191508426530305e-11 -1.511015208870850056e-10 9.527193901720448986e-11 -3.828171957953742697e-10 1.925194680571391045e-10 1.399864565990953254e-10 5.114700822302415112e-10 -3.215670769378985562e-11 1.312997637506118434e-09 -4.190197250105687515e-11 -2.918484222799341649e-10 5.590203940730163250e-10 2.767979150644740031e-12 3.243990402849597719e-09 -7.508404758255087883e-10 6.216860973677575886e-09 3.204874217916029473e-08 7.863613778391923610e-08 2.353983192383628208e-07 7.005183936286143012e-07 2.212109660550090577e-06 6.986104457504377928e-06 2.305000338846673418e-05 8.079875480928301015e-05 3.068299734561462030e-04 1.332924227201356341e-03
4.264993879095568124e-02 1.324835746203666684e-03 3.071444795698987924e-04 8.091270611254701439e-05 2.304366677624964421e-05 7.082463455209807995e-06 2.205542859744810506e-06 7.142296324508600725e-07 2.495731283396049382e-07 7.959472930608280872e-08 2.742228207555722110e-08 4.412775141339264140e-09 -1.325320264600124939e-09 -1.186008269601886107e-09 1.544404708772198088e-09 2.043546675263623562e-10 -9.877870785777766511e-10 -1.341179265632625404e-10 -6.920577909946366743e-10 1.235843347049634708e-10 -5.045265155019366074e-10 -1.588214637434065310e-11 7.340055758657804322e-12 2.984372072542785279e-10 3.474489855026928594e-10 -5.045120906490823348e-11 -3.672186110884552235e-11 -1.581578194790395644e-10 -1.898277776235802134e-11 -1.032911719107295866e-10 -1.524406917694219094e-10 2.774167432020447265e-12 -1.178088801570693113e-11 7.588841801726474605e-11 5.056083109637934259e-11 -4.411126999103373022e-11 1.998066783973415979e-11 1.607877483097275313e-10 -7.695043190557453533e-11 -1.585805932400120219e-10 7.582571949107814529e-11 -3.842722988492016371e-10 1.864529013456851118e-10 1.468768256677493918e-10 4.883564001522211338e-10 -4.486255576248536502e-11 1.335321501456301057e-09 -3.387477360215473877e-11 -4.123366258675670384e-10 5.465601390506675851e-10 1.161187782522783974e-11 3.126126897132507355e-09 -7.657030570591480700e-10 6.006205935118660579e-09 3.151812613734331382e-08 7.818305632590816609e-08 2.355660538744127713e-07 7.004735742032367341e-07 2.211874226700994564e-06 6.982500250738417400e-06 2.304532775189761332e-05 8.076901061698187458e-05 3.067578625326888853e-04 1.332448948744168263e-03
4.264978017682689165e-02 1.324926856711189328e-03 3.072556124127675636e-04 8.089949871629772298e-05 2.305884394678651430e-05 7.082164193325708474e-06 2.206793993387635214e-06 7.145117781818788862e-07 2.494900358047022248e-07 7.933410153062898779e-08 2.704204059036804218e-08 4.177269509514727544e-09 -1.106820342864338458e-09 -1.076668679730743899e-09 1.539955115253452874e-09 2.301144691584196491e-10 -9.869570056147571865e-10 -1.637585118590694770e-11 -6.295563988335356829e-10 1.170562419467226631e-10 -4.585139746307269571e-10 2.955861942237950595e-12 -2.421424201392723590e-11 2.903159854342492337e-10 3.452263803957343306e-10 -3.165805121589053041e-11 -2.647909246480967025e-11 -1.607573338489526276e-10 -2.048261108591421431e-11 -1.030746308976942150e-10 -1.672180621925244502e-10 1.453659653013326770e-13 -1.692657334214785652e-11 6.926151543376891592e-11 4.102508773182722559e-11 -4.349960028696838047e-11 1.707605866564907647e-11 1.752725755293782724e-10 -6.840303552395564364e-11 -1.565909666383426467e-10 9.313669620132527278e-11 -3.665763391232279672e-10 1.881815561531600480e-10 1.260903406414696891e-10 4.980124343311282224e-10 -2.365424485508177436e-11 1.316770865026848856e-09 -3.758160861359451853e-11 -4.977169117635293182e-10 5.029985344222495060e-10 6.459600380643028436e-11 3.329131342952936594e-09 -5.508803468148241832e-10 6.347791666437976909e-09 3.198950065392369920e-08 7.828416375452173963e-08 2.357704230198234814e-07 7.006452021833840920e-07 2.210980339276501652e-06 6.985346776385611872e-06 2.305706588953302608e-05 8.080774195527952377e-05 3.068178680783945674e-04 1.332844998266876193e-03
4.265064685354229973e-02 1.324856494964256988e-03 3.072520672653995680e-04 8.090265998177157759e-05 2.305853023003975394e-05 7.084712011553883062e-06 2.205080315582059575e-06 7.163784371830080935e-07 2.501080999026254604e-07 7.982400219015175770e-08 2.716615885001585710e-08 4.453011052776583550e-09 -1.190641021718212879e-09 -1.241559899933252698e-09 1.599540051012590929e-09 2.897187745059837300e-10 -9.917831760115710003e-10 -1.003480625061994189e-10 -6.869102346394268749e-10 6.972958695029173324e-11 -4.867865155705754521e-10 2.002003352402200260e-11 2.802672079658169269e-12 2.461992231499502263e-10 3.464002566251109417e-10 -3.159976228460807636e-11 -3.030190964428874143e-11 -1.640187071177129220e-10 -1.888550110442877961e-11 -1.063741243610414536e-10 -1.616325607512914375e-10 3.514184579797218303e-12 -1.060544717759127796e-11 7.078461454095796254e-11 4.393834279335266549e-11 -4.834189035504905100e-11 6.541264101557578955e-12 1.639396348588669422e-10 -7.547500991344208467e-11 -1.583190852308443284e-10 8.330267168392003569e-11 -3.734672642896565505e-10 2.121615131945916882e-10 1.708481632888400342e-10 5.455470022063637854e-10 -3.551197665153126398e-11 1.325257556577636913e-09 -1.546809894844191373e-11 -4.852606621397290752e-10 4.470104053216976074e-10 6.201035591207976074e-11 3.213441411436662895e-09 -3.963671772478849519e-10 6.135267761329669674e-09 3.190442935521920135e-08 7.822530620224403083e-08 2.354557228596190478e-07 7.010740597713871584e-07 2.212630410112643721e-06 6.985021718934149697e-06 2.304605764655206831e-05 8.078653008251136846e-05 3.068139522331315028e-04 1.332505582635242674e-03
4.265154045414935868e-02 1.325252444772385008e-03 3.072028038393957803e-04 8.088708713000071048e-05 2.305132262762237851e-05 7.083451230124299900e-06 2.206303304232209924e-06 7.163211762270853797e-07 2.504684867996728000e-07 7.976173029754950211e-08 2.746698592254012660e-08 4.428801621589572746e-09 -1.195857932912963186e-09 -1.218258308042847045e-09 1.566088561579813757e-09 3.223888132153419103e-10 -1.034269746455970835e-09 -1.652012753267105974e-10 -6.907989339150007817e-10 1.347588330199038269e-10 -4.743788857994126412e-10 2.787978894181764418e-12 9.215152777576834371e-13 3.023920617835975481e-10 3.558485674499584111e-10 -3.655942839246201348e-11 -3.579318013713210258e-11 -1.521360244578148551e-10 -1.409072432142303559e-11 -9.871058483497569317e-11 -1.611604932585206012e-10 1.114196945413488778e-12 -1.037745080571912598e-11 7.066124798693923303e-11 4.978594484296648989e-11 -4.385878673787922889e-11 1.408391226032598276e-11 1.699042542463945018e-10 -7.578494623049308385e-11 -1.479422206208359082e-10 9.303250130953274644e-11 -3.744184283940621053e-10 1.967409442751581793e-10 1.320400329849657630e-10 4.778884322540236667e-10 -5.283557485662252267e-11 1.279304503784093537e-09 -6.858991814823222331e-11 -4.437810263148076243e-10 5.212969849346501048e-10 6.238298723715265013e-11 3.356006874358065774e-09 -9.758284179689363015e-10 6.071711764774888813e-09 3.174863101815756747e-08 7.797076313092642966e-08 2.351495936628306416e-07 7.006144847224198274e-07 2.213751526406831629e-06 6.982997771363044629e-06 2.304682103561267874e-05 8.077532676846146302e-05 3.066705229102474812e-04 1.332597748017074531e-03
4.265100654457740920e-02 1.324896280399519245e-03 3.071901057921001691e-04 8.088616048033637422e-05 2.305025637731232204e-05 7.084129624504992956e-06 2.207244282440049424e-06 7.168174464259166827e-07 2.502918460060464117e-07 7.952693861601203783e-08 2.704734319641822934e-08 4.059693041974099997e-09 -1.196181495525465491e-09 -1.308097408209756888e-09 1.516533160701210671e-09 2.030809875830904375e-10 -9.894534952351530634e-10 -1.872840073543045573e-10 -7.122064334295767262e-10 7.842778459297431713e-11 -4.498141170908450467e-10 -1.357785468656829517e-11 -1.961989949783654723e-11 2.706927380475554293e-10 3.319653771147850154e-10 -4.898261371614569470e-11 -3.150780032717611073e-11 -1.540831055091228962e-10 -1.645245373187392498e-11 -1.058382631861674452e-10 -1.575180789609146807e-10 7.831160308166661793e-12 -1.716124728218255693e-11 7.081414247996167491e-11 4.304549598134564296e-11 -4.062742533187056743e-11 1.626409832807085671e-11 1.679211044793063592e-10 -7.616372100711111127e-11 -1.529461605831568056e-10 7.833455501091185819e-11 -3.782676690641773197e-10 1.904722525652638724e-10 1.281125654344090060e-10 5.608880161651202492e-10 -3.804315224058859183e-11 1.328100262260972178e-09 -7.045981045089523591e-11 -4.167672274859672473e-10 5.493630310600450941e-10 1.332581130071987752e-10 3.201715492855448932e-09 -6.668886017729659259e-10 6.315356954882416459e-09 3.187686624599028438e-08 7.847342770730434527e-08 2.354246509456407971e-07 6.992413512909494485e-07 2.210889517511851278e-06 6.985166849089199317e-06 2.304497478955618421e-05 8.080518898223908793e-05 3.068379729384325275e-04 1.332911714112037724e-03
4.265007022780915175e-02 1.325068413657997388e-03 3.072511546268012479e-04 8.090340555476145288e-05 2.305001737414563809e-05 7.087446484798102988e-06 2.208648456964789511e-06 7.167383087388467239e-07 2.497542572876084028e-07 7.943789244711710614e-08 2.731044103527660548e-08 4.205427591616378168e-09 -1.568183921830213563e-09 -1.258229402977832133e-09 1.521210096572315943e-09 2.916377171240264086e-10 -1.013021013959939241e-09 -9.116590245093647035e-11 -6.777418738687205558e-10 1.188027080324336795e-10 -4.812975552794949702e-10 -1.087403084127648293e-11 4.368619271841363579e-12 2.574291750442122401e-10 3.289405124939105666e-10 -5.654971612114787610e-11 -3.594543847425968011e-11 -1.469002799618771178e-10 -9.849628722199176117e-12 -1.076760529586759819e-10 -1.594432836821116761e-10 4.315645076702576078e-12 -1.315517631369710804e-11 7.236496263109712947e-11 5.319907509500625282e-11 -4.871172751982546855e-11 1.828323505672552962e-11 1.699949758955087897e-10 -7.955085573031088214e-11 -1.574335589291559732e-10 8.396513150747398331e-11 -3.755145715491878136e-10 1.688493883376319644e-10 1.535259388505269643e-10 5.336095420131453347e-10 -6.860378430834469292e-11 1.286141107523023009e-09 -1.072412388052751897e-10 -4.104089826359742224e-10 4.985016444341723466e-10 1.269364083712109718e-10 3.432661567364626327e-09 -5.948252584133174323e-10 6.215187293076747138e-09 3.163537446959691734e-08 7.841449724725970988e-08 2.364391417129796328e-07 7.005481644704257076e-07 2.212572745030439741e-06 6.983912507038676274e-06 2.304960010164089454e-05 8.078167725393783807e-05 3.068221360101354434e-04 1.332892124164380184e-03
4.265187716611372470e-02 1.324834336312594955e-03 3.072798224405691903e-04 8.091930730319537104e-05 2.305108839535750104e-05 7.083523484006965240e-06 2.206245675020566735e-06 7.162004576487339425e-07 2.498875166711985542e-07 7.950306315938187263e-08 2.746617088681949811e-08 4.174444369154513609e-09 -1.301555177451501857e-09 -1.227621214353942660e-09 1.654494960314388924e-09 3.470337164518676648e-10 -9.364716002907705979e-10 -1.334813680913822115e-10 -6.978546776719934173e-10 5.128683364045337685e-11 -4.518322048919198365e-10 -5.187555047949221484e-12 1.039508182883905469e-11 2.816756688003221198e-10 3.466414915526383002e-10 -4.236517964366660685e-11 -2.377549832044992751e-11 -1.546316300687365480e-10 -2.122460323653585365e-11 -9.938143949385206166e-11 -1.572936170288269805e-10 6.911870818286253367e-12 -1.385677324418249489e-11 7.048025528282699431e-11 4.648276280398040860e-11 -4.761748282529228838e-11 1.700529245366465521e-11 1.684856494727594080e-10 -7.442006379935799599e-11 -1.676856061405821640e-10 8.127477540175053846e-11 -3.781596711777145719e-10 1.842050183494781052e-10 1.103270808930026338e-10 5.181965690951174031e-10 -7.064457455262724877e-11 1.278359000228621358e-09 -4.594926328653528801e-11 -4.975324959542828968e-10 4.028210503314547708e-10 7.306625630839510450e-12 3.226076444594082490e-09 -6.573782188918199189e-10 6.238156627345040548e-09 3.182028831799444797e-08 7.839277665086044819e-08 2.357275496793916904e-07 7.010185465909685144e-07 2.210762282529065935e-06 6.985961378134140358e-06 2.304886572399896520e-05 8.078694836983708394e-05 3.067905450704054592e-04 1.332717144057483797e-03
4.264982708749002344e-02 1.324619274971900037e-03 3.072539457052140166e-04 8.090350635691419701e-05 2.304975607143106475e-05 7.082460407995647849e-06 2.205128294117329527e-06 7.163257017593021240e-07 2.499663629586053374e-07 7.999447041615997174e-08 2.742974811637448911e-08 4.279455539522467403e-09 -1.364005163530264244e-09 -1.307930636003662581e-09 1.472560803867413447e-09 2.575664082302685386e-10 -1.004672170806008671e-09 -1.187029669115370156e-10 -7.155545968613104115e-10 1.144041865809530875e-10 -4.687929329042691961e-10 -2.615830655626564744e-11 -2.244932826095277182e-11 2.779791077912519072e-10 3.436943925982029892e-10 -4.211836537220756401e-11 -2.544407631199993080e-11 -1.514009235117731925e-10 -1.817931241923814601e-11 -9.882094032501914165e-11 -1.571807997483832544e-10 9.431262419435222531e-12 -9.860760158758086308e-12 7.078556917625522153e-11 4.923156135678646023e-11 -4.807422756085982911e-11 1.516374312335292584e-11 1.739193030478481822e-10 -7.538290713322802967e-11 -1.611042908183130291e-10 8.494354912244366191e-11 -4.046080823293224998e-10 1.787867814952847899e-10 1.359645317611737967e-10 4.950531904614764176e-10 -6.079549651197570846e-11 1.314026429037638719e-09 8.449210639545776857e-12 -3.998485071458791609e-10 5.903116983141161890e-10 7.301213892895342060e-11 3.486431374969433556e-09 -7.028416659967729020e-10 6.088640236442749906e-09 3.176205871458854174e-08 7.819674846482406794e-08 2.356990085479209977e-07 7.007764818971608326e-07 2.211671659579802669e-06 6.983103739366193743e-06 2.304361713225421048e-05 8.076231822094977772e-05 3.067096769772660277e-04 1.332688975760138112e-03
4.265059562598603332e-02 1.324791929965292783e-03 3.072050093504754284e-04 8.089853899332643552e-05 2.305695104187729767e-05 7.084048308465919544e-06 2.208564136659991813e-06 7.154164758104630487e-07 2.497425762653938839e-07 7.974081831038142023e-08 2.713985522687216028e-08 4.302854359940817159e-09 -1.171329415331942313e-09 -1.222228976139894083e-09 1.551444453221873596e-09 2.320061927617327974e-10 -9.814499245774276849e-10 -1.401970923827299225e-10 -7.155255890254200516e-10 7.438136336531878349e-11 -4.596594597508675370e-10 3.759000148593527400e-11 -5.698924313413037942e-12 2.704660414051327786e-10 3.428964411978648405e-10 -4.326704071408701890e-11 -2.692849025070681638e-11 -1.483896438575866845e-10 -1.357780009792564733e-11 -9.662455072941842472e-11 -1.585603493056247355e-10 1.138771085445258625e-11 -1.194302340716890303e-11 6.720154721895803548e-11 4.871411338880259364e-11 -4.503399096170464786e-11 1.484899162907330335e-11 1.731114046408027261e-10 -7.154053473473270100e-11 -1.616202235563215224e-10 9.369123199222308251e-11 -3.875100424348533456e-10 1.886570075105787408e-10 1.379428805712830352e-10 5.532173063610877175e-10 -3.006004916799043035e-11 1.333732027794232579e-09 -2.347215316979005837e-11 -3.687671633607558060e-10 6.023293132491862855e-10 1.119297644524275097e-10 3.088978371388776066e-09 -7.797979573834976967e-10 5.965441164610190049e-09 3.159831512363548392e-08 7.813888159586152713e-08 2.358547619249810714e-07 7.010658628620621587e-07 2.212512106649070833e-06 6.982947739298204879e-06 2.304680918256957862e-05 8.076508895966361362e-05 3.067761712308374297e-04 1.332345901276986173e-03
4.265011501182838782e-02 1.325238151916902085e-03 3.072932408253560631e-04 8.090503757664627464e-05 2.305141463302771417e-05 7.081672618568690176e-06 2.205329596316989883e-06 7.165989165444479330e-07 2.502738823620429288e-07 7.962807146609424854e-08 2.674628838599506066e-08 4.289165787491028490e-09 -1.432770872734948157e-09 -1.160860439911446341e-09 1.662347719529303554e-09 2.825229204849641569e-10 -9.270990813956920972e-10 -1.495952538055026115e-10 -7.251748678772971466e-10 1.389603392377671470e-10 -4.153820242524996186e-10 5.498755733859370371e-12 -2.730595534216052847e-11 2.761031164943756833e-10 3.403256456771522176e-10 -2.856593200607078391e-11 -3.091343925282535773e-11 -1.565747314801049908e-10 -1.890310351119532626e-11 -1.062798946881583935e-10 -1.575959879010422262e-10 4.918465452776625134e-12 -1.344208341705129431e-11 7.576298611273226796e-11 4.419414985562147519e-11 -4.304365351216475060e-11 1.588180370789029346e-11 1.666265185208551756e-10 -7.308950798331367657e-11 -1.550864580440163112e-10 6.664209164713247437e-11 -3.906632080013329129e-10 2.083103688001554409e-10 1.218410412024147303e-10 5.417246833889032690e-10 -3.868098576868854118e-11 1.333064008552222193e-09 -1.640015380523213499e-11 -5.132058522530233185e-10 4.746515851246423028e-10 8.747266610674574239e-11 3.313756588359184529e-09 -6.847520221914097276e-10 6.037799980744097236e-09 3.186396940675066745e-08 7.831596931948488430e-08 2.357691720736289878e-07 7.012196976147187439e-07 2.213285131571454597e-06 6.983616968748827175e-06 2.303998699822621212e-05 8.079184440854568288e-05 3.068441417271558004e-04 1.332418319258216579e-03
4.265123794355408365e-02 1.324799807425737150e-03 3.071279833991831867e-04 8.089328537972573674e-05 2.305535116038036800e-05 7.085826096221560733e-06 2.206094342476949381e-06 7.155230537732859720e-07 2.497643555718377690e-07 7.944166208312101968e-08 2.747530236591862017e-08 4.364474564112942153e-09 -1.157044945954317624e-09 -1.158060187288808887e-09 1.695315496896184567e-09 2.882285121181199084e-10 -1.042323231462780499e-09 -8.293982826998780109e-11 -6.983673432381126366e-10 5.438676813084363706e-11 -4.700139335941156278e-10 -1.594959436534912203e-11 6.301371831703966540e-12 2.769819301894715343e-10 3.263819077202941018e-10 -4.903132404124915719e-11 -3.235113582442414238e-11 -1.586885895663059450e-10 -2.358577377941954860e-11 -1.041480355861302495e-10 -1.585014812105547575e-10 1.298563826417201373e-12 -6.606829238223203843e-12 6.941954831703811643e-11 4.975129088339426021e-11 -4.701822351796270033e-11 1.638011764004170280e-11 1.710555733022053433e-10 -6.823489420438443960e-11 -1.498300356304827646e-10 7.643968450339624068e-11 -3.641813243920709358e-10 1.841281493828280274e-10 1.283069169511932337e-10 5.110555621783883760e-10 -5.624307015857631306e-11 1.312218459652189587e-09 -2.421291031912004988e-11 -4.040914510532245630e-10 4.795334507149099327e-10 1.435408698288016607e-10 3.398108171469746796e-09 -7.774864708070962145e-10 6.187112255508196984e-09 3.176499066148051058e-08 7.875262906603846848e-08 2.357701585034980794e-07 6.983256045452217362e-07 2.210891731241639917e-06 6.981894324822674154e-06 2.304409424578150598e-05 8.078661198243491123e-05 3.068198532383597447e-04 1.332934794267194578e-03
4.265042230134077211e-02 1.324880374997823010e-03 3.071863230989757250e-04 8.088777615453984933e-05 2.305119327149405430e-05 7.085078900552352990e-06 2.204908029901501890e-06 7.161623146689660861e-07 2.502485547722384588e-07 7.964633429139114390e-08 2.744961749390192506e-08 3.963413539854709156e-09 -1.159925384705548272e-09 -1.242880840909029278e-09 1.530465893956208293e-09 3.663291371808720132e-10 -9.313679845850070841e-10 -8.682495519941162386e-11 -7.236471263368694452e-10 8.871584455413835750e-11 -4.786422963164511217e-10 2.839668619737557086e-12 -1.531194542073602388e-11 2.948804523597723811e-10 3.529117262665331552e-10 -3.690094075339863806e-11 -3.333209437093361979e-11 -1.557800096223336016e-10 -1.848346220357733859e-11 -1.043464349667867053e-10 -1.557357473446978231e-10 2.725938695900908344e-13 -1.566736681020750033e-11 6.789025549750033105e-11 4.417671604555935090e-11 -4.923510935673762383e-11 1.070274959131586048e-11 1.611576333040560184e-10 -7.933562304066587355e-11 -1.585122056055490222e-10 1.090519612679166808e-10 -3.611366897925753060e-10 1.835548707995515480e-10 1.329061461507305779e-10 5.258651357004199450e-10 -6.532288797011608433e-11 1.316782484722972335e-09 -4.189388763484427765e-11 -4.178497716562358941e-10 4.545698890393843898e-10 -1.104955762613110231e-11 3.335652699409624433e-09 -5.920508673256302495e-10 6.141677337898277551e-09 3.201842896558815858e-08 7.817723961900894411e-08 2.354551680572837930e-07 7.003861021070909927e-07 2.212715427507109479e-06 6.983246314768558292e-06 2.304800113885920642e-05 8.078545149707030103e-05 3.067635098159981100e-04 1.332567068726116157e-03
4.265104713405554193e-02 1.324516190569100405e-03 3.072351222744938563e-04 8.089297326017724115e-05 2.304933845053382308e-05 7.087687800866086663e-06 2.206255976332356166e-06 7.165090513258644277e-07 2.494576618715168554e-07 7.966777458256796272e-08 2.752383203923339305e-08 4.524624837582326108e-09 -1.219222240760589786e-09 -1.233652948868782003e-09 1.507134629528915567e-09 1.770298104411543054e-10 -1.042451074520330562e-09 -1.206919976635595648e-10 -6.777626439614287703e-10 9.872560108374053876e-11 -4.839706387004889096e-10 -2.180820151331660536e-11 -2.470434982830295374e-11 2.745378913057583891e-10 3.411730817978957672e-10 -3.863326875928381790e-11 -3.350932959515276354e-11 -1.555008626671282720e-10 -2.191671202640514215e-11 -1.020433854707151277e-10 -1.566335679314649046e-10 7.114245671816370271e-12 -1.196065090077198978e-11 7.231639010567709145e-11 4.672181914324459006e-11 -4.131177252246954992e-11 1.922520210455249565e-11 1.558528006028159599e-10 -7.071802986511247432e-11 -1.449449658679604706e-10 7.933819676944443962e-11 -3.844873056314186240e-10 2.154941265040481294e-10 1.560851228541826465e-10 4.909077139632831325e-10 -6.488508850180457214e-11 1.297298626733177924e-09 -5.891714548965918116e-11 -5.030266289398970626e-10 4.451305311599010125e-10 7.931275507523353007e-12 3.266324933014679375e-09 -6.276643099381225997e-10 6.181259534835158942e-09 3.206587216306282516e-08 7.839890437724333697e-08 2.358430890934707556e-07 7.019553684957618191e-07 2.212026761152033248e-06 6.985447738176995389e-06 2.305097566262648002e-05 8.079040465076525149e-05 3.067833628892375738e-04 1.332796083921474395e-03
4.265022036176974868e-02 1.324787435145340130e-03 3.071793504670971642e-04 8.091641349159276798e-05 2.305810062435413693e-05 7.087737743606618881e-06 2.208693667592057105e-06 7.178009258069915846e-07 2.504923949823130198e-07 7.925764235591974290e-08 2.691377371356494246e-08 4.272706359808613713e-09 -1.418409712945350916e-09 -1.330327061700397993e-09 1.679721418391622142e-09 2.371014170362550915e-10 -9.874079110275291346e-10 -1.490206502247076911e-10 -6.744734929568788858e-10 1.104321006704253216e-10 -4.543829558477358621e-10 3.061744710368252055e-11 9.830949113398046446e-12 2.826554079130445719e-10 3.415826640846875892e-10 -3.106407409490309086e-11 -3.385409121627766831e-11 -1.566019971957111559e-10 -1.642177924766330312e-11 -9.614389687394925295e-11 -1.634282697290565714e-10 7.229781375009807122e-13 -1.667264503661408109e-11 7.167051115143709947e-11 5.390873190933212822e-11 -4.312352267096828366e-11 1.662370524627482901e-11 1.705833921174901369e-10 -7.289836074821361988e-11 -1.593224048204829994e-10 9.045407935980118498e-11 -3.932798940769673092e-10 1.781267533860491624e-10 1.001607946004071599e-10 4.931738472280708774e-10 -4.612682707337557680e-11 1.335443225528432429e-09 -1.374347373839588501e-11 -4.193697472665495540e-10 4.780120762327745910e-10 2.032156823915186192e-10 3.472486680984703477e-09 -7.060684092520313121e-10 5.923690256154273719e-09 3.127235166530386783e-08 7.789195961876641262e-08 2.349993281009188910e-07 7.009806349892793106e-07 2.212078369246597713e-06 6.980939708080675640e-06 2.304858261606424608e-05 8.078773753898513689e-05 3.068175798701052478e-04 1.332888733538062712e-03
4.265062601377858642e-02 1.324980575454427940e-03 3.071496187112894463e-04 8.090601946310200230e-05 2.305012094912951414e-05 7.085922146027561467e-06 2.206481609390890097e-06 7.166467839832030543e-07 2.505442527766752516e-07 7.948429366824478267e-08 2.746689065206409300e-08 4.240011324708796991e-09 -1.371994276693971030e-09 -1.175537291089356315e-09 1.476923154611203395e-09 2.642800044691786204e-10 -9.555825126283638491e-10 -1.192578160759874378e-10 -7.396973507858101282e-10 8.162371079326372041e-11 -4.542078909458088440e-10 -5.069282875732717988e-11 -2.381539750638935697e-11 2.717504341664470377e-10 3.438248224613104203e-10 -3.907744931345756301e-11 -3.507960503269859314e-11 -1.542739235045607579e-10 -1.790469198167493642e-11 -9.670471988798993233e-11 -1.608572745298152997e-10 2.421674642987391754e-12 -7.854115537184766951e-12 7.648230441377159055e-11 5.612050126364801415e-11 -4.521630302815087396e-11 9.101537137042298080e-12 1.736388042499454582e-10 -7.019054022537446366e-11 -1.480353382178507294e-10 9.815807696887567025e-11 -3.583449769044249646e-10 1.970846498238222800e-10 1.180703785600332610e-10 5.098913269105447400e-10 -6.205371541403035405e-11 1.401623734601519550e-09 -5.105549333367599340e-12 -4.515255759719128456e-10 5.670221160044980310e-10 1.088955383216137832e-10 3.345590579821535289e-09 -5.183066020825083527e-10 6.125792424410293993e-09 3.212722778201950578e-08 7.848783446976655155e-08 2.354722455157467888e-07 7.000754468242584055e-07 2.210947874367077926e-06 6.982596925042177615e-06 2.303734248083881377e-05 8.077996040415310361e-05 3.068202121847437539e-04 1.332588759273287691e-03
4.264983591655095024e-02 1.325015259634925889e-03 3.072999613937721277e-04 8.093844324123867823e-05 2.305646547829382954e-05 7.085291631759786416e-06 2.207033902561759189e-06 7.159912897513590521e-07 2.500415468867493998e-07 7.919449396794121206e-08 2.735865229516670792e-08 4.568584488431277094e-09 -1.199986869395268545e-09 -1.071696507200143237e-09 1.613342898778019552e-09 3.476070363261093104e-10 -9.994347108188261124e-10 -7.482259911239398090e-11 -6.585424413501945009e-10 7.044162475959870118e-11 -4.822689582097427710e-10 -1.349281823581482998e-11 -1.604393957201388218e-12 2.616133053514556815e-10 3.338155423241669791e-10 -5.690536713361609486e-11 -2.952924362720024789e-11 -1.642946471145785345e-10 -1.774641242808489204e-11 -1.042473303540653670e-10 -1.617892404827052194e-10 1.714933853025482000e-12 -1.636404240670679291e-11 7.025601238875835397e-11 5.300945801904214708e-11 -4.968458412568109829e-11 1.270695125776832133e-11 1.746824051488575847e-10 -8.911220839248069387e-11 -1.675775242384388926e-10 8.979353125420031541e-11 -3.880313630681794782e-10 1.711868760369511776e-10 1.198157348567827821e-10 5.384782549371405472e-10 -8.120873973684503109e-12 1.385311843636746478e-09 -3.310761066520110912e-11 -4.687859683922319241e-10 4.678819114943594417e-10 8.418743252080608354e-11 3.169360658369995880e-09 -6.601837570621390023e-10 6.046239607429657965e-09 3.188876816827299537e-08 7.848107002220767088e-08 2.352027288778785101e-07 7.000028845394716322e-07 2.210976876371111881e-06 6.985377252330263364e-06 2.304270814252695841e-05 8.078366516791876727e-05 3.068160943189753844e-04 1.332795810145392511e-03
4.265072525115469471e-02 1.324654090726072250e-03 3.071605077186292444e-04 8.088305217521554161e-05 2.304203569908603547e-05 7.080424594357180312e-06 2.206934757498969507e-06 7.155696456079328878e-07 2.500749430661547548e-07 7.966727208574956766e-08 2.752026901840573211e-08 4.162749486213173282e-09 -1.185680547735637693e-09 -1.167539217426594919e-09 1.550216565872398182e-09 3.434146007776934718e-10 -1.027868111273968929e-09 -1.678207671158299771e-10 -7.156226683588690730e-10 1.231871191089468866e-10 -4.569207563314161753e-10 2.094086530894544086e-11 9.185619862074929849e-12 2.671972797949199532e-10 3.436048489100419716e-10 -3.056103407701368620e-11 -3.173443743586624677e-11 -1.648897408936557584e-10 -1.372901992288961624e-11 -9.360824574182560477e-11 -1.559075220721869264e-10 1.724357777598647937e-12 -9.455900446824851855e-12 7.818572669706555943e-11 4.768407246612107866e-11 -4.589736206631974862e-11 2.097922493246373706e-11 1.494939638663172534e-10 -6.984382354899892404e-11 -1.547495699255729309e-10 7.007846243185242119e-11 -3.678133843068395296e-10 1.559468663639700181e-10 1.195828923295433062e-10 5.676755973535135832e-10 7.823141157583468246e-12 1.348980537185906074e-09 -1.133650578433418879e-10 -4.620238977246381778e-10 4.626142990670638743e-10 -1.205857533115007879e-11 3.300437137726754139e-09 -7.375482646033763332e-10 5.869559648436658459e-09 3.179649147072630160e-08 7.848938454415818408e-08 2.353504124001709606e-07 7.010196696538480555e-07 2.210684817592509867e-06 6.980153378221953724e-06 2.305149208957375711e-05 8.080859327364795777e-05 3.067670543820851512e-04 1.332398801005864331e-03
4.265098392602520438e-02 1.324960503776071450e-03 3.072334943532111623e-04 8.087530797648616538e-05 2.304427615992476027e-05 7.079537858961286306e-06 2.207881049871714046e-06 7.168313966927054788e-07 2.497527108716317965e-07 7.920370558668418993e-08 2.729306634521056015e-08 4.135360232303585166e-09 -1.395710192293659291e-09 -1.219872409077044311e-09 1.743309267231063260e-09 3.701726330996425783e-10 -9.872961746923497272e-10 -1.392926281478363392e-10 -7.290367587507791606e-10 6.650903389573568969e-11 -4.401605200085478759e-10 4.387220028898570218e-11 6.881462548165866640e-12 2.866157991792087827e-10 3.295978645805237153e-10 -3.968550497005781043e-11 -3.200816333399690092e-11 -1.740320743605005240e-10 -1.129913849942960989e-11 -1.012171222837962654e-10 -1.612220194779211207e-10 5.601820735011382776e-12 -1.687610101234863901e-11 7.294672248479390873e-11 4.773559883320154385e-11 -4.623712134686439171e-11 1.481187591812871542e-11 1.755265474688777827e-10 -7.200029715632105135e-11 -1.602523243449922566e-10 7.510104239724897683e-11 -3.646576660692021829e-10 1.940400954308093821e-10 1.385754077498092588e-10 5.406010305725464117e-10 -3.956470756901236707e-11 1.290510733200100058e-09 -6.151291446761675955e-11 -4.844140318728599992e-10 5.438870714640615498e-10 4.983785830479424238e-11 3.283153429563212197e-09 -7.431287021051222326e-10 6.165876154143285468e-09 3.165457454294807064e-08 7.846106773954436876e-08 2.355753360246669673e-07 7.001028913843157697e-07 2.212452650594067795e-06 6.982274023983670739e-06 2.303653881070250072e-05 8.076512479211548745e-05 3.067348782524839429e-04 1.332791269041071159e-03
4.265006091926872717e-02 1.324904245705035757e-03 3.072347795619153796e-04 8.089295691702104267e-05 2.305795821985348002e-05 7.082077737283179580e-06 2.206236212576920716e-06 7.157822643585848617e-07 2.499574219294305237e-07 7.953068687920096738e-08 2.745526417751663689e-08 4.247831008594680476e-09 -1.228035390472494426e-09 -1.251992438260833166e-09 1.601923803720949105e-09 3.332497525001583490e-10 -8.912838844016433788e-10 -6.172652345490453255e-11 -7.101643349473477131e-10 8.285348464392002574e-11 -4.552140686142245860e-10 1.405733218294361402e-11 1.919235768365786228e-11 2.862454782321433346e-10 3.478665768783013542e-10 -4.430887786218850964e-11 -3.627250532064144220e-11 -1.663561829651685697e-10 -1.492528124131235660e-11 -1.006416739773443610e-10 -1.546852401052747367e-10 9.791916826027901085e-12 -8.516978336693168691e-12 7.273627241102730549e-11 4.889066489073626660e-11 -4.524342357119569290e-11 2.294879539424003594e-11 1.670404495085711066e-10 -7.725197859093211308e-11 -1.422037521964530740e-10 8.101730581962070862e-11 -3.778038180168341050e-10 1.964141349016662803e-10 1.179960467940929340e-10 4.909960324281032365e-10 -5.182598414245937028e-11 1.301600976695317247e-09 -5.678333902864168940e-12 -4.392896188054090783e-10 4.451360282406197397e-10 -8.916978791369977606e-11 3.220052992751108153e-09 -6.963906441922366149e-10 6.078696279548767684e-09 3.168240669971376343e-08 7.858613645355840631e-08 2.355970181832592320e-07 7.004978853012842824e-07 2.210356987887493994e-06 6.981459568860625989e-06 2.304977176995558650e-05 8.078340711445080951e-05 3.067202304094284251e-04 1.332730162295101255e-03
4.265007357696879581e-02 1.324909724538720452e-03 3.072063667258772310e-04 8.091317268060526410e-05 2.305834744917833391e-05 7.086768950247225921e-06 2.207354715984566514e-06 7.152328852349476854e-07 2.499933539206357336e-07 7.930552179283229337e-08 2.740066206998672901e-08 4.155487986315315720e-09 -1.313888217144125879e-09 -1.317369034808910022e-09 1.537556229543069328e-09 2.076576134766401535e-10 -1.053659733678151130e-09 -1.584822058107357755e-10 -6.800589910607664659e-10 9.097849217832594951e-11 -4.352579528604413495e-10 3.018412378011978855e-11 1.121500074738035192e-11 2.949862272101918221e-10 3.404580531086913905e-10 -3.990720793222078023e-11 -2.754939247774894758e-11 -1.568119321375006594e-10 -2.455733566920454763e-11 -9.399798152666772109e-11 -1.589372567675868395e-10 8.924940596025182767e-12 -5.698529820630057183e-12 7.325958238887661040e-11 4.986382950628100868e-11 -4.200878742878721341e-11 1.717780762294987418e-11 1.599398608947318413e-10 -5.764945547615231997e-11 -1.696486223279125376e-10 7.806381400626638856e-11 -3.629574034521233645e-10 1.879179977500031972e-10 1.304695454021076487e-10 4.926012414409677320e-10 -3.573361305119930101e-11 1.309562986204577770e-09 -4.914365962681480804e-12 -4.156733104232164482e-10 4.219465717828972841e-10 3.351345368074647546e-11 3.310274147439737932e-09 -7.268472084889597143e-10 5.873886821107847305e-09 3.156725391446122202e-08 7.827353289082931488e-08 2.351729662531279281e-07 6.995911080088097537e-07 2.211413448495016419e-06 6.983268756086104575e-06 2.304501574176645877e-05 8.078560310975126113e-05 3.067625459537351028e-04 1.332648727276520119e-03
4.265100546791894542e-02 1.325110384710964043e-03 3.072284691355049594e-04 8.089916463608240829e-05 2.305366829007515553e-05 7.083327048392549245e-06 2.205768902834153995e-06 7.156488995615547950e-07 2.491977629649571548e-07 7.940253313004973268e-08 2.772870103547879919e-08 4.470755312866656008e-09 -1.507587608819172860e-09 -1.496647862182672980e-09 1.478411078431073627e-09 2.695095187662067787e-10 -9.780988641498510359e-10 -1.324734238389009356e-10 -6.647520167305410296e-10 8.682400450507385982e-11 -4.552209718738976839e-10 1.040369857231347668e-11 -3.268774180229887795e-11 2.582381571454935934e-10 3.282403671989951056e-10 -4.234301565644946924e-11 -2.690806569450398140e-11 -1.576149101849561533e-10 -1.620797156111014568e-11 -9.681051341499171033e-11 -1.560698081709427441e-10 1.181042823780313906e-12 -1.232489405375560871e-11 7.524693198055870771e-11 4.972399447509032123e-11 -4.873509359550061826e-11 1.709582142835912732e-11 1.736642674245173482e-10 -5.893033320547133003e-11 -1.535039862654050357e-10 9.656956519175744581e-11 -3.786589769785662883e-10 1.716422200542185130e-10 1.297902259660424649e-10 5.029161358045394434e-10 -6.589071556859536836e-11 1.296460631330291509e-09 -2.768213024866774994e-11 -4.695611741303029678e-10 4.453169983160397130e-10 9.266872389564449179e-12 3.267337240874157977e-09 -7.069554515306071516e-10 6.332608456850283458e-09 3.201544643949527608e-08 7.815921925510148739e-08 2.357672004036830189e-07 6.994709240742228694e-07 2.212433616703794760e-06 6.981305622291356290e-06 2.304182371792000625e-05 8.078554795087851187e-05 3.067485869437563181e-04 1.332932932421042934e-03
4.265066811600451424e-02 1.324918119043151871e-03 3.072385718642237692e-04 8.091989310767139785e-05 2.305765168291070883e-05 7.085969508023547024e-06 2.209019842565304415e-06 7.172560382881678939e-07 2.497584110087186036e-07 7.888000822706400784e-08 2.718255859579206360e-08 4.243973304608215329e-09 -1.498040786012621696e-09 -1.082488930378735026e-09 1.614462174310357910e-09 1.565165430526095084e-10 -9.744005073169216683e-10 -7.821115891564422206e-11 -7.510901084421666293e-10 1.234461321242114965e-10 -4.858036849294981490e-10 -1.033561282567333616e-11 -2.095061297300194061e-11 2.747462334636242882e-10 3.386166238777160602e-10 -4.275540483611100878e-11 -2.502869687205597169e-11 -1.621634682738860899e-10 -1.912097898435252223e-11 -9.487936636217206991e-11 -1.573662872334636667e-10 3.568930703265768654e-12 -1.315896311951317336e-11 7.290147744606056508e-11 5.453556524751614840e-11 -5.031420097670090102e-11 1.598986331476636924e-11 1.661564894629581840e-10 -7.099832193460151212e-11 -1.447500875451919721e-10 8.474363397977551192e-11 -3.727902490273074496e-10 1.990547219229991516e-10 1.251123465025413724e-10 5.376055716324183793e-10 -1.081024734535949091e-11 1.368122006313832024e-09 -5.944772686481003250e-11 -5.174241502744038686e-10 4.580572656141355774e-10 1.603282308473064109e-10 3.305486769101841719e-09 -4.911600567487436958e-10 6.386007794359666414e-09 3.194944971651942201e-08 7.801544952714926228e-08 2.354321714561878033e-07 6.998722668892711391e-07 2.211514607072166854e-06 6.983798719556981827e-06 2.304721202263264378e-05 8.079727645280364821e-05 3.067195711953194523e-04 1.332499706471356685e-03
4.265038465968062215e-02 1.324925984144901875e-03 3.072670234332650508e-04 8.090639508720187396e-05 2.305508436353876701e-05 7.086727841556708104e-06 2.208553136299702022e-06 7.166400325978110789e-07 2.497302981160620650e-07 7.985173060952959986e-08 2.723592381336656904e-08 4.063167988123654602e-09 -1.534194708668099777e-09 -1.272257921722570071e-09 1.608647266700099494e-09 3.553874510591008225e-10 -9.340820251044437209e-10 -4.739203087728524241e-11 -6.680398229278767351e-10 9.288228316119321551e-11 -4.968401409871132086e-10 -1.242471048763010622e-12 -8.326456220092824411e-12 2.679080013595381229e-10 3.345778728132869339e-10 -4.248603745288136605e-11 -2.879766243106489843e-11 -1.580796453214425738e-10 -1.416923285917741161e-11 -9.603135123150817047e-11 -1.550955970551544620e-10 5.041879190892675482e-12 -2.464852707084212143e-12 7.305020892127886922e-11 4.312994433573891427e-11 -4.712870006902590427e-11 1.595613670310740900e-11 1.727967418467817554e-10 -7.772717383451136099e-11 -1.604958815411999072e-10 8.619932802715103722e-11 -3.790246734131148354e-10 1.769914958036177181e-10 1.329895074850586893e-10 5.302530658180054311e-10 -6.859297190825745545e-12 1.344064422885871911e-09 -4.219980717614040709e-11 -4.598370649407437705e-10 5.319725401766815576e-10 7.887274741501470869e-11 3.273685265578750971e-09 -6.328545148912743395e-10 6.118158790984132428e-09 3.182312892927553277e-08 7.794619676839496254e-08 2.356019516582570985e-07 7.013365806319625872e-07 2.210013072785900040e-06 6.982169676841511505e-06 2.305329024363019026e-05 8.079610442024906243e-05 3.068595099267092401e-04 1.333128590181978856e-03
4.265172849988348863e-02 1.325083538278545772e-03 3.072262770229183468e-04 8.090190018465259845e-05 2.305487739723724141e-05 7.081949566592758240e-06 2.207120337847215044e-06 7.172013571339472912e-07 2.499469451589794753e-07 7.953449928543877376e-08 2.715812037620836923e-08 4.276406361512639583e-09 -1.396433670567848444e-09 -1.293090322464115114e-09 1.631656605810308405e-09 2.765384491777819340e-10 -9.633553972031495816e-10 -9.617637294369074385e-11 -7.039295773345879668e-10 1.067353277360425975e-10 -4.320402257302537168e-10 -1.974226035954988876e-12 -1.477343244411038053e-11 2.748006620118087832e-10 3.416605632466258461e-10 -2.871325646607764900e-11 -3.415902766390832545e-11 -1.564620683999676497e-10 -2.234588689210350087e-11 -1.005492770459726117e-10 -1.579341087623429236e-10 2.441884082863723781e-12 -1.214647517352906911e-11 7.913582025570259616e-11 5.268376578260394116e-11 -4.287340344230608437e-11 9.162551403167148520e-12 1.614997205825819916e-10 -6.814959063227200707e-11 -1.590920705083460776e-10 9.213963183089595064e-11 -3.626623484618242445e-10 1.884579460467957831e-10 1.226824818674105811e-10 5.358896183390138441e-10 -7.487270388456967841e-11 1.322386246654591949e-09 -7.742387057007341414e-12 -3.298142828576739534e-10 5.236062755618435774e-10 1.380474190103508411e-10 3.224932960446605877e-09 -6.007967374437004617e-10 6.274835475001622950e-09 3.206415692206205226e-08 7.799111445087528376e-08 2.356645996482960561e-07 7.008598356847002749e-07 2.211919090566901315e-06 6.980141456543872994e-06 2.304275799612200614e-05 8.075799347204783195e-05 3.068063524216873899e-04 1.332344333279017077e-03
4.264973413037132649e-02 1.324480074248402623e-03 3.072075889956901533e-04 8.090969975633094434e-05 2.305685812659140284e-05 7.083002659068265985e-06 2.204306084267805407e-06 7.159416748619458902e-07 2.491452704612186763e-07 7.962060604789953668e-08 2.724216269180572777e-08 4.174329681933278482e-09 -1.462300196399776691e-09 -1.136938377990067357e-09 1.709712837708577684e-09 2.654993856491037886e-10 -1.003125607223098968e-09 -1.591866050211894915e-10 -6.746016587968939012e-10 6.290323222425281480e-11 -4.952647503458707546e-10 -2.874930245353603929e-11 -2.396130579659340509e-13 2.836679695701570089e-10 3.423148306081657155e-10 -3.651950494019369030e-11 -3.526497857461946969e-11 -1.541897470994542536e-10 -2.514239104815448782e-11 -9.827309546856219342e-11 -1.553568729632336231e-10 1.147344568570748919e-11 -1.236804281381569285e-11 8.133413430758915327e-11 4.884038271075732946e-11 -4.503612639257886534e-11 1.183620325494172425e-11 1.679428965752717608e-10 -7.845291925606198794e-11 -1.536915639490262995e-10 8.472464909900694823e-11 -3.695997469690049072e-10 2.053412408140157524e-10 1.289396302463292448e-10 5.160873864052452962e-10 -5.752411991602884317e-11 1.322652716757993695e-09 -3.243423987935260224e-11 -4.272147376363659732e-10 4.006958310336484670e-10 -5.449934640451989900e-11 3.299632130586936639e-09 -6.962604032205602542e-10 6.045640627063215937e-09 3.209144475459462232e-08 7.869667955105114749e-08 2.351934901494673920e-07 7.002154710510537346e-07 2.211331561181340795e-06 6.984652974723627130e-06 2.304618412268440039e-05 8.077971112498740771e-05 3.068750528994622817e-04 1.332911706883551468e-03
4.265052225391842422e-02 1.324689245210094839e-03 3.071836579899841027e-04 8.090219257443376786e-05 2.305038879467440446e-05 7.084328704506024285e-06 2.206563827167847989e-06 7.159105684791836960e-07 2.491413976052819668e-07 7.941068412762968110e-08 2.716025495999357336e-08 4.125783294082774668e-09 -1.223104361686064193e-09 -1.223806244905238663e-09 1.540258069249673668e-09 2.288920023286399718e-10 -1.003879367612345785e-09 -8.907614834434531469e-11 -7.274382289997520035e-10 1.128698503928619075e-10 -4.908084776498469468e-10 -5.890978697609751420e-12 -1.592496703324230434e-11 2.913714562837301474e-10 3.445680817331039166e-10 -3.991149945696437508e-11 -2.480033611616822845e-11 -1.545806615966002020e-10 -1.526800068061537007e-11 -9.880371710533830149e-11 -1.569194726524330132e-10 1.657642780201446169e-12 -1.010510469785142836e-11 7.557221545243400628e-11 4.869361547453374406e-11 -4.160230827104250873e-11 2.545606658233468182e-11 1.620564008762198310e-10 -7.188351873390395580e-11 -1.589001733544967349e-10 8.596907819325576950e-11 -3.816861716635724514e-10 1.936491848290314216e-10 1.003027266037762563e-10 4.680741810656156583e-10 -2.742226556685286945e-11 1.296678622956317006e-09 -5.456467653524712727e-11 -5.022048986856766913e-10 4.378493862908286253e-10 -4.862128582861000757e-11 3.239727663410523007e-09 -6.924972776155468517e-10 6.257090605764141236e-09 3.206227991108663001e-08 7.832975027202994515e-08 2.351592304956986713e-07 7.007457220619328961e-07 2.210171943160068903e-06 6.984742737977108975e-06 2.304651311530165104e-05 8.079553900354848788e-05 3.067928555273385471e-04 1.332594286212559391e-03
4.265052846306660594e-02 1.324735694809941631e-03 3.071825967038811040e-04 8.089410933240622154e-05 2.303964520915372760e-05 7.081996922548013137e-06 2.208107137783538969e-06 7.163693383447337101e-07 2.499786951453605384e-07 7.959146823191906828e-08 2.723941546740779514e-08 4.228590268969214606e-09 -1.182607589634949407e-09 -1.217149457661065499e-09 1.621908951966913604e-09 3.543598325861412271e-10 -9.406546960071105740e-10 -6.335839182964501298e-11 -6.866583295590850125e-10 1.122923253241228377e-10 -4.449716507115975009e-10 -1.624544023075631355e-11 -2.443096188552367954e-11 2.780780892815362073e-10 3.483710358516738613e-10 -4.888221160435553294e-11 -4.620385469315224826e-11 -1.646010483637230410e-10 -2.562760291667456087e-11 -1.020246044234600787e-10 -1.576695493551184612e-10 8.036033917211344379e-12 -1.520378995056458485e-11 6.427978255671630796e-11 4.346484763349747171e-11 -5.033158910111335147e-11 1.824557582454001922e-11 1.598749718070358629e-10 -8.622647624630085053e-11 -1.586532678267599864e-10 6.712165535488845397e-11 -3.827503277016093073e-10 2.098722359491010369e-10 1.319112904607972920e-10 5.020168698919381633e-10 -9.069192947559451604e-13 1.316884379612394307e-09 -3.475075842750259733e-12 -4.379315347490847077e-10 4.928513914624715539e-10 1.531305376591368147e-10 3.274538147794830760e-09 -6.216655875888177163e-10 6.022137502516767405e-09 3.167825666307264073e-08 7.846265577307871083e-08 2.352143845463162343e-07 7.003671694246125524e-07 2.209153414066098377e-06 6.982601361123821001e-06 2.304339827577648705e-05 8.078359907165093116e-05 3.068650596061204107e-04 1.332954429552522585e-03
4.265079298714324202e-02 1.324660381886453089e-03 3.071803202527757380e-04 8.089441799739058130e-05 2.305236391819105200e-05 7.087206319261198955e-06 2.207717382889310696e-06 7.155785079848284158e-07 2.500099158800615241e-07 7.970691554355486909e-08 2.714484922597519586e-08 4.336507549354185762e-09 -1.186781758082806367e-09 -1.341259931188817025e-09 1.550845128710198668e-09 2.913538626033433164e-10 -9.533765221632616360e-10 -1.136983473079315810e-10 -7.387430962198674536e-10 8.693074714252313111e-11 -4.623465146933363293e-10 -2.002893246155896065e-11 -1.173033525490239491e-11 2.506759067660052902e-10 3.317496628423914206e-10 -4.401336995656872552e-11 -3.534538125980612328e-11 -1.685964415075462093e-10 -1.754339214282561381e-11 -9.856214770187209301e-11 -1.596999543210733223e-10 5.755192931253252290e-12 -1.330591387246342926e-11 6.653561352148941708e-11 5.371163407072893221e-11 -4.522824890076241721e-11 1.438200959585287648e-11 1.727271098922417921e-10 -6.517734967620804293e-11 -1.515902206018380420e-10 7.556004409986920687e-11 -3.630950685794757314e-10 2.002918075370084228e-10 1.198707530207377900e-10 5.173680868475886441e-10 -6.004554185096076916e-11 1.332197596290396120e-09 8.287808560261294622e-12 -4.989439346824957059e-10 5.104553279300635386e-10 1.875883955497997202e-11 3.398219029879259235e-09 -6.037112585844594716e-10 5.867897800978595708e-09 3.171544924597984089e-08 7.782059711104572796e-08 2.350903810762111030e-07 7.003400872757128584e-07 2.211487301562553030e-06 6.984208764649811496e-06 2.303807258941992009e-05 8.078987600564267410e-05 3.068266044241049024e-04 1.332962646991463695e-03
4.265119799396677180e-02 1.325109047722706308e-03 3.071923196568968951e-04 8.089554157803520245e-05 2.304444648018471418e-05 7.084309556353998385e-06 2.206798049352377357e-06 7.162434374741442023e-07 2.494237202591955368e-07 7.984990971983459631e-08 2.712224410890648824e-08 4.341492865270076446e-09 -1.233619678351325380e-09 -1.172998096146194474e-09 1.570872211858113487e-09 2.941875740093943962e-10 -9.877220738695181238e-10 -1.105158931576364791e-10 -6.980058716922685950e-10 8.512464503788485785e-11 -4.684059667342739598e-10 -1.528572953349595497e-11 1.165749681319243311e-11 2.991364856292503223e-10 3.397542700813094624e-10 -4.776368313217522079e-11 -3.806279322124611369e-11 -1.674815901828332299e-10 -2.332821578472184739e-11 -9.729440389704781192e-11 -1.645303606563045373e-10 -1.551866957303698440e-12 -1.435080956358347662e-11 6.662048776378746959e-11 4.053685317022013026e-11 -4.356227068019311977e-11 1.589478079719658788e-11 1.645225677255137366e-10 -7.951544951305053246e-11 -1.667072087859534681e-10 8.819830005115764810e-11 -3.821802152678173463e-10 1.979053194799993488e-10 1.225928885493264054e-10 4.970989392731659114e-10 -1.165918875578321246e-11 1.325657476445995641e-09 -9.157751386388931227e-11 -4.808840484010518591e-10 4.645915546005762937e-10 -3.695856950298457006e-11 3.359573955636990852e-09 -4.471083040253900741e-10 6.373121660667057433e-09 3.191206067772078949e-08 7.835864017426495683e-08 2.355513853433172068e-07 7.003746530376934509e-07 2.212087053637924978e-06 6.983549342828592806e-06 2.303815638094468789e-05 8.080035163706901665e-05 3.068192353121201627e-04 1.332632572287879673e-03
4.265097807231723465e-02 1.324906209652560547e-03 3.072051769933159017e-04 8.091815076205004741e-05 2.305668739624002739e-05 7.083985940418419549e-06 2.206800910439264834e-06 7.156249028123307412e-07 2.491595421086581494e-07 7.966540620121095216e-08 2.748402123266546160e-08 4.100679825572943234e-09 -1.390290158265693478e-09 -1.221722656757020889e-09 1.567677948870465307e-09 3.096100773754595452e-10 -9.617582521401747970e-10 -1.484841007751027193e-10 -7.205792298868979302e-10 9.115223208759023178e-11 -4.711846196434997606e-10 -3.075675884919781620e-11 1.014554090780437286e-11 2.869973552218369632e-10 3.576667043564641030e-10 -3.677222776183462270e-11 -2.911788135936014831e-11 -1.614849280980017182e-10 -1.661085995093004034e-11 -1.039768959479758881e-10 -1.635875840950414516e-10 4.154084199276590576e-12 -1.236942035250512276e-11 6.845447535628152585e-11 4.327963974263552559e-11 -4.864247445326343247e-11 1.624098829573628347e-11 1.680234265164206748e-10 -7.087934672517370976e-11 -1.678252081130798323e-10 8.499381781717510868e-11 -3.772232202624491457e-10 1.943443412853862710e-10 1.152043564223818736e-10 5.319458131869672095e-10 8.146509313646827553e-13 1.412444358532310815e-09 -2.789013583826015209e-12 -4.250720005470510673e-10 4.307982749685789441e-10 -1.025119482328469481e-11 3.253845280305292463e-09 -6.714391863412809095e-10 6.394707733982605150e-09 3.237740753393863344e-08 7.854470958236720228e-08 2.355325842986905999e-07 7.004410626386936317e-07 2.214343680323997907e-06 6.989430258421968748e-06 2.304592895314700105e-05 8.078958466158703614e-05 3.067821755312137686e-04 1.332520234547964616e-03
4.265092890397442077e-02 1.324617148088801794e-03 3.071869888691729439e-04 8.089359442164680534e-05 2.305880762250111751e-05 7.084645563280935530e-06 2.206987448840226189e-06 7.158207127322652260e-07 2.498796955564408944e-07 7.972810500392664095e-08 2.724017607501415855e-08 4.310237662846333157e-09 -1.312840432811877284e-09 -1.104294476713499364e-09 1.477375802151131392e-09 2.395191177670855190e-10 -9.422917190387729807e-10 -1.745647319337420129e-10 -7.443430629383456302e-10 1.070625926723274647e-10 -4.727397008535119125e-10 -1.256325813176760974e-11 -1.142925052120742929e-11 2.817599898123310451e-10 3.254198599204037143e-10 -4.810905030699785129e-11 -3.697407702504747868e-11 -1.610577550851463926e-10 -1.645446071977403219e-11 -1.037809225587139538e-10 -1.631821765103188827e-10 9.202170769275888956e-12 -1.231934298379427448e-11 6.964802097432785646e-11 4.906208557247754754e-11 -5.031356338486180060e-11 8.041679838566920443e-12 1.641444731172868746e-10 -8.428991658208307166e-11 -1.432603598547779802e-10 9.004180326558213651e-11 -3.802834555521286754e-10 2.139359921682117010e-10 1.178421114410083329e-10 5.095811754586114458e-10 -2.831049743455761548e-11 1.354406422625473597e-09 5.466105468475900971e-11 -4.225912905561691468e-10 5.870922555954802935e-10 1.292063130356918901e-11 3.279486577828524209e-09 -7.215108579377619379e-10 6.361223783814718309e-09 3.210283571143795762e-08 7.830542525063697486e-08 2.360415765224140693e-07 7.015186365918596394e-07 2.213860300036217093e-06 6.985596346448121680e-06 2.304889862064575691e-05 8.078061054930464515e-05 3.067684918864159991e-04 1.332818291199370109e-03
4.265043440051058399e-02 1.325119802256470060e-03 3.073208030742050957e-04 8.090514391466207362e-05 2.306364592296305112e-05 7.083511348411546315e-06 2.207547359132330680e-06 7.170721281295005295e-07 2.491383220610780840e-07 7.920726677242374538e-08 2.729042540686351935e-08 4.432678261598838943e-09 -1.214852571706658551e-09 -1.208048362914167550e-09 1.663140089077203611e-09 3.874038544918063237e-10 -9.489816913975618104e-10 -5.023589287955763670e-11 -7.438605381999745233e-10 9.858025982816429637e-11 -4.354168792598207863e-10 2.512042308866463180e-11 -9.400516931237778548e-12 2.846716521216800854e-10 3.427073804552706042e-10 -3.276510507235130256e-11 -2.124753830646247292e-11 -1.459296973745470259e-10 -1.814538410197960266e-11 -9.626844325285526466e-11 -1.640000628855402979e-10 2.404240108984141030e-12 -1.065925807455248969e-11 6.814260378481945926e-11 4.836956107056342602e-11 -4.543786851463436396e-11 2.545642865593463319e-11 1.683630429599831794e-10 -7.588163672645918649e-11 -1.595770401497573053e-10 9.217235832580547388e-11 -3.910356551438855927e-10 1.900422238490075252e-10 1.288369019945604082e-10 5.019322714971487487e-10 -1.349156531530135070e-11 1.318306928193377307e-09 1.837970600256097416e-11 -4.328479658584314361e-10 4.897716076930324506e-10 9.724892479106993898e-11 3.317633193427349448e-09 -4.769915790221811446e-10 6.197827789287753826e-09 3.153879015792861269e-08 7.823356476153343256e-08 2.356554730265723997e-07 7.005111492794501483e-07 2.212917398376559326e-06 6.987060053744399897e-06 2.305671779310742019e-05 8.080108669421026983e-05 3.068354525499567497e-04 1.332900990999484224e-03
4.265062400924093250e-02 1.324841112147429143e-03 3.071900237399864220e-04 8.090638936613025404e-05 2.304154579062747760e-05 7.081566083687051282e-06 2.206636818048874347e-06 7.154707975954461819e-07 2.499526528975024755e-07 7.953823046209161908e-08 2.773508954343285211e-08 4.376486787718724814e-09 -1.354241763624862248e-09 -1.302907812152544983e-09 1.691949428695376403e-09 3.345386730096246782e-10 -8.623920482377583848e-10 -1.407446546758578278e-10 -6.956090164121598426e-10 1.130076102692650440e-10 -4.451609135919234099e-10 4.938379204756211125e-12 2.073544822139116310e-12 2.700625651909941390e-10 3.415783245038706724e-10 -5.273852493549186614e-11 -3.398767266199700374e-11 -1.531549953009630779e-10 -2.378219982941789419e-11 -1.008803872613044834e-10 -1.595931263503471494e-10 4.419166072505296172e-12 -1.604793244483551972e-11 7.250234067768589080e-11 4.069782599214403084e-11 -4.672366211730126976e-11 1.884758099238696015e-11 1.708352761952242809e-10 -7.319525447796424505e-11 -1.526431930384859517e-10 8.201792478622278577e-11 -3.696402106782642508e-10 2.025271403012208195e-10 1.087703429287212009e-10 5.249798345398417722e-10 -3.123988772222891181e-11 1.324965702756035210e-09 -3.671595517372884861e-11 -3.837171853385205292e-10 4.690865194303560612e-10 4.499181187199326732e-11 3.261230520293538025e-09 -7.324171368844496774e-10 6.405965884196533547e-09 3.189322098539510794e-08 7.837710951759888409e-08 2.354007535172400426e-07 6.998667605083229797e-07 2.210772858470766599e-06 6.982258953281877016e-06 2.304241775836711516e-05 8.075425441077763459e-05 3.067686201221637575e-04 1.332605459177235024e-03
4.265104160353823393e-02 1.325228987940534845e-03 3.072473805178315667e-04 8.090311696703814093e-05 2.304602190564740023e-05 7.079246944442417118e-06 2.206371711922739206e-06 7.163106841802652668e-07 2.492872480231350642e-07 7.930222818680186442e-08 2.751092817753430156e-08 4.443460171862318164e-09 -1.288215637311913169e-09 -1.092289075771724433e-09 1.737314447799900413e-09 2.871914702982223417e-10 -1.003426996914450251e-09 -1.559385654439504443e-10 -6.810845959947773163e-10 6.468531453354900266e-11 -4.720907076711836510e-10 -3.185481725797305074e-11 -1.670892790611297577e-11 2.701997106940050594e-10 3.454592097664116507e-10 -3.933849018125800426e-11 -1.907476217789552498e-11 -1.514499428231783088e-10 -1.599498994038645952e-11 -9.862725280292523722e-11 -1.589997870044030114e-10 5.137198771518722000e-12 -1.116901897417080658e-11 6.839549350179529597e-11 4.386423173273765765e-11 -4.631958164413068560e-11 1.870310475573796577e-11 1.635586008956113726e-10 -7.234321872537825586e-11 -1.517629990481988390e-10 8.775210553121533861e-11 -3.948452292321707707e-10 1.818640157892070548e-10 1.212996929065490710e-10 5.222391159407280416e-10 -7.069376629810213412e-11 1.350103456923088948e-09 -5.509644374763344232e-11 -4.702290356437239272e-10 4.648628864589353230e-10 1.139970248588383090e-10 3.401021022123486268e-09 -6.012393922832473673e-10 6.179332321293312601e-09 3.198029563689353986e-08 7.841774623705656943e-08 2.354635112863816770e-07 7.008558313134497385e-07 2.210921415351148677e-06 6.983458010694859317e-06 2.304444209702297968e-05 8.078131184335559300e-05 3.067512755014022542e-04 1.332670389504759601e-03
4.265046056015670689e-02 1.324708739698988221e-03 3.072531655507234737e-04 8.091309925790501206e-05 2.306160433772418982e-05 7.084004022699953131e-06 2.208228164436839433e-06 7.168131361191818418e-07 2.502832498175174177e-07 7.947572317899006991e-08 2.723663453441981438e-08 4.322520080665472205e-09 -1.479520060774509198e-09 -1.265154699960404900e-09 1.614616641448025238e-09 2.901822041575606190e-10 -9.518994389862314070e-10 -1.422223929384658593e-10 -6.908426288958931691e-10 8.002667837854945132e-11 -4.588966878526463955e-10 -5.374246787703331546e-12 -2.283120782240982484e-11 2.800031597879395621e-10 3.334130755890621846e-10 -4.731358943839951431e-11 -2.837951914914734333e-11 -1.608409755485925520e-10 -1.542036163453148716e-11 -1.022427300267973557e-10 -1.547602905212965018e-10 2.446431972131454399e-12 -1.046620882446104358e-11 7.361906468074917406e-11 4.884260071111275946e-11 -4.845762509603853085e-11 1.213024858624591940e-11 1.662399528987184334e-10 -7.854175502019586618e-11 -1.584340882683062134e-10 8.605740358203385528e-11 -3.847343341551659579e-10 1.991262159329018243e-10 1.201857624049107487e-10 5.249556383758147689e-10 -4.262982339930932412e-11 1.344442369409577062e-09 -9.765045707332605123e-11 -4.573358551336433702e-10 5.280462351393392263e-10 8.504492338447039791e-11 3.443006919984820837e-09 -4.784672489580647459e-10 6.228528232502909124e-09 3.193036127555605163e-08 7.789161848766050286e-08 2.350173560478158440e-07 7.002941778632498603e-07 2.212892379863053740e-06 6.984328952985434085e-06 2.304625159165563669e-05 8.077171733218828115e-05 3.067814216555857210e-04 1.332557354438126691e-03
4.265132500005044958e-02 1.324134515536704070e-03 3.071623808403335914e-04 8.087796994687741910e-05 2.304954183917840629e-05 7.083595880505932480e-06 2.207265935051466373e-06 7.165761189560827498e-07 2.496208387607274404e-07 7.955542963240225738e-08 2.738623577285567470e-08 4.448976140885567823e-09 -1.180310103391171742e-09 -1.113313681013886867e-09 1.652533104242236340e-09 3.133753677632464034e-10 -9.670269422821641537e-10 -1.846299582168124152e-10 -7.341396091818135600e-10 6.561910262792453912e-11 -4.820211754700150032e-10 4.061754620563933751e-12 -1.791131878073048974e-11 2.694778996226619559e-10 3.417538457390221834e-10 -2.554664267622216240e-11 -4.338703495430939207e-11 -1.577030266092329298e-10 -1.415058357145939648e-11 -1.021828487116601021e-10 -1.575079944438602824e-10 2.941291615792903432e-12 -7.182897261785192009e-12 7.107525292183273247e-11 4.264661377293306016e-11 -5.181126924871261696e-11 1.306880263191900808e-11 1.610987525383551163e-10 -7.854459350333165071e-11 -1.652092705734623944e-10 7.233167526467919875e-11 -3.698958121913903323e-10 1.823550111720519646e-10 1.314346097564868850e-10 5.250062434632771466e-10 -3.883894384956032231e-11 1.348861126894938827e-09 1.460895908879764672e-11 -4.220872088308549784e-10 4.953771578311602106e-10 -6.692158204364535342e-11 3.288289139932941626e-09 -7.539505857397180370e-10 6.095249820881260898e-09 3.152375872379099730e-08 7.796678430263496896e-08 2.354930638110512722e-07 7.002123799089599449e-07 2.209319298086307239e-06 6.985005324420597044e-06 2.304690068931198829e-05 8.079053634830672779e-05 3.068876569666144014e-04 1.332730136971287463e-03
4.265089658341449791e-02 1.325035991925509844e-03 3.071662864378428386e-04 8.089893805433788477e-05 2.305927381502899734e-05 7.083229639518178176e-06 2.204906519746861018e-06 7.163781247743439520e-07 2.501645587154511188e-07 7.961709353291969646e-08 2.722902609426975781e-08 4.382451390922899562e-09 -1.149695457025927643e-09 -1.175883516610375400e-09 1.710183366877320707e-09 3.171924181646917687e-10 -9.463197561473389454e-10 -1.208715116524986706e-10 -7.318795677301320341e-10 9.360029398145008086e-11 -4.535406254951407607e-10 -2.568433728509682428e-12 -2.517294794705719765e-11 2.816632943954265459e-10 3.553091435630114513e-10 -3.489392061404300967e-11 -2.649880252657681787e-11 -1.561047659859908247e-10 -1.899062463773193971e-11 -1.028429906508017543e-10 -1.538900800028362397e-10 4.597260981662419110e-12 -1.449536438834182899e-11 7.232744921194827326e-11 4.612515660898556826e-11 -4.549840241548385803e-11 1.401003036235355635e-11 1.786896016180370432e-10 -6.761310716144791314e-11 -1.399639966950643917e-10 8.476376524504036126e-11 -3.850558263809415590e-10 2.000191574805167360e-10 1.216378640807442152e-10 4.937094686820191750e-10 -1.014123224315235801e-10 1.337529911245931124e-09 -3.398852747023341789e-11 -4.529061192378469756e-10 4.524916754309635002e-10 3.543977607653945747e-11 3.365118616738310741e-09 -6.623023409979026875e-10 6.191846465955247761e-09 3.193054149947539637e-08 7.851185511695919474e-08 2.358970154110192563e-07 7.000233805229087719e-07 2.210502716547080323e-06 6.983697565423205720e-06 2.304219440648424497e-05 8.077675531352982048e-05 3.067354200175979417e-04 1.332583252258142141e-03
4.265106075939917307e-02 1.324894920794082546e-03 3.071962858536152782e-04 8.088291914252434178e-05 2.303705024257639552e-05 7.082346875042811414e-06 2.206494569003380572e-06 7.146946908746864773e-07 2.492464108439596857e-07 7.897388046513073026e-08 2.705961337190594336e-08 4.058055959722635732e-09 -1.175064376172098614e-09 -1.329278736996672380e-09 1.617367489323812270e-09 2.791531056561240976e-10 -9.751453169130832656e-10 -6.602306314052706400e-11 -7.029664062743012174e-10 8.941050431069562788e-11 -5.006981893938469479e-10 8.475455908245520495e-12 -2.615617469179185316e-11 2.909915560642734731e-10 3.530203791181074120e-10 -4.677548370010007537e-11 -3.498597516481668365e-11 -1.603830268669362004e-10 -1.750135819740188368e-11 -1.054374824910867321e-10 -1.524942170212670263e-10 9.169037970513324211e-12 -7.056440034193672448e-12 7.610617027573687857e-11 4.280550411898260403e-11 -4.134942293990898724e-11 1.850847184091780654e-11 1.741926793357094392e-10 -7.905441161184219059e-11 -1.401134882847078817e-10 7.482141564439830824e-11 -3.786347908728780516e-10 2.166364525059696899e-10 1.557304648472976171e-10 5.327966262068314089e-10 -1.640419349078512134e-12 1.368730732572142344e-09 -4.280397848243890660e-11 -5.253506229813096002e-10 3.968047725883353167e-10 -9.750816797485453350e-12 3.302136266473274992e-09 -5.615385008961570781e-10 6.173762283336204918e-09 3.203055182768274748e-08 7.867617602845654739e-08 2.356330540981077900e-07 7.006447570762214809e-07 2.210364796329187319e-06 6.983530812852522244e-06 2.305159517460823672e-05 8.081368093101075529e-05 3.068571824842961809e-04 1.333145923071209302e-03
4.265144682722935010e-02 1.324761589093944453e-03 3.071673153619512426e-04 8.091350744764731360e-05 2.304606913538707441e-05 7.084729262141413595e-06 2.205781652265571570e-06 7.154973327821797946e-07 2.499279605058518085e-07 7.918727875001629047e-08 2.746411827058438865e-08 4.289589220368482607e-09 -1.509491342762011382e-09 -1.327678594423169484e-09 1.546819152376014869e-09 9.510334072886731671e-11 -1.079915126711465666e-09 -1.519960271784569333e-10 -6.966043711810467010e-10 1.074363850030289092e-10 -4.818834624632340573e-10 1.620383449072005438e-11 -3.250596192359150252e-12 2.679148011751437926e-10 3.345907538526109298e-10 -3.401175059470364321e-11 -3.373233284791619990e-11 -1.632968368875748301e-10 -2.983168290565169298e-11 -1.103134623170025716e-10 -1.655844009620046082e-10 -1.873871595202633646e-12 -1.000198020346727483e-11 7.222880070437643305e-11 3.975711627898434524e-11 -3.938353734188962224e-11 1.436430607380803876e-11 1.654050957941608998e-10 -7.070629195046086313e-11 -1.448300360801009915e-10 9.284298098318042734e-11 -3.606872297912989073e-10 2.039274146365856177e-10 1.552113003078337661e-10 5.149257931546878351e-10 -4.457761379380383085e-11 1.314349767496099806e-09 -1.398928557897978901e-13 -3.914726590311830644e-10 4.691028168836889758e-10 2.626428263248687750e-11 3.404122293555494925e-09 -7.610566215244803179e-10 6.132527508412934043e-09 3.184132056166064183e-08 7.831136918576596616e-08 2.349560997301226456e-07 7.007318596894159669e-07 2.208681583767854769e-06 6.979444684038049916e-06 2.304344208743670582e-05 8.074026455650535413e-05 3.067698080416270210e-04 1.332944694743471272e-03
4.265070717546053103e-02 1.325369717566579793e-03 3.072940844420044980e-04 8.089728126303683572e-05 2.305068863159279025e-05 7.080786162800104383e-06 2.204438611028664444e-06 7.155712075863912004e-07 2.488236497893209157e-07 7.973436056829842574e-08 2.744365841473110839e-08 4.420532113773763314e-09 -1.292385163402069233e-09 -1.291153277825156224e-09 1.462849787229654322e-09 2.651906955825950778e-10 -1.007550483334557749e-09 -1.052328648804701664e-10 -7.148138959897880012e-10 6.215419505737941055e-11 -4.926103358970359750e-10 -4.597424392778784468e-12 -4.293556051103537329e-11 2.746657627642353889e-10 3.243398714733713967e-10 -4.247451644793326118e-11 -2.423436034162941844e-11 -1.504132110324008193e-10 -1.346027889651155221e-11 -1.024487383998729513e-10 -1.555584838011861131e-10 2.741318358588203248e-12 -1.455953126512266962e-11 7.318643194342379610e-11 5.032825865593176739e-11 -4.144798984194263165e-11 1.804421122067407179e-11 1.760709954658272063e-10 -7.428725874981750201e-11 -1.428567474203146653e-10 6.701880096418405299e-11 -3.711344942188452215e-10 2.087424782885505218e-10 1.249113532997106297e-10 5.190951985770293334e-10 -4.789015099656599082e-11 1.331713302984720522e-09 -3.200483675187793638e-12 -3.746903291705217355e-10 4.422210397137237809e-10 -6.142155496877232174e-11 3.374115115544550969e-09 -5.536817121782394832e-10 6.416728548627453400e-09 3.175709710815096556e-08 7.810172793670833447e-08 2.356293477259999461e-07 6.999288248161010151e-07 2.211253440096358034e-06 6.986676752503826958e-06 2.304239502582821429e-05 8.076185623218982653e-05 3.068506643689498871e-04 1.332798896739517550e-03
4.264971096522662125e-02 1.324949566806347045e-03 3.072468196760808133e-04 8.091340778693996037e-05 2.305129760051549624e-05 7.085721772135996618e-06 2.208150659161530180e-06 7.156094321853229650e-07 2.502243636412778160e-07 7.975736479108945286e-08 2.740560007369029368e-08 4.127486325529069941e-09 -1.226850655936588359e-09 -1.346455693685496966e-09 1.614816052893141529e-09 3.075434177195579074e-10 -9.721506839367863459e-10 -9.533499214878153378e-11 -6.834984628302883519e-10 6.096962562094869886e-11 -4.728661753963795341e-10 -2.710444650626120156e-11 -9.895060624581030195e-12 2.942404561149907340e-10 3.407133360179691211e-10 -5.422076151666098601e-11 -3.935938479870126242e-11 -1.616853710988919330e-10 -1.992133889218580063e-11 -1.013465251990747484e-10 -1.541559103612491525e-10 6.159876105221642212e-12 -1.498775122531556428e-11 7.677277126561387311e-11 5.044992493457714760e-11 -4.868888009527076134e-11 1.604664784036205103e-11 1.782464903136739788e-10 -7.689396732944541142e-11 -1.681192944499459828e-10 9.049619794167811883e-11 -3.875961999200249358e-10 1.975666578111321181e-10 1.381717108657028187e-10 5.017993958560254940e-10 -6.036717287618367404e-11 1.340454094163291301e-09 -4.753384348619687765e-11 -4.944497954322621513e-10 5.568802168491397915e-10 7.492205269429909441e-11 3.236054737701731430e-09 -9.559931896041422413e-10 6.058282699399046175e-09 3.185317154229960859e-08 7.817319647719905696e-08 2.358898944443393122e-07 7.006475316203328981e-07 2.211226904315651778e-06 6.985728272980303362e-06 2.305442480220492422e-05 8.080515014698475321e-05 3.068775151216857002e-04 1.333137737254998451e-03
4.265050740999152407e-02 1.324359220685711672e-03 3.071641676448033827e-04 8.089334267458289564e-05 2.304516200407495378e-05 7.085423358148620599e-06 2.207605740816093280e-06 7.167305608722869760e-07 2.495648998605303669e-07 7.974308636138509392e-08 2.733881106789462085e-08 4.304818389807221104e-09 -1.232889502478538050e-09 -1.258973828066964260e-09 1.560867329084232175e-09 2.961245661648719530e-10 -9.403981676633838195e-10 -9.705736425386443350e-11 -6.730208771379753564e-10 7.318075763631261891e-11 -4.717578354787969591e-10 6.797438372870380331e-12 -2.262687830598974208e-11 2.877684459174491066e-10 3.301738936630871598e-10 -4.945081231364426172e-11 -3.871824670153765348e-11 -1.592196519475868120e-10 -1.341304293938784229e-11 -1.041576142881068114e-10 -1.630027201802722780e-10 8.226592854638767096e-12 -1.024205944462486059e-11 7.188731113106096683e-11 4.593703358940915936e-11 -4.767839702293995029e-11 1.383842726354920638e-11 1.653624451708763545e-10 -7.603344117650971596e-11 -1.474957511463052097e-10 7.714230691739717391e-11 -3.836091942952474572e-10 1.866006495043707810e-10 1.607336147916835032e-10 5.191083403666624140e-10 -2.443504427519624991e-11 1.374917825292667227e-09 2.364886353280007031e-11 -3.872510612559171630e-10 4.971071020076847636e-10 1.227077464829086488e-10 3.287477186791550863e-09 -5.850655364449966323e-10 6.324192661026369960e-09 3.184361893199656676e-08 7.838239227398310278e-08 2.351898057202415493e-07 6.995843045185119239e-07 2.211300062404406055e-06 6.983892253221868334e-06 2.304310386541115447e-05 8.079822240459966839e-05 3.068952807635888188e-04 1.332729431588752095e-03
4.265168633374409601e-02 1.324924700540292336e-03 3.072673488041263810e-04 8.090676753505348653e-05 2.305271939025771717e-05 7.084570246339642175e-06 2.207939028417379063e-06 7.173309816081081835e-07 2.500423841081994062e-07 7.917292480255133551e-08 2.703657911928026883e-08 4.335506651043900920e-09 -1.397433545233096369e-09 -1.286055062657142479e-09 1.506288443053736846e-09 1.882379966414130570e-10 -9.836041262470447392e-10 -8.891190849873085259e-11 -6.872004438225158242e-10 7.772154885530526331e-11 -4.799480103103533150e-10 9.841360441294669080e-12 -8.047574880410215788e-12 2.573047227555713847e-10 3.355444897254812495e-10 -4.058302572466057620e-11 -2.429158142585852158e-11 -1.592474680609386848e-10 -1.753360253912742190e-11 -1.028643666008968458e-10 -1.576124891421498198e-10 7.904784329775521927e-12 -1.081787692302529308e-11 6.735249997307726230e-11 4.618244980491148956e-11 -4.288752456796638957e-11 1.180181836547292403e-11 1.629749394827371207e-10 -6.864164854042841365e-11 -1.353307061242352061e-10 8.984872782301278596e-11 -3.718955100627669650e-10 1.960208019321124823e-10 1.403500881795604749e-10 4.867005141516411890e-10 -4.073186157659736066e-11 1.362025957585750851e-09 -3.000428135250134675e-11 -3.974384048379130314e-10 4.508313079884773106e-10 1.574071047875145730e-10 3.349926797132539161e-09 -8.114963103027080295e-10 6.136794376796835652e-09 3.217135307940130594e-08 7.852480806442332921e-08 2.355720942142703349e-07 7.008388466601702963e-07 2.209205208116492231e-06 6.979584611491647812e-06 2.304216059555073712e-05 8.076519354832859920e-05 3.067488994485839974e-04 1.332508789785243758e-03
4.265016633079878744e-02 1.324955490986482430e-03 3.071944200136113474e-04 8.090016788073283555e-05 2.305344539194052698e-05 7.083616207566857593e-06 2.207776217092742354e-06 7.168476231625123998e-07 2.503241424694349479e-07 7.915108875304157239e-08 2.724793859210031645e-08 4.353170374487299692e-09 -1.372534000790408969e-09 -1.227897810852115387e-09 1.721138478610449031e-09 3.378955021365121423e-10 -9.926335307089056986e-10 -2.264382715813134402e-10 -7.620501645002388573e-10 8.711125688767674923e-11 -4.702420097664155493e-10 9.357272024875266707e-13 -5.668635010993888196e-12 2.784017926883863136e-10 3.472206267826884320e-10 -3.555593753353678608e-11 -2.818107230848173078e-11 -1.610469744020710668e-10 -1.663803975019081489e-11 -9.647489734978617593e-11 -1.646341185324075539e-10 4.327877378643970949e-12 -1.266543028543185364e-11 7.498102735604252461e-11 4.503046893078054195e-11 -5.220266958349060701e-11 1.693366185687392160e-11 1.619228222003377245e-10 -8.114094026944252036e-11 -1.717807125574719092e-10 6.616824672864790308e-11 -3.944359319670503858e-10 1.798212871675460072e-10 1.396790018353572035e-10 4.757377457026815944e-10 -3.330140081535293575e-11 1.323514121401532295e-09 2.092942810892164225e-11 -4.452427109212808657e-10 4.540587664505872052e-10 4.455865475465232840e-11 3.408252300578562795e-09 -6.728893796623706908e-10 6.238627938018566100e-09 3.165155649374843069e-08 7.788864013575399153e-08 2.352353988937117844e-07 7.005434532034384448e-07 2.212041981780630951e-06 6.985475915961873944e-06 2.305140138424839919e-05 8.080512189722829659e-05 3.067637527168282021e-04 1.332857036412851042e-03
4.265094416333958111e-02 1.324601913367866269e-03 3.071774237149612870e-04 8.089573244711714889e-05 2.305602676418457535e-05 7.086100072483419551e-06 2.206826104723463146e-06 7.161821206316660975e-07 2.500407516418896726e-07 7.917931102852048642e-08 2.700103534976612815e-08 4.371398855158248324e-09 -1.159869585865282578e-09 -1.441783071518619424e-09 1.581950880121633696e-09 2.912411273832753825e-10 -1.056107952819484361e-09 -2.213590966023553199e-10 -7.386092962505064819e-10 7.728641937846543179e-11 -4.810665523839170623e-10 -4.100115316850525394e-11 -2.509311377892322319e-11 2.772534477071298531e-10 3.387571710140615311e-10 -5.185478739025094455e-11 -2.321091478563357361e-11 -1.577342229090062512e-10 -1.928684873400266021e-11 -9.707549269849035815e-11 -1.544234791799992254e-10 7.506610355690971777e-12 -7.250688007091249484e-12 6.850452574900301420e-11 3.513551376899797117e-11 -4.648163003146040714e-11 2.095945943228719150e-11 1.704507360369387601e-10 -7.793014392510077469e-11 -1.527876891651314877e-10 8.452181941484925502e-11 -3.625424063473229307e-10 1.760772875413683774e-10 1.472313762132203411e-10 4.922672241891032044e-10 -4.089011879872408477e-11 1.306339578394539056e-09 -5.077227795406973937e-12 -4.964873116625884871e-10 4.997116567411217742e-10 1.825703371565559800e-10 3.406246882461110536e-09 -8.001189304348535153e-10 6.094808265272954706e-09 3.183525984638938753e-08 7.821942082123384109e-08 2.357854314291180796e-07 7.008283533801575625e-07 2.211968946144954828e-06 6.984354205241935688e-06 2.304401551458858804e-05 8.079002100043251682e-05 3.067624769243582159e-04 1.332737751827961503e-03
4.265043335342499908e-02 1.324983918849278845e-03 3.071969475760590994e-04 8.090881875519736696e-05 2.305937984275043071e-05 7.085869011296772949e-06 2.205730871150757229e-06 7.154439945915333884e-07 2.499673282007816986e-07 7.936340774386289304e-08 2.737334738900459374e-08 4.243140935209935978e-09 -1.408372647048271315e-09 -1.110127066903251627e-09 1.628143078721274513e-09 1.654906768555916731e-10 -1.082907304872791642e-09 -1.210764068794232624e-10 -7.582162077858419847e-10 7.642738504332969543e-11 -4.710892152415318706e-10 1.776779881393177936e-11 9.368443604322586248e-12 2.730823333529962485e-10 3.436491405762950703e-10 -3.272481528730031747e-11 -2.238053661149384983e-11 -1.515613988651899596e-10 -1.455391741659191867e-11 -1.007192616230091169e-10 -1.618611449843524626e-10 5.392889918290252984e-12 -1.367153591549280952e-11 7.329761722220399873e-11 4.992638874904696531e-11 -4.675529662959351183e-11 1.040031398137282119e-11 1.719023417702916760e-10 -6.892032055213939807e-11 -1.569545351214106999e-10 8.303039392043569839e-11 -3.718326728648824595e-10 1.574262938616559675e-10 1.147449445360545707e-10 5.054916947075715750e-10 -3.421837593618969656e-11 1.313320880843968410e-09 -3.697814063007900503e-11 -5.155906782993187334e-10 5.012146464279108969e-10 5.726605068824217480e-11 3.330522764900065834e-09 -5.610110909513647265e-10 6.177025943312016932e-09 3.194793751229726489e-08 7.841159318666479998e-08 2.356225903539538796e-07 7.002421082621695607e-07 2.210306754919411041e-06 6.983414622465214020e-06 2.304811424907131419e-05 8.079373399716457244e-05 3.067183838327343544e-04 1.332809554616211150e-03
4.265132286594322530e-02 1.324898266986887594e-03 3.072013657467495659e-04 8.087849458643401668e-05 2.304392747480165746e-05 7.080519223792130148e-06 2.205459776451990848e-06 7.144236002922256756e-07 2.492757483891899346e-07 7.941077638011403250e-08 2.745705330407768385e-08 4.423094242862188582e-09 -1.172955113758230782e-09 -1.246508565225753500e-09 1.643552926103564897e-09 3.160186503201446372e-10 -8.999172762343156948e-10 -7.301427912590396872e-11 -7.106878860397073430e-10 9.619891485496754276e-11 -4.309129454189839393e-10 -9.120895723534679026e-13 -1.983106349737233893e-11 2.775279972965348121e-10 3.430038561243828460e-10 -3.796736152242030192e-11 -3.349776867305358525e-11 -1.532459697735815644e-10 -1.334717735028157439e-11 -1.111622893511447264e-10 -1.543244955720199054e-10 2.914034503098682821e-12 -1.343617903249866816e-11 6.844892462301204806e-11 5.036155307608918378e-11 -4.124692779741275692e-11 1.775469497757986344e-11 1.744544752801215422e-10 -8.460549057853803034e-11 -1.532322557621528297e-10 8.541042827511694409e-11 -3.697907520481290302e-10 1.684093431464055969e-10 1.240888868797968973e-10 4.731206297096430925e-10 -5.304518871879040133e-11 1.317053204665325851e-09 -4.464550553957418398e-11 -4.284117351070222790e-10 4.331415168885602955e-10 5.600734233325926802e-11 3.322164429263388342e-09 -6.517290335909860504e-10 6.058919944859489377e-09 3.195411198621062003e-08 7.807132776659498596e-08 2.352511383433659456e-07 7.008813688360874810e-07 2.211575035788546060e-06 6.988817751906270644e-06 2.304260157836622385e-05 8.077254691951682821e-05 3.067077322288621548e-04 1.332409166387635334e-03
4.264973217748226769e-02 1.325126781519925852e-03 3.071381610675233994e-04 8.089518707682559224e-05 2.305000496104636919e-05 7.085127769294391783e-06 2.208694628460075388e-06 7.158366020129678545e-07 2.500511879316864890e-07 7.919354635454719489e-08 2.738219028607183960e-08 4.450446803483816201e-09 -1.204587285889777999e-09 -1.303731612351200239e-09 1.559240568781036602e-09 2.600096889092417274e-10 -9.814891103501181061e-10 -1.478758255962857311e-10 -7.287257942289792733e-10 8.075245693750056794e-11 -4.833744523494370909e-10 1.521389220766248377e-11 -2.851319177267830619e-11 2.705242299084291278e-10 3.208389177027869324e-10 -4.530263927269210197e-11 -3.512396386691520003e-11 -1.531393301829690831e-10 -1.812944815337140340e-11 -1.043259663550753309e-10 -1.579219222117094012e-10 5.410495333418463214e-12 -9.104068078633723349e-12 7.444513364243376516e-11 5.167080797469215923e-11 -4.757872729467583666e-11 1.827268337849088068e-11 1.714125944776509379e-10 -6.941921027837935104e-11 -1.493287457447425089e-10 8.760030260039297555e-11 -3.704280649474163821e-10 2.079918601868800414e-10 9.414926259839136648e-11 4.844307767758219344e-10 -4.342142316901577033e-11 1.346356878187940151e-09 -4.964816348308172094e-11 -3.879560138875299162e-10 4.796781338420793952e-10 -1.516855146517331653e-11 3.403467568697708107e-09 -5.784197873729176459e-10 6.358397189668571867e-09 3.207486367912468003e-08 7.808599245342074616e-08 2.359655597554123035e-07 7.000930108050051089e-07 2.211097157847485743e-06 6.985694556014270848e-06 2.304148209960868627e-05 8.079416818753472644e-05 3.069073449937891594e-04 1.333024455581044388e-03
4.265077133939364218e-02 1.324960326662672416e-03 3.072828585566147758e-04 8.090379230684986982e-05 2.304024373682796826e-05 7.086052420914223410e-06 2.207486736674779686e-06 7.156027581921487106e-07 2.494317451189294687e-07 7.983950026818408272e-08 2.721815162698373466e-08 4.268126589379146908e-09 -1.355897189605316080e-09 -1.224933376286772985e-09 1.498639095102054140e-09 2.837893078004975274e-10 -9.422429672037720229e-10 -1.286394885988108277e-10 -7.053914223986699197e-10 1.157436260010278286e-10 -5.078620858519100296e-10 -2.232793866033015734e-11 -3.986944407243191069e-13 2.723661432057330163e-10 3.431148755750795572e-10 -2.118864344934013650e-11 -3.300586874351607922e-11 -1.497804345312590785e-10 -1.573370059366868269e-11 -9.994681427863996139e-11 -1.576473602722253408e-10 4.474429451843388590e-12 -1.598286053689945710e-11 7.381229285596942517e-11 5.241540473935181717e-11 -4.759710331880087899e-11 1.768664174503870726e-11 1.708258456866634792e-10 -6.420388760477129774e-11 -1.438161973959882867e-10 1.051995069974104358e-10 -3.510620815475923052e-10 2.170748210702945233e-10 1.280953416859697872e-10 5.679858839106956652e-10 -4.770066178363334125e-11 1.362213323205514605e-09 -5.821481446075525977e-12 -3.797307507482805296e-10 3.720971801122993199e-10 7.017398206272579064e-11 3.363094680647353592e-09 -5.223247111627945708e-10 6.165528155378343788e-09 3.177792589604160620e-08 7.802422465561538908e-08 2.356800587383835302e-07 7.004945102905868249e-07 2.212086583786432078e-06 6.983098593524925356e-06 2.304475899325356673e-05 8.078579400880673558e-05 3.068196475981066007e-04 1.332675285343938977e-03
4.265088944572072854e-02 1.325132792343039403e-03 3.071632861580880563e-04 8.089234675633031181e-05 2.304229003641627464e-05 7.081805500279085231e-06 2.205641196049166921e-06 7.170005525964241335e-07 2.488395838208728835e-07 7.952316880908408855e-08 2.753068238679653462e-08 4.539769496605827906e-09 -1.121213919822702301e-09 -1.101644219252691238e-09 1.645799544063124674e-09 3.119741076969327360e-10 -9.299864202277599293e-10 -1.592385524957920794e-10 -7.651552125424538006e-10 6.387444371055338787e-11 -4.698922924757857811e-10 2.709344871074751154e-12 -1.157810028814080918e-11 2.846096825409650803e-10 3.371262730578992990e-10 -4.825057152625549309e-11 -4.577809348938985493e-11 -1.549844582670564941e-10 -9.054792118432578572e-12 -1.027255911658189113e-10 -1.593591908466502636e-10 1.222529163376196075e-12 -1.051366316047738231e-11 7.675233164025304662e-11 4.403057149951717120e-11 -4.913929441569656400e-11 1.695350807418387023e-11 1.617879327844039620e-10 -7.498401036515297209e-11 -1.760895301915616233e-10 7.801407798036841830e-11 -3.710906138020219335e-10 1.651564594741954317e-10 1.313831112050578498e-10 5.292648102712590064e-10 -1.586246483850639023e-11 1.332145163336813446e-09 -2.887650359948477558e-11 -4.290527500691101439e-10 6.207963843576933157e-10 -6.477213728254938659e-11 3.213592310363232808e-09 -6.184069627528309608e-10 5.972385335501614206e-09 3.165997508415945548e-08 7.830131491619817199e-08 2.350309004044083268e-07 6.993052553517283396e-07 2.209923952060142589e-06 6.982532854917202447e-06 2.304648958702928610e-05 8.079988215825887297e-05 3.068545682761292920e-04 1.333022857242060003e-03
4.265096382131865899e-02 1.324988706984806886e-03 3.072791383545729529e-04 8.091485915274004522e-05 2.304638733107900023e-05 7.079283790910169080e-06 2.204667938060260246e-06 7.150111620381384803e-07 2.498514045932113601e-07 7.912969032974538179e-08 2.746514448400900346e-08 4.234822797966962238e-09 -1.344033182576204243e-09 -1.192477956819879953e-09 1.670053533852192981e-09 3.840708362829966235e-10 -9.967007906225182255e-10 -9.485431054578119416e-11 -6.952587556474686681e-10 1.040331916017848965e-10 -4.893679965900073991e-10 -8.770029665340726994e-12 -1.723473943348500850e-11 2.741751179265682459e-10 3.476920512651260089e-10 -2.822946402076811395e-11 -2.862777656863272136e-11 -1.517253142923746116e-10 -1.704257454486391436e-11 -9.862821949552036067e-11 -1.616945115038294418e-10 -1.976758628101578496e-12 -2.420393318352676603e-11 6.496800639577598514e-11 4.010318197826355861e-11 -4.493083438695944314e-11 1.352487046654519650e-11 1.743796510438071833e-10 -7.319895602718882720e-11 -1.592359184377308163e-10 7.476363856196877745e-11 -3.743784305216670778e-10 1.819821158685928808e-10 1.306902956328741666e-10 5.450588471490280543e-10 -2.234966623185068021e-11 1.390163567072141557e-09 -2.859487787644047103e-11 -4.620079991296089957e-10 3.877735576396983178e-10 -1.367070946545582049e-10 3.244519514659030248e-09 -6.873687772569771882e-10 6.100404906132808937e-09 3.212936436504478965e-08 7.821823224777042541e-08 2.358612358718603852e-07 7.008490187156614893e-07 2.211461231282204269e-06 6.985590056826425493e-06 2.305209448939339316e-05 8.079238009976699080e-05 3.068530046070937841e-04 1.332524366995559021e-03
4.265003701097157263e-02 1.324870193192054929e-03 3.072343316104558168e-04 8.092490706398929457e-05 2.305379454057517638e-05 7.085325842059855679e-06 2.207586699923013047e-06 7.160898748748470953e-07 2.493514386037565826e-07 7.940444336521295233e-08 2.722391479345553105e-08 4.420086032906447645e-09 -1.336442760524334570e-09 -1.256084149956121117e-09 1.580001857454795795e-09 2.805268522035935812e-10 -1.004734163011132464e-09 -9.532089191499224920e-11 -7.279392194276303179e-10 8.144078165800185686e-11 -4.842719902681220106e-10 -1.925246930806015962e-11 1.167431987449432144e-11 2.932611212713126541e-10 3.480713892365343256e-10 -4.450741860031245394e-11 -4.142500024644766663e-11 -1.596689444777546166e-10 -1.315375699001918882e-11 -1.009118052038885490e-10 -1.593340685915953121e-10 -3.836197398725258398e-13 -1.903807547771622628e-12 7.270042035627020709e-11 4.552677000247727658e-11 -4.492833541408749547e-11 9.281462496079029948e-12 1.681373055417241138e-10 -6.960730829951443813e-11 -1.551505654068112365e-10 7.203136773207619669e-11 -3.746058987937055533e-10 2.077328119781447872e-10 1.236612171516740480e-10 5.316471315966168370e-10 -1.262017080981135160e-11 1.382500814578782617e-09 1.316603435554790348e-11 -4.277300223640984930e-10 5.106044801683635932e-10 1.302394670651238425e-10 3.352299181286105546e-09 -4.536280442935396680e-10 6.229601464474207903e-09 3.183375313229726512e-08 7.813428117553786751e-08 2.357828891284783632e-07 7.004397755012460089e-07 2.210179604858498122e-06 6.983085130600665109e-06 2.304520293774135626e-05 8.078748619536995886e-05 3.067333030633872170e-04 1.332477918310160216e-03
4.265094855711847738e-02 1.324190506733683922e-03 3.072526998477224090e-04 8.090678142821514562e-05 2.305106924189415674e-05 7.084224849326455508e-06 2.206464831930381387e-06 7.170607181942940062e-07 2.495379076981816514e-07 7.935618213596679853e-08 2.728460529111391703e-08 4.106860719119215524e-09 -1.317586340103854623e-09 -1.257942516587033517e-09 1.582358958706007684e-09 2.985649118922133961e-10 -1.082586100872064548e-09 -1.008400344897262889e-10 -6.949271029800523710e-10 8.839932440704963134e-11 -4.492776119226998842e-10 -3.127431413304764726e-11 -8.778237228062021061e-12 2.688684333048985070e-10 3.296812447416908888e-10 -4.113850399191745217e-11 -3.156755435024339710e-11 -1.617364514009706079e-10 -1.568743257189546656e-11 -1.031433457492450033e-10 -1.610540757355086142e-10 2.527060138276454425e-12 -1.858728689535423852e-11 7.523377218999004960e-11 4.478153939623289943e-11 -5.283409334768678236e-11 1.460403743458971504e-11 1.689321647369403652e-10 -7.706977375211460850e-11 -1.576781032017479189e-10 9.886283499419908251e-11 -3.979167528636952534e-10 2.094674862824541692e-10 1.418505953775163856e-10 5.481534220390115306e-10 -3.358857393334888939e-11 1.343694843563951294e-09 -6.754593363220544391e-11 -4.708165187423548456e-10 4.622404453372194763e-10 -7.086269477164499135e-11 3.249250081433964811e-09 -7.524740619452663566e-10 6.050756910004105284e-09 3.151589154653141012e-08 7.804255625294510486e-08 2.347773067690435898e-07 7.012731958688383562e-07 2.211438650441512888e-06 6.986209415543569924e-06 2.305716569763848798e-05 8.082080919047435381e-05 3.069190538126805013e-04 1.333019056506418859e-03
4.265063371586726160e-02 1.324747916843203822e-03 3.071770905660949373e-04 8.090292235130853548e-05 2.305720655564270344e-05 7.083865204694819899e-06 2.207085444335391314e-06 7.163104525365517880e-07 2.495387669956713147e-07 7.937111486639660326e-08 2.734222644315063464e-08 4.484411531801327871e-09 -1.022853415972468944e-09 -1.338612203021738620e-09 1.501238505339177901e-09 3.078400767576776005e-10 -9.794998471524275695e-10 -1.986100525375902416e-10 -7.263302838235888418e-10 6.535664788323201643e-11 -4.442208392558182883e-10 2.216899642016165349e-11 -4.380272759708079493e-12 2.901021388196152107e-10 3.432805285181826132e-10 -3.538396846658237972e-11 -3.606994001049796452e-11 -1.470712149129486749e-10 -1.581460947646442705e-11 -9.581131077604134411e-11 -1.598495290108904810e-10 3.791187117995603483e-12 -1.245440285243964477e-11 6.593632659444474515e-11 4.839314840648268103e-11 -4.128572597617950070e-11 1.227865557595123708e-11 1.712460410198679338e-10 -7.016558025553255364e-11 -1.668097268224094869e-10 8.529566615737122575e-11 -3.817981654846559354e-10 1.985525233838294767e-10 1.434558193459461495e-10 5.301097795501770061e-10 -3.041269694103994982e-11 1.335391265525890235e-09 -3.863592967082898574e-11 -4.648300625052514656e-10 4.812757968609972496e-10 -3.274454967115565717e-11 3.289395103435371995e-09 -8.702289709285843376e-10 5.796887332017270717e-09 3.208292834840503992e-08 7.790215303713617847e-08 2.352663846708583533e-07 7.014888296179750195e-07 2.212350145617453221e-06 6.980239117816030709e-06 2.303309873364780500e-05 8.075810612991820984e-05 3.067021457596309873e-04 1.332595624049252381e-03
4.264998981020175911e-02 1.325134297464814880e-03 3.072788564906712679e-04 8.090734494658739675e-05 2.305268088666666138e-05 7.083758973100159937e-06 2.205042624327662936e-06 7.156999563326621668e-07 2.501600097463880599e-07 7.954210966605786983e-08 2.713551305844470347e-08 4.530577439615529402e-09 -1.234125517759544353e-09 -1.323316938660391703e-09 1.579282750285250130e-09 1.510475436466721168e-10 -1.040777553374533398e-09 -2.014796525027035250e-10 -7.135377041508347997e-10 7.471571527175669987e-11 -4.617203977841687968e-10 -1.352679451221446895e-11 -5.872010291028662729e-12 2.806404401203910927e-10 3.338181564702686563e-10 -4.030783774089495314e-11 -3.430423931771314390e-11 -1.526843237347775111e-10 -1.488030500148309563e-11 -9.980950069722518544e-11 -1.582850459602196953e-10 5.877768332576877625e-12 -9.386441149268197185e-12 7.324889729701108533e-11 4.510390709600829915e-11 -3.950132139579196375e-11 2.034743518863207183e-11 1.603610518834797611e-10 -7.904574941193022864e-11 -1.536133255670274244e-10 7.864903881435174720e-11 -3.773234149153450526e-10 1.613899079339110573e-10 1.112461842583776817e-10 5.247989383569286741e-10 -3.488856409678669743e-11 1.317619306602897512e-09 -5.108324231864954993e-11 -5.534675317324087259e-10 4.915952392998033271e-10 2.434649155637932440e-11 3.574950640061708814e-09 -6.168802175658537416e-10 6.287864429218996666e-09 3.200706787091671693e-08 7.817999269697000955e-08 2.352881093399807416e-07 6.994862495414450833e-07 2.210057324093595882e-06 6.984044283716801825e-06 2.305553488957089723e-05 8.077373708254203600e-05 3.068174535819551173e-04 1.332566196655431611e-03
4.265032034452417159e-02 1.324818706234896695e-03 3.072455887256720438e-04 8.092309640160490376e-05 2.305682193327583278e-05 7.082335646116706599e-06 2.206178143510705558e-06 7.150724386925976780e-07 2.493097633477143182e-07 7.904813383185829927e-08 2.717586435605169660e-08 4.371480361012420923e-09 -1.345779420264495530e-09 -1.147885126275469647e-09 1.619108844924110242e-09 2.878561114726507039e-10 -9.536870007071216715e-10 -1.861371399488675395e-10 -7.343196998264987745e-10 1.247632919028046281e-10 -4.516148585340490046e-10 1.309847696239953593e-11 2.795728887906344001e-11 2.958221330463080291e-10 3.439367284202235468e-10 -2.742643397774467874e-11 -2.731289515141929946e-11 -1.662768513177544704e-10 -1.605901001935492233e-11 -1.039891298999953208e-10 -1.565860320218890433e-10 5.740733011921538661e-12 -1.333054559059164515e-11 7.079912787613730735e-11 4.841000956019674404e-11 -4.444304944709271685e-11 2.322287296646679519e-11 1.677780842369614933e-10 -6.968664875865226379e-11 -1.521855565383125604e-10 9.169686519648608878e-11 -3.758689272427017947e-10 1.782253389269102102e-10 1.074448948944473024e-10 5.098881316372635338e-10 -3.933880712747802190e-12 1.323558143563181316e-09 2.744795895516530904e-11 -4.276549974547691928e-10 5.687378241800803499e-10 9.065975388098658510e-11 3.331240688728001916e-09 -5.066341344904610355e-10 6.557851726219599422e-09 3.218289606005509024e-08 7.826954405764178218e-08 2.357420136061725792e-07 6.996182082377021398e-07 2.210499231985494582e-06 6.979786429249420151e-06 2.303856302469053818e-05 8.075068434836591021e-05 3.067817446945553727e-04 1.332778623103653267e-03
4.265045161684546948e-02 1.325033183886688629e-03 3.072178690932471671e-04 8.093002954741314022e-05 2.305053858847767111e-05 7.081742335764909970e-06 2.205442684877066118e-06 7.162876761281000789e-07 2.501325088159514133e-07 7.945548022682569555e-08 2.753766258184869917e-08 3.979933827507305935e-09 -1.395931807403355727e-09 -1.286498053788785872e-09 1.635920379148303522e-09 3.263849442640380928e-10 -9.256966848176733006e-10 -8.378777096614161204e-11 -7.061110525166392956e-10 6.974370408529100863e-11 -4.895863283961683955e-10 9.123834597989660850e-13 -3.078010231116143255e-11 2.648105593965485317e-10 3.411222212180946631e-10 -4.946972365288356964e-11 -2.856117077682157854e-11 -1.566411720937480424e-10 -1.992448617205612869e-11 -9.656235783468356481e-11 -1.565858101051195828e-10 6.337737389666768635e-12 -1.086661660053514916e-11 7.207772117516434261e-11 4.166123098198217858e-11 -4.614761208960141387e-11 1.426947940405356422e-11 1.684699725444875258e-10 -8.289153883630181046e-11 -1.503167622224650907e-10 9.587898285186093211e-11 -3.607034084932960942e-10 1.930654198837111023e-10 1.094522864712509944e-10 5.113013923830601654e-10 -1.119117107543804108e-11 1.359132962414121026e-09 -6.045677148245150986e-11 -3.805984296467276470e-10 5.095337872231822140e-10 2.030749512285975384e-10 3.225072918681576767e-09 -4.652206375971367177e-10 6.107614201364903701e-09 3.192063576758222084e-08 7.830429074394984892e-08 2.350007030944910606e-07 7.000380174456916046e-07 2.210651075986025066e-06 6.985240160483292903e-06 2.304264425976892716e-05 8.075907232266984299e-05 3.067165057125017776e-04 1.332361582169568851e-03
4.265109280909882422e-02 1.324737505717593329e-03 3.072043319936849795e-04 8.090411247149104719e-05 2.305230082452119626e-05 7.086584271596269115e-06 2.207389770597167315e-06 7.160890114592048976e-07 2.495253495062397773e-07 7.945605586975168900e-08 2.714235288222171558e-08 3.943046839018539793e-09 -1.269177737049309462e-09 -1.368003929160426943e-09 1.499567673089452984e-09 3.210594071082146121e-10 -1.057652462358342137e-09 -1.421549704118371564e-10 -7.470862515781611359e-10 6.859023108537273266e-11 -4.600572962485716017e-10 1.874953687588363398e-11 1.898432988304760593e-11 2.814172529461864017e-10 3.369898625477609424e-10 -4.219823540064179795e-11 -2.826049621921481435e-11 -1.560193451596263916e-10 -1.564693961519407651e-11 -9.884797223261268029e-11 -1.613537813248890107e-10 -2.443534106971432293e-12 -1.621151332987639304e-11 7.549439031499026435e-11 4.676790408690271846e-11 -3.939215135206168497e-11 2.115057677423965975e-11 1.782284020796612247e-10 -7.504253912751248169e-11 -1.630052755955539181e-10 6.726487286455456191e-11 -3.757309418315253769e-10 1.990911132645209833e-10 1.440448855754275179e-10 5.217462064385623480e-10 -7.919608558493495768e-12 1.380488207911153002e-09 -6.193975761901419116e-11 -5.520159787043163891e-10 4.681757101427399903e-10 -2.048635852145513921e-12 3.257297215501732204e-09 -6.371762947740742311e-10 6.008469458769743072e-09 3.219690917115288137e-08 7.873652543068651126e-08 2.353415751984104112e-07 7.005776417297543632e-07 2.210099189339349927e-06 6.982739276477894121e-06 2.304938125191515873e-05 8.075095814623857644e-05 3.067531886116122179e-04 1.332863330710060785e-03
4.265083849919679843e-02 1.325119491232405484e-03 3.072152241666800156e-04 8.090113079758983069e-05 2.305233739438470399e-05 7.085327257933471641e-06 2.206391398570022351e-06 7.151702918930488205e-07 2.494587032739039508e-07 7.944811900825574491e-08 2.786374582530486670e-08 4.528116784056739811e-09 -1.122208099933960805e-09 -1.215074865956381554e-09 1.525640816633347868e-09 2.706428823490087534e-10 -9.508302269854555504e-10 -9.859572097092189297e-11 -7.697718606586229519e-10 1.494990605418464448e-10 -4.899290770350681010e-10 4.730230241815986366e-12 7.715746903765683943e-12 2.847555611953374841e-10 3.374032159607445813e-10 -3.968345259313429266e-11 -3.217033448821233344e-11 -1.591579968640963677e-10 -1.304887962906010114e-11 -1.052678686262785646e-10 -1.586833272978308026e-10 -9.702968134809798560e-13 -1.105089736094477503e-11 6.899556208640787288e-11 5.204047946213837071e-11 -4.384203690969316443e-11 1.616284220099197846e-11 1.691784290517509479e-10 -8.049827871738553816e-11 -1.507803972920270016e-10 8.520160487885973820e-11 -3.681828043005084143e-10 1.982325511812857069e-10 1.298892294360662423e-10 5.276624121810526590e-10 -6.976632381664013319e-11 1.281360788158304713e-09 -2.857221571432326314e-11 -4.670812308237870041e-10 4.807232801809124668e-10 -1.621136739323165838e-11 3.255273937292358107e-09 -7.651389204040538999e-10 6.099323293295762557e-09 3.187185849053789290e-08 7.817885590705992715e-08 2.357595623005523441e-07 7.012139555032552723e-07 2.209451917228024387e-06 6.983803870027751987e-06 2.304452821744356526e-05 8.081490723984858376e-05 3.068067651262268783e-04 1.332774480655237511e-03
4.265192134395847517e-02 1.324999961085332944e-03 3.071832049372117757e-04 8.088491489358693549e-05 2.305251735104934887e-05 7.087981639781070827e-06 2.207384127828139400e-06 7.170970424868968247e-07 2.499633549658978616e-07 7.971610467241844586e-08 2.716459050110897678e-08 4.153596755272571653e-09 -1.343910027384493671e-09 -1.111153023838092653e-09 1.564188400046002264e-09 3.420912532743781592e-10 -1.057241124808563428e-09 -9.187794293418954146e-11 -7.246997612550575230e-10 8.725283721899469586e-11 -4.728271009331422586e-10 -2.319416790521337196e-11 -1.881537900179881488e-11 2.838301713076190273e-10 3.400870521875456680e-10 -4.000304232666507104e-11 -1.954711993601958418e-11 -1.544235443845099435e-10 -1.782031348387725751e-11 -1.002766280533496924e-10 -1.578708036179671693e-10 3.370360118362031348e-12 -6.868234135169035804e-12 6.962855840471709217e-11 4.712156980822991335e-11 -4.212363165631321051e-11 1.214712837037292980e-11 1.600531101930199637e-10 -7.988820284090200488e-11 -1.616547301140262616e-10 7.434794441333744371e-11 -3.719271237232603632e-10 1.915586053928354381e-10 1.080346324624045987e-10 5.118764292403141344e-10 -4.344885276601439212e-11 1.295216728169932080e-09 -7.509034535407664652e-11 -4.409009400868278536e-10 3.874759671297028967e-10 7.175650484052786092e-11 3.315179306585414716e-09 -5.200180055386302718e-10 6.292487269064892676e-09 3.174989636398978042e-08 7.858458026523437522e-08 2.355122389941096187e-07 7.006913453821041510e-07 2.210748125461440939e-06 6.975213742568957772e-06 2.303619012567430287e-05 8.077283903387801132e-05 3.067178488776687033e-04 1.332717284122807719e-03
4.265073352656786887e-02 1.325054903982494751e-03 3.072456847465881427e-04 8.089824121098629459e-05 2.304602975913060754e-05 7.086718993839605341e-06 2.206144824232884836e-06 7.162896645762524116e-07 2.500362165988504598e-07 7.914123778459201419e-08 2.698461664599212215e-08 4.163449325538512282e-09 -1.142372438651172584e-09 -1.217928755522739153e-09 1.532079931582494580e-09 2.394329377487225861e-10 -9.464567530388279490e-10 -1.871051644144939372e-10 -6.998270145383184381e-10 1.101844284059035347e-10 -4.436051023362080867e-10 -1.008117050844804672e-11 -3.811697060890992673e-11 2.804987453996661747e-10 3.546162817563673131e-10 -3.124947816377409482e-11 -2.690277111486101613e-11 -1.476260817334247739e-10 -1.356186051103804594e-11 -9.821320908626368081e-11 -1.521320995171886541e-10 -1.175731832670666876e-12 -1.457281689286410544e-11 7.258953607624106440e-11 4.566420936029450404e-11 -4.428216128216196474e-11 1.238320035871545866e-11 1.596373371692372096e-10 -8.194098686476601040e-11 -1.607326847167968191e-10 7.905149734377430372e-11 -3.811103384983077834e-10 1.856278682691741808e-10 1.240066767666631102e-10 5.316808906194032886e-10 -2.208228096719160126e-11 1.309105578583523096e-09 3.946615765395813091e-12 -4.118087987625045899e-10 4.557493834960385667e-10 1.057262736288446415e-10 3.269869258731723271e-09 -8.358846788210354739e-10 5.955202881839680163e-09 3.189540143969780145e-08 7.854353221590989084e-08 2.354036856209199408e-07 6.992207685944575331e-07 2.210853243019539554e-06 6.978122203545710628e-06 2.303909443975554327e-05 8.078025987011838054e-05 3.067279059623122966e-04 1.332418456670734358e-03
4.265005103756368959e-02 1.324656343897719123e-03 3.071915006736956519e-04 8.091732109976357040e-05 2.305450332614551907e-05 7.082088528014791972e-06 2.207146226167484866e-06 7.167570651563818314e-07 2.495639962671093609e-07 7.934232870066321414e-08 2.725823308668965626e-08 4.548328552365984811e-09 -1.236077690630815983e-09 -1.210932514123235710e-09 1.676910196669693527e-09 3.767278762470536613e-10 -9.901112509341745550e-10 -1.277034679717845536e-10 -7.247574102376101425e-10 9.623124182397637254e-11 -4.791032318897704641e-10 -1.835048297041893329e-11 -8.905253505729813709e-12 2.555575234949375151e-10 3.438132046428994427e-10 -3.932701553269477981e-11 -2.766981189172841147e-11 -1.579937638490497909e-10 -1.955473635941303290e-11 -1.025129870908835251e-10 -1.594336714681092555e-10 6.566353455273837577e-12 -1.919197007725732208e-11 6.928495195049212344e-11 3.870625868271680746e-11 -5.363056977461338679e-11 1.866430073321120582e-11 1.643763599083919938e-10 -7.350872902379007284e-11 -1.589089456413285372e-10 7.073336173439297716e-11 -3.785842545238255513e-10 1.993267173358611100e-10 1.471558373695783069e-10 5.015917215186013776e-10 -8.071142451029947460e-11 1.295511170227606446e-09 -3.456819154153735551e-11 -4.129821548185734310e-10 5.901090827993354044e-10 3.655911167119125279e-11 3.313004175053144413e-09 -5.486895244875306409e-10 6.323014287834271117e-09 3.189016860815833067e-08 7.812056572777842307e-08 2.358892027457838106e-07 7.010151059167667259e-07 2.211302325003846560e-06 6.983991888718557291e-06 2.305054056759603431e-05 8.079057487117491854e-05 3.068731561356604861e-04 1.333241918877246411e-03
4.265132021811927215e-02 1.324858782386032418e-03 3.071865900201198210e-04 8.091419853212387817e-05 2.305149257151375907e-05 7.083645633079129050e-06 2.208471026277941836e-06 7.176575863290833248e-07 2.490993349267359881e-07 7.951918560943469483e-08 2.732444952593060976e-08 4.526134835178839440e-09 -1.258944744875162667e-09 -1.197674652295084259e-09 1.619333066132730518e-09 3.126613718370368629e-10 -9.778263032457948739e-10 -8.268956719154122180e-11 -7.182862953158342523e-10 6.789268164318665506e-11 -4.406540777286808947e-10 -9.185454216651369292e-12 -4.045007724022191501e-11 2.823353583963295801e-10 3.383027392407379622e-10 -4.225565696616282479e-11 -3.133811936056833111e-11 -1.585161311987883372e-10 -1.451642513498196871e-11 -1.035133521249981148e-10 -1.652122251766519184e-10 -4.911309823452130026e-14 -1.282725610092180089e-11 7.022107434210945858e-11 4.657009804536250614e-11 -4.591548679823304572e-11 1.460390050406243534e-11 1.696059170247145652e-10 -7.801119763378271908e-11 -1.578029333198266120e-10 7.399672734865257687e-11 -3.824001163171272253e-10 1.834972281975420415e-10 1.449962055650736659e-10 5.154073567205401059e-10 -5.446803084751525868e-11 1.322310694100286867e-09 -1.406865420518292453e-11 -4.491384279168874349e-10 4.350531615129347708e-10 1.126751674102273654e-10 3.400683331529077311e-09 -5.961621776451128824e-10 6.169987898752609427e-09 3.190227980740174107e-08 7.766232672077932701e-08 2.352541530102352509e-07 7.009450603036844067e-07 2.212295997312168237e-06 6.984619221065380949e-06 2.304783793793006641e-05 8.079364286145662407e-05 3.068566166235913166e-04 1.333051412911386317e-03
4.264923310595605810e-02 1.325267300800565861e-03 3.072496436214484537e-04 8.091298538830333023e-05 2.304959009884884963e-05 7.081727396029079656e-06 2.206611639797281779e-06 7.157648902374549949e-07 2.497617078624656552e-07 7.974701770097249311e-08 2.734352164196851342e-08 4.535570629070762668e-09 -1.068112521061366407e-09 -1.355533790919310645e-09 1.609273141300080694e-09 2.150689176245194774e-10 -1.056346443293968898e-09 -9.553994456024097009e-11 -7.466802368368103463e-10 7.316304090361374867e-11 -4.942361410806161494e-10 1.368681272804862209e-11 2.894197153145502567e-11 2.650215875776655080e-10 3.398174673300758130e-10 -3.301997135659364153e-11 -4.827637882272529820e-11 -1.584904427422496332e-10 -9.695197671881573113e-12 -9.761592413646907880e-11 -1.576825681958788517e-10 2.455686805283788001e-12 -1.744613764909956551e-11 7.277722259384655076e-11 4.753910264311719367e-11 -4.228563732421541719e-11 1.424582269738514953e-11 1.689583657237191721e-10 -7.701974881778291599e-11 -1.553354801477635428e-10 8.757604674234024004e-11 -3.749027444273564010e-10 2.067459194978311164e-10 1.515847234000202024e-10 5.299102207699353002e-10 -4.172540290884736870e-11 1.296004760893629871e-09 -5.809900681159937300e-11 -4.788269810130408364e-10 4.371107110455952876e-10 -6.435488212936486017e-11 3.241504209668946977e-09 -6.802096318680029286e-10 6.126170236539795535e-09 3.193155133062671479e-08 7.819478428167390167e-08 2.356033261883076401e-07 7.011740748768206935e-07 2.212594239273823901e-06 6.983665351951970942e-06 2.304889237927934477e-05 8.080220315756004613e-05 3.068628648621185844e-04 1.332801259725289447e-03
4.265027524388081970e-02 1.325092262533870014e-03 3.073418583706658707e-04 8.087699458217891967e-05 2.304693211775412262e-05 7.086916528545657453e-06 2.207563948711259843e-06 7.155686809911374688e-07 2.497739325015650691e-07 7.939382728569765905e-08 2.776453953639391002e-08 4.014605316861508313e-09 -1.231557394958475442e-09 -1.231551646949241124e-09 1.600630112839903318e-09 2.140474468795875313e-10 -9.912727600660703497e-10 -1.398347981614071462e-10 -6.699221942579251628e-10 8.305157368862581483e-11 -4.782654921401243977e-10 -2.069888439275263926e-13 -1.387554207677962663e-11 2.639123337795662280e-10 3.422303764169476524e-10 -3.664263778370455466e-11 -2.631770988654224530e-11 -1.540122887757361006e-10 -1.309684261308234773e-11 -1.037225772772452466e-10 -1.586795956461798142e-10 1.057764230933343859e-13 -1.719436652433265627e-11 6.942554942989829705e-11 4.444347468332885627e-11 -4.082642308540360585e-11 1.609375799986847579e-11 1.502679052434318750e-10 -7.666854078486480778e-11 -1.448411902342517490e-10 9.611614935251495398e-11 -3.634817006949217161e-10 2.066548175434928310e-10 1.447525241386966052e-10 5.174610854507694530e-10 -2.688768765134601508e-11 1.327927194786886220e-09 -4.188387732785750504e-11 -4.067359249020663415e-10 4.318022072928376391e-10 4.313468603959777041e-11 3.247343896949812105e-09 -6.932553432988916837e-10 6.410065722648487496e-09 3.205011824773806264e-08 7.843809071311919515e-08 2.353753397010855049e-07 7.003219939670884759e-07 2.212180043699922274e-06 6.984908144022017490e-06 2.304415804807941000e-05 8.079702363214159183e-05 3.067198590800174120e-04 1.332641304824748203e-03
4.264967123472663407e-02 1.325105820869086496e-03 3.072297817179111146e-04 8.091862185026008742e-05 2.304332828328368096e-05 7.082417724127717821e-06 2.205807832344928916e-06 7.161558495204948164e-07 2.497981681423966660e-07 7.965448094544584138e-08 2.726194377699170804e-08 4.285315685068225809e-09 -1.182329109969609132e-09 -1.252293530335004667e-09 1.647823529326672718e-09 1.857610340088477848e-10 -9.331446735378199077e-10 -1.472312204311496947e-10 -6.896323030749448050e-10 7.740708558968545054e-11 -4.865157611863343943e-10 4.459635119197003453e-12 -3.517177371023933700e-12 3.066369468170151526e-10 3.580328796975020261e-10 -3.432658914234082104e-11 -3.449117565008211744e-11 -1.553171691846441357e-10 -1.630129046514683838e-11 -1.069455597879499871e-10 -1.668300804508316851e-10 1.823213963420241389e-12 -1.575111464432150140e-11 7.552463070211739078e-11 4.561223109671163722e-11 -4.693943916554559550e-11 1.644768194752805148e-11 1.676174212865939804e-10 -7.951530139207745379e-11 -1.601906829868618692e-10 1.066455976871560982e-10 -3.999695419423365385e-10 2.003007149724680703e-10 1.166708595832285396e-10 5.175739835173232864e-10 -2.335838780162715528e-11 1.311166985451309166e-09 -2.650342337453263821e-11 -4.097607920839961397e-10 3.715119092968767005e-10 2.957327753476217835e-12 3.335726500234689482e-09 -6.136695228855520933e-10 6.029676704609924278e-09 3.188121273175746156e-08 7.786266056617284736e-08 2.352081630487830162e-07 7.003477429616974478e-07 2.212785136636726619e-06 6.984238664089807987e-06 2.305021040211556856e-05 8.079990746185523583e-05 3.069173652837641495e-04 1.332625789767335773e-03
4.265093136044876415e-02 1.325216618217797638e-03 3.072838159387893987e-04 8.087894008892499353e-05 2.304958400938714430e-05 7.078767718266993988e-06 2.205100082555983479e-06 7.147781448259341401e-07 2.492066702797687721e-07 7.909622016293630294e-08 2.732299366596872968e-08 4.290146059652227568e-09 -1.235592163567430400e-09 -1.350723940621960245e-09 1.637608549840784738e-09 3.194060175632221157e-10 -9.416879249290804731e-10 -5.045412737473685287e-11 -6.963475556106585863e-10 1.416320673016723209e-10 -4.732893557656952927e-10 5.725480124165657516e-12 3.536708257065176785e-13 2.720539215239689659e-10 3.226889477091809124e-10 -4.695528190660705235e-11 -3.500202351367010023e-11 -1.522248307911194946e-10 -1.432443292785783738e-11 -1.049365842455638877e-10 -1.530926709185630432e-10 -2.039670477772413966e-13 -1.511442100297547479e-11 7.006488686501278219e-11 4.868308112289377929e-11 -4.502331818004075808e-11 1.689650767417000719e-11 1.667502654821995974e-10 -7.012810560045447076e-11 -1.594553473133422136e-10 8.859022089793439697e-11 -3.681353155007615441e-10 2.120818702608336344e-10 1.384828424776988155e-10 5.117114446050330546e-10 -5.703308740518573197e-11 1.359311096323082784e-09 -3.350611484579682436e-11 -4.750178323366139323e-10 4.032310021264122323e-10 6.925471142049075562e-11 3.309302795926227922e-09 -6.028104219085822816e-10 6.143384512930443623e-09 3.194666990843756695e-08 7.813751640272557268e-08 2.350928097947691035e-07 6.997698318604825544e-07 2.211339327900166842e-06 6.981244351574502443e-06 2.304269486657403365e-05 8.077773650759993262e-05 3.067506718792883187e-04 1.332466752932994847e-03
4.264964993508651298e-02 1.324787137591270638e-03 3.072987720545577745e-04 8.091591915294439662e-05 2.305460610479584887e-05 7.081113789341753863e-06 2.205507560299350970e-06 7.164982130591628357e-07 2.497631412628152585e-07 7.928524393171722967e-08 2.695177278573706939e-08 4.201089751306084624e-09 -1.370532630676532156e-09 -1.362071229176484967e-09 1.652855503372903839e-09 2.736522068423765668e-10 -9.454321676644791776e-10 -9.887319005651956770e-11 -6.608989423279752358e-10 1.173351438178141360e-10 -4.679629852016029046e-10 9.097486797522734231e-12 -4.205502450941896189e-12 2.666658225077797603e-10 3.397712527271328902e-10 -4.003821831598392162e-11 -3.486587301941760006e-11 -1.568470329389373136e-10 -1.323492781487165120e-11 -1.012535199493544474e-10 -1.598125708593350737e-10 8.194172531514016884e-12 -1.302436842340276237e-11 6.964167928922204480e-11 4.462376571815364433e-11 -4.373823503709038242e-11 9.537487559271375323e-12 1.755657208835851332e-10 -6.591879368791482843e-11 -1.527265249204082447e-10 9.575055987491844498e-11 -3.795425669524402207e-10 2.017956193039231157e-10 1.560602326262958265e-10 4.956808947217582014e-10 -6.505743485522766855e-11 1.340251447430417862e-09 -5.660957589186764131e-11 -4.528670729604895817e-10 4.929785567334692242e-10 1.035670802693187163e-10 3.484808090457693980e-09 -5.811991689752552009e-10 6.144189771902314472e-09 3.180797135605431951e-08 7.821580987246968983e-08 2.355216665040352559e-07 7.000000633228050883e-07 2.211075087759161156e-06 6.986275864853045226e-06 2.304891344201255720e-05 8.080823935075694988e-05 3.067753262871712348e-04 1.332808982833482564e-03
4.264993868881043759e-02 1.324824141314043637e-03 3.072179677902298826e-04 8.088793271353725072e-05 2.304426052621974991e-05 7.086989437681221785e-06 2.205878403823146652e-06 7.159277952761629438e-07 2.497838224479542722e-07 7.958924070468671384e-08 2.726305187419799571e-08 4.214811516786891352e-09 -1.350015011331958233e-09 -1.164284963595031585e-09 1.625564981859862228e-09 2.791956117560378670e-10 -9.622075833363396362e-10 -1.502789876099528898e-10 -7.101923562705716009e-10 4.523650244490328703e-11 -4.625947533047892751e-10 -4.140867255788709621e-12 -5.733280070278320611e-12 2.702890865478322655e-10 3.547891510840462076e-10 -2.701777752843603051e-11 -3.442662934196958069e-11 -1.647841784834064373e-10 -1.130626734567606333e-11 -9.874021796068495483e-11 -1.619415165683807772e-10 3.139359048726920490e-12 -1.139372036348757999e-11 7.215709333288748476e-11 4.581884040741091074e-11 -4.438115081519660499e-11 1.017667371393705932e-11 1.758292304099614746e-10 -7.709592217882012017e-11 -1.574228800734656254e-10 7.521708910914372197e-11 -3.721071994853764651e-10 1.918727385682831841e-10 1.507896611228217759e-10 5.074310036009973959e-10 -5.179352805985054719e-11 1.360771228299317638e-09 -7.617515251289271373e-11 -4.403724024548559470e-10 4.265241643737109376e-10 5.200646690295416172e-11 3.341815295130548306e-09 -4.981451537257559848e-10 6.046189420512215553e-09 3.164054163025762957e-08 7.805892084857933694e-08 2.349921757025939149e-07 7.006718131150114561e-07 2.209117901814290234e-06 6.981279365182594868e-06 2.304446150703142788e-05 8.080186647871953187e-05 3.068434944608622859e-04 1.332932687914646901e-03
4.265031483014602998e-02 1.324823747409972817e-03 3.072047471243818332e-04 8.092652407842685931e-05 2.306484818899247243e-05 7.082653905715671631e-06 2.207380931363072414e-06 7.162100148402511020e-07 2.505413370545932833e-07 7.986324479949752795e-08 2.757072408750535305e-08 4.134189749246710700e-09 -1.286186118899655362e-09 -1.242905521307238708e-09 1.462883488959125811e-09 1.743697935606989672e-10 -9.349740661918553262e-10 -1.031536249597830531e-10 -7.173048877638479726e-10 8.443366242996169074e-11 -4.910575369045129860e-10 -1.322410615851717431e-11 1.575995397629077736e-12 2.739590218940653773e-10 3.227938717042931060e-10 -4.650710125738971648e-11 -4.285959489950719740e-11 -1.638582228032601887e-10 -1.917254768526746801e-11 -1.027014251270942785e-10 -1.622432890682470329e-10 5.004122616141936671e-12 -1.556262969272961407e-11 6.924350051436538663e-11 3.994537576100220932e-11 -4.162561599633731393e-11 2.342794136154776044e-11 1.611848778922430695e-10 -7.224382506228918681e-11 -1.538317378718272350e-10 7.729603337927634534e-11 -3.795353457254268603e-10 1.926125898836679069e-10 1.210132092509379972e-10 4.880673689289809360e-10 -2.893923927147098272e-11 1.280767638977158443e-09 -6.255228569068978915e-11 -4.594513794998191823e-10 4.515151319618329200e-10 1.488083849488725796e-10 3.411992506839994838e-09 -5.566991034494674106e-10 6.159581795781105180e-09 3.171224751904685020e-08 7.828656681214566404e-08 2.350411053825825515e-07 7.012017356665157202e-07 2.210878544771986219e-06 6.982038195976390953e-06 2.305391064387722142e-05 8.079493412605023319e-05 3.068504467603031275e-04 1.332632578101012417e-03
4.265124523198094569e-02 1.325146352165718381e-03 3.072009858156283884e-04 8.088168265261023505e-05 2.303456782389935706e-05 7.081761791688735723e-06 2.206671319703572055e-06 7.160007532256883133e-07 2.497429207206284894e-07 7.910068848243874020e-08 2.694446610904015529e-08 4.145018332231243217e-09 -1.413168701919106367e-09 -1.298212636087031605e-09 1.664304624562538872e-09 2.243908901773810986e-10 -9.924398242351934415e-10 -1.369615238393815184e-10 -7.089616887702321149e-10 9.426846665630662510e-11 -5.135719725196220310e-10 -1.186594567942547269e-11 2.020413041077368345e-12 2.828888854014269136e-10 3.452932709341883589e-10 -4.247145695291111910e-11 -2.834608211127685102e-11 -1.536339227898031311e-10 -2.124188935729391638e-11 -9.976112109173656014e-11 -1.541576194828506974e-10 8.426849421436376528e-12 -1.353299259380789351e-11 7.596137486492560724e-11 4.858164803807755662e-11 -4.409775855228159200e-11 1.355467277834485468e-11 1.639641255621983358e-10 -6.571266512983405456e-11 -1.485624256120633240e-10 8.791446880165825602e-11 -3.730254855105196419e-10 1.859277678811650638e-10 1.238956718949249424e-10 5.306753831018419603e-10 -1.041348353293357951e-11 1.306873674899496717e-09 -2.071375544459142159e-11 -4.410496528354741557e-10 4.490763663395760440e-10 6.521212087728434722e-11 3.413819579527274030e-09 -6.530610945095460389e-10 6.113771551330830363e-09 3.195195571714235994e-08 7.805901503439533374e-08 2.360812285793828590e-07 7.000658803788585457e-07 2.211135399608334481e-06 6.985189465180067195e-06 2.305049469909585717e-05 8.080802829278565191e-05 3.068211865965596373e-04 1.332878157140721673e-03
4.265123968905581292e-02 1.324837020409178837e-03 3.072017668328659253e-04 8.089101496080734126e-05 2.304237391745700558e-05 7.082224171013540928e-06 2.206218644167097177e-06 7.164721058405463378e-07 2.490588281175936553e-07 7.909492896703128241e-08 2.729369350215404713e-08 4.276313077310250764e-09 -1.229144327104452003e-09 -1.335681890095993716e-09 1.577729060284292919e-09 2.007413961576509839e-10 -9.567819401502820048e-10 -1.446468667889155473e-10 -7.638009417746687917e-10 1.114800710197868789e-10 -4.341778815540968126e-10 -5.563037558354263160e-13 -3.516778373989169294e-12 2.727379458670576742e-10 3.372373923407832229e-10 -3.937799371462464292e-11 -2.702802336051902370e-11 -1.654678441066380770e-10 -2.416865465589349977e-11 -9.934948589786343311e-11 -1.603776893394649423e-10 1.085571297004507473e-11 -1.337012718689822701e-11 7.242707858829270842e-11 5.134291834471696561e-11 -4.554813384926326714e-11 7.553811797887221509e-12 1.680525461501531466e-10 -7.016529801747910342e-11 -1.610792551935793312e-10 7.607444051883946800e-11 -3.895261245903914345e-10 1.951642420028495411e-10 1.544439559987902430e-10 5.033915821540703006e-10 -1.606570265422780251e-11 1.327631207159527235e-09 -4.943220846039929302e-11 -5.026588138651749881e-10 3.843499169855247464e-10 -9.556924207699115500e-11 3.178338342975959328e-09 -8.588337372325457000e-10 6.003903800872859480e-09 3.172312249789728033e-08 7.823558074927603939e-08 2.355764871548796412e-07 7.006078465403168046e-07 2.210786268155108912e-06 6.984365232729933688e-06 2.305136156117641819e-05 8.079304419925751875e-05 3.067605808942925174e-04 1.332426695116873403e-03
4.265166378224090338e-02 1.324875360329702805e-03 3.071465162004376496e-04 8.087695888289444873e-05 2.304893760751886383e-05 7.086195360494840163e-06 2.208191914534797105e-06 7.163176663501336172e-07 2.499739269694545216e-07 7.945229774299696697e-08 2.725954071193207843e-08 4.283768705767882004e-09 -1.163591231451684615e-09 -1.176883387350416606e-09 1.633382512448710432e-09 3.447337965561709135e-10 -9.634598907937383480e-10 -1.649703885802922908e-10 -6.911267975539079018e-10 9.946821638112566215e-11 -4.241122938329003033e-10 2.359952300375054404e-11 -1.119228258715016755e-11 2.810108795773597544e-10 3.419376990131507827e-10 -4.352016201430536346e-11 -3.631340661154482139e-11 -1.572402763743015753e-10 -2.184629141086722000e-11 -9.806541874682608585e-11 -1.591030697807119382e-10 5.432568723076851741e-12 -8.270699967411757145e-12 6.666370701134465929e-11 4.510628418155016329e-11 -4.451980200918018669e-11 1.504682614097916629e-11 1.593718054663888728e-10 -7.591870887026254265e-11 -1.601524026121059901e-10 8.390574096482202607e-11 -3.701836130293391074e-10 1.983804670796651014e-10 1.394654210826655069e-10 5.010119767560064388e-10 -9.392397987997188352e-12 1.367174726382508732e-09 -2.979153188861105771e-11 -4.236975493771322642e-10 4.341864602527100108e-10 7.965731804080433065e-11 3.471544719939502619e-09 -5.565438377554191109e-10 6.305169571838309650e-09 3.176606590143241959e-08 7.841609155864328708e-08 2.355675207197025487e-07 7.010786164487669335e-07 2.211310177217811849e-06 6.981912105746079526e-06 2.305317399052975863e-05 8.078237346483555436e-05 3.067348938428571736e-04 1.332806658548553111e-03
4.265083010719278311e-02 1.324511160880719124e-03 3.071991213577217480e-04 8.088516984328598307e-05 2.304956240053647628e-05 7.086922094151463639e-06 2.205945345764200303e-06 7.155441074719967047e-07 2.501656339548565989e-07 7.920804633311264556e-08 2.739230017005692320e-08 4.185817233413700141e-09 -1.230898786532842008e-09 -1.203643684409131827e-09 1.615822486739485468e-09 2.748569164119940268e-10 -9.807419759737453078e-10 -1.117386854288655957e-10 -7.345918136822960763e-10 7.926958109795077171e-11 -4.337937568826910286e-10 1.806261489608500012e-11 -9.650576285771754480e-13 2.748371006319731328e-10 3.501086833298551124e-10 -3.864524477320862018e-11 -3.271244417668649434e-11 -1.573624910156652337e-10 -1.920907217505907465e-11 -9.876717338813858084e-11 -1.592446293112744889e-10 3.437795626532193002e-12 -1.801435466624765540e-11 7.076443998990930179e-11 5.485332908271999260e-11 -4.434498532676391760e-11 1.827456575454341161e-11 1.691521201811912907e-10 -9.267914429122838019e-11 -1.559926200496014292e-10 9.428657190327058821e-11 -3.903916428795442342e-10 2.010859306681516146e-10 1.518401549276700686e-10 5.008808616054191572e-10 -4.498839565111749591e-11 1.332033974334847346e-09 -1.063828834975442938e-10 -4.317792034423118972e-10 5.618259096156105049e-10 -3.045869821719463775e-11 3.301575927158378121e-09 -3.812667652703939481e-10 6.519921345573586533e-09 3.195177437879770792e-08 7.803831449068724635e-08 2.354356565947813616e-07 6.998843148591385533e-07 2.210257016868139071e-06 6.984863417816671468e-06 2.304414451886026283e-05 8.077801492124154754e-05 3.068436466589235688e-04 1.332615850501766555e-03
4.265007331481265179e-02 1.324740617833491431e-03 3.072400421573360726e-04 8.089164487620653416e-05 2.305219788848906167e-05 7.085036299211625671e-06 2.207539399518965146e-06 7.169389163888245433e-07 2.497213205401128478e-07 7.974368826915274831e-08 2.717863196674956602e-08 4.343219308161821715e-09 -1.003345602475076902e-09 -1.175225598182106334e-09 1.468100946383703074e-09 3.304047473373189268e-10 -9.381981247316261602e-10 -1.341802763810258082e-10 -7.594433952343194250e-10 8.913738719536937115e-11 -4.857039392058288183e-10 -8.005959114682312321e-12 -1.007899974019256702e-11 2.686905088609047540e-10 3.395506814218373021e-10 -4.031287742266390332e-11 -2.233785211756021862e-11 -1.507214970531652008e-10 -7.687821503767351195e-12 -9.753961513012573125e-11 -1.575406730216122652e-10 2.828798568373684525e-12 -1.332993279173688486e-11 6.726232906399813928e-11 4.428600230055203868e-11 -5.042567225423567691e-11 1.429390475889928263e-11 1.641338799252614369e-10 -7.416204461077546529e-11 -1.543578605468434448e-10 8.271622708428330621e-11 -3.731620114807946321e-10 2.098415069306628970e-10 1.376713179210962749e-10 5.134463110490704911e-10 -3.614527022336793232e-11 1.342822859797122005e-09 -2.518316588677485792e-11 -4.763507472987258479e-10 4.354161043101731945e-10 5.022405596073522678e-11 3.245223445409553696e-09 -7.336137404710354417e-10 5.910061896982811097e-09 3.186487257775807637e-08 7.829598160648142584e-08 2.362781862339055341e-07 7.007608110587596947e-07 2.210716017990916995e-06 6.983513549150630463e-06 2.304984986986230951e-05 8.079600384027003815e-05 3.068476182273378243e-04 1.332674373156938563e-03
4.265135808868668332e-02 1.324909195544781088e-03 3.071053951760719411e-04 8.089330757817107559e-05 2.305201354861942601e-05 7.083235416364307115e-06 2.207287011048657408e-06 7.166544426470444134e-07 2.491733166732003579e-07 7.965502662881237440e-08 2.728947848907361814e-08 4.318499990624476782e-09 -1.145788190059703655e-09 -1.226018368735128397e-09 1.561022086529646724e-09 2.483133223617520717e-10 -9.840676998717700327e-10 -1.430126386834586694e-10 -6.977141709577256658e-10 1.394152703806468997e-10 -4.487009363138430612e-10 -2.123963755824300178e-12 -1.856914074941268259e-11 2.862322187104663885e-10 3.387949340721289527e-10 -3.439734132476408034e-11 -2.329639247352392414e-11 -1.598879141760172369e-10 -1.379282266468751196e-11 -1.033292599745548059e-10 -1.632880694528635258e-10 7.037181759361201690e-13 -1.573256506688530191e-11 7.776855614174075847e-11 4.636815702868459415e-11 -4.128591775830027050e-11 1.663669561328679768e-11 1.693892466758580657e-10 -7.492955792817452135e-11 -1.498663434852598040e-10 8.437955570456841100e-11 -3.634000900815145073e-10 2.016319518858311571e-10 1.235917716249226011e-10 5.031278177456323642e-10 -4.770677020007955717e-11 1.362190943448965833e-09 -6.323653975616302600e-11 -4.515505664537056041e-10 5.211764324957754165e-10 4.610370047547966036e-11 3.409232689322862932e-09 -6.606041285106162950e-10 6.161422697406746222e-09 3.192860005900418849e-08 7.812716682696211978e-08 2.352068883220488488e-07 7.002809614526026982e-07 2.209215045655314032e-06 6.982681531714105629e-06 2.304605070134340842e-05 8.075640071911436852e-05 3.067602663753343849e-04 1.332668102939715740e-03
4.265117658958902935e-02 1.324532743346286661e-03 3.071362795665864148e-04 8.089949062546331049e-05 2.305119434317198747e-05 7.083942740368528455e-06 2.206864831991296639e-06 7.154915270810262620e-07 2.492169745691491635e-07 7.905537947500746144e-08 2.728851309826097090e-08 4.505802111632252737e-09 -1.210361496542971105e-09 -1.194859747673469814e-09 1.479902648333108482e-09 2.709321640703742490e-10 -1.030161421456510175e-09 -1.411129655961636370e-10 -7.546291939557567935e-10 8.119791130995139075e-11 -5.223217230378797588e-10 1.089611721856463686e-12 -1.206596246239918759e-11 2.700200063358599684e-10 3.489665461891651887e-10 -3.715906278160728950e-11 -3.150476184153674862e-11 -1.559146941237919115e-10 -1.860102863507152573e-11 -9.566814645972596260e-11 -1.617740337175727925e-10 6.335158826794996032e-12 -9.974251808632441589e-12 7.172986231097042671e-11 4.763507336069247023e-11 -4.324182158975599065e-11 1.715514127442511217e-11 1.662028275923612932e-10 -6.843692019083002848e-11 -1.412171842048152521e-10 8.742840081691552990e-11 -3.621725407124850356e-10 1.924274809346793965e-10 1.227563381553086825e-10 5.229247315682608924e-10 -5.176965331985796616e-11 1.304274216667996206e-09 -4.303797060241365383e-11 -4.961186788133701741e-10 5.129741672947372430e-10 7.106981102137824447e-11 3.227311391423404833e-09 -9.225899097896963893e-10 5.946461952197157928e-09 3.209071874688986523e-08 7.813156391209287702e-08 2.356245343885343017e-07 7.008341526830898622e-07 2.210459371453727548e-06 6.985480649592894978e-06 2.304340983140194856e-05 8.077595635400638865e-05 3.067800906260581854e-04 1.332730682542499151e-03
4.265034648413289220e-02 1.325090800558658549e-03 3.072317628840605429e-04 8.087836925323204284e-05 2.304938976957477239e-05 7.079458745107157608e-06 2.205168222380942270e-06 7.162146951820925656e-07 2.496944417919958936e-07 7.923029221939012528e-08 2.729190096681706277e-08 4.400147715397529980e-09 -1.394604485981906550e-09 -1.224160283350166728e-09 1.596494157271985283e-09 2.873838591504172936e-10 -1.025539475709987313e-09 -1.645938587157611818e-10 -7.444919895265431732e-10 8.778928007958688467e-11 -4.636411741584824613e-10 8.574540230074507956e-12 -1.277755981560811805e-12 2.823149359758585125e-10 3.390774974991917929e-10 -3.618136747828942578e-11 -3.765277315072621320e-11 -1.540920220179039353e-10 -1.386454391985956167e-11 -1.000164003692818568e-10 -1.559661636429934886e-10 -2.037490972739215010e-12 -1.057458794446774428e-11 7.092824183319984438e-11 4.715481940407167707e-11 -4.456228498503954024e-11 1.497785693388108846e-11 1.738647755170529504e-10 -6.356029410794736707e-11 -1.507439530171985989e-10 8.758002483349378155e-11 -3.683784907603135737e-10 1.698234073245712972e-10 1.284241291084343890e-10 4.990130662710695328e-10 -3.666906566267893688e-11 1.335704315432169547e-09 -1.397220108418511457e-10 -5.160749080635680262e-10 4.340110244094803614e-10 5.142087987482288645e-11 3.189780898429111637e-09 -5.312116457737741678e-10 6.126223849476628716e-09 3.192470522543012110e-08 7.824323419979713539e-08 2.350049196972859690e-07 6.996261700312149661e-07 2.210779450896435156e-06 6.985505366650205843e-06 2.304840735318426878e-05 8.078251561697873324e-05 3.067633945339021204e-04 1.332981885327479306e-03
4.265134352534596246e-02 1.324963291237058090e-03 3.072453085576174348e-04 8.087995855929244315e-05 2.305150095406522084e-05 7.087434936023328765e-06 2.206975349885952890e-06 7.170043921955169345e-07 2.500289850682812253e-07 7.923355611095993707e-08 2.726229607648631207e-08 4.287893401427849410e-09 -1.458640298850859324e-09 -1.286702640292149529e-09 1.747633893314371527e-09 2.946924311839571165e-10 -1.000390700088867851e-09 -1.252040968705238464e-10 -7.180768859958337908e-10 1.109387579635034737e-10 -4.707710653093621443e-10 5.322921089029438296e-12 -4.173081341577493722e-12 2.813731556696958919e-10 3.306497457637289238e-10 -3.353172940704349077e-11 -2.584713208198443797e-11 -1.505130575489487777e-10 -1.156237930009802116e-11 -1.002437585381622515e-10 -1.580810818481485382e-10 4.964979504996642074e-12 -1.712062394395170511e-11 6.718689567286533919e-11 4.598754025101787270e-11 -3.815354440956991376e-11 1.973944160034324306e-11 1.728212456336108807e-10 -7.631661112818942318e-11 -1.567836018567913309e-10 8.212205558419389100e-11 -3.906746499445507126e-10 2.073498586319429776e-10 1.421662441074093138e-10 5.141959213284162518e-10 -8.933590130648337155e-11 1.293769374769709585e-09 -8.233600077258259636e-11 -4.492366686772020725e-10 5.935267008212434197e-10 1.129367024964776770e-10 3.378742771056119382e-09 -7.137280904540777434e-10 6.149736084505481792e-09 3.207241336942940338e-08 7.833396387680629098e-08 2.354584577341108358e-07 7.002542154978164342e-07 2.209414729901802453e-06 6.980791786065527101e-06 2.304341467792627720e-05 8.078253965299352958e-05 3.067643407529755382e-04 1.332926199580360170e-03
4.264963600364394397e-02 1.325065679511819696e-03 3.072792993040265874e-04 8.091969861627670163e-05 2.304944898704348313e-05 7.082118086840621003e-06 2.208586609165332719e-06 7.162746116161893028e-07 2.500062362315696008e-07 7.977129426106361555e-08 2.740912171372994569e-08 4.154750034736673463e-09 -1.262723097332112480e-09 -1.379985544607921575e-09 1.504367656740418660e-09 2.538999779333175559e-10 -1.018959665636438990e-09 -1.021222875602274057e-10 -7.180232324490259714e-10 7.077511423147646204e-11 -4.791476422675456401e-10 -1.235979434066068405e-11 -1.889407735233753354e-11 2.744310681016897316e-10 3.449916101235934509e-10 -3.699736025074281579e-11 -2.772547680787580036e-11 -1.618068567809848783e-10 -2.540030985839139224e-11 -9.717392747981872639e-11 -1.553836622106326684e-10 1.254028705736346042e-11 -6.975320648052717258e-12 7.035879156801896503e-11 4.454356258372410060e-11 -4.456732472620630749e-11 7.837342890526285766e-12 1.688262514554104522e-10 -7.557061835146137652e-11 -1.587187849547766259e-10 8.026301941038979632e-11 -3.794266343958445525e-10 1.849473736848830524e-10 1.245697320664403259e-10 5.173538962923002984e-10 -5.840639840455884792e-11 1.344070577575407470e-09 -1.840449477220891813e-11 -5.280410990400190635e-10 4.346954018935508804e-10 1.617963986414478507e-11 3.260028740992281451e-09 -7.464340904155300417e-10 6.191491497292432871e-09 3.210042435315288330e-08 7.852328329842191185e-08 2.358743175599264415e-07 7.002334103649720437e-07 2.210901818369177942e-06 6.982698398554378389e-06 2.302948829817168852e-05 8.075898903288827716e-05 3.068092811651576264e-04 1.333012092770413269e-03
4.265176671677048392e-02 1.325101308913017965e-03 3.071954273059937187e-04 8.090480234114272664e-05 2.305393002020388559e-05 7.084005115331030943e-06 2.205508807764131471e-06 7.155685755310652133e-07 2.500729002462853113e-07 7.920725585783511974e-08 2.761904996856186600e-08 4.412466331111679616e-09 -1.295676858809891711e-09 -1.328297032506970257e-09 1.594389817686061639e-09 2.295874638216252366e-10 -9.339744756546388136e-10 -1.223049292323203464e-10 -7.199097120617979272e-10 8.247842012818407095e-11 -4.977239973261386150e-10 1.712782216626069754e-12 8.795173944363370609e-12 2.979657296842140915e-10 3.456399647152834580e-10 -3.084284951161246601e-11 -2.172330158201042742e-11 -1.479700937290981651e-10 -1.301202967855372953e-11 -1.078486238045997526e-10 -1.650958794782999829e-10 2.749959045295956723e-12 -1.407027171850210104e-11 7.051234695865978937e-11 5.128117730512593552e-11 -4.395060915357719283e-11 1.925733193137974700e-11 1.747392449987033485e-10 -6.864716840997052217e-11 -1.527642189731907243e-10 7.368283481298906784e-11 -3.687191552240063043e-10 1.819314601154840569e-10 1.421251679689533594e-10 5.666942611232416726e-10 -7.789019467632140690e-12 1.348907060576560171e-09 -1.511099724098029554e-11 -4.032700811651596717e-10 5.101262885261528402e-10 7.725987842365848436e-11 3.287684723948606520e-09 -7.362369343519000901e-10 6.367602187274887644e-09 3.185924718968811534e-08 7.833428941524737536e-08 2.354440620474557227e-07 7.013634401457560661e-07 2.210201041751802194e-06 6.981332170061126970e-06 2.304427985688784844e-05 8.078929066545337810e-05 3.067854412866525215e-04 1.332359445869879186e-03
4.265122619609855448e-02 1.324870080608259995e-03 3.072580278023989784e-04 8.090594328559130529e-05 2.305486029394571734e-05 7.086424266514375335e-06 2.208922333304916352e-06 7.165636644670518053e-07 2.501371749250321956e-07 7.939941044988059924e-08 2.731897735792218984e-08 4.330105958357567801e-09 -1.543258179907191848e-09 -1.300694042667587774e-09 1.653418136030487678e-09 2.569074406820988363e-10 -1.018428575286175260e-09 -3.838370987552766788e-12 -6.422623442030277297e-10 1.578733148852690417e-10 -4.738626728752951726e-10 -3.306945097014156838e-12 -8.668703182084434627e-12 2.856345042960884624e-10 3.562539612565684618e-10 -3.237829268491372702e-11 -3.286045853612299659e-11 -1.603978978722912474e-10 -1.741767951719663365e-11 -9.268041788909131880e-11 -1.577887503468916777e-10 2.407457658160603425e-12 -7.314570694789051737e-12 7.474335243184032885e-11 5.448894973388979185e-11 -4.571341989873066838e-11 1.104028646692919350e-11 1.723376729043984105e-10 -7.782739061184604424e-11 -1.576914152350586187e-10 7.623958139523707844e-11 -3.787406357646906461e-10 1.734406288721679400e-10 1.359318383117185198e-10 5.111002702759291368e-10 -1.763057924825741939e-11 1.390957084585931649e-09 -7.677378477133329088e-11 -5.434375482579845978e-10 3.115296202060157126e-10 -6.792496673138156276e-11 3.339135235733040098e-09 -5.974398798408001366e-10 6.105165289236668455e-09 3.191860670445405807e-08 7.836942074644506505e-08 2.352451708560134497e-07 7.009983623306219776e-07 2.209502081649034771e-06 6.982433000105732277e-06 2.304986797888605729e-05 8.077636997307996404e-05 3.067410136753401803e-04 1.332822444728628706e-03
4.265194573680118617e-02 1.324716163747868217e-03 3.072415084703972242e-04 8.089417135829047396e-05 2.304926833731692790e-05 7.079341330011715236e-06 2.206316159659992206e-06 7.160793080826212033e-07 2.503465489713914524e-07 7.966505465900888101e-08 2.718494640127006406e-08 4.336560006063990517e-09 -1.222438222277166085e-09 -1.236081447538534438e-09 1.642412184480500829e-09 2.737590430072022002e-10 -1.097658125731376899e-09 -1.635884052350196454e-10 -7.681949897283725086e-10 9.459399197891711504e-11 -4.795294282291624820e-10 -1.409087742549546176e-12 -1.650018305888973773e-11 2.868694045386854044e-10 3.412596422706696843e-10 -2.915179579673940936e-11 -2.787767958489789515e-11 -1.560253040443702587e-10 -1.638471802180243454e-11 -1.002332535554042408e-10 -1.592772805025243956e-10 6.040910044904819038e-12 -1.193011223638513666e-11 7.376431569497498684e-11 4.409228411754747666e-11 -5.564371191290427775e-11 1.006651876520129915e-11 1.709515752686477123e-10 -7.235633913678829484e-11 -1.604216360143128495e-10 8.643085339632249773e-11 -3.762896967381004783e-10 1.770865060384968227e-10 1.320643440647364546e-10 5.076927559779437926e-10 -1.850297300954576240e-11 1.353912367690507741e-09 -1.965505321446429726e-11 -4.432069587702032507e-10 5.509275088333229071e-10 3.842520820531810872e-11 3.286712030517278081e-09 -7.484058662526602843e-10 6.213083651666409255e-09 3.170742468449962333e-08 7.817146626421144224e-08 2.361404720271272232e-07 7.011784012348039445e-07 2.211592658685844668e-06 6.985240648367329087e-06 2.305607672321824370e-05 8.077713938373864381e-05 3.067990901782734463e-04 1.332731216474908288e-03
4.265072829153428863e-02 1.324773948321796100e-03 3.073009446600799663e-04 8.087130667693637404e-05 2.303759104664089330e-05 7.080892001105466122e-06 2.205947776257176153e-06 7.156576212036465100e-07 2.500110196780332949e-07 7.959216054383211750e-08 2.768175047787253897e-08 4.390688757822976558e-09 -1.131372401841674757e-09 -1.319918085313542581e-09 1.464030942689161079e-09 2.256010400776355608e-10 -9.977330703544310243e-10 -8.940507315617872801e-11 -6.988698562870190648e-10 1.206430662793840604e-10 -4.351013129526067940e-10 -1.278344722620942412e-11 -5.533160641245297903e-12 2.845680767638500947e-10 3.329669661573995020e-10 -3.253760046665593521e-11 -3.006940207375337811e-11 -1.576383697862711739e-10 -1.181539757385234600e-11 -1.060300399982582856e-10 -1.615968900018604238e-10 -2.695219059946580049e-12 -1.223211201145240162e-11 7.236232856251283652e-11 5.365746640379245177e-11 -4.056903757073653622e-11 2.082104517360727227e-11 1.732011858633835802e-10 -7.607097161134920947e-11 -1.419253477037204459e-10 9.582077007126976874e-11 -3.692261733219574176e-10 1.905828026156502685e-10 9.612045065523111606e-11 5.047268696029210339e-10 -5.902430171253878359e-11 1.327601847198579785e-09 -7.131923929402680212e-11 -3.940549228718023893e-10 5.409961064198353717e-10 7.951508837368404579e-11 3.311302006343047324e-09 -7.902590838422236034e-10 6.338259485493464180e-09 3.146774443997783639e-08 7.807047513116023234e-08 2.354812546497638023e-07 7.000889522180075675e-07 2.210022443198918707e-06 6.985921754110532962e-06 2.304445917127180397e-05 8.079815628308661837e-05 3.068074683009980558e-04 1.332337980714760331e-03
4.265095176788419318e-02 1.324794337755802508e-03 3.072422246060603100e-04 8.088133368938752333e-05 2.304238708363388099e-05 7.082086434075119168e-06 2.206789295073127332e-06 7.152899732113719925e-07 2.499857544263382384e-07 7.944136923804351373e-08 2.716567921017316366e-08 4.370168399907425588e-09 -1.093065842011332371e-09 -1.237427999177332195e-09 1.650613377707742432e-09 1.626047112591965262e-10 -9.624296411078169421e-10 -1.434971300519645520e-10 -7.359918216546846528e-10 6.983224578494225317e-11 -5.072683909793034807e-10 -7.031657603929887609e-12 -2.749058276064737408e-11 2.778546493050914203e-10 3.639939303792051144e-10 -3.323356091772022025e-11 -2.860885349988871434e-11 -1.553091356518585212e-10 -1.456121705804209462e-11 -9.694185203691087951e-11 -1.611082166807355270e-10 -3.121209774301704928e-12 -1.449126358319702851e-11 7.081677715880612911e-11 5.296162329760200396e-11 -4.721770374701279270e-11 1.169933402409370075e-11 1.661661109442213151e-10 -6.934584514799269018e-11 -1.555214455906631251e-10 8.915856422251568554e-11 -3.618253228783976264e-10 2.020805754258495535e-10 1.112037098184542093e-10 4.939495854604037115e-10 -9.074748829424479811e-11 1.317819827179111630e-09 -1.487844017263265418e-11 -4.235824368574161674e-10 4.810761887252808058e-10 9.372558993665107990e-11 3.552758270419570397e-09 -2.332498351783490169e-10 6.321438269366552104e-09 3.181297550158142923e-08 7.830601114485782770e-08 2.359702304872988241e-07 7.023187022934553138e-07 2.212546257073440692e-06 6.983736402750022539e-06 2.305536475713930675e-05 8.079410198643301058e-05 3.068693487462024680e-04 1.332942168046218371e-03
4.265030582090611339e-02 1.324968474895514125e-03 3.072679322189650103e-04 8.091453307008120502e-05 2.306073329634154549e-05 7.085092322307419633e-06 2.206143746326950076e-06 7.165909357277177588e-07 2.498794586095983930e-07 7.939043723654160875e-08 2.753557394981530865e-08 4.322162606488867423e-09 -1.310362657442190737e-09 -1.298868993551958147e-09 1.597436394483839076e-09 2.653835811098007152e-10 -1.002707205747933817e-09 -1.248933568464128136e-10 -7.618044915631576763e-10 1.080499366758500582e-10 -4.779699904168735015e-10 -4.124081038051552850e-11 -1.544974636964356489e-11 2.766592425426571774e-10 3.328732525686358511e-10 -4.133911092504263784e-11 -3.261690570067379046e-11 -1.580855397497664693e-10 -2.086604167213616660e-11 -9.960090083869265298e-11 -1.536166252071958109e-10 4.470026895273052474e-12 -1.098614564808310294e-11 7.454287007535652641e-11 5.456118043960173044e-11 -4.584499742774990254e-11 1.674967090437156974e-11 1.640549674512158794e-10 -6.779786480748161237e-11 -1.526668705400233803e-10 8.385780662597779026e-11 -3.739052631546295929e-10 1.717566867498351635e-10 9.189966261205878730e-11 4.959810963050752108e-10 -5.158360292443066963e-11 1.295853209546805379e-09 -5.546478196655500960e-11 -4.828866355550835586e-10 4.976389173222617747e-10 6.566594472412452171e-11 3.394320435136913171e-09 -5.361054471887952758e-10 6.357995258036844543e-09 3.200934964683755823e-08 7.858182784081584745e-08 2.363143773807618756e-07 7.013317296768547829e-07 2.208299563539897422e-06 6.984498884094209098e-06 2.304713983181309162e-05 8.079740021358219686e-05 3.067673497841362246e-04 1.333141901474576120e-03
4.265074703298332714e-02 1.324954877112564586e-03 3.072578179058383426e-04 8.089681879270237391e-05 2.306203967117518254e-05 7.081950781629711601e-06 2.206374182656804918e-06 7.161850524703460736e-07 2.500078225946639149e-07 7.909821003634510386e-08 2.702190879922036515e-08 4.321330729819520101e-09 -1.323295009849858935e-09 -1.271827837418081072e-09 1.655277752995860824e-09 3.431351360101224164e-10 -9.587091531200845620e-10 -9.127455088626281646e-11 -7.010170345449166088e-10 9.030497626715494017e-11 -4.847950656094572242e-10 -1.262724914923677266e-12 -2.265274921454309000e-11 2.684639856805971149e-10 3.395089737173064129e-10 -3.628117026053461516e-11 -4.312866771350072550e-11 -1.631590191585976308e-10 -2.032101877225953274e-11 -9.883341851707781774e-11 -1.619239878798555540e-10 1.677983124976928478e-12 -8.827952816974774655e-12 7.690433420568729498e-11 4.961214495592878746e-11 -4.981578596250832251e-11 9.484641142111795371e-12 1.590854325092057577e-10 -8.117230592270117618e-11 -1.666881910263487182e-10 7.723115442026001384e-11 -3.731806451704619959e-10 1.648731423232408959e-10 1.089602203431482923e-10 5.098251047609445933e-10 -6.985830597655043407e-11 1.272525081946212623e-09 -2.486484840308161220e-11 -4.329437764272625825e-10 4.854181832018788637e-10 7.086251385770808590e-11 3.319730068297059878e-09 -8.249516148625421117e-10 6.067963339332887306e-09 3.179694734073556956e-08 7.871582444571928345e-08 2.362253397438373598e-07 7.009858710701301290e-07 2.211097816690309841e-06 6.985827230934722864e-06 2.304871980848202182e-05 8.079076231802249952e-05 3.067740859061678679e-04 1.332759919518439022e-03
4.265010048070836529e-02 1.324735582195458138e-03 3.072382020131557575e-04 8.088184082001445780e-05 2.305010230265497570e-05 7.081011527164693318e-06 2.207825121242142818e-06 7.160065458066825518e-07 2.500237496241917662e-07 7.926598369951443800e-08 2.721369030339210580e-08 4.264168705395134346e-09 -1.293800404303731125e-09 -1.265665844892745108e-09 1.531832838254534042e-09 2.810922511708453111e-10 -9.893494460182688567e-10 -1.249893889538908870e-10 -6.903188956309300372e-10 1.088626446149588450e-10 -4.551572891773595051e-10 -8.420818572292288933e-12 -1.857386108666264038e-12 2.982771538895550270e-10 3.513073730824105587e-10 -2.768219538928838497e-11 -2.914194810495282707e-11 -1.642967798295104435e-10 -1.479460072534834038e-11 -1.034537640068156616e-10 -1.601985369049963699e-10 1.029234974877216521e-11 -1.102369371421215600e-11 7.227990921985456489e-11 5.231394567996809400e-11 -4.603250947582454742e-11 1.264982470010719602e-11 1.715781258021821938e-10 -8.418586632698771473e-11 -1.584798567683845881e-10 8.191592449813485914e-11 -3.778328630414507254e-10 1.795883927111647054e-10 1.349843914791122813e-10 5.330368422837836715e-10 -3.991322811636317063e-11 1.302360336265490159e-09 2.293896956825459182e-11 -4.476005717388482543e-10 5.038322026384214846e-10 -9.506788352535201042e-11 3.341991952003238045e-09 -7.317898589103246938e-10 6.072214525435003384e-09 3.165098568579273663e-08 7.820202239132546438e-08 2.347779708250983508e-07 7.000142730639159102e-07 2.211632395190765813e-06 6.984953925057563174e-06 2.304717206028381453e-05 8.080218509039037824e-05 3.067810276269916257e-04 1.332899978497946751e-03
4.265097453578980263e-02 1.324948233583688904e-03 3.072286653485028487e-04 8.090486225720718678e-05 2.304911933976328686e-05 7.087088031715494421e-06 2.206908140011032905e-06 7.169074040732204247e-07 2.498413705770200319e-07 7.972394210499457226e-08 2.752252601929821845e-08 4.364928173761905402e-09 -1.317239009624901124e-09 -1.199549750035304050e-09 1.676437354615390957e-09 3.421993808857273665e-10 -1.009143250964441199e-09 -1.761325064805618496e-10 -6.977486522626105785e-10 5.271012339894842556e-11 -4.741635810157988524e-10 -1.148381812958832720e-11 -2.465874770380896276e-11 2.942693042670723417e-10 3.380503279370500759e-10 -2.885446412148601415e-11 -3.280544436673012502e-11 -1.617264365485482654e-10 -1.298955132382214860e-11 -9.903434191940676400e-11 -1.609485635901448234e-10 6.974640391987970273e-12 -1.443983399427949370e-11 7.268357871025724884e-11 4.865972387115886364e-11 -4.364567008592294725e-11 2.535954412707050856e-11 1.691551857302783359e-10 -7.172086062637144664e-11 -1.594764072946303105e-10 6.903834296134620677e-11 -3.904523492339125750e-10 2.012693012443227321e-10 1.471779687349077033e-10 5.336267758542833431e-10 -1.475229588056028112e-11 1.319554944101280323e-09 -2.024649564041220700e-11 -4.308294672366919253e-10 4.045916754391196458e-10 6.223028087134410339e-11 3.257269432352227459e-09 -8.758074424539563659e-10 6.277657928353384178e-09 3.168376624559994851e-08 7.854273696693607170e-08 2.353047603056029010e-07 7.008763175578906214e-07 2.212320862712896866e-06 6.983735157795542762e-06 2.305073620356959445e-05 8.078341992839135129e-05 3.068863578222415928e-04 1.332884684667366964e-03
4.265040257612172370e-02 1.325211835575484639e-03 3.072773916760022928e-04 8.089624277693766539e-05 2.304722431201919320e-05 7.086380541439686400e-06 2.205488020901903797e-06 7.157225936260184290e-07 2.496185528808423959e-07 7.931665193929571925e-08 2.728021143847895117e-08 4.450334158154707083e-09 -1.215739086817357102e-09 -1.028940690857341829e-09 1.611038522254148724e-09 2.896832712962217618e-10 -9.371827088743738007e-10 -7.231871357603547520e-11 -7.187035595782352336e-10 6.922640784491570411e-11 -4.625760507980302004e-10 -3.722453125978146268e-12 -1.744083692114679325e-11 2.797753049139976824e-10 3.240512908230505933e-10 -4.384943363006252080e-11 -3.962614385057165129e-11 -1.627611435498836241e-10 -1.512104454807315280e-11 -1.018779811357729013e-10 -1.623399582337116556e-10 2.175337772003834516e-12 -1.357745138536275358e-11 7.098092068635335685e-11 4.634031299321479070e-11 -4.374362939980913164e-11 2.272948252352145953e-11 1.649338067913211238e-10 -8.282037385479245085e-11 -1.604100612360743174e-10 9.330905297251627937e-11 -3.938901429941402604e-10 2.169814430251712572e-10 1.425165516254118180e-10 5.120573334543615399e-10 -7.717829302226365870e-11 1.298858751438901163e-09 -4.880420935006250761e-11 -4.744607170670190030e-10 4.183700669217700061e-10 1.140728325686905032e-10 3.322405750781666857e-09 -4.852887235991222695e-10 6.293174139073486504e-09 3.193294753384138850e-08 7.800974448932702224e-08 2.349194823121226832e-07 7.003917074222424154e-07 2.212055604679382533e-06 6.981319512111113807e-06 2.304668888618070056e-05 8.078416348190717463e-05 3.067770163784784283e-04 1.332743635151025256e-03
4.265140083789168562e-02 1.324948543318950215e-03 3.073388684153924842e-04 8.088762559689920812e-05 2.305350703734752367e-05 7.084996329404863596e-06 2.208434627523356498e-06 7.167704064237790232e-07 2.499582046794286780e-07 7.970471312047191041e-08 2.743029701307893664e-08 4.657411823816725693e-09 -1.167765839869234396e-09 -1.166320291748731170e-09 1.560167842698704350e-09 2.122595683033630695e-10 -1.029859437921884886e-09 -1.325667771328728214e-10 -7.677747570290339375e-10 7.947433058054339067e-11 -4.608911594684094794e-10 7.618371293034661355e-12 -8.544363224828243296e-12 2.756316634045414086e-10 3.460753369863868287e-10 -3.465743669206534420e-11 -4.170745554097928880e-11 -1.574680970171947134e-10 -9.995221748041934743e-12 -1.018681748769151559e-10 -1.614267133119721384e-10 5.460164268067011621e-12 -1.543871719390760140e-11 7.071819002084458106e-11 4.666692671959948750e-11 -3.675790829548234850e-11 1.329476089086424927e-11 1.594100298997857762e-10 -8.583913819449473606e-11 -1.663740082932436728e-10 6.759073784498076538e-11 -3.718110436393954087e-10 1.782191300871247962e-10 1.353123398012746426e-10 5.122464780948822799e-10 -6.456546737655188901e-11 1.269974760136735454e-09 -5.802726089974996304e-11 -4.842289021292509425e-10 6.459319265765386826e-10 6.001439220782180893e-12 3.385116855375898727e-09 -5.174126699481293423e-10 6.230760899690652211e-09 3.204328143540779517e-08 7.855658547144347382e-08 2.355753461891201708e-07 7.010819094266921771e-07 2.211176103253889156e-06 6.983912030579561938e-06 2.305371453860319676e-05 8.079883864057864806e-05 3.067938449394381605e-04 1.332722565693843925e-03
4.264936656462663123e-02 1.325292698593022889e-03 3.071931182159104608e-04 8.092619665148515266e-05 2.305994607411139004e-05 7.086311944012002823e-06 2.205900411301632491e-06 7.157513769563037994e-07 2.497634094361137189e-07 7.961237990959298441e-08 2.704977807149444066e-08 4.414524725955757184e-09 -1.194956971412118201e-09 -1.230808444454424769e-09 1.649551415422993646e-09 3.213665601628768021e-10 -9.409303869512379343e-10 -9.718871451651819619e-11 -7.039488211831382989e-10 9.377000749019315102e-11 -4.348457141669508943e-10 -2.685634956958787854e-11 -1.180635407339999561e-11 2.855544619528798787e-10 3.439848790780861759e-10 -4.745923616400894691e-11 -2.345720506808421629e-11 -1.508468500580950452e-10 -5.111725372303997680e-12 -1.016525660335641594e-10 -1.616477318177055891e-10 5.241806123855964826e-12 -1.408013273698794700e-11 6.710564908363701080e-11 4.725257719664750138e-11 -4.530085693999503719e-11 1.323140130036146852e-11 1.724965264126643002e-10 -7.916474119557000644e-11 -1.548736548878746346e-10 8.776011306001533634e-11 -3.748218192248928320e-10 2.009177069816151778e-10 1.125076200261629380e-10 5.182155173572088084e-10 -8.228986834808979852e-11 1.335108225997262602e-09 2.643883229056916246e-14 -4.056046028782032140e-10 4.703425538645626314e-10 4.940125668246214289e-12 3.334895745575607795e-09 -8.506818918396252243e-10 6.294917885063810367e-09 3.202015197225482072e-08 7.825148828047892022e-08 2.356697991179150107e-07 6.998632391977470595e-07 2.211736641406814435e-06 6.981738803150068662e-06 2.304216631549675868e-05 8.079021441279020681e-05 3.069388465046727623e-04 1.332876715334224563e-03
4.265049678716851395e-02 1.324744279648036377e-03 3.072414389850874113e-04 8.091726302438335863e-05 2.305639540681743728e-05 7.088484819929198605e-06 2.207540530147597499e-06 7.171886458391787151e-07 2.505733935034877388e-07 7.982605330783411016e-08 2.712787702068469044e-08 4.350674357075096607e-09 -1.259139465961433734e-09 -1.272292375896225471e-09 1.575560415322199850e-09 2.299918204251854294e-10 -9.749546506394106781e-10 -1.142698093001287685e-10 -6.758001537041181220e-10 7.997515252998805784e-11 -4.651738389028574671e-10 3.296359919763409397e-12 -1.511867122078727874e-11 2.993213216791531136e-10 3.358951577052712127e-10 -4.661243886467636045e-11 -4.020989730959461475e-11 -1.494621857420326901e-10 -2.172521131362202045e-11 -1.053039709783923871e-10 -1.642715115270213430e-10 7.825808653508703845e-13 -1.951128688593707856e-11 7.080265884555507276e-11 4.268470716793121394e-11 -4.479165315891537272e-11 1.465588155513257819e-11 1.685285925221243385e-10 -6.415752072443001183e-11 -1.444486918509948353e-10 1.015254527884785463e-10 -3.952506371150451371e-10 1.998877584116186491e-10 1.261660149255288737e-10 5.365312595598706745e-10 -2.386118921940803569e-11 1.313318339689759312e-09 -5.682946228104279971e-12 -4.469997030802475804e-10 4.737786254665169075e-10 2.752003125585942044e-11 3.293081858584164969e-09 -6.217791800033808574e-10 6.076312332804128130e-09 3.195277086420567449e-08 7.831921049458770827e-08 2.359189016629155607e-07 7.004930990171886937e-07 2.212590237912936188e-06 6.980509759681376016e-06 2.304050067974809814e-05 8.076634583862322058e-05 3.067588456482787441e-04 1.332905559176716546e-03
4.265074070948386004e-02 1.324826985310110497e-03 3.069967994739244261e-04 8.091183323418863523e-05 2.305154996194588735e-05 7.085498863560172505e-06 2.207735736840658269e-06 7.165967605005479236e-07 2.498743793939019814e-07 7.973530632054573936e-08 2.739823956668875034e-08 4.312678209342453585e-09 -1.309361993517063902e-09 -1.025259593976557127e-09 1.675702352745275180e-09 2.826875333555506351e-10 -9.430487669622882499e-10 -1.530341585128880105e-10 -7.149525095887145405e-10 1.092698633631300202e-10 -5.005420272457288108e-10 -2.068761203567251579e-11 -7.115234111486878351e-12 2.826223117869889391e-10 3.750771356638351560e-10 -3.968873988750255496e-11 -2.559571978792036668e-11 -1.607839892914270082e-10 -1.654986452173206356e-11 -1.017378918248870408e-10 -1.607764042976087322e-10 -1.644882176718409963e-12 -1.511386246401538175e-11 7.065165183239407299e-11 4.726968837035219550e-11 -4.380835756954357534e-11 1.936096465699710564e-11 1.720991355698946170e-10 -7.433711790997946134e-11 -1.516672708768489235e-10 8.877545642745427013e-11 -3.613200708711866220e-10 2.353299430297731021e-10 1.406869361336856958e-10 4.711811845996130738e-10 -4.884190279158157219e-11 1.323446532114657318e-09 -2.570650728569331126e-11 -3.386532804767037685e-10 6.022728490504030759e-10 1.228075071374563529e-10 3.367291909549704267e-09 -7.044715506002290594e-10 6.333273932492980423e-09 3.192933783016375585e-08 7.825366911765591792e-08 2.358841942163196007e-07 7.009654302020605585e-07 2.213454863656702867e-06 6.989648711830539681e-06 2.305640376085815290e-05 8.079583192585277956e-05 3.068603818763789340e-04 1.332750557469313283e-03
4.264915175383321433e-02 1.325350912931734211e-03 3.072944594091733036e-04 8.092561734360633136e-05 2.305207707725007851e-05 7.081586304926031017e-06 2.208068280017285619e-06 7.164919686677627890e-07 2.499566086413898386e-07 7.954312607106285491e-08 2.733050409587905643e-08 4.148001930525754614e-09 -1.345985602632588600e-09 -1.246464373502264394e-09 1.524366398129335667e-09 2.843723809509939114e-10 -1.045474123405310738e-09 -9.554654029663299231e-11 -7.271408640347225770e-10 1.394546989457649715e-10 -4.368011039187685866e-10 -2.530755854352680969e-11 -1.221167429038297955e-11 2.901169759143146752e-10 3.309945262109620247e-10 -4.964783756310680445e-11 -3.539188301242098423e-11 -1.570132763224044360e-10 -1.532017981926089949e-11 -1.013912417726950890e-10 -1.569703631264475441e-10 3.938062178116755082e-12 -1.620414545057839955e-11 7.619918326911665237e-11 5.060094005214253016e-11 -4.098946197996526395e-11 1.700792914639618059e-11 1.711992987531233999e-10 -7.956093982754399070e-11 -1.562942554607914466e-10 9.152250091325469402e-11 -3.744423629653433057e-10 1.948919960811554917e-10 1.122577680092751757e-10 4.925384125329574064e-10 -3.041877911529931253e-11 1.355553986588768497e-09 -4.519857705291671696e-11 -4.888806957567490429e-10 4.228736956140927634e-10 -5.208268410006367788e-11 3.423281576336353579e-09 -4.584191058737066259e-10 6.321970431308917666e-09 3.194269535808441818e-08 7.801438796884517950e-08 2.349503475756570220e-07 7.008695075662772730e-07 2.211627557072312517e-06 6.984799352866693220e-06 2.304649901796936446e-05 8.076974367425248107e-05 3.067691477402714902e-04 1.333060896759098246e-03
4.264900779228686378e-02 1.324998516111788264e-03 3.072757015863161983e-04 8.091462691444648069e-05 2.305403431263578442e-05 7.084564418959778324e-06 2.208105474182949201e-06 7.157170378322053751e-07 2.500572494899867790e-07 7.933834826521149226e-08 2.758169611182826172e-08 4.495796447788010506e-09 -1.312093937773165829e-09 -1.159810980370325422e-09 1.698293530962784821e-09 2.575646945470909716e-10 -1.015152480798613143e-09 -1.296132423129470112e-10 -7.133903369539689358e-10 9.567944776297977458e-11 -4.610817245941474058e-10 1.458249674799915497e-11 -4.005300909731115438e-11 2.692336203002893159e-10 3.339506003803960701e-10 -3.825817452948336833e-11 -3.211262409485231175e-11 -1.706973549647899400e-10 -1.726605755606717213e-11 -1.039169445154051066e-10 -1.545384840805541252e-10 3.807310881377583890e-12 -4.162426819348432505e-12 6.891542270579928930e-11 5.236434879005550910e-11 -4.447336499852121422e-11 1.581338875299000711e-11 1.610132512075123875e-10 -8.264373203465672947e-11 -1.614744406128198231e-10 8.125889428749377611e-11 -3.543508910234193963e-10 2.061809146622447567e-10 1.153449929542961573e-10 4.667249643680559405e-10 -6.907998560782514178e-11 1.284066456392174873e-09 -1.298290734139940031e-10 -5.011242467153025274e-10 4.271547458174047453e-10 -1.713263849398409426e-11 3.259324948014907768e-09 -6.156106017079425648e-10 5.870773469286543832e-09 3.144245699329727741e-08 7.858931134334294537e-08 2.356655799618241449e-07 6.996192411338049082e-07 2.211731320270228541e-06 6.981575400699915092e-06 2.304906749082996409e-05 8.077748673070005863e-05 3.068140593175447796e-04 1.333016743609797454e-03
4.264964206653729800e-02 1.325107249940254322e-03 3.072191127921806118e-04 8.087881980327923763e-05 2.305616350463322083e-05 7.082313995142958820e-06 2.206593147044057567e-06 7.153149936472357927e-07 2.496792870901110747e-07 7.934838049188876690e-08 2.717927278459728388e-08 4.498488749420939096e-09 -1.184203645871422894e-09 -1.226498140900180584e-09 1.465494521966162352e-09 3.996986293271508405e-10 -9.621137283353684691e-10 -1.211117887412498922e-10 -7.528782029704754088e-10 7.211214338817037381e-11 -4.704225059075764751e-10 -1.773339685579549328e-11 3.257491355285916818e-12 2.673782459615518120e-10 3.447592322922312552e-10 -3.924209303164118170e-11 -3.779307077092326527e-11 -1.558428300283007118e-10 -2.132043565503858480e-11 -1.006402619430896607e-10 -1.595834963527184809e-10 3.418462696037485282e-12 -8.320497126087650714e-12 6.673146575713017386e-11 4.038527033648551087e-11 -4.990145506515919794e-11 1.094652066243928065e-11 1.559421872340291788e-10 -7.669703301869193330e-11 -1.642870420814841863e-10 9.184471100233934604e-11 -3.689052749576481089e-10 1.761673974821738290e-10 1.150827796509485422e-10 5.074701703439034815e-10 -8.171082348434724368e-11 1.315656127756953886e-09 -1.376197726896892713e-10 -5.595764298748012145e-10 3.945758676132960253e-10 1.356772966268914482e-10 3.326497649366792534e-09 -5.709702178216437333e-10 6.068735536007167604e-09 3.203420925319797840e-08 7.807201845711445735e-08 2.353019463082709585e-07 7.006647691343459008e-07 2.211758742572456831e-06 6.983066614256566617e-06 2.304224834291232610e-05 8.077295762281682398e-05 3.066872742445574422e-04 1.332869565264430513e-03
4.265066305979461209e-02 1.324989196029637776e-03 3.072931824035303092e-04 8.089729169344525800e-05 2.305051832523322299e-05 7.084746399132711827e-06 2.207087295588627951e-06 7.168975891239389292e-07 2.494364524889741039e-07 7.935186682025624898e-08 2.715320726033924388e-08 4.313507689414231403e-09 -1.335046377038008564e-09 -1.176711049990127689e-09 1.641903518533452048e-09 3.365355404166262587e-10 -9.456697996504620533e-10 -1.037737590078715922e-10 -6.685886598120589720e-10 1.107398574891404066e-10 -4.676201649396324573e-10 -5.912006327323820414e-12 -1.061189810348629624e-11 2.790804450008851341e-10 3.357668873432723420e-10 -4.735901656541882868e-11 -3.904250571216115499e-11 -1.529373164531278518e-10 -1.129463682798973710e-11 -1.023800203274891650e-10 -1.569007200488198616e-10 6.341176647502339380e-12 -1.331195669512093076e-11 7.560003276985425129e-11 3.958342157627185065e-11 -4.292822417097400271e-11 7.898116712056844040e-12 1.706320851288713448e-10 -6.062658102587579821e-11 -1.424042320335393378e-10 7.673153853001003100e-11 -3.794078268328773637e-10 1.999961500684362659e-10 1.436907738035507223e-10 5.183301771256815643e-10 -2.991505832078620121e-11 1.352151693002233639e-09 -5.504009370905340507e-11 -4.832408440080406860e-10 5.367407959754009088e-10 -2.403518941088735643e-13 3.366600554400536862e-09 -7.608592522162600166e-10 6.320279227531176580e-09 3.194340675595429422e-08 7.840100013212139197e-08 2.353488639108856836e-07 6.995313502560985502e-07 2.209092466350903452e-06 6.983384804788003497e-06 2.304258211139008689e-05 8.078744816792182508e-05 3.068325122420940574e-04 1.332455488673787167e-03
4.264935849749737495e-02 1.325041163903271273e-03 3.071627396250893485e-04 8.087482573615173539e-05 2.304014151236456349e-05 7.082037203996526300e-06 2.206131525183562041e-06 7.162978258954676411e-07 2.495669291171438703e-07 7.890344603523817708e-08 2.710624885774234311e-08 4.000265942075940431e-09 -1.223256529637325993e-09 -1.054942321010494666e-09 1.629803657445447960e-09 2.323909904286049021e-10 -9.306592443246445808e-10 -1.566985317592205885e-10 -6.798362657654095665e-10 1.074376833180497237e-10 -4.367827929888052667e-10 3.221796115859680130e-12 -3.185029428966100858e-11 2.630081923528993877e-10 3.230515204004924024e-10 -3.633125336519919195e-11 -4.619299506285892282e-11 -1.494220522182597809e-10 -1.346865405274991498e-11 -1.005194695591866725e-10 -1.618293908614419118e-10 -1.270360746665305452e-12 -1.303728943644613045e-11 7.786789789721548048e-11 5.297833037574014965e-11 -4.562484212419242222e-11 8.420391680675682796e-12 1.754463618857135786e-10 -7.143864492613051016e-11 -1.470841353434707099e-10 1.001204088141415339e-10 -3.721307632096937423e-10 1.993583399813657616e-10 1.561959014543813933e-10 5.152315402657261087e-10 -4.109207812582409207e-11 1.333506720525639932e-09 4.167220954265041215e-12 -3.737032607141268469e-10 5.545566018585472931e-10 9.818942260505324167e-11 3.289156839274152558e-09 -7.544916986114203546e-10 5.876481835126145006e-09 3.168483641828066139e-08 7.777506758614086841e-08 2.347442326156058861e-07 7.000887698007315842e-07 2.211251674523790076e-06 6.986447703080907390e-06 2.304725158340466384e-05 8.079061275641420290e-05 3.068511297032166661e-04 1.332778196588181889e-03
4.265131151156874301e-02 1.324693725314287198e-03 3.071790403771530991e-04 8.088345231081636938e-05 2.304911913390470229e-05 7.082579325885377311e-06 2.205803323386963616e-06 7.167680080643053176e-07 2.497768341365349420e-07 7.916146597784374849e-08 2.734709592619645176e-08 4.648340724200300314e-09 -1.209492277007414348e-09 -1.234183349617463507e-09 1.631618280570780045e-09 3.384459401768610511e-10 -1.066617967779121838e-09 -1.838758150230013437e-10 -7.267169105655987400e-10 8.701291295864896973e-11 -4.546074253533113812e-10 3.008788132791102587e-12 -2.244392032233720154e-12 2.768570834754514903e-10 3.315170405618139958e-10 -4.674510241236904837e-11 -2.560083791876339645e-11 -1.526955228679003747e-10 -1.581444126949040575e-11 -1.023237647544039731e-10 -1.620848225622575931e-10 6.930654522968073179e-12 -1.331051615391816828e-11 6.955282585444981430e-11 4.776169881487967065e-11 -4.275448400368495845e-11 1.167228964947283749e-11 1.718471253795395918e-10 -6.673094035057743043e-11 -1.541432381637652099e-10 9.178137278620859488e-11 -3.769705431382347031e-10 1.883525547165690019e-10 1.251710939737393846e-10 5.065594217858914804e-10 -4.669875473173488699e-11 1.314975280784089887e-09 -1.006975534954614393e-10 -4.453287195487093213e-10 4.826372305075595398e-10 1.101695879759431327e-11 3.334420832451960955e-09 -5.787086534205234002e-10 6.204003140943899114e-09 3.185085568064158522e-08 7.814560716172428605e-08 2.357136141607921767e-07 7.002593603598217727e-07 2.209971395393461323e-06 6.982789877766313988e-06 2.304692956487633566e-05 8.078280390559848913e-05 3.068162926812628634e-04 1.333016026645802120e-03
4.265039333477661787e-02 1.324890068902980118e-03 3.072954947752741550e-04 8.091037916406847901e-05 2.305326845386557685e-05 7.084734176555685377e-06 2.208604682382708287e-06 7.170584224920828741e-07 2.494600262427793892e-07 7.963997881633152675e-08 2.723707479022264740e-08 4.487042206843106518e-09 -1.283619580068962823e-09 -1.147441666397513780e-09 1.491967394429513844e-09 3.375485427347474558e-10 -9.860204984459956635e-10 -9.199356634583117377e-11 -7.188146315940469059e-10 1.380372662229535392e-10 -4.723386910095845882e-10 6.771327733148800659e-13 -3.130259127685899325e-11 2.813441290504912404e-10 3.426985638445588960e-10 -3.881318268523432035e-11 -3.467002657728812525e-11 -1.655275114920337440e-10 -1.622227899184437120e-11 -9.877793879113122108e-11 -1.635553784979605665e-10 -2.367537701412636788e-12 -2.245961978643520999e-11 7.019179810148738017e-11 4.158431215188644009e-11 -4.262637987184288818e-11 1.792244828816086365e-11 1.628838206714394012e-10 -7.903218509897696692e-11 -1.653752281501358532e-10 7.708647563002702782e-11 -3.714439298062308664e-10 1.803470294624497844e-10 1.521433426262604396e-10 5.123347409438271919e-10 -2.148249155818632719e-11 1.326384117475298850e-09 -1.094732302179362174e-10 -4.633857950881318787e-10 4.872229095836404336e-10 1.091702796217871774e-10 3.478701090029071354e-09 -5.255489512185294653e-10 6.280115535582713675e-09 3.179343983613019379e-08 7.837652047541714047e-08 2.362264763365987635e-07 7.002759438740717958e-07 2.212018844293139805e-06 6.981207049302873377e-06 2.304784784210623606e-05 8.077553452392028201e-05 3.068285133155433208e-04 1.332463184875521236e-03
4.265047204195358127e-02 1.324467238437206573e-03 3.072355268621322589e-04 8.089097419921469946e-05 2.305430794621679501e-05 7.088013097525089400e-06 2.207152468661997932e-06 7.156505519383811819e-07 2.501358443715201391e-07 7.955051654324549393e-08 2.762902876101660035e-08 4.359055322409024027e-09 -1.381940807122972747e-09 -1.312452365953041768e-09 1.527477836780028732e-09 2.890828433813455311e-10 -9.801733434148852163e-10 -3.734504782512799878e-11 -7.250702853075087223e-10 6.341616387064951029e-11 -4.749930978105228012e-10 -2.594959365135101332e-11 -8.340243393270105748e-12 2.755789209151466082e-10 3.407037579606015764e-10 -4.798917455308671875e-11 -3.485930602132890030e-11 -1.541223048349671403e-10 -2.049941486177435073e-11 -1.056595820346015510e-10 -1.652943354017019181e-10 -2.810713883030648708e-12 -1.121476854024728275e-11 7.635688115604990806e-11 4.621268554523760023e-11 -4.556205203874054926e-11 1.578453916803336860e-11 1.693525161202462056e-10 -7.951166596849308863e-11 -1.512627562980023017e-10 7.733643825828590555e-11 -4.009166085095607866e-10 1.750382502720294161e-10 1.271210395058498522e-10 5.226110301197514079e-10 -4.118658026690848021e-11 1.285844528936016287e-09 -6.895624656986610593e-11 -4.740457706909645497e-10 4.641288645725542003e-10 3.388857072930031821e-11 3.272851316859854489e-09 -7.145073793497847109e-10 6.060563452806573640e-09 3.173634544387256253e-08 7.795379582548455672e-08 2.353866690517904588e-07 6.993905894694035145e-07 2.212642330435248542e-06 6.983983764725035999e-06 2.304323681336685199e-05 8.079112523356691753e-05 3.068490700693615974e-04 1.332745986344020112e-03
4.264961143986156777e-02 1.324796524340054928e-03 3.072693266110203356e-04 8.089879086578518404e-05 2.304750195569887713e-05 7.084111182253471834e-06 2.206604848048439680e-06 7.157494705968221377e-07 2.504498720498027132e-07 8.008447528855636513e-08 2.759106385753645583e-08 4.463360064066369061e-09 -1.382720161106627088e-09 -1.259574168928259086e-09 1.586082166269683564e-09 3.317183846555322767e-10 -9.136353026753379629e-10 -3.784943156328980067e-11 -6.719483555337279026e-10 3.113978860289338987e-11 -4.772912992097538432e-10 -2.166818178010254366e-11 5.262512904565792641e-12 2.775210627500030014e-10 3.310060398995240426e-10 -4.224644649487626556e-11 -4.383626998811494554e-11 -1.646667413486483670e-10 -2.008531024226771022e-11 -9.784098045931746303e-11 -1.632831067494794020e-10 1.429201599559135073e-12 -1.499537266076215540e-11 6.650865603421311867e-11 4.663404839293929199e-11 -5.383094673416693781e-11 1.106048099415711757e-11 1.668093384948877456e-10 -7.786664904892527375e-11 -1.586662833910416338e-10 8.511336906874003074e-11 -3.797037957578238879e-10 1.976761351847906054e-10 1.292452777511159788e-10 5.099355819440976296e-10 -4.152976514051551426e-11 1.349021084781589096e-09 -2.260764973728436511e-11 -4.968057006887209572e-10 5.527220507070050856e-10 9.187380973814866563e-11 3.215824047740030292e-09 -4.997424270879301358e-10 6.334422846661219263e-09 3.206466342722713111e-08 7.873355194543825186e-08 2.353930016881366595e-07 7.010810854650429457e-07 2.213387358842607565e-06 6.985689683321743601e-06 2.304476876784135940e-05 8.077405267402712344e-05 3.068004856113633804e-04 1.333201821082968981e-03
4.265062938168114048e-02 1.325243360594735749e-03 3.072137090379563058e-04 8.091131587575046773e-05 2.305152113350915550e-05 7.081833546295240995e-06 2.206287031717065504e-06 7.159693001277784406e-07 2.489229278373371843e-07 7.890155618709346271e-08 2.713101513122719944e-08 4.250951092556118564e-09 -1.529171981640681244e-09 -1.246032020898423808e-09 1.542805978632940575e-09 3.399790117128777739e-10 -9.502375230281085968e-10 -1.775854635658480997e-10 -6.869767374140143001e-10 1.095067227890221243e-10 -4.328065603700522306e-10 7.255590738488327964e-12 -9.113846500280789432e-12 2.655576814319272049e-10 3.388871934631415598e-10 -3.852736797110941909e-11 -2.586488136575958429e-11 -1.499329539445188043e-10 -1.248818978450877859e-11 -9.856302011164612329e-11 -1.618791757046055349e-10 4.089878638485367149e-12 -1.156817793094822277e-11 7.647259533945199564e-11 4.836850938518830595e-11 -4.231079796459747340e-11 1.776161931772576280e-11 1.730658685576166641e-10 -7.495936289899259362e-11 -1.550342563274886703e-10 7.862804194649009795e-11 -3.802416523226811608e-10 2.125267107284318064e-10 1.371025853344397551e-10 5.364456422532913350e-10 -9.843531866489431295e-11 1.374556831369355938e-09 -5.128910825297148999e-11 -3.973561166891659590e-10 4.117337825760465705e-10 5.738885004435421646e-14 3.270047226703727610e-09 -6.835586141911058673e-10 6.017211365134510660e-09 3.186106535990625881e-08 7.852049198081164880e-08 2.358799668014424322e-07 7.005165791457875060e-07 2.209916722470096191e-06 6.983924112775294728e-06 2.304326339992272550e-05 8.077266223313042583e-05 3.067182572709730663e-04 1.332451513433110602e-03
4.265132260826821897e-02 1.324578934994267206e-03 3.072240493592451370e-04 8.091118294811900052e-05 2.304999709749454561e-05 7.083604458171657269e-06 2.205815363447209311e-06 7.156252458820290327e-07 2.495831676190792180e-07 7.921358608812258559e-08 2.748468200074177139e-08 4.627230903117944649e-09 -1.067521201041238846e-09 -1.360304593377934433e-09 1.675849835245701125e-09 3.542477927218308475e-10 -1.098750432686591028e-09 -1.167882518166434914e-10 -7.031119629298109767e-10 1.033961325005799310e-10 -4.759327406156500926e-10 -2.111756342711776442e-12 2.850956851566636460e-11 2.904001537145255711e-10 3.362748594833335350e-10 -4.069563588642183359e-11 -3.405768283659541697e-11 -1.495100350354707811e-10 -1.606795810202773294e-11 -1.031108350045282876e-10 -1.584526552796418419e-10 -2.803645841126624756e-13 -2.019842145858452917e-11 7.300068286452547728e-11 3.642287331886073555e-11 -4.474037302261855677e-11 1.148170224899992322e-11 1.619459397779072555e-10 -8.408300429613309980e-11 -1.543423641208238178e-10 9.487053769056724715e-11 -3.735777536760415889e-10 1.782997326914384593e-10 1.202092459503976318e-10 4.905776593199115331e-10 -8.209685693875647268e-11 1.294091853499031269e-09 -4.403558447316868858e-11 -4.509127759523434334e-10 4.796365326102370379e-10 5.245958074859284717e-11 3.468754064411138656e-09 -6.026661546384322021e-10 5.972761836345158182e-09 3.183190135265144233e-08 7.829299462311361003e-08 2.360890349412503095e-07 7.004900426367384773e-07 2.211332822824286045e-06 6.985715353295012244e-06 2.304384705402130810e-05 8.079332137761897209e-05 3.068539557743297412e-04 1.332806800269723283e-03
4.265083005679560363e-02 1.324769467040172108e-03 3.072464379796510333e-04 8.091545180133692314e-05 2.305224423532134797e-05 7.086409312201532363e-06 2.206779722408286096e-06 7.159144956345414543e-07 2.500160404087532119e-07 7.939365681668710414e-08 2.725029740347672085e-08 4.246334989305187989e-09 -9.241210829349005710e-10 -1.151522337765681821e-09 1.583614030676511356e-09 3.519335884927887883e-10 -9.486280939061745670e-10 -1.290447545793698304e-10 -6.984781151375024711e-10 6.038736572482394761e-11 -4.215427247245705326e-10 -2.619333102410393238e-11 -2.551716089403805252e-11 2.792003225177545705e-10 3.411587255785170877e-10 -3.676813090583850216e-11 -3.278818711580646609e-11 -1.654324361933830156e-10 -1.423593248943409744e-11 -1.014855671054398435e-10 -1.621294622725056052e-10 5.112831542440634905e-12 -5.725727944460041966e-12 7.489384893033944175e-11 4.374498963820390563e-11 -4.401778281537072172e-11 1.765337792450108656e-11 1.667734325550329954e-10 -7.728438919752095664e-11 -1.655922860997554566e-10 8.860651191555020483e-11 -3.736082524008708165e-10 1.854630038616602472e-10 1.110153826115142105e-10 5.210134256252706835e-10 -2.584851477824272210e-11 1.385233757605638431e-09 -3.264566827234009047e-11 -4.450889380618514016e-10 4.340805938467850920e-10 1.317712737624164862e-10 3.211586283649258278e-09 -7.011750138403952227e-10 6.110868954995972881e-09 3.169141543567627906e-08 7.808053361068264029e-08 2.357453343516987652e-07 7.000599081175652287e-07 2.210386913362480451e-06 6.986097917057674344e-06 2.305453535097315678e-05 8.080489335961819561e-05 3.068029854646090663e-04 1.332459943007056587e-03
4.265079568127606163e-02 1.325224816903569809e-03 3.072031613975465111e-04 8.087862150775363519e-05 2.305508625376671445e-05 7.088070430865450454e-06 2.209524180622235297e-06 7.159817149435184240e-07 2.500119796342152101e-07 8.014344526356158531e-08 2.720342227494501631e-08 4.185224588024706473e-09 -1.494762993048598133e-09 -1.278600274847439558e-09 1.482133501870101518e-09 2.203491127000688259e-10 -1.118698079900817324e-09 -1.496212256560042950e-10 -7.406453830052845984e-10 9.976687772360973697e-11 -4.876556672628558318e-10 3.200513128567063969e-12 -2.082064008936925903e-11 2.554782227317582468e-10 3.439720204561044481e-10 -2.470830373188538697e-11 -3.133765179087731592e-11 -1.567650215672821768e-10 -2.133437895077937702e-11 -1.000947160063475598e-10 -1.566007928236060541e-10 2.441991012251245178e-12 -1.487311205453549047e-11 7.292121533848928811e-11 4.237126370884471337e-11 -5.154564404279379313e-11 1.481682434311324072e-11 1.638411752920378855e-10 -6.875658854392623281e-11 -1.472884509832238017e-10 9.214063981484696682e-11 -3.882487201253246495e-10 2.026358068697979723e-10 1.436735190875788869e-10 4.995491453421882961e-10 -5.324014026620274630e-11 1.368450571762538686e-09 -1.812639268726354288e-11 -5.416874578893995272e-10 4.833966239057505455e-10 3.372060476130264379e-11 3.314472024821145204e-09 -7.426841151271137673e-10 6.152139032005803215e-09 3.223995426820448734e-08 7.853971786683548532e-08 2.366539284220692910e-07 7.010506481440858785e-07 2.212372849488835700e-06 6.984380910802021606e-06 2.304755456552876416e-05 8.077583235374846454e-05 3.067082643184490098e-04 1.332758101145135095e-03
4.265086507182185016e-02 1.325116494065125498e-03 3.072752899407422337e-04 8.092165295357535697e-05 2.305594274431688585e-05 7.084759010419031099e-06 2.208023994866816544e-06 7.162459556709881232e-07 2.487793452043552098e-07 7.936117155663604255e-08 2.724114466398375907e-08 4.386569674680039488e-09 -1.402104934469957458e-09 -1.288783809447358755e-09 1.605006694512612862e-09 2.595514683415885691e-10 -9.749531107866721590e-10 -1.026570997838675324e-10 -7.104128566010840010e-10 8.109430725619733857e-11 -4.752445944424035476e-10 -4.762492498245900367e-13 -1.592653603470930692e-11 2.821112602177621197e-10 3.427657510128552969e-10 -4.483189568026159730e-11 -3.301013382340948658e-11 -1.629408041061972021e-10 -1.816964047303765979e-11 -1.030953372846718049e-10 -1.640438078167665543e-10 1.207416287295452731e-12 -5.217828996365442322e-12 6.961342402588589827e-11 4.452367227159114301e-11 -4.434957073580032685e-11 1.139026390507198819e-11 1.694769621596093169e-10 -6.266949355481754048e-11 -1.573308186181320723e-10 7.068803172170564723e-11 -3.896351096292878344e-10 1.716648845432295999e-10 1.351780703586863250e-10 5.046303679926031949e-10 -2.964299492767147340e-11 1.295424330243032813e-09 -5.923177032737514446e-11 -4.718062039074992386e-10 4.579447023343590286e-10 1.193772227653711468e-12 3.307897166319825613e-09 -5.894519531484709588e-10 6.417972163566739132e-09 3.236308714309162625e-08 7.860176722912068493e-08 2.359446406870593176e-07 7.011154693072670737e-07 2.212745645191508527e-06 6.985935725987018903e-06 2.305330888187016237e-05 8.080193271890679025e-05 3.068218597872211643e-04 1.332762658016394767e-03
4.265048916142394342e-02 1.324739230478000525e-03 3.072031223266800145e-04 8.090287415346833955e-05 2.305322463224654438e-05 7.082051811638104782e-06 2.207529483914359307e-06 7.154935019587640086e-07 2.489580343239528751e-07 7.949065478956502661e-08 2.729691885321881548e-08 4.060018419616032892e-09 -1.318581639828525331e-09 -1.371665388913320027e-09 1.689203301390458490e-09 1.676389487996276552e-10 -1.020441369012908983e-09 -2.177750803446723575e-10 -7.104759089607090718e-10 9.433657728416895775e-11 -4.609398914327661447e-10 -2.916983281836880719e-11 -3.396370112454541398e-11 2.577704494590566759e-10 3.439614200658278469e-10 -3.922789035166406946e-11 -2.163496321309061420e-11 -1.567497983183899357e-10 -2.023309361150081857e-11 -9.331072838388438189e-11 -1.587027358080663434e-10 1.146896147437588827e-11 -1.272410696003733252e-11 7.206288812992244867e-11 4.940131779605242605e-11 -4.643986503055068449e-11 1.813796630687367095e-11 1.714626844942786409e-10 -6.987091616848074072e-11 -1.642769767795882715e-10 8.810492650823046838e-11 -3.905664008252834911e-10 1.891592120564667931e-10 1.211456563340766550e-10 5.445948044005224400e-10 -6.274923539091629781e-11 1.385274469390898290e-09 -3.912811727109619009e-11 -4.182871674652412056e-10 5.118839803971808436e-10 7.497059839732029381e-11 3.331996076854376870e-09 -5.701548901562678681e-10 6.178239105159146243e-09 3.180316706473448697e-08 7.877495841064154187e-08 2.349164187241686394e-07 7.003182954383118854e-07 2.210196285066390868e-06 6.985000739967502492e-06 2.304310246180287967e-05 8.078403969354614324e-05 3.068263619067211775e-04 1.332562616612151555e-03
4.265179253736737369e-02 1.324688060186451823e-03 3.071997645187634252e-04 8.088296455620352021e-05 2.304729112057388044e-05 7.084734352137538037e-06 2.207690975505626611e-06 7.165634677162887355e-07 2.492038622267751400e-07 7.961788250942184119e-08 2.730100012173186023e-08 4.508658688476928650e-09 -1.392281657389188471e-09 -1.285181373652041286e-09 1.603689662936407843e-09 2.866561576589039454e-10 -9.484009888831566785e-10 -1.085091634591248770e-10 -6.981079418758134049e-10 1.252898182165818883e-10 -4.762583418128952654e-10 2.840012005738030574e-11 9.998446481357749020e-12 2.805713432412414354e-10 3.580563272142109905e-10 -4.125904931968764697e-11 -3.785191746635862497e-11 -1.576598600918073010e-10 -1.779629485615533636e-11 -9.922714105359119676e-11 -1.582632577776125036e-10 5.419207971693625736e-12 -1.148614485954418736e-11 7.392460201657771629e-11 4.450334944389526600e-11 -3.973476897341143734e-11 1.468795244239790526e-11 1.543808871799190106e-10 -7.684319528245344022e-11 -1.540240426039827737e-10 8.789851989653327646e-11 -3.731275270624811480e-10 1.895751086406964654e-10 1.632263996897938069e-10 5.329184179896391083e-10 -3.076197858651251371e-11 1.345302354420897412e-09 -1.044197599204649848e-10 -4.689680056610517156e-10 4.600687037013895783e-10 1.645973238745148774e-10 3.391434847128808570e-09 -6.282659765542815753e-10 6.274061315147032915e-09 3.196629924047865163e-08 7.840536683557240338e-08 2.355748721328801753e-07 7.003281410550458172e-07 2.210449565008376475e-06 6.984194813469776870e-06 2.304320111805281072e-05 8.079300899926999491e-05 3.067604819707717210e-04 1.332194313155449792e-03
4.265190186074724332e-02 1.324832090246420542e-03 3.071713705420220505e-04 8.092641876601371813e-05 2.304943941805440193e-05 7.087346592302641826e-06 2.208869686379611876e-06 7.166490515467347802e-07 2.498631324673114861e-07 7.935877634546822164e-08 2.732034033841378796e-08 4.459419298150753448e-09 -1.294493490833358390e-09 -1.219965821780877122e-09 1.671348800878136854e-09 3.142701187093161845e-10 -1.038085098817125075e-09 -9.491441875347183038e-11 -6.563147235917087094e-10 8.549443234120955304e-11 -4.926720465753557842e-10 -1.611122186473995052e-11 -1.693877227831713464e-11 2.741178788418632838e-10 3.332004836007599253e-10 -3.587014160291420151e-11 -3.051926040298857890e-11 -1.508903781489203827e-10 -2.268766091921543955e-11 -1.033846687249918207e-10 -1.582073105332372518e-10 8.276698439803142617e-12 -1.542134457196610025e-11 7.365470853264182615e-11 4.444405943049649604e-11 -3.538311365566118934e-11 1.726131155262696061e-11 1.764376595816192647e-10 -6.773471841452567109e-11 -1.609935481903458241e-10 9.281150757858932653e-11 -3.660432858698033293e-10 1.969537005211307321e-10 1.327938034667386179e-10 5.066547973149697492e-10 -5.157902889099901110e-11 1.306049000833087659e-09 -3.815526308719478822e-11 -4.438374725035969954e-10 5.971774413905341094e-10 4.771866901619906416e-11 3.327057503564552783e-09 -7.006979650442931462e-10 5.882541232788938009e-09 3.184118020307379149e-08 7.803346218924336294e-08 2.353456327405586397e-07 7.012100455217171008e-07 2.212266568384370675e-06 6.987971818032755501e-06 2.305401078387479328e-05 8.080439423429579672e-05 3.068934683710663547e-04 1.332734069483857385e-03
4.265063295420418177e-02 1.324998592182687627e-03 3.072224250677676669e-04 8.091392985326270918e-05 2.304428908376523165e-05 7.085090778040818035e-06 2.208168752741604482e-06 7.157038584680062459e-07 2.504001400123366615e-07 7.934696089577932565e-08 2.774596195013761908e-08 4.366415144679843142e-09 -1.004768109130758590e-09 -1.269273348468777570e-09 1.566774736147354370e-09 2.103952141087277039e-10 -9.434234689348244136e-10 -6.945750444521683840e-11 -7.236330880405310603e-10 9.770278489230848473e-11 -5.111605865552874676e-10 -1.913627210836354038e-11 -2.566432093930723331e-11 2.784395417342787012e-10 3.513595566608979655e-10 -3.341905059186816249e-11 -4.063626345667638913e-11 -1.541344999562317816e-10 -1.810534623602711287e-11 -1.026063703292558371e-10 -1.592749920600609082e-10 5.038087902220201224e-12 -8.510578446728735933e-12 7.032172979743097672e-11 3.743397515195826854e-11 -4.793211625388172737e-11 1.506862316436248669e-11 1.674334748773684385e-10 -7.736338447393647316e-11 -1.643447285889002126e-10 8.230199326974497715e-11 -3.766276540392374404e-10 1.827640374097165370e-10 1.148120047562070254e-10 4.950197322450079383e-10 -5.717531106834070338e-11 1.308777130874904320e-09 -7.648903872212054457e-11 -4.714149128988869053e-10 4.547956773927959435e-10 9.860002557474884096e-11 3.486142382367765184e-09 -5.573364715736640202e-10 5.975463353457328130e-09 3.175097777886174398e-08 7.865942880819245717e-08 2.351485520358488956e-07 7.005332658320555771e-07 2.210054628684331868e-06 6.986225251986842864e-06 2.305830748341626004e-05 8.081976044095564758e-05 3.068153357911425003e-04 1.332940253958406077e-03
4.265033387031860052e-02 1.324835865286786134e-03 3.072362444981210331e-04 8.090978764008530891e-05 2.304757984332447972e-05 7.083948211683984747e-06 2.206658288594997312e-06 7.172315513976362147e-07 2.498147397179616136e-07 7.998756150784491359e-08 2.764554188740969176e-08 4.304435990208510105e-09 -1.212401350577618864e-09 -1.294696304367892013e-09 1.558582036497180651e-09 3.164269621501212908e-10 -1.010168558726286648e-09 -1.562808224497549771e-10 -7.406938048067156493e-10 7.049247278450514899e-11 -4.898687808918923258e-10 -3.736614647665244378e-11 -4.526801880140915319e-12 2.894153714503226224e-10 3.331264479005390105e-10 -3.199497098221951797e-11 -3.553248759192523776e-11 -1.569919157143567629e-10 -1.996577926576095211e-11 -1.026351705402772669e-10 -1.600158152836760090e-10 3.686948849708192146e-12 -8.616832978118493376e-12 6.982096142894959296e-11 4.637415000335997721e-11 -4.583569567430783501e-11 1.649430500351406657e-11 1.666976193722614214e-10 -7.145291612119783061e-11 -1.392048886851562336e-10 8.933908167662317311e-11 -3.845408114281244195e-10 2.079518288068482919e-10 1.253531783538372326e-10 4.990434369946441637e-10 -3.602678671143094492e-11 1.359657945004579358e-09 -1.872960084710105847e-11 -5.287708154531449833e-10 3.811129234360482634e-10 1.250922719956349397e-10 3.347370952279132483e-09 -5.752146764225610878e-10 6.190926082327321203e-09 3.163971328701892265e-08 7.843639430572915881e-08 2.352261341502758486e-07 7.008181088430231633e-07 2.210404164024396995e-06 6.982355889943348878e-06 2.304080907574703192e-05 8.078158692581289407e-05 3.067490385196537618e-04 1.332821363464118921e-03
4.265053223974782370e-02 1.324781963557651555e-03 3.071702577629154517e-04 8.089286929462567353e-05 2.304342888807501755e-05 7.082819043540709325e-06 2.206154293149298716e-06 7.150884886838067343e-07 2.493131636369455221e-07 7.980492932461051372e-08 2.710857273058374834e-08 4.417298547048107540e-09 -1.151055893504845781e-09 -1.132729577377975666e-09 1.652273664334950316e-09 3.487116501499833413e-10 -9.377772875573019089e-10 -1.335222226382928579e-10 -7.712697199651275738e-10 9.179735373434805751e-11 -5.146720526720996154e-10 3.679848614495910808e-11 -1.990812587199708755e-12 2.857162379143244930e-10 3.407957830145487150e-10 -4.220573928887814454e-11 -3.248920333513762876e-11 -1.640414028182919152e-10 -2.206052437816472748e-11 -1.038087846833644941e-10 -1.657378657130280494e-10 4.296615383658461442e-12 -1.061048306624580662e-11 7.521437005381392176e-11 4.593398423904666270e-11 -4.547881925037062482e-11 1.970468965032901262e-11 1.741675235436155275e-10 -7.214023275535326356e-11 -1.503080583635489804e-10 8.200526351922111096e-11 -3.653137385736940373e-10 1.774570819687210530e-10 1.430620047136508635e-10 5.176329027679520849e-10 -7.661481780272436138e-11 1.362191342929619579e-09 -1.786889990352425497e-11 -4.551658903367693022e-10 5.287294713305879576e-10 -3.927180769106846921e-11 3.288321538513827660e-09 -7.982279570473939556e-10 6.202873299887124094e-09 3.210502043604683886e-08 7.779133670726055932e-08 2.357913328749888827e-07 7.009442104231782963e-07 2.211417360616729339e-06 6.983573242946301463e-06 2.304788610436859275e-05 8.077075483792732621e-05 3.067926156363621603e-04 1.332589533651206033e-03
4.265131041524265754e-02 1.324767483774723104e-03 3.072683843653920260e-04 8.094042256425770831e-05 2.305595036122540375e-05 7.084423455863458979e-06 2.208789219302052684e-06 7.169369046752987165e-07 2.495107074096552948e-07 7.933634385481215407e-08 2.727064146390935848e-08 4.284441759841583876e-09 -1.249888821953825452e-09 -1.221138217223840949e-09 1.493624163947679335e-09 3.489293281837990963e-10 -1.036512289922620601e-09 -1.470265408702025877e-10 -7.163605681044284118e-10 6.088438572321120091e-11 -4.963450323823842184e-10 -2.212981626381422416e-11 1.096744062072785803e-11 2.851998423760661437e-10 3.423809380097026442e-10 -3.727981928074209330e-11 -3.743373516464927779e-11 -1.616834338140058116e-10 -1.428126293845259274e-11 -1.013088197993771015e-10 -1.621616882434167434e-10 5.261239871230330179e-12 -1.381183304090052724e-11 7.014910893925399565e-11 4.794227804487931221e-11 -4.543132016282966138e-11 1.419104923913400822e-11 1.675336945755726027e-10 -7.655730731234979192e-11 -1.515402698500660323e-10 8.538232274156214869e-11 -3.709840091251464058e-10 1.975243106773903271e-10 1.433181828768264160e-10 5.215274622624282221e-10 -7.719351032818676834e-11 1.356422687778345226e-09 -5.538733733251471839e-11 -4.111601658367994468e-10 4.718692800630730833e-10 -3.045810667923819301e-11 3.326718456381165916e-09 -5.210282272069601243e-10 6.049162039679288649e-09 3.225002690642114293e-08 7.811302412735599656e-08 2.352990026794640509e-07 7.003947755340482352e-07 2.211747704166343055e-06 6.983628728955332421e-06 2.303723837348056798e-05 8.074982550934832015e-05 3.067659522206296250e-04 1.332869553591563196e-03
4.265101234407001757e-02 1.324905470879879062e-03 3.071885438348408897e-04 8.089766828155999477e-05 2.305418150533921425e-05 7.083538413959025453e-06 2.206456034002196289e-06 7.167674284154288635e-07 2.504513264329020373e-07 7.933926898143638918e-08 2.728611460779226678e-08 4.297833291680834117e-09 -1.319470011544781339e-09 -1.129782248884105948e-09 1.583203477550880608e-09 3.611956800462994101e-10 -1.020899867358122746e-09 -6.433058520403590558e-11 -6.551964435434901987e-10 1.079460568218766245e-10 -4.693476221198125336e-10 1.182661864724165071e-12 -5.357482537044718820e-12 2.667217133439827841e-10 3.321088408767849859e-10 -3.236978202877408888e-11 -1.650623587017137416e-11 -1.617032070271965784e-10 -1.953654923336243607e-11 -9.960905299240572756e-11 -1.670382034093275107e-10 1.065556344295356245e-12 -1.284751547067883512e-11 6.752008465816498216e-11 4.974238529673998242e-11 -4.803507388548502825e-11 1.195698375510416518e-11 1.755363581944049181e-10 -8.232999722334949921e-11 -1.607601357261031770e-10 7.912293742696550941e-11 -3.845078206058657583e-10 1.864304994880579711e-10 1.773611436746460158e-10 5.133541913170912988e-10 -1.958325557305631759e-11 1.324908310310710387e-09 -6.497929999208430927e-11 -4.542993801997782851e-10 4.843290993052477403e-10 9.279353010812587577e-11 3.433748086124126569e-09 -6.742271457911926280e-10 6.191342918368824259e-09 3.215996260655487971e-08 7.822115383208111694e-08 2.350957016039280363e-07 7.002785050684978053e-07 2.211772267536126993e-06 6.983353932486317286e-06 2.305173757624479742e-05 8.079797769852381766e-05 3.067493990669868534e-04 1.332943604323398026e-03
4.265133423213188224e-02 1.325046302791840292e-03 3.071884511024178038e-04 8.089604200805094742e-05 2.304383958475821555e-05 7.083587660307691447e-06 2.207092293354450154e-06 7.176471308289156427e-07 2.503720836338890938e-07 7.913465184149061693e-08 2.739353876626454603e-08 4.127891667609638794e-09 -1.397279039933891334e-09 -1.172082350238683456e-09 1.568816109725367772e-09 1.357654065376411975e-10 -1.013678482390360075e-09 -6.680649433853672478e-11 -6.884791023426705245e-10 8.678609521759177893e-11 -4.633479930430691033e-10 -1.856985463729645292e-11 -3.072303946111200185e-11 2.790276605599530766e-10 3.412404027993515315e-10 -4.696872064296690027e-11 -3.519988626387645483e-11 -1.616211416067399902e-10 -2.048314514624812649e-11 -1.016122383288255785e-10 -1.575907402395600965e-10 1.130736948235574097e-11 -1.241174442724671172e-11 7.091910338819768861e-11 4.619665863078138380e-11 -4.518096899889886399e-11 1.760616474520887830e-11 1.767755263799519192e-10 -6.541948582591732551e-11 -1.530380502169948275e-10 8.452601606851810235e-11 -3.818775499962430731e-10 1.676758343084070749e-10 1.184592014567956248e-10 5.096212731962312796e-10 -8.404634685527863957e-11 1.342296947527585135e-09 -9.568230342350476794e-11 -3.920300910339217688e-10 4.062305413255250115e-10 -1.305356981929390060e-10 3.457315663630522500e-09 -7.136789244732342520e-10 6.067549243192710914e-09 3.167287576468305249e-08 7.808178133288009393e-08 2.352236527148144898e-07 7.004588769770415057e-07 2.210855077445925863e-06 6.980834077829213056e-06 2.303065492985327799e-05 8.076279232624706237e-05 3.067896829682485987e-04 1.332670014522074724e-03
4.265032527987343280e-02 1.324909217591872020e-03 3.072502562958924011e-04 8.090046639674456351e-05 2.305692426994315774e-05 7.084954798779345345e-06 2.208547179540171807e-06 7.159167898763009199e-07 2.500117034322860541e-07 7.969298133185409671e-08 2.726856667006678213e-08 4.371390111826078142e-09 -1.490521515049515616e-09 -1.252369787330992962e-09 1.572901259425875490e-09 2.390118484486808242e-10 -9.912343159400309908e-10 -1.033694265897274889e-10 -6.846864082117992700e-10 7.096289628983184471e-11 -4.919507263642624346e-10 2.901429377541074012e-11 1.284849940934266503e-11 2.896586033305049891e-10 3.228540595078911958e-10 -3.555088116622448445e-11 -3.133517870685567679e-11 -1.625347683138317228e-10 -1.759532219779845905e-11 -9.858842072931596761e-11 -1.599136237650336779e-10 5.840752260789703332e-12 -1.385243544981725901e-11 7.146010284606747113e-11 4.783275727816615727e-11 -4.805989555010346813e-11 2.144887785341324867e-11 1.722543182306765015e-10 -7.464431325694812377e-11 -1.590460370408865192e-10 8.988891870814017969e-11 -3.769832647810002535e-10 1.861299271104436022e-10 8.740722560871914244e-11 5.008912700397683475e-10 -4.081913464210788010e-11 1.271048541094158511e-09 -1.705605775087050525e-11 -4.655324640495663372e-10 4.778015570736206589e-10 1.413116258690653186e-10 3.285611432572592245e-09 -7.078222108446906441e-10 6.240548109649471442e-09 3.158409689952627655e-08 7.782086833162769594e-08 2.358411068446958921e-07 7.002702594587172535e-07 2.211264742011640468e-06 6.985490864033232672e-06 2.305268439605579755e-05 8.078736713371136892e-05 3.067672492158398040e-04 1.333251547717664550e-03
4.264981101825520565e-02 1.324687473896582089e-03 3.072446555041173232e-04 8.087230073642248055e-05 2.304066349071933915e-05 7.082160927864834156e-06 2.206928594896850513e-06 7.160702246557338360e-07 2.501193160052533771e-07 7.939546969600182225e-08 2.723306951793899685e-08 4.305033785464330990e-09 -1.404578877468320158e-09 -1.238863873722433394e-09 1.685035443998603860e-09 3.009815080114713363e-10 -1.015284825182745415e-09 -7.356344341129073724e-11 -7.394275688610648687e-10 1.144750293740911604e-10 -4.700034214716985128e-10 -7.161507163732493280e-12 -6.328081997628289992e-12 2.920326609049115334e-10 3.460906520674847860e-10 -3.704442944832043399e-11 -1.725273724138863652e-11 -1.605969864407790593e-10 -1.762034520895861018e-11 -1.048174111310653120e-10 -1.557427704556564531e-10 7.060186587018618121e-12 -1.417772121065618431e-11 6.547629919069693143e-11 4.768471984336762012e-11 -4.194257613782073018e-11 1.555687793662590301e-11 1.601454494213316705e-10 -7.086990132658375070e-11 -1.467878211985827427e-10 7.101483174537750273e-11 -3.869412038495434534e-10 2.017962928205862469e-10 1.580276105211032350e-10 5.405583434525517785e-10 -7.247017238708219719e-11 1.297686328614056073e-09 -1.112520531354979161e-10 -4.153112494686496988e-10 4.681763350739547449e-10 8.789567560307753802e-11 3.200486105329971753e-09 -6.631894493465429214e-10 6.064420492677812713e-09 3.176134425530905068e-08 7.842223663194398648e-08 2.354510067704440995e-07 7.001435941302486092e-07 2.210108456330853603e-06 6.986541990560169997e-06 2.305310282340068402e-05 8.078155180776539954e-05 3.066694909863202051e-04 1.332804461255607427e-03
4.265017167672975618e-02 1.325010564726034111e-03 3.072802853574241582e-04 8.092243704963797131e-05 2.305325564588772349e-05 7.086870667178786918e-06 2.205455276537274977e-06 7.158360583727531840e-07 2.492732648141839933e-07 7.906111115845258864e-08 2.713801658445406340e-08 4.499450594682321360e-09 -1.199499566664141467e-09 -1.200593939733785219e-09 1.505631212461123208e-09 2.073172017622501860e-10 -1.002779584525768708e-09 -6.044864232188309230e-11 -6.930617646711787364e-10 1.025695042833707770e-10 -4.676812788185297592e-10 -8.035969283294619148e-12 1.669706944931874017e-11 2.697696746924330929e-10 3.434173571130878240e-10 -3.281053091302242763e-11 -3.092094826241860272e-11 -1.578771472339967448e-10 -2.265875674105127298e-11 -1.022239712063323537e-10 -1.654674836080571072e-10 -2.503306792642194861e-12 -1.525740112645986941e-11 7.538246901951951024e-11 4.524748414280969592e-11 -5.234637244650097131e-11 1.118014137234211243e-11 1.665293240647554625e-10 -7.669207860233937027e-11 -1.386596109990605596e-10 8.118547707635605947e-11 -3.607821536469747820e-10 2.006331760608232182e-10 1.402170194845507186e-10 5.167813778875867802e-10 -5.492661116039550976e-11 1.351687861506272003e-09 -2.666144068768338038e-11 -4.714023444913399116e-10 4.673397532210519388e-10 -3.008006170695128774e-12 3.353087204318389430e-09 -7.145409453285598274e-10 5.935052981399680309e-09 3.149646233781961716e-08 7.807133228539341624e-08 2.351417804239989365e-07 6.990681914312148663e-07 2.209832662061086855e-06 6.985641154303974370e-06 2.305160058867643765e-05 8.079915755643172451e-05 3.068077581034291319e-04 1.333162461325517432e-03
4.265038570853214167e-02 1.324675548240186089e-03 3.071731860515532274e-04 8.091259700533289260e-05 2.305593863521620881e-05 7.084593534010798347e-06 2.208897171807051028e-06 7.167880262445891686e-07 2.499289725273097653e-07 7.890937252107003390e-08 2.714166960455145181e-08 4.185822912107832249e-09 -1.199592215217571283e-09 -1.127604204358835898e-09 1.542881780823146680e-09 2.015922959317982146e-10 -1.095369469185761692e-09 -1.444017869540013047e-10 -7.236909171871940133e-10 8.172676505661832731e-11 -4.802469329991475671e-10 -7.131383209796310578e-12 -3.311203464550138397e-11 2.739249555465878367e-10 3.522404338031262015e-10 -2.126055108793319035e-11 -2.273284835130440553e-11 -1.567568831520185556e-10 -1.934850381766867358e-11 -1.007732736888008317e-10 -1.659538390239059905e-10 1.557430779473201913e-12 -1.377002405186405700e-11 7.016673458171769012e-11 4.317360135310407694e-11 -5.014353660398439358e-11 1.935199589184831762e-11 1.592617641382028924e-10 -6.738621922836694535e-11 -1.663180146611333114e-10 8.600462833236676298e-11 -3.795742838035997982e-10 1.967527600510065506e-10 1.229924576249806511e-10 4.963900416102676920e-10 -7.273645100540309095e-11 1.333331253153310486e-09 -9.615994531638906977e-11 -4.892002081944429088e-10 4.996628883551921529e-10 1.382221192580425631e-10 3.296921488259897828e-09 -4.999316830276048991e-10 5.937244431116013211e-09 3.165611501065533960e-08 7.784625915932720929e-08 2.361034658867029935e-07 7.002345240025703913e-07 2.211101450747578851e-06 6.980751406187551149e-06 2.303889014156443004e-05 8.078054984181840664e-05 3.068178419449324196e-04 1.332980728187229368e-03
4.264919978279665957e-02 1.324802240507904532e-03 3.072676932326515783e-04 8.092442174882139949e-05 2.306377291108466162e-05 7.084830195644455561e-06 2.208376605950563295e-06 7.173792805000290832e-07 2.502234315300560975e-07 7.948891094013675315e-08 2.739329002821790239e-08 4.303724657327394102e-09 -1.171185446008049900e-09 -1.097629949514817468e-09 1.590429727413684668e-09 2.394827702817970856e-10 -1.041243489643102844e-09 -1.944093924237508390e-10 -7.135480894553683129e-10 1.041614556440824378e-10 -4.496846195954913578e-10 7.867876662517874337e-12 -3.513549259512728263e-11 2.636406416268033295e-10 3.309344340150854756e-10 -3.419325745617194209e-11 -1.929105821637742222e-11 -1.512147686141920479e-10 -1.951966305461179545e-11 -9.137101685785526975e-11 -1.559460146347579565e-10 4.829833403600515433e-12 -7.671098539746708839e-12 7.696038325383981596e-11 5.098406023453302561e-11 -3.765839494226974017e-11 2.457080140273773465e-11 1.678948051560987296e-10 -8.968091013006827321e-11 -1.562577703347848648e-10 9.712746687136186957e-11 -3.825526957054387014e-10 1.929901356106514348e-10 1.404444555848159966e-10 5.055604825481949425e-10 -3.981791192248789148e-11 1.334050413642522424e-09 -9.596462971183761800e-11 -4.728837315474660132e-10 4.871885917129737701e-10 1.322029198642356202e-10 3.416957872452291469e-09 -7.649522526130479667e-10 6.029014443566650162e-09 3.172251254100065365e-08 7.852804364437505768e-08 2.352266541056398132e-07 7.020185432180917580e-07 2.212018061303948388e-06 6.985244026997570064e-06 2.305380396490816058e-05 8.083869879497568832e-05 3.068079221881183814e-04 1.332717723585357403e-03
4.265055604205829354e-02 1.325056546767531011e-03 3.072143956700207714e-04 8.088520886609406636e-05 2.304930640317435342e-05 7.082624346476944531e-06 2.208036291058908081e-06 7.164381611679871487e-07 2.498108488770163690e-07 7.950321958899979930e-08 2.730349105861267227e-08 4.478573317385726360e-09 -1.256694968349169742e-09 -1.257725300573961922e-09 1.675640531860177719e-09 3.522085145337386775e-10 -9.770841905785385500e-10 -8.367510785234316403e-11 -6.983870886653144762e-10 7.457429036779413879e-11 -4.553604733166055767e-10 -2.243421138131450209e-11 -1.443155211009894615e-11 2.813355188491797835e-10 3.471191061135751811e-10 -5.505417339805093489e-11 -3.655760012157576077e-11 -1.586038549050248372e-10 -1.137846696356835581e-11 -9.763954778866053222e-11 -1.591074679264486437e-10 8.086026395881839285e-12 -1.258193818504631873e-11 6.710488585789436061e-11 4.881253350912516835e-11 -4.281624490704905963e-11 1.549634918497825209e-11 1.692472304324183078e-10 -7.331725023962411718e-11 -1.549390224882594876e-10 9.532389758174858411e-11 -3.718233070123765780e-10 2.075198113766423700e-10 1.250357016680069794e-10 5.286105796169367905e-10 -7.878171699494869311e-11 1.371382669305890804e-09 -6.715362048081307864e-12 -3.837190160612050013e-10 4.893785992855536493e-10 -3.942713154775663925e-12 3.343198910321325855e-09 -6.858808341644765583e-10 6.116860293884964339e-09 3.207237831603951258e-08 7.822980584665342398e-08 2.351038695806284196e-07 7.007219270734019093e-07 2.212720799663272290e-06 6.983786086608591141e-06 2.305139738115158480e-05 8.078675597172469520e-05 3.067169507217836432e-04 1.332686182461856415e-03
4.265116929158806192e-02 1.324886826658634503e-03 3.072563651507298032e-04 8.088095880450861910e-05 2.305054005971170455e-05 7.082683526542372696e-06 2.206800667222995160e-06 7.158271630079973183e-07 2.490946293305257281e-07 7.939718336094373605e-08 2.753434896939493838e-08 4.334532589942092064e-09 -1.228021475362297374e-09 -1.407797809824989472e-09 1.537693910347718333e-09 2.603463178853145538e-10 -9.905814137677847156e-10 -8.852720536241685434e-11 -6.772581500364764169e-10 1.260365229536699511e-10 -4.476622004840344147e-10 -3.484256810139843400e-12 -1.373592707828617162e-11 2.834113476143841501e-10 3.405851193030771057e-10 -3.978461728990845168e-11 -3.844967192304657177e-11 -1.613289740864649463e-10 -2.505497546034317436e-11 -1.010023208225585940e-10 -1.630312390947649930e-10 2.228812574516243476e-12 -1.675224846251078460e-11 6.845069726866107866e-11 4.194192063989279788e-11 -3.465648803621720641e-11 1.331285742158412980e-11 1.710282106482030171e-10 -7.266737478676800808e-11 -1.664036174550005470e-10 8.533835803653551586e-11 -3.926684759201592076e-10 1.936272494332010941e-10 1.249663852521771603e-10 5.040325837309310283e-10 -4.099689784274639333e-11 1.299294824577002226e-09 -4.253817188309772475e-11 -4.103850232067567864e-10 5.114084941688918419e-10 7.895700328378085257e-11 3.154891172697298346e-09 -8.731967445428185371e-10 6.060356248597318807e-09 3.209995078532591563e-08 7.842515775257781802e-08 2.351589983846000884e-07 7.000411090158524465e-07 2.208535864172019878e-06 6.978443514307147752e-06 2.303361108366121983e-05 8.075474889681047061e-05 3.067563176519645077e-04 1.331915862540121280e-03
4.265089913574428987e-02 1.324720362053440764e-03 3.072270207253793438e-04 8.092691366570181600e-05 2.303908963896718551e-05 7.082762473815981467e-06 2.206207682761273259e-06 7.158833422624961740e-07 2.496270422399541729e-07 7.936681716945709029e-08 2.723117887047493276e-08 4.173366248621091239e-09 -1.244869738658848174e-09 -1.351789912228023961e-09 1.495717372318146318e-09 2.319831921897534399e-10 -9.787302938127368734e-10 -1.242554312299870211e-10 -7.087916308046658030e-10 1.177563011573778255e-10 -4.409307220334645088e-10 -4.919352843065130179e-11 -2.580442617104462017e-11 2.669585078369721295e-10 3.382013330235808445e-10 -4.866219569811226472e-11 -3.328830969496515092e-11 -1.745127800060003963e-10 -1.086359537393636734e-11 -9.959559994111774610e-11 -1.587777808070627056e-10 5.259251343092872050e-12 -1.659330046865114713e-11 7.223991776691711674e-11 4.774928855286909652e-11 -5.021151524640571382e-11 9.822112070616797424e-12 1.668315910732012463e-10 -6.201413454563117918e-11 -1.625843132284886086e-10 8.846785237418607798e-11 -3.547557849543080047e-10 2.048090961871406793e-10 1.496132609743985302e-10 5.296134184700638292e-10 -6.238918364939597985e-11 1.314671388266716396e-09 -6.810906767846690961e-12 -4.520619024667016736e-10 5.577212096539786931e-10 6.965330965264890616e-11 3.211390949646567959e-09 -7.092858480500990935e-10 6.317381218180047154e-09 3.177474814853737586e-08 7.828923575283889908e-08 2.359978875618290465e-07 7.008776232203425650e-07 2.211505712182888698e-06 6.985696368022100194e-06 2.303865321198398966e-05 8.078612388359276476e-05 3.067792785163719915e-04 1.332682990402429086e-03
4.265012359201140330e-02 1.324654449676998741e-03 3.071760789325117731e-04 8.088213553474228601e-05 2.303761450281299384e-05 7.080815752991774363e-06 2.208712417953737674e-06 7.167353888869094551e-07 2.497741868525001050e-07 7.944725038946293367e-08 2.742251498828438724e-08 4.709574965552763851e-09 -1.222590968841499010e-09 -1.151634796577774062e-09 1.563123987701687835e-09 2.981714499287177233e-10 -1.006776374080629068e-09 -1.422749021451092344e-10 -7.353391584231728406e-10 7.323802426893263164e-11 -4.600598439796027595e-10 2.128178246199422190e-11 1.523515527011206009e-11 2.837754040705099976e-10 3.454448491500274013e-10 -4.502911119306726605e-11 -2.928346756941919703e-11 -1.627171903733661429e-10 -1.831743998566014225e-11 -9.887494233406174996e-11 -1.564531159821592157e-10 7.049257682050904167e-12 -1.103553342224571544e-11 7.640724352339193049e-11 5.153919845915106505e-11 -3.947390099487258872e-11 1.924052878481269690e-11 1.736079437934654194e-10 -6.488225016687176527e-11 -1.446711507118308783e-10 9.267202857843292280e-11 -3.647102612942385761e-10 1.857892036628479467e-10 1.343004063814260402e-10 5.465731647028292038e-10 -1.006860891004085669e-11 1.392101320729055348e-09 -3.867977782549134463e-11 -4.646444324329214496e-10 5.093228722368917148e-10 2.620863585621172424e-11 3.191967922037414018e-09 -4.870364106134995309e-10 6.049974218697997994e-09 3.158206117519208332e-08 7.840277491035675131e-08 2.358587706802684197e-07 7.007660254462634652e-07 2.210936559476318002e-06 6.985910768679684216e-06 2.305566272983035654e-05 8.082400414382911666e-05 3.068341374542738983e-04 1.332926023607977455e-03
4.265061550513717104e-02 1.325148964925067317e-03 3.073055702134875515e-04 8.091107027247194895e-05 2.305106153928518644e-05 7.087618921559435659e-06 2.205552557740834349e-06 7.158730578826909058e-07 2.499074945873276240e-07 7.975042369242657303e-08 2.741897040631043454e-08 4.466545506600705516e-09 -1.449147000741388728e-09 -1.076819719130327123e-09 1.564157652627588619e-09 3.545037801642537727e-10 -9.918884755804323299e-10 -1.257985267129074818e-10 -7.003702611080970961e-10 1.252454692494093485e-10 -4.565261304673431920e-10 -1.131592181130077264e-11 -2.232506559916980813e-11 2.622664569952735218e-10 3.349410423647803973e-10 -3.364484687684412827e-11 -2.945327461876925397e-11 -1.568672543739267907e-10 -1.226610621622857231e-11 -1.024778654654165642e-10 -1.601710111578120472e-10 2.695063983544187555e-12 -1.523738926623121983e-11 7.100310201921772661e-11 4.226220297964312704e-11 -4.725981803372277560e-11 2.360654506845197991e-11 1.604122378950137757e-10 -7.567168200650734958e-11 -1.574638454298845572e-10 8.865812958783408621e-11 -3.725219067932460175e-10 1.903906409248630778e-10 1.220590387812977216e-10 5.079088724213419987e-10 -6.826052738042141630e-11 1.277182787073166726e-09 -5.226886881781083732e-11 -4.971353881089964021e-10 4.421955873677400475e-10 7.708272704571574986e-11 3.381620061959756732e-09 -8.394035416913032849e-10 6.023651850833995493e-09 3.175000839485841649e-08 7.810240857192115034e-08 2.357427184980662833e-07 7.007352653216907680e-07 2.212746086405772934e-06 6.984117081299040952e-06 2.304917674924471518e-05 8.076176990487635122e-05 3.068461235295774593e-04 1.332998217758151523e-03
4.265184692980847347e-02 1.324753694135619771e-03 3.072698252239663519e-04 8.091334800423555229e-05 2.304977265839640345e-05 7.082152103993406313e-06 2.206827491596458658e-06 7.152632233170438552e-07 2.493822313221116679e-07 7.954195386186512950e-08 2.727744733421303914e-08 4.340618218196174042e-09 -1.163072886237990688e-09 -1.220060623618041775e-09 1.705495592563222774e-09 3.121697252325733411e-10 -9.246397167600444010e-10 -1.310466074391838320e-10 -7.678765892183531450e-10 8.270145704622753498e-11 -4.715121397139498579e-10 -1.523981424934487770e-11 -9.353455746302820914e-12 2.815298475487159768e-10 3.407390567171368228e-10 -3.620534173999723231e-11 -2.293132923248987745e-11 -1.662558855816208023e-10 -1.238257818186259216e-11 -1.045067792338012476e-10 -1.574184094440226075e-10 4.488585173806482988e-12 -1.160467260641895867e-11 7.219573435611977446e-11 4.879551041181427352e-11 -5.077542953354860345e-11 2.172890313053938443e-11 1.641343260045686049e-10 -7.111411650092611463e-11 -1.596070776562927409e-10 7.973203772350848825e-11 -3.878376873736596011e-10 1.824088246523995073e-10 1.422070793055360322e-10 5.514611772034695015e-10 -4.944564301407546671e-11 1.321537161509685612e-09 -6.302497711641915777e-13 -3.519206388599382359e-10 4.618276435449799456e-10 9.789705344942046581e-11 3.245321084495348577e-09 -7.410843126670392177e-10 6.220788554589327424e-09 3.201972538572107592e-08 7.806198693092763320e-08 2.358949005862889325e-07 7.008491302316060714e-07 2.208653770839574331e-06 6.975812471246738379e-06 2.304275818547911497e-05 8.078335070025474099e-05 3.067619289547562846e-04 1.332433828261442993e-03
4.265190162151501208e-02 1.324751868164602588e-03 3.071815478266614881e-04 8.087158265567071912e-05 2.303456392094473064e-05 7.083815580828545633e-06 2.206812002130575114e-06 7.148543218958526736e-07 2.499029521420653146e-07 7.949674045143760142e-08 2.723816754960496014e-08 4.263200714102890265e-09 -1.445042396616334310e-09 -1.349304769481848516e-09 1.681636046517288771e-09 3.478802837910321802e-10 -9.806398919159427867e-10 -1.299838434712465028e-10 -7.050462171707241248e-10 1.512989759127412218e-10 -4.786720828320130143e-10 3.297356964693122235e-12 -1.683413790236972301e-11 2.870342579535250177e-10 3.446586007868337876e-10 -3.825761744827403439e-11 -4.329176077770757474e-11 -1.614379667089547014e-10 -1.769375729868554537e-11 -9.932287044799861743e-11 -1.623713930463382704e-10 6.280864138156559993e-12 -1.145602278885899018e-11 7.240071114258037917e-11 4.772900540592890809e-11 -4.797580133774223666e-11 1.498248251373912870e-11 1.607449134287322008e-10 -8.212338544365656929e-11 -1.516685678472234942e-10 9.778166097426856287e-11 -3.670137381209655297e-10 2.050737096441991730e-10 1.313068503491987555e-10 5.283546549418054612e-10 -3.324327998542895470e-11 1.316113431500968537e-09 -6.199855411707260208e-11 -4.919611260047798798e-10 2.923879994628079142e-10 -6.987270698068155115e-11 3.330962523272358247e-09 -6.496768038239528717e-10 6.287402127562009840e-09 3.194977209042380949e-08 7.822902340266262434e-08 2.357742695516332250e-07 7.015851728284335668e-07 2.211923529321776024e-06 6.981752334238554868e-06 2.305123066014554175e-05 8.079002218718345034e-05 3.067966497727475108e-04 1.332796538624581809e-03
4.265081143919176310e-02 1.324669597529274214e-03 3.072184163174421071e-04 8.088701535939847251e-05 2.304840048961574788e-05 7.083214916958488621e-06 2.208791336770503782e-06 7.160486408789135198e-07 2.496751636259251340e-07 7.993756873354477848e-08 2.741655147352755446e-08 4.492182883519424893e-09 -1.352556010813534759e-09 -1.110667975375636600e-09 1.720694848681276486e-09 3.708599985175182202e-10 -9.947456702993999333e-10 -1.642356801921668845e-10 -7.070630213190670252e-10 1.431985224584996417e-10 -4.541866416206437761e-10 4.067411064591563883e-12 -5.221816643063223946e-12 2.844883486777766147e-10 3.392733195179530653e-10 -4.756676527241978272e-11 -4.021466373023011352e-11 -1.495832875653577922e-10 -1.837898750127684940e-11 -1.039133178006512647e-10 -1.612639847384913347e-10 2.363853820488898895e-13 -1.363913795598868182e-11 7.449785258419687834e-11 4.778697731603187873e-11 -4.008232307570850903e-11 7.569614500456931528e-12 1.718785710612819739e-10 -6.802547669601474677e-11 -1.565355771412325940e-10 9.316205790989753285e-11 -3.742018235480527379e-10 1.774318136387131269e-10 1.081153582339462900e-10 5.112831915130132844e-10 -5.630212227733018729e-11 1.333815286094472900e-09 -4.922885672306260007e-11 -4.114477523500706994e-10 4.457253375284561328e-10 1.174472550672199706e-10 3.269467840434655470e-09 -6.641555042677227953e-10 5.979657020643077473e-09 3.177573188357248919e-08 7.818819464085763765e-08 2.358425599346692702e-07 7.012400352138376159e-07 2.211934037356069848e-06 6.987475037183109453e-06 2.305107612452548277e-05 8.079597345831329496e-05 3.068498661650490705e-04 1.332856925720948132e-03
4.265171682522359009e-02 1.324516263669271721e-03 3.071570108766541376e-04 8.087669395429012580e-05 2.304474473012426062e-05 7.083999440364356244e-06 2.207608323148845776e-06 7.156719878772326466e-07 2.501193453954396330e-07 7.959063352099395819e-08 2.747779355215950634e-08 4.135892646094893864e-09 -1.184290432515530590e-09 -1.172873736700265091e-09 1.608771841166305582e-09 3.763253352964575858e-10 -1.003449138377095811e-09 -1.360881400567238372e-10 -7.372271830241737644e-10 7.541813374112602578e-11 -4.575729684529725405e-10 -3.398595753662367757e-13 -2.168944590644851739e-11 2.739719654461223394e-10 3.290691056572914936e-10 -4.633465165456527929e-11 -3.509376972602513776e-11 -1.623168902336425304e-10 -1.611171054219151855e-11 -9.610233265181728716e-11 -1.552540473626426726e-10 5.774906884793532787e-12 -1.363457648730555100e-11 7.617747847549704001e-11 5.258042047517775225e-11 -4.644181744833659538e-11 2.683892401933767366e-11 1.719807019063562157e-10 -7.707419053138780522e-11 -1.605831670139315590e-10 9.136039086038151040e-11 -3.681184598897602251e-10 1.908054674646945960e-10 1.243903636043378769e-10 4.945403820661636503e-10 -8.653887285600947323e-11 1.292559184409739342e-09 -3.329174985257668306e-11 -4.681689956115125180e-10 4.065802857491552854e-10 6.023755323597975855e-11 3.337791230903086230e-09 -7.300484010888982666e-10 5.745996594670713915e-09 3.168388368812595334e-08 7.802995388439122239e-08 2.356352459159195369e-07 7.012093423520886856e-07 2.211508024902110643e-06 6.981371143561687680e-06 2.304506220575888205e-05 8.076667173667753186e-05 3.067248062992190415e-04 1.332801448896825088e-03
4.265079970272907944e-02 1.324602413315010933e-03 3.071607719374241994e-04 8.089366620142044502e-05 2.305475212926992335e-05 7.081928575727181927e-06 2.206916622233531159e-06 7.166372500754496388e-07 2.500054987915113414e-07 7.936778851046859944e-08 2.725650952251684026e-08 4.158737713587973648e-09 -1.375877820499105703e-09 -1.274333096791582545e-09 1.576590648848166746e-09 3.339078401857760615e-10 -9.364993101822577187e-10 -9.322121977353662012e-11 -6.953382986164027781e-10 9.948390480227771347e-11 -4.325707833561166907e-10 2.187639751929706966e-12 1.106162726421942135e-11 2.881348366505073879e-10 3.434031944116557312e-10 -3.875401918780313992e-11 -3.465180340603663989e-11 -1.544457729055345296e-10 -2.666035882034992445e-11 -1.080338160627582253e-10 -1.629941919522855733e-10 7.859857882432995284e-12 -6.424902674428857785e-12 7.162234355858860132e-11 4.298900775486649976e-11 -4.324851334091518093e-11 1.499409530625866198e-11 1.737002481473220234e-10 -7.537233507904537071e-11 -1.451801046623379841e-10 9.545508213319729165e-11 -3.869160083781920064e-10 2.086896561477086214e-10 1.428487221104541530e-10 5.186526510256288721e-10 -6.383754410382565558e-11 1.389880905883619726e-09 -6.626112445236074159e-11 -5.454427663950853321e-10 3.957448616433538382e-10 2.349143373904860038e-11 3.172442830981749494e-09 -3.600554405619428223e-10 6.152218959906002089e-09 3.177832727730140482e-08 7.801940664499571953e-08 2.357989334150408778e-07 7.014617751392699142e-07 2.213216817615742722e-06 6.986706022177951023e-06 2.305423170176688666e-05 8.080471674989442906e-05 3.067646221376337879e-04 1.332762061466823090e-03
4.265010544877587129e-02 1.325038062002957409e-03 3.072498403282920300e-04 8.093048132925862196e-05 2.305895242936198622e-05 7.084231435345690741e-06 2.207999129635777413e-06 7.163430548599958683e-07 2.499299067619926311e-07 7.945659487976512367e-08 2.730542586099755111e-08 4.506194473217773513e-09 -1.328796224159678422e-09 -1.109358717338748902e-09 1.598847806938366821e-09 2.655526702178362372e-10 -9.325584598266232524e-10 -1.694900073201629301e-10 -7.220119405074500042e-10 8.938220852936668022e-11 -4.886637043229194865e-10 -3.130071307713301120e-11 -2.987408254618414043e-11 2.929987568063054710e-10 3.212828626758889284e-10 -4.371982672361651583e-11 -3.792771009590146043e-11 -1.651799729003766376e-10 -1.881209446792238643e-11 -9.715630810618825625e-11 -1.485865051709998874e-10 8.340260639803211120e-12 -8.894616727153683922e-12 6.584022420054804183e-11 5.106898618243659109e-11 -4.323154367325561411e-11 2.332986342321952248e-11 1.753403557031002800e-10 -6.241467507479922690e-11 -1.619336981684247574e-10 7.343438432264276349e-11 -3.810482077691964382e-10 2.070570556261143506e-10 1.289279248436815520e-10 5.103856139118899580e-10 -5.790104635774272059e-11 1.309017141198350380e-09 -2.216370394451395887e-11 -4.135488171112502266e-10 5.341089177595106658e-10 8.795649022999503826e-11 3.374224250689484889e-09 -6.747888940777502196e-10 6.118745767517195642e-09 3.183441361098433504e-08 7.828142702252239276e-08 2.349628707622179923e-07 7.013506424627178630e-07 2.212901785982123730e-06 6.986135974621910398e-06 2.305555382637628842e-05 8.080454807321310975e-05 3.068339515125861243e-04 1.333334963974105872e-03
4.265129159711615603e-02 1.324822403345197975e-03 3.071558461038830109e-04 8.089990337665471729e-05 2.305266624530764047e-05 7.088524564209049149e-06 2.207473608541744927e-06 7.174689037182224990e-07 2.502045919557619955e-07 7.977398320478654823e-08 2.732591345748641039e-08 4.181465287119189603e-09 -1.523755570698754033e-09 -1.158541628803217755e-09 1.511801869688254391e-09 2.506959636092966381e-10 -9.603183957737114861e-10 -1.676788357705035823e-10 -7.152918588643239616e-10 1.299316909256198784e-10 -4.597164331660439896e-10 -2.576367014065546412e-11 -2.877586461728443686e-11 2.701350996868560958e-10 3.389096553375809225e-10 -3.167788392128329632e-11 -2.518056198768005459e-11 -1.473557229776432357e-10 -2.747761470726004910e-11 -1.014174235971888876e-10 -1.617500747935335042e-10 -3.796915502214646610e-12 -1.412977150290520648e-11 6.972961040974547606e-11 5.025723941376230032e-11 -5.044858264860398268e-11 1.951465315843400628e-11 1.661112866605665732e-10 -7.293284945437718359e-11 -1.716594213937590132e-10 7.991277939931785424e-11 -3.665121605245207736e-10 1.936976579280599399e-10 1.223241368690112980e-10 4.944310184468930357e-10 -2.390437194550793891e-11 1.324503716280484513e-09 -3.697284819654281044e-11 -4.214515301548796116e-10 4.486171666577272130e-10 8.309405445943991468e-11 3.385141877407226623e-09 -6.662755413119890848e-10 6.176901777017959411e-09 3.192764915240034207e-08 7.849284149666559616e-08 2.357741592641166505e-07 6.996660524684467440e-07 2.210731925457481587e-06 6.985611805519567494e-06 2.303793111036702413e-05 8.076433863066360453e-05 3.067491569174600778e-04 1.332722934956335602e-03
4.265125481591296869e-02 1.324715760711155273e-03 3.072361673209871003e-04 8.090144211326962236e-05 2.305157782062087609e-05 7.085439811489298382e-06 2.206938677209220532e-06 7.157862340124717427e-07 2.500995233931778310e-07 7.989751405869039916e-08 2.762505659616169904e-08 4.414789432512784818e-09 -1.246599799821727642e-09 -1.369928537998290285e-09 1.715275593548521795e-09 3.909661995418379181e-10 -9.334251342223444399e-10 -8.285592871272763825e-11 -6.929030889207306865e-10 1.074728113845409952e-10 -4.599680866073774329e-10 -7.065236515802296351e-12 -4.750895751763565880e-13 2.793685563120183760e-10 3.280677110432024684e-10 -4.075969417363028459e-11 -3.038287927726176208e-11 -1.471149747613667483e-10 -1.317746929743082023e-11 -1.067866161513018920e-10 -1.579345108584051524e-10 5.998858689045940179e-12 -1.090003212156772468e-11 7.532653798985533247e-11 4.780311322047829039e-11 -4.701147903207626940e-11 1.566859523081863255e-11 1.734279652962251361e-10 -7.749042619716194580e-11 -1.678438382458226374e-10 7.574967386465269119e-11 -3.919070541775095596e-10 2.082645945764241597e-10 1.484701584986454432e-10 4.986145948855990543e-10 -5.350151549906250896e-11 1.312832355028349290e-09 -2.678912613668470886e-11 -4.129050371683935226e-10 4.607026708462648837e-10 6.312014991959898170e-11 3.170118388569994427e-09 -7.272230120847034538e-10 6.093320035308358929e-09 3.191248956451944292e-08 7.843182672407556801e-08 2.354669143457476846e-07 7.011149630171563479e-07 2.211699613272239471e-06 6.983024662400271124e-06 2.304915694712391256e-05 8.079157058338043602e-05 3.067962567521111844e-04 1.332736357794714376e-03
4.265115992684163221e-02 1.325025666742519126e-03 3.072329819125269837e-04 8.090863725979697966e-05 2.305531036937014659e-05 7.081876836025135862e-06 2.205732592217872092e-06 7.161722631660739284e-07 2.500022424361592033e-07 7.997564673577366144e-08 2.727520003664874520e-08 4.350386738545257581e-09 -1.237658832739807274e-09 -1.232113880781587569e-09 1.583119494141867874e-09 2.899213794754930073e-10 -9.396683374409562720e-10 -1.569662637379330943e-10 -6.533929182007827355e-10 9.192579068828433344e-11 -4.749952523353512603e-10 -2.126886478673633927e-12 3.116590789219900548e-12 2.848229957702542580e-10 3.586741976439382125e-10 -2.561863215830673339e-11 -2.765668460949855726e-11 -1.599583449902167576e-10 -2.369982232259269400e-11 -9.975295965204760693e-11 -1.561922465398083968e-10 1.013947286797320112e-11 -1.090405134432047305e-11 7.809201604712639155e-11 4.389266044938233434e-11 -4.258845289307003633e-11 1.731600336647683644e-11 1.622566521618082602e-10 -7.366917680563229127e-11 -1.493376833357301588e-10 7.623667585852635023e-11 -3.864704981716418650e-10 1.967808289734237709e-10 1.299142478989295831e-10 5.198205876954764800e-10 -7.010450227257014818e-12 1.336528527954666484e-09 -3.579245386393719807e-11 -3.863365716281415169e-10 5.827723927950583254e-10 1.867948226841024908e-11 3.374464378745408567e-09 -6.235655621044533777e-10 6.022744906607421269e-09 3.196263205658918088e-08 7.845584532197502892e-08 2.350582215249111023e-07 7.012724538033472064e-07 2.210544664160609806e-06 6.983053305183315316e-06 2.304889277700479340e-05 8.079034926691899289e-05 3.068660788983027530e-04 1.332996647773614617e-03
4.265191015335081243e-02 1.324661832916998591e-03 3.072587003997033278e-04 8.091654152559148139e-05 2.305373959412042466e-05 7.084081339287744540e-06 2.206231358337349697e-06 7.158554514584506220e-07 2.496032183789011689e-07 7.964940130004275987e-08 2.720734548986500196e-08 4.098011592185810962e-09 -1.326358199779937700e-09 -1.231654037516460301e-09 1.683139362390576458e-09 2.993756560213550416e-10 -8.964393654076250130e-10 -8.244338724935343939e-11 -6.808633914202580164e-10 1.044866987174478014e-10 -4.485792594256636622e-10 -1.314059966673907383e-11 -2.039286563376831727e-11 2.682562036380671414e-10 3.452127233156004659e-10 -4.279385899386553144e-11 -3.112562519966017879e-11 -1.616421527299055670e-10 -1.870891667351460487e-11 -1.021774152886156493e-10 -1.512127947267676436e-10 6.616459568266826976e-12 -1.043078014286399787e-11 7.559147293898242568e-11 5.379220189998579296e-11 -4.559970532383768190e-11 1.583646380093723554e-11 1.687371632996082308e-10 -7.306485328302588982e-11 -1.533426735153846475e-10 8.366061306343749921e-11 -3.739267314713120306e-10 1.756134217705280000e-10 1.439013652065930318e-10 5.153758359973818007e-10 -4.880565159477764798e-11 1.321609850083075096e-09 -8.909940322378577159e-11 -4.018581207834653024e-10 5.124046359340488091e-10 9.202885577863601505e-11 3.328536764794754702e-09 -6.913824259095798914e-10 6.010672458694369524e-09 3.194997170345382727e-08 7.827541054869916465e-08 2.351854811136664969e-07 7.007144760291677019e-07 2.210675651132216490e-06 6.984658533800605003e-06 2.304471413657724726e-05 8.078193646149437997e-05 3.067698771659947091e-04 1.333016651403339274e-03
4.265147196429822096e-02 1.325186557005421937e-03 3.072842771596476707e-04 8.089664918776018202e-05 2.305169181138077850e-05 7.082864010936304374e-06 2.205416421461122459e-06 7.153169898155757966e-07 2.493726828028914169e-07 7.957728227667308400e-08 2.740470918732850904e-08 4.370374731063340939e-09 -1.355853002361017023e-09 -1.309924792124635735e-09 1.606340886909021153e-09 3.199097536740743310e-10 -1.034916644221357958e-09 -1.454016600337177545e-10 -7.266301462631439075e-10 4.940629771982789966e-11 -4.753219128724030792e-10 -1.211756534192696337e-12 -1.229766545811490216e-11 2.716131950462891521e-10 3.348433386520224345e-10 -5.110301676869943377e-11 -3.631337221484060575e-11 -1.531652320131558294e-10 -1.130313980124506891e-11 -9.405909686306236766e-11 -1.587229202138489111e-10 2.202098378994108380e-13 -8.212567030472117530e-12 7.437577320052300643e-11 4.862300644321232836e-11 -4.708733636924938252e-11 2.069826262686981087e-11 1.642255609452848211e-10 -7.997887425591428898e-11 -1.693260380137654993e-10 7.842113266924119545e-11 -3.749936750721494823e-10 2.049656938067388399e-10 1.115994212800581422e-10 4.919299063792690432e-10 -1.625960926520986065e-11 1.413288328743305019e-09 1.684867405444197671e-11 -5.285549701551137481e-10 4.952180381126524240e-10 4.180901809146090712e-12 3.184456031058003583e-09 -7.038585847654087773e-10 6.138204203477218991e-09 3.194395672464650392e-08 7.788735156814092113e-08 2.351428979395228573e-07 7.011407025583821141e-07 2.210390664648367784e-06 6.984153583492475810e-06 2.304250889556628876e-05 8.078792678403850787e-05 3.068073398139653562e-04 1.332730217133710387e-03
4.265040180722604046e-02 1.324976067704814906e-03 3.072133788147512427e-04 8.091460444335508680e-05 2.305220461868806746e-05 7.084579766165292953e-06 2.208826558652521911e-06 7.170613679191381347e-07 2.502176865059219765e-07 7.999306135055530874e-08 2.751765775052859610e-08 4.500885528009601921e-09 -1.190652524302814126e-09 -1.241230517389989883e-09 1.476815386153759471e-09 3.599200159723563404e-10 -9.987034014370630731e-10 -1.855764411878212594e-10 -7.122987297528653572e-10 9.783723621747198907e-11 -5.031566804341231459e-10 -2.349978335367588298e-11 -2.067274647091370952e-11 2.819439693779932297e-10 3.268142507405218027e-10 -4.263442407163126286e-11 -3.254961834583976080e-11 -1.682060970211985669e-10 -1.764520782631007037e-11 -1.054979550412909689e-10 -1.594338917597202235e-10 1.048800008182322727e-12 -1.639135314899262510e-11 7.120366850674165609e-11 5.069183821818779163e-11 -4.601110954700184547e-11 9.161542766003832603e-12 1.569105729671201317e-10 -7.347446403559500127e-11 -1.580711586669892412e-10 8.912888804272183447e-11 -3.885455104624992450e-10 1.645419013079970434e-10 1.443825681970794056e-10 5.000624540179687002e-10 -3.969212496375764971e-11 1.325361820059085411e-09 -4.564944934095759673e-11 -5.502226298101330146e-10 5.100926731762023740e-10 -1.265623176367832069e-11 3.313430092648598397e-09 -8.941912343981531174e-10 5.885492457262981682e-09 3.179450413404661859e-08 7.838517043192555671e-08 2.360401327346526562e-07 6.998756745543699566e-07 2.212137067872036363e-06 6.984667896415699868e-06 2.304782106195495497e-05 8.079606212302259079e-05 3.068182437613761445e-04 1.333159480936496784e-03
4.265098308197918381e-02 1.324854173387633770e-03 3.071961308439203112e-04 8.088373716466343603e-05 2.304620472823524211e-05 7.081653905808254374e-06 2.206199974721631262e-06 7.167063955096969565e-07 2.496412672102765587e-07 7.926904243019449473e-08 2.707197911634545694e-08 4.454947406371187240e-09 -1.398669640091005314e-09 -1.383729616111331607e-09 1.476075467891136547e-09 2.433020354509308881e-10 -9.905271678948101399e-10 -7.981690113847958900e-11 -7.273127343385909598e-10 1.142926375813324830e-10 -4.738900930213344614e-10 9.858690785514703038e-12 8.023518929016864897e-12 2.591097134383634673e-10 3.402920568324645062e-10 -4.404542158648458536e-11 -3.523102805326490900e-11 -1.602476350265956152e-10 -2.319699119723607249e-11 -9.903684331613062758e-11 -1.579816281630542459e-10 5.127718496298753518e-12 -1.730804011296887923e-11 6.851147206362010339e-11 4.717962528565325575e-11 -4.208061299146910870e-11 2.124815254616549032e-11 1.599324567082411716e-10 -7.109659433023290263e-11 -1.561720006736853912e-10 8.684793641234149632e-11 -3.727061446968062417e-10 1.951010597822870401e-10 1.372942185723994877e-10 5.315117729732619207e-10 -4.544830300949677482e-11 1.330211365768175215e-09 -3.725447357868491730e-11 -4.614614298714438675e-10 5.833020001089129672e-10 7.830078627406045156e-11 3.327554335072622454e-09 -7.136551416118314819e-10 5.872993686452491704e-09 3.157406458794625739e-08 7.815955706349398759e-08 2.350125552933539945e-07 7.006381911542297260e-07 2.211480621715507183e-06 6.982138916699936104e-06 2.304824131116850648e-05 8.079304839247002774e-05 3.068698980636261017e-04 1.332690640173337391e-03
4.265043003507332231e-02 1.324812144321416661e-03 3.071793718898578650e-04 8.090106255240889417e-05 2.305230473673074523e-05 7.085828802132222761e-06 2.207708045728044634e-06 7.179409090546138229e-07 2.495374004194063404e-07 7.946147822727999593e-08 2.707014487692414086e-08 4.360849193725274271e-09 -1.247148939878993002e-09 -1.319614833786410946e-09 1.547504834906130109e-09 3.538837780689571041e-10 -9.460516912650959602e-10 -9.397586660979231269e-11 -6.750487995424096724e-10 1.004039723111444162e-10 -5.004607379397523478e-10 -1.243174638989004281e-11 -2.406241682073549676e-11 2.777157466935488205e-10 3.281262094513859569e-10 -5.251602469326419002e-11 -3.955889481097095344e-11 -1.679399356853058107e-10 -2.466316132374857959e-11 -1.025206318266624301e-10 -1.607480039386488657e-10 3.234153481970453409e-12 -1.272438568650851862e-11 6.864445465009553234e-11 4.561125323113916668e-11 -5.247329708824266250e-11 1.486996115562193105e-11 1.674755552491213381e-10 -7.607418601533103162e-11 -1.314254925822375835e-10 9.589963813921529596e-11 -3.793587303800240920e-10 2.081968750139884009e-10 1.452169348667662628e-10 5.309433836292371437e-10 -5.267936717135124160e-11 1.337335789877505220e-09 1.610708647109760317e-11 -4.533970093962429119e-10 5.559731992717269043e-10 1.079926481335786671e-10 3.211332295465151267e-09 -7.032246853595039250e-10 6.126402002547467797e-09 3.199658237926751648e-08 7.872508872876889702e-08 2.357713688280551333e-07 7.015435507914624846e-07 2.211641629469084149e-06 6.985742532041078137e-06 2.305181015655126099e-05 8.080204617541814733e-05 3.068134707975220797e-04 1.332551572760944537e-03
4.265088995998736476e-02 1.324545428557945314e-03 3.071490239592923372e-04 8.088418316811929660e-05 2.304338423262664162e-05 7.082831071253128096e-06 2.206040364820626718e-06 7.158963371293863459e-07 2.496906762262185433e-07 7.943811748186580786e-08 2.739143074155220067e-08 4.401190111781162276e-09 -1.120131181542217684e-09 -1.297886444996552452e-09 1.606892734554435961e-09 2.756236196460831458e-10 -9.330749561450617921e-10 -1.310048398290233852e-10 -7.174366354562339055e-10 4.566967189205646533e-11 -4.843263832636440282e-10 -1.538923872036135413e-12 -4.104782267631929553e-11 2.824075638213662365e-10 3.514022254428601774e-10 -3.381044249111103080e-11 -2.460925731490188547e-11 -1.439611416030940945e-10 -1.260175464801504638e-11 -9.665872632780727606e-11 -1.585003665414781288e-10 2.492606835202679535e-12 -1.508401468956034287e-11 6.287003114923422331e-11 4.154194295477885331e-11 -4.666384110966389398e-11 7.113512745483077292e-12 1.644213132397391861e-10 -8.188341665343792959e-11 -1.496332413658782002e-10 9.662551548237856440e-11 -3.585826696297407949e-10 1.814101792250653016e-10 1.376457796793879785e-10 5.080969010647930798e-10 -1.118969923088411858e-10 1.320289836139940277e-09 -2.836066328551855016e-11 -4.739484906926436115e-10 3.779850760776467002e-10 1.039411734102088343e-10 3.325304063936383765e-09 -6.998793857094508052e-10 6.005826733001537187e-09 3.186129236822493256e-08 7.819199922954019733e-08 2.351795705528554607e-07 6.993631050908007912e-07 2.211576845609381653e-06 6.984033741848439726e-06 2.304580921473552724e-05 8.078368350066790439e-05 3.068535268644001415e-04 1.333019736990120364e-03
4.265232922692372558e-02 1.324717184762821574e-03 3.072691140932703557e-04 8.090073818566920877e-05 2.306156357859824688e-05 7.089344856469147957e-06 2.207405548869282003e-06 7.153088369237325519e-07 2.502101655781611100e-07 7.925091971268136893e-08 2.766619529219430561e-08 4.678991569725363995e-09 -1.105885906030241098e-09 -1.223285554893999670e-09 1.587502920851876429e-09 3.613769291950322584e-10 -9.660718392635963404e-10 -5.180095788109712509e-11 -7.107421156451558795e-10 4.161891213962242594e-11 -4.592223737489471481e-10 3.556500299903200212e-11 -1.548253109148115616e-11 2.903101577407804187e-10 3.520225505878596077e-10 -4.078133823983313176e-11 -2.794140684857686038e-11 -1.520575177420221593e-10 -1.390888521409923031e-11 -9.584273651239593641e-11 -1.500641854074398328e-10 3.804991220201570328e-12 -1.340369053661500572e-11 6.475694344544652189e-11 4.482831185701926234e-11 -4.069710130347092364e-11 1.081991214978367825e-11 1.667305801210130091e-10 -8.050388988157206358e-11 -1.527699264635723866e-10 8.929837814425508883e-11 -3.649539820551476680e-10 1.833379331264017015e-10 1.130521546670055035e-10 4.824387438515330634e-10 -6.647505952509290576e-11 1.327780481901683480e-09 -5.736527114109711024e-11 -4.527518014948693960e-10 4.423263577355954301e-10 2.200806524427099194e-11 3.322331006797727210e-09 -6.590690229889225944e-10 6.214813488999626795e-09 3.188333437758064170e-08 7.809783969780374195e-08 2.352014651368754774e-07 6.992782157332035601e-07 2.210932680925776352e-06 6.981781573383428709e-06 2.304689005635424091e-05 8.076374798976275156e-05 3.067480436204146513e-04 1.332164036148358877e-03
4.265125961976488911e-02 1.325044220506308140e-03 3.072274862782829177e-04 8.092026765047264465e-05 2.305585362765374702e-05 7.081471113193916774e-06 2.207056645610253963e-06 7.176812144323066256e-07 2.494782274665908603e-07 7.955392674701252589e-08 2.697248343366977818e-08 4.179560395268002994e-09 -1.272373082440575192e-09 -1.179785351863039955e-09 1.532885677835833979e-09 3.204545228219103625e-10 -9.942897119988559322e-10 -3.363810527677039798e-11 -7.019737840183963616e-10 1.079171641604354587e-10 -4.479499466725313350e-10 -7.467647652896838455e-12 -1.175712587717832607e-11 2.952477397549535361e-10 3.427150952960726524e-10 -5.585376707490971184e-11 -3.610627092278308197e-11 -1.613681780044093145e-10 -2.521544440066723260e-11 -1.004071695638681821e-10 -1.576461677945600056e-10 1.357210983073386769e-12 -8.884442718936576293e-12 7.753438694629419555e-11 5.043774016363450689e-11 -4.275815845163880428e-11 1.350464427172356843e-11 1.662674584493645794e-10 -6.020659841881665837e-11 -1.563372774723488985e-10 9.592614482523267544e-11 -3.701754290228674333e-10 1.994766108342956972e-10 1.487351643677298056e-10 5.044685932844259238e-10 -7.222149539428658692e-11 1.358817188695217256e-09 -3.195599037901636420e-11 -4.045553371708609149e-10 4.827521135459137025e-10 2.769236888411214701e-10 3.375463189823134918e-09 -4.662065499470701833e-10 6.053318539734520983e-09 3.205862632280214785e-08 7.867318665927576505e-08 2.354331186706171527e-07 7.000503080536748144e-07 2.211176063542472712e-06 6.985179616572149806e-06 2.305103810231361519e-05 8.077952563417143620e-05 3.067447996741068969e-04 1.332642597106793031e-03
4.265055658760163321e-02 1.324889317498821606e-03 3.072608570549335968e-04 8.089472887258670455e-05 2.304710545598998410e-05 7.081177185582406934e-06 2.204817903470029894e-06 7.155916732261014143e-07 2.492702803728729209e-07 7.941235286672425605e-08 2.747374804996543540e-08 4.159023717808107037e-09 -1.311889822899818670e-09 -1.360784213448735453e-09 1.534654261086722409e-09 2.021012881891350012e-10 -9.544274655899586131e-10 -1.836392226661748196e-10 -6.983793192503915498e-10 8.481518643782103471e-11 -4.786684144597810947e-10 3.927374865179821267e-12 -1.371961885654202788e-11 2.766225200545311364e-10 3.399157513485732223e-10 -4.431320627613813936e-11 -3.062001694833942692e-11 -1.526959415108002386e-10 -1.313988225599225391e-11 -9.327419982512149380e-11 -1.484892930079085654e-10 8.266244994709767790e-12 -6.904425702235581456e-12 7.442155390325752319e-11 4.266531439093003183e-11 -3.786000740117651908e-11 1.185487955853479363e-11 1.582561302912412012e-10 -7.592898467092084214e-11 -1.644712678088804981e-10 7.446013911187475941e-11 -3.732377768891398048e-10 2.176614929043163514e-10 1.257752574246448769e-10 5.057397180951665691e-10 -4.611692461527567360e-11 1.348850643586071051e-09 -1.401381054738680029e-11 -4.259220331373751496e-10 4.927231862661165107e-10 -4.860455211275728966e-11 3.232894604885884778e-09 -7.958922712812506655e-10 6.149127328471984554e-09 3.179470807560501015e-08 7.786780413663125496e-08 2.351749578839980898e-07 6.999391782037923044e-07 2.209930863772350102e-06 6.978784246901917106e-06 2.303434823387290028e-05 8.078362382469502802e-05 3.068477711616983666e-04 1.332938443506289728e-03
4.265084484002220483e-02 1.325159877553694224e-03 3.072661769201662837e-04 8.090329847109082749e-05 2.304963410734172410e-05 7.083772919804435200e-06 2.207362069603564102e-06 7.155891053811483620e-07 2.500804990680052415e-07 7.923779746293221482e-08 2.768489246536174226e-08 4.282909046994632966e-09 -1.461057739375181454e-09 -1.173321859987281737e-09 1.758128595172143786e-09 3.316051297341217905e-10 -9.833130121781745443e-10 -1.133223595041770790e-10 -7.236477213821275607e-10 9.967704733478123558e-11 -4.654662718955630866e-10 2.060855307320399018e-11 -1.801770829825097365e-12 2.805438485351061300e-10 3.548732628019890539e-10 -3.666775282523559012e-11 -2.147029378474979082e-11 -1.551484372618167238e-10 -1.839118170454307400e-11 -9.757444277866903915e-11 -1.571361966556719384e-10 1.469273302723714255e-12 -8.610738665587976053e-12 7.012874808066383140e-11 5.336232210153027440e-11 -4.815363301822767441e-11 1.273468266136378093e-11 1.632356240992887934e-10 -7.340103871809833222e-11 -1.625219329683087164e-10 7.299123775610391135e-11 -3.849134607526705861e-10 2.079143142768739511e-10 1.077773797115207627e-10 4.999164648735655846e-10 -1.402291797582134575e-11 1.354341292100395268e-09 -1.009330773923922422e-11 -4.302654600899171117e-10 4.887947880662287045e-10 -4.846520752593240080e-11 3.478928497608857875e-09 -6.214025772934352159e-10 6.180421705057279869e-09 3.158778919883150183e-08 7.767595090023424374e-08 2.359213909236796060e-07 6.998950582539283347e-07 2.211261212614288005e-06 6.983723591826420685e-06 2.304422770677099890e-05 8.077330536941301829e-05 3.067613115831501901e-04 1.332818346642165646e-03
4.265108246864824509e-02 1.324810727466515028e-03 3.072533141500794927e-04 8.092053846580271256e-05 2.305426921330233961e-05 7.084239754804289839e-06 2.208912702316580529e-06 7.167040206863513561e-07 2.498719917391193313e-07 7.986244971321613278e-08 2.731856187600242067e-08 4.329608490567924835e-09 -1.111620330745861681e-09 -1.117231049868296098e-09 1.684774168338129557e-09 3.339347762295513262e-10 -9.270842052778518125e-10 -1.243561920979807292e-10 -6.788184575375879590e-10 1.205992620127958665e-10 -4.378311954351411273e-10 5.661060202161776176e-12 -6.744448511348285448e-12 2.768626104217092991e-10 3.536075906473732082e-10 -4.975157325877226138e-11 -2.841902494698090208e-11 -1.594145721967989320e-10 -1.714297525157796840e-11 -9.940625348878376173e-11 -1.569098063687276572e-10 1.399762920574723832e-12 -1.419262604785280111e-11 6.979938151853134247e-11 4.710127366979679827e-11 -4.477876675161601364e-11 1.839761798682651278e-11 1.759045551650266493e-10 -7.891379281791654540e-11 -1.601511848010511880e-10 8.094048924440776483e-11 -3.846519027667477118e-10 1.985667586243332258e-10 1.334701078819382074e-10 5.233009375901135019e-10 -4.736963878663617848e-11 1.323970751716361059e-09 -2.222694158672643861e-11 -4.489712434932800353e-10 5.012896424270550183e-10 6.574441086273690349e-11 3.253080542347802889e-09 -7.338855711971692467e-10 6.024309233385216325e-09 3.171730451397305073e-08 7.822310117995584961e-08 2.356165757011275830e-07 7.016641973809323444e-07 2.212004846680048195e-06 6.982267954155371733e-06 2.304406310232423694e-05 8.078580110103825498e-05 3.068516371892136309e-04 1.333003310177797648e-03
4.265024404940573333e-02 1.325182964870501474e-03 3.072041839649346435e-04 8.091861453359842015e-05 2.306346759678917563e-05 7.087589748584410586e-06 2.207408158523082212e-06 7.163314779150398135e-07 2.494946257321627739e-07 7.947454904474715624e-08 2.760512384209551034e-08 4.550760949204916066e-09 -1.179207591840371110e-09 -1.090222960562215573e-09 1.692353220318982688e-09 3.611257161820545493e-10 -1.097543902672541893e-09 -5.607551194977704650e-11 -7.593410906527209650e-10 1.106069728604488248e-10 -4.472019672284769227e-10 6.080358784272242558e-12 1.303304660235013053e-12 2.801674318280910254e-10 3.460130812176090314e-10 -3.510615098509654794e-11 -3.676979754337239032e-11 -1.554906537404309051e-10 -1.303665311170275053e-11 -1.003260703821927763e-10 -1.583441379894674999e-10 6.266893095063510847e-12 -1.599547663535681027e-11 6.255588011631459780e-11 4.978647584703813416e-11 -4.300271071012937372e-11 1.414512777902927296e-11 1.700242744670106868e-10 -8.218040119647938337e-11 -1.600911161129470514e-10 9.368674484030664671e-11 -3.791870419823968693e-10 1.865508205789268308e-10 1.218942948743967175e-10 5.166074273524140262e-10 -5.751604327962006547e-11 1.310410236117632200e-09 6.122082823384511534e-12 -4.592525778497984433e-10 4.264561659306071626e-10 -6.243545866598434146e-11 3.204253665351838030e-09 -6.634364982718429497e-10 6.035160184077470246e-09 3.204687030615753153e-08 7.890505195049512715e-08 2.360180232100104044e-07 7.006058961794134502e-07 2.211685859361375159e-06 6.986568437654964746e-06 2.305530484539332551e-05 8.078916231356523246e-05 3.068035334168492346e-04 1.332950396728115701e-03
4.265007865276732729e-02 1.324922194400635208e-03 3.073165328489057559e-04 8.091429588703147454e-05 2.305068197434311807e-05 7.083569586462873682e-06 2.207956194909431314e-06 7.160186483798426023e-07 2.499239687921292757e-07 7.930345936040876320e-08 2.707047519815957886e-08 4.204989037096769176e-09 -1.339226773959828385e-09 -1.248512559193501066e-09 1.722864772915089463e-09 3.409248278630185471e-10 -1.076836204053582466e-09 -1.375753287316512515e-10 -7.159609717297407012e-10 9.536613046010333581e-11 -5.054442206274876786e-10 -2.019036992590790472e-11 -3.956541496651244754e-11 2.593445263567779342e-10 3.224575002328994950e-10 -4.937789171565709063e-11 -3.620188492078465210e-11 -1.513680537854614711e-10 -1.563832421619416313e-11 -1.002997590394560776e-10 -1.557154922749330333e-10 2.055100724941548474e-12 -8.443135664738995992e-12 7.375319932488550821e-11 4.608130427404789088e-11 -4.174339544279711461e-11 1.325874627782362837e-11 1.687327839120709333e-10 -7.488085785647441378e-11 -1.530155846641611908e-10 9.202655695269394213e-11 -3.715099570528821084e-10 1.808480763791653258e-10 1.072037308647288189e-10 5.004721359051833594e-10 -8.408426761995298271e-11 1.341775437064146630e-09 -4.386962217535472343e-11 -4.129677752376643299e-10 4.120126844973765994e-10 2.124656012077926081e-11 3.309707855208923694e-09 -6.789195073926969902e-10 5.942331636505723938e-09 3.164616102276362597e-08 7.787339916111403436e-08 2.354787607147227911e-07 7.000014308540226307e-07 2.210117121278725911e-06 6.980282758428663290e-06 2.304086942338778233e-05 8.075648623608488086e-05 3.067407057487105105e-04 1.332383480455710725e-03
4.264990826055262835e-02 1.325023907635485259e-03 3.072264705344267591e-04 8.089310403798016184e-05 2.305843277746736478e-05 7.082559021926717641e-06 2.207686754452344044e-06 7.165403861791344518e-07 2.488830501046684853e-07 7.957397147850269842e-08 2.779205962554289804e-08 4.262125736014198053e-09 -1.375333310576284642e-09 -1.308595216865608569e-09 1.610233901875441098e-09 3.247593634901430275e-10 -9.070488901850041175e-10 -1.063812444884073510e-10 -6.799927778867057600e-10 8.871121917174561949e-11 -4.628609598146474137e-10 1.045820836232075665e-11 2.012526855613794016e-12 2.809604418795673252e-10 3.438017009403425557e-10 -3.889979547308516263e-11 -2.602769331937384548e-11 -1.542951651654742184e-10 -1.793619315435015206e-11 -9.802184171026743232e-11 -1.632167893038947905e-10 3.463987876468927416e-12 -7.368695213165252291e-12 7.930205503107282382e-11 5.240866453028993669e-11 -4.996184149802336908e-11 1.851805205233265520e-11 1.650354800348022101e-10 -7.313017310339879159e-11 -1.587786264220032905e-10 8.432925520711626483e-11 -3.729659998725957521e-10 1.789117687976671625e-10 1.548257940503534423e-10 5.332109769299999972e-10 -8.353855343621096389e-12 1.330763953508676077e-09 -8.312026085112357619e-11 -4.188460516584223597e-10 4.655509492852686495e-10 -8.992857549330380646e-11 3.219073945557692848e-09 -6.942932561810204700e-10 6.145889411386182880e-09 3.205314766060896935e-08 7.833461725783854306e-08 2.348719232383550439e-07 7.004510499474214879e-07 2.210148748394461588e-06 6.980364448141692419e-06 2.304868894915689307e-05 8.077451581215428357e-05 3.067419704968171019e-04 1.332582807366968327e-03
4.265160092564764666e-02 1.324962249024574674e-03 3.072671738605169231e-04 8.088819581043251350e-05 2.304677895386248148e-05 7.087398914196488966e-06 2.206271500310262991e-06 7.170583994014606414e-07 2.504987136061408697e-07 7.952353975734298416e-08 2.750565739930658929e-08 4.371204540469049376e-09 -1.187989640093111791e-09 -1.127279524145775454e-09 1.579642310120990559e-09 3.151187922888538162e-10 -1.039488734784815111e-09 -1.338925398905447553e-10 -7.083738700256148660e-10 9.972083401025048272e-11 -4.687827217308803193e-10 -3.031326738390599500e-11 -1.238582629704241716e-11 2.892159878194522133e-10 3.486562359034126398e-10 -4.653220191121331962e-11 -3.261925246975543762e-11 -1.574144062986126919e-10 -2.069021851858412647e-11 -9.945830961162314604e-11 -1.566752335565878654e-10 5.988514213677112650e-12 -9.718818589985050867e-12 6.759074048447950063e-11 4.674342222861191528e-11 -4.345020278627336100e-11 1.385130439873246473e-11 1.613669488526469478e-10 -7.015297942402573785e-11 -1.575155629383406326e-10 8.741506123444559644e-11 -3.745841174207056418e-10 1.982486976565084411e-10 1.044032420432515230e-10 4.866335263567933297e-10 -5.118406485559359915e-11 1.329242647517804968e-09 -1.315565800290843223e-11 -4.900255094828355846e-10 4.414083378444424700e-10 -5.282251058499169313e-11 3.285362693031486773e-09 -4.320815849037563462e-10 6.047195118963865437e-09 3.181822832459820645e-08 7.825113089909067778e-08 2.361048975867724185e-07 7.019321290764565620e-07 2.213829315927599355e-06 6.985781739687205485e-06 2.304816088090626364e-05 8.077152796004828227e-05 3.067101338647812620e-04 1.332521673856986409e-03
4.265166794856870003e-02 1.324803444412179197e-03 3.071413507750425632e-04 8.090286001007866018e-05 2.305816069512231747e-05 7.084579913743253819e-06 2.206245127782452248e-06 7.166308390624877429e-07 2.501628162946227379e-07 7.950747359098967769e-08 2.736123708191612825e-08 4.357021276885773591e-09 -1.292755176512774067e-09 -1.135623126822376514e-09 1.563888866362796886e-09 3.371111761595375427e-10 -9.128480534353159342e-10 -1.467956709503405367e-10 -6.592392674951051427e-10 1.070828486242333060e-10 -4.483762273844362546e-10 2.447024602964451533e-11 -6.268254320131529294e-13 2.871616097325973289e-10 3.455702781713380506e-10 -3.154122954865300971e-11 -3.081884095033953959e-11 -1.627048515282611977e-10 -1.465862204860941444e-11 -9.661572325707997101e-11 -1.606255645598728972e-10 6.808941855357887250e-12 -1.030631709856754087e-11 7.143804019952937353e-11 4.881272242097263312e-11 -5.163307129566614165e-11 1.586638690273875385e-11 1.843261736236480464e-10 -6.363561514446241015e-11 -1.625056824648610462e-10 7.108986655490786847e-11 -3.699068814263914122e-10 1.885687710245866216e-10 1.460500729641162192e-10 5.215022931668633267e-10 -5.033625260944292504e-11 1.323088109332655172e-09 -5.829221609599593809e-11 -4.140433625102260574e-10 5.658736693791237563e-10 2.760725688518253786e-11 3.364005479771076912e-09 -5.650085727787461103e-10 6.051015235224708605e-09 3.142214359330697843e-08 7.826983909786237214e-08 2.357660793283940553e-07 6.998538457730503714e-07 2.210039972188287549e-06 6.985311406122851049e-06 2.304208407163762219e-05 8.079095506781176002e-05 3.067897799779691678e-04 1.332780548181295485e-03
4.265144512696829315e-02 1.324849672774401415e-03 3.071501595756907809e-04 8.089557787558209335e-05 2.304452653502537667e-05 7.086288544880010667e-06 2.207291611970284058e-06 7.169041163824495327e-07 2.502883808621705374e-07 7.932019504288520285e-08 2.704819797952415507e-08 4.503753005731935656e-09 -1.326986018180010579e-09 -1.069922453898643590e-09 1.591899340671492410e-09 2.194593544346794434e-10 -9.999653125006943832e-10 -1.610259855488320238e-10 -7.053341629646044647e-10 9.301355015110545551e-11 -4.276640167446226023e-10 -2.771095998212987327e-11 -1.767633139606065499e-11 2.566222537752540555e-10 3.267776431090759109e-10 -4.703963518279780591e-11 -2.510975442220071160e-11 -1.592289442822612316e-10 -1.785923473624582126e-11 -1.036208456137108387e-10 -1.640582019811691132e-10 5.026475470436545957e-12 -1.181670875616621073e-11 6.890349790100832891e-11 4.836721774649554097e-11 -4.929584652748099843e-11 1.510211849011064200e-11 1.743981028364372448e-10 -7.295338066556791623e-11 -1.505577555148799403e-10 8.014362567928055041e-11 -3.702200844455426508e-10 2.158628993524041098e-10 1.304299213553991925e-10 5.201378368564305893e-10 -3.006665815832770946e-11 1.300275413776303255e-09 -7.390948987517368558e-11 -4.444186089355274946e-10 5.142274518413069443e-10 -2.556850224216435559e-11 3.239674419674691872e-09 -6.540294158016064052e-10 6.207462412939904711e-09 3.226495907171019468e-08 7.830260309422438076e-08 2.355452041570096615e-07 7.009017536767213453e-07 2.212164979047823361e-06 6.986298374472299386e-06 2.304707333436993317e-05 8.077772714421054207e-05 3.068153034288078999e-04 1.332779287466445695e-03
4.265056877604517238e-02 1.324684820248741993e-03 3.072394178840866588e-04 8.087541159062294001e-05 2.305033503226329957e-05 7.082197487735492709e-06 2.206466120141536973e-06 7.164604781138113021e-07 2.502974383120428964e-07 7.981333891350058541e-08 2.724165605739278153e-08 4.144180261132953689e-09 -1.201470700170095635e-09 -1.295677256588004063e-09 1.576372243898702050e-09 2.915926830381616698e-10 -9.658760931781049785e-10 -1.169829596448816652e-10 -7.292861521523852525e-10 1.384913259371854369e-10 -4.528376630939361411e-10 -3.758636330917930938e-12 -8.261051591520462023e-12 2.812582141037297248e-10 3.494019483757551846e-10 -3.832214000785968047e-11 -2.242672290356681779e-11 -1.575007893611197928e-10 -1.079235074154257804e-11 -1.011636201875442032e-10 -1.586229068578400890e-10 1.952394426953671818e-12 -9.689330514973934205e-12 7.192834192889111167e-11 4.981284832200812890e-11 -4.301033311141883126e-11 1.563543365481695325e-11 1.662427498695638120e-10 -8.329033276287952258e-11 -1.673426687997799215e-10 8.814326132025728902e-11 -3.545486785431464929e-10 1.985121163744976486e-10 1.351040085881744688e-10 5.350959101090484836e-10 -5.414658479772145309e-12 1.356465206066941614e-09 -3.299250302415193990e-11 -4.412879340111523512e-10 4.756845699341326876e-10 1.633628971264539732e-10 3.471492559063070100e-09 -5.752095150697956724e-10 6.010051473683267429e-09 3.192281790103592847e-08 7.761701281037531011e-08 2.355500424427549560e-07 6.998556265223766901e-07 2.210728025380605129e-06 6.980818152756423216e-06 2.303113352398832416e-05 8.078707123521442065e-05 3.067514425740203101e-04 1.332454995798096819e-03
4.265031784624064709e-02 1.325008614218351442e-03 3.072531343539132019e-04 8.089600234997471311e-05 2.304681042263543231e-05 7.086603389158046561e-06 2.207268254519058254e-06 7.160489764369258529e-07 2.501341826871431503e-07 7.960806719862304418e-08 2.752994180929475093e-08 4.384806620371153580e-09 -1.291598573374145411e-09 -1.173968114682596953e-09 1.641666280828463519e-09 2.933262444680592060e-10 -9.234882685290239199e-10 -2.419153011695316407e-11 -6.594731305973880636e-10 9.392759783660439172e-11 -4.824621197584178079e-10 -2.075744734110238595e-11 -1.227166431138525205e-11 2.712833833462777735e-10 3.374612080828824793e-10 -3.871407361648647914e-11 -2.720766029418397253e-11 -1.608061903707574428e-10 -1.582882046543465815e-11 -1.006699624307017429e-10 -1.610180306744036786e-10 1.686026670526222672e-12 -1.438473985114183789e-11 7.565442051995842803e-11 5.079622078794127487e-11 -4.458090750371395683e-11 1.847483503233770961e-11 1.733137829902915491e-10 -8.502492130022787686e-11 -1.618775129239251231e-10 8.849753831263432638e-11 -3.815675538353539679e-10 1.788807993255840627e-10 1.154186203393749561e-10 4.775444903555505907e-10 -4.862184633897755699e-11 1.278933367647896591e-09 -4.952923835510606693e-11 -4.576669020997083669e-10 6.276331868488273079e-10 1.744736644806045906e-10 3.266633414697420157e-09 -5.715628730647950600e-10 6.230086643133492369e-09 3.209389593720831867e-08 7.825385333387299482e-08 2.355709265214681926e-07 7.006219352602509403e-07 2.211929132000109859e-06 6.984631566557860511e-06 2.304208871964393335e-05 8.079316451698544035e-05 3.067904144932672187e-04 1.332678397107580660e-03
4.265067871468569694e-02 1.325055320416118447e-03 3.073320854649876305e-04 8.092767825589118180e-05 2.305760038560205336e-05 7.084508044853253193e-06 2.206760144916881443e-06 7.160509562942383710e-07 2.502275291788906266e-07 7.987881835252681273e-08 2.756644835871885750e-08 4.252880261557671898e-09 -1.209011788146122043e-09 -1.279043847391050373e-09 1.586787131967131132e-09 2.698411414221537210e-10 -1.036308684157457141e-09 -1.127071736914794819e-10 -7.332293964979141298e-10 1.140619777339438404e-10 -4.531794241364626315e-10 -3.281654855200326415e-12 -3.999662119866604722e-12 2.804187065050778929e-10 3.448662285780460526e-10 -4.636444760582682567e-11 -3.558603975697021800e-11 -1.575960339586432461e-10 -2.128796573430033350e-11 -1.041211363094550862e-10 -1.579251016907019122e-10 6.758068018787419389e-12 -1.845167241687004572e-11 7.210432325187231819e-11 4.804223640556683002e-11 -4.134757713082810231e-11 6.102125047974363059e-12 1.643336508932959600e-10 -8.760814625986963100e-11 -1.595341470682084993e-10 7.925567827943637644e-11 -3.727560637026519021e-10 1.702893182196761596e-10 1.198693549450247925e-10 4.945213349074107954e-10 -5.770838377508543415e-11 1.297459240775936061e-09 -1.118668617612990642e-10 -4.435422404360918433e-10 4.814770471838490943e-10 9.167957473348254290e-11 3.225129619970830686e-09 -5.476439954021576307e-10 6.094912940489390515e-09 3.162688330009380900e-08 7.809800822273887233e-08 2.347320999644897907e-07 7.003996218813807685e-07 2.212005968752519957e-06 6.983500100319210372e-06 2.304675655207869453e-05 8.077612961487838747e-05 3.067783565053760109e-04 1.332506653761890338e-03
4.265053449488078602e-02 1.324794014586182754e-03 3.072497531675962685e-04 8.088344912798228683e-05 2.305075604265912972e-05 7.079928787597921507e-06 2.206132213344725260e-06 7.163053885632296734e-07 2.498544183790206842e-07 7.942557756077731583e-08 2.713080782182967504e-08 4.156417758850183332e-09 -1.164385648349395216e-09 -1.262203665430431222e-09 1.601592760675327353e-09 2.592012690526374021e-10 -9.178499654902376257e-10 -6.225350285264771717e-11 -6.956574735255239603e-10 7.972935880167207813e-11 -4.654059589265664712e-10 2.313472377024771728e-12 -1.787057925793586613e-11 2.749611636145068732e-10 3.484398867333715970e-10 -4.289432520055308889e-11 -3.564377630888896495e-11 -1.595098422611878614e-10 -1.806130609042414170e-11 -9.739920654567277605e-11 -1.552729208350194182e-10 5.016848385616213540e-12 -1.035566658678223835e-11 7.181933835053955911e-11 4.077773102741099071e-11 -4.256623623992646368e-11 1.297355406186598637e-11 1.711494306264663926e-10 -7.226063254394172545e-11 -1.558245757259328226e-10 7.985903943441312134e-11 -3.772690647399164788e-10 1.860909399678308429e-10 1.423831267306904968e-10 5.112500066038300944e-10 -4.581787785681970775e-11 1.292647722369106543e-09 -5.984246090721841016e-11 -4.624381121950980474e-10 4.808217628534819279e-10 1.038216112638364192e-10 3.235539393196181372e-09 -6.170168408228504162e-10 6.288354035336496647e-09 3.169364745949231449e-08 7.800408491313873549e-08 2.354389688762473100e-07 7.007358600751823042e-07 2.211445135104360442e-06 6.980603996865819518e-06 2.305431810954105840e-05 8.080518183582456495e-05 3.068735796412672633e-04 1.333315184804497724e-03
4.265040172252478057e-02 1.324781751337914546e-03 3.071802884780116573e-04 8.089419381581829539e-05 2.304926216385319319e-05 7.085712797959414235e-06 2.207797543899273642e-06 7.170922057507770519e-07 2.501522328080702755e-07 7.958216647863954893e-08 2.724221006692060972e-08 4.326269577702296968e-09 -1.328988571282486689e-09 -1.166322411905491547e-09 1.577699174768187376e-09 2.161992607433191031e-10 -9.706518260471565950e-10 -9.932862378562300144e-11 -7.352662291002732107e-10 7.487569359996527100e-11 -4.677989632114401134e-10 -1.893919820447017035e-13 -2.462851013418573580e-11 2.826559204142963630e-10 3.429252557597635116e-10 -5.089377331451667909e-11 -2.055428421462938135e-11 -1.494757415875622614e-10 -2.001662849262833889e-11 -1.012360504092470379e-10 -1.638156458720040010e-10 2.952263660681049500e-12 -1.053160641886985712e-11 7.759294947535781153e-11 5.506562782192720078e-11 -4.171353876146578925e-11 1.697132666350764840e-11 1.606231268156749359e-10 -7.536821827060648868e-11 -1.499386418198275314e-10 7.052188844143255640e-11 -3.723520185003945628e-10 1.748526499389054616e-10 1.227523218951816104e-10 5.337356446853071977e-10 -3.664783354259813806e-11 1.331949168363856353e-09 -2.066752713139367764e-11 -3.834499348350080986e-10 4.464230069370087799e-10 3.214492781887197419e-12 3.272064973046992560e-09 -6.169176335550790309e-10 6.040418217098912614e-09 3.170260275125232927e-08 7.834164124335643931e-08 2.361567002607934625e-07 7.011978183632420110e-07 2.211727109917252311e-06 6.986544655020647947e-06 2.304396030353703375e-05 8.079049114222212457e-05 3.067581307275671918e-04 1.332509446831036531e-03
4.265102553057327495e-02 1.325030234924959305e-03 3.072411254788111334e-04 8.088246077524946043e-05 2.305023521962510687e-05 7.082112972882501149e-06 2.206876120604096466e-06 7.163083156654053818e-07 2.497492129416833965e-07 7.922879359862741088e-08 2.743858218961479792e-08 4.591429842477536883e-09 -1.283864651345471495e-09 -1.338532397153089248e-09 1.526316990276762422e-09 4.048108314452369867e-10 -9.961454563280513329e-10 -1.090956157483220196e-10 -7.437277816379689980e-10 5.662895675231261888e-11 -4.603136923170571107e-10 4.669662896362128504e-12 -2.991649354458612745e-11 2.709260871043697576e-10 3.189419119771608239e-10 -4.422853430160833236e-11 -4.450321343191014821e-11 -1.687584803275774252e-10 -1.754011575698579448e-11 -1.012091351213782893e-10 -1.541845422535553913e-10 -1.564269516349645387e-13 -1.343695665526548788e-11 6.996384449812079050e-11 4.963446703164555949e-11 -4.274108281019369310e-11 1.630508289119703556e-11 1.626114336276908226e-10 -7.834605469917520405e-11 -1.522285233246196718e-10 8.276940464157504203e-11 -3.846940760753757919e-10 1.828600953407205401e-10 1.248307984153393333e-10 5.094866000638150375e-10 -6.348976539810059193e-11 1.324080335992728803e-09 -1.904490778412203128e-11 -3.849550353130318634e-10 5.808312415017164080e-10 6.397029476702655361e-11 3.397830167537401605e-09 -6.775085383228595445e-10 6.359752243102252519e-09 3.171099156101403392e-08 7.818631876453082472e-08 2.356773004705965795e-07 7.007119956694555767e-07 2.209685913654159131e-06 6.984005987305145501e-06 2.304320478498028338e-05 8.075991009774623306e-05 3.068298524562092992e-04 1.332495029676204366e-03
4.265146599040524344e-02 1.324859302182478538e-03 3.072255319835506360e-04 8.090141107642398921e-05 2.305115864292409109e-05 7.082903031871102307e-06 2.205647099831522469e-06 7.163511702661019000e-07 2.503572508454551929e-07 7.958822035139774760e-08 2.710477917553241366e-08 4.046939426658043739e-09 -1.267720141597750065e-09 -1.308177652447048820e-09 1.561105514363636075e-09 3.746920912624628825e-10 -9.762990412632767387e-10 -7.131440187245705233e-11 -6.814357952625573212e-10 1.084249577751743950e-10 -4.639450245228973722e-10 1.626436209939286072e-11 -8.648343404006475779e-12 2.723002441478083265e-10 3.440994158463197216e-10 -4.528365443287534401e-11 -2.938121144836694453e-11 -1.519840031398302995e-10 -2.093905970855699368e-11 -1.000057664735140204e-10 -1.584218776471173504e-10 2.902392010468689647e-12 -1.484428562280047046e-11 6.863469630620354424e-11 4.429727929471800068e-11 -4.967183271543633684e-11 2.136957004800557568e-11 1.661857651308464033e-10 -6.230190911688023692e-11 -1.482635425989392798e-10 1.045379821385269484e-10 -3.535849651490389459e-10 2.027712589806749650e-10 1.499696616021555409e-10 5.282986635375862160e-10 -4.989067983901469082e-11 1.280690392654421893e-09 -5.319947854972984696e-11 -4.650529275650826475e-10 4.178138761018111647e-10 1.156055759209301097e-10 3.334226604830137682e-09 -5.659158488887890017e-10 6.033558521518381026e-09 3.186162560226302467e-08 7.782243454304729452e-08 2.346466806006898264e-07 6.998479370207104759e-07 2.210640705203006074e-06 6.982630679159844302e-06 2.305076364751084851e-05 8.079056861986766674e-05 3.068026239797493342e-04 1.332559038703657120e-03
4.265167189364792860e-02 1.324850478255302577e-03 3.072648415136656802e-04 8.089800338250786665e-05 2.304062097861032935e-05 7.082191226941161043e-06 2.206645454904676189e-06 7.161642454071333957e-07 2.496834009595385582e-07 7.938990867754331744e-08 2.762676530167382590e-08 4.644619953823868221e-09 -9.814942610027578064e-10 -1.200066959292375809e-09 1.701087159094190008e-09 3.849195313947902176e-10 -1.024771214088763055e-09 -1.035047849457707313e-10 -6.771207209513799582e-10 7.316005430061803792e-11 -4.722661021672902995e-10 3.597610656639971059e-12 1.216606894008917980e-11 2.677507439525220519e-10 3.331227356319404660e-10 -4.937641564815307256e-11 -4.022179648718601359e-11 -1.645532052684884014e-10 -1.319475029894967840e-11 -9.990721407731745219e-11 -1.478679013778862174e-10 4.588888605878466710e-12 -1.555238561838786112e-11 6.888613733408756738e-11 4.876421217364605470e-11 -4.508610861137941264e-11 1.363533671292487039e-11 1.699462889877822470e-10 -6.364920614395972377e-11 -1.483678730906387103e-10 7.179948598708503599e-11 -3.774405233958651334e-10 1.955877845112801108e-10 1.333685302345988828e-10 4.725047063085633771e-10 -6.783129905053102271e-11 1.326656126298296215e-09 -1.143553226565348878e-10 -4.850205973826098055e-10 4.011787591464270132e-10 9.971377869003828741e-11 3.363117073939089333e-09 -6.544768914073878410e-10 6.154693513341444985e-09 3.190294439093228732e-08 7.821763348869429389e-08 2.356627509035245428e-07 7.004040969459891930e-07 2.212101131390715906e-06 6.983730373515819035e-06 2.305107221798907588e-05 8.079500632575983658e-05 3.068849627201367895e-04 1.332833194454068363e-03
4.265111798540952709e-02 1.325149971498318499e-03 3.071860621528499065e-04 8.089253596650880203e-05 2.304884134144246483e-05 7.083944581153922713e-06 2.206153490813174287e-06 7.166133438304838950e-07 2.499263598693302849e-07 7.968651947685254317e-08 2.746528880887171805e-08 4.363879836083984023e-09 -1.067876142533285922e-09 -1.316961342001880214e-09 1.551694858642638990e-09 3.498532536864886897e-10 -9.234534805718855272e-10 -1.032479678989186540e-10 -6.800160307470555464e-10 1.007226997141301383e-10 -4.695079439255325143e-10 -2.206522051752699898e-11 -2.760551145304721787e-11 2.693249246148781742e-10 3.570331940405745297e-10 -3.525344914940546082e-11 -3.235867624261112705e-11 -1.541321835894822650e-10 -2.406777500354135307e-11 -9.813677039001460513e-11 -1.642950015086341022e-10 3.333333356177513869e-12 -1.062683173970206956e-11 7.364520790416869482e-11 4.957780039390286632e-11 -4.784096701276568669e-11 2.384807869481731235e-11 1.748466730790664283e-10 -6.320128590513493817e-11 -1.591868065493842302e-10 7.676296143211364453e-11 -3.848545389340307280e-10 1.867642889151823709e-10 1.224104856203470045e-10 4.987802906564941241e-10 -5.553118076454319802e-11 1.303567013473850030e-09 -1.731553323205232589e-11 -4.122973603970434257e-10 4.508342777471721261e-10 2.131168399629510146e-11 3.415903589448872955e-09 -7.024862489478689276e-10 6.320572113369263709e-09 3.188105893460705967e-08 7.805315542604495694e-08 2.358275414197565888e-07 7.009554939452716770e-07 2.213321820580312867e-06 6.986072825349977826e-06 2.305060571604581346e-05 8.078671047341733015e-05 3.068706002399937708e-04 1.332328289131705151e-03
4.265044833136324293e-02 1.325229295641141593e-03 3.072884467822049989e-04 8.089114353203434333e-05 2.304413121561657348e-05 7.082302440815898028e-06 2.205540905644585656e-06 7.155606052909443898e-07 2.498206009613855738e-07 7.978338148511865150e-08 2.727140818976014681e-08 4.131453040147366087e-09 -1.432935528422025139e-09 -1.398866805764258725e-09 1.533973158627120729e-09 2.815140702231172646e-10 -9.546145786310564183e-10 -7.780392918275655296e-11 -6.973723631777858696e-10 8.342014798545726271e-11 -4.667853694991997839e-10 1.301051555484973331e-11 -2.504726358385757732e-11 2.787479067830420612e-10 3.364823261402406367e-10 -4.344992038777728376e-11 -3.770563979989363132e-11 -1.578881720867845474e-10 -1.557130646659284948e-11 -1.052392188728784034e-10 -1.578334085475751499e-10 9.506054622856034402e-13 -1.519013765307741399e-11 7.163934214152222024e-11 5.387721094470472550e-11 -4.416681963901805818e-11 2.377547348424513220e-11 1.786806958098854204e-10 -6.870677616335873706e-11 -1.591984596493426737e-10 9.149498858921081476e-11 -3.516393333990133511e-10 1.884545960443518699e-10 1.561207106997775396e-10 5.085105029317261891e-10 -9.266536171558908081e-11 1.346518645959064512e-09 -6.327051597292469087e-11 -4.168282787159116866e-10 4.766533959275083459e-10 4.553421480955044646e-11 3.309429865222509036e-09 -7.161341902958679664e-10 6.140546644753754642e-09 3.209165301160545550e-08 7.802721397470998828e-08 2.355976118031198028e-07 7.009491339159944174e-07 2.210697641011714977e-06 6.983713214460204452e-06 2.304501655940402883e-05 8.078495273544006501e-05 3.067440527089091394e-04 1.332480175276377649e-03
4.265133373306966708e-02 1.324591935184355482e-03 3.072648184085319885e-04 8.089124405069537862e-05 2.304928608798986531e-05 7.083229607599549974e-06 2.205927695138079192e-06 7.157635911764856158e-07 2.496505579084045318e-07 7.964306925465798665e-08 2.757800452492825934e-08 4.560497987254615732e-09 -1.448744554878940078e-09 -1.202074686619550002e-09 1.646201758298801683e-09 4.150652315538283241e-10 -1.016184089745969650e-09 -1.111304747347989336e-10 -7.223972246827226253e-10 1.187917022334827118e-10 -4.598850433730420314e-10 -7.367067877484512110e-12 3.062740693437068981e-12 2.896644375927933059e-10 3.355584115241411561e-10 -4.173265055503445487e-11 -3.784799466975890977e-11 -1.604838657694232429e-10 -1.314324341247337552e-11 -1.061645646601761391e-10 -1.552898187480158341e-10 8.568989557258912323e-13 -1.029543432344636372e-11 7.145882365191458943e-11 4.931759892277804423e-11 -4.183814997169829908e-11 2.110500596433777323e-11 1.712763588585249997e-10 -7.070138235994871159e-11 -1.574244452307502371e-10 8.934772561558573638e-11 -3.757946917666238595e-10 1.775451385428425452e-10 1.259444858302724887e-10 5.346934694609947313e-10 -6.303138311686723508e-11 1.346720752672542917e-09 -4.863026409585913867e-11 -4.251965301858155679e-10 4.822388640315199728e-10 -6.127931820590973819e-12 3.439805349562708179e-09 -6.548855602716236459e-10 6.371199787577625334e-09 3.171614840981691853e-08 7.812753375243541755e-08 2.350632482800773913e-07 6.999388899171363580e-07 2.211240095792777913e-06 6.981062007649987559e-06 2.304455334096970547e-05 8.077942024181025682e-05 3.068260153605383684e-04 1.332880427668999435e-03
4.265031123670372237e-02 1.324775568548303747e-03 3.072543454325204473e-04 8.090149896033403166e-05 2.304447460980898834e-05 7.082533859838786720e-06 2.208223863973155035e-06 7.161317421860013020e-07 2.498787451198443212e-07 7.973823234794193444e-08 2.718264773155354676e-08 4.391460978270388783e-09 -1.521605069970293505e-09 -1.165179916712022576e-09 1.557802768448339112e-09 2.488836707414375355e-10 -9.796050426185100453e-10 -1.306121357128754705e-10 -6.816901329551211539e-10 1.102025523924944521e-10 -4.812033126933286260e-10 -3.257480041382772215e-11 -3.514720983107649174e-11 2.659553494055854746e-10 3.443304485837024179e-10 -5.059525744558287408e-11 -2.871935249405556652e-11 -1.634579419022164317e-10 -1.516360199444941541e-11 -1.020064919325012439e-10 -1.590802220502968662e-10 2.080500136624421596e-12 -1.585113972785197344e-11 6.656808556532399663e-11 4.853305015788918093e-11 -5.166528532145235079e-11 7.540364787994296890e-12 1.640872147698590962e-10 -7.107982986813007234e-11 -1.521867477984290385e-10 9.195029839979782621e-11 -3.605543110429641476e-10 2.069793109922003737e-10 1.601333327499181739e-10 5.489734945988376431e-10 -6.217386413525047764e-11 1.361537903778129857e-09 -7.037024941173872063e-11 -4.648216617569697286e-10 5.144242291138817266e-10 -3.335752446307534407e-12 3.353116705657736181e-09 -5.453516716037913093e-10 6.253629137828800134e-09 3.165323132551929768e-08 7.830132461798015538e-08 2.354033024633310098e-07 7.004728448059488499e-07 2.211445943300299034e-06 6.986373310825950820e-06 2.304943362475775305e-05 8.078403814181822661e-05 3.068338160574750209e-04 1.332962131251906298e-03
4.264995720501383453e-02 1.324919810250549303e-03 3.073191289263959972e-04 8.091391376767014800e-05 2.305046983664622352e-05 7.082057704172815280e-06 2.207608548064296081e-06 7.162698966100194578e-07 2.493465161221534343e-07 7.931963086674952447e-08 2.739443822954643923e-08 4.514767184324023748e-09 -1.220415795295779308e-09 -1.215612317698216399e-09 1.585625839373158097e-09 2.852965133487017965e-10 -9.622461621626685893e-10 -1.331914194816187831e-10 -6.744640858701931409e-10 1.361166053695940323e-10 -4.901858899782772370e-10 -2.071815064100385921e-11 -2.362599762335972260e-11 2.578357923788012213e-10 3.472788314457519340e-10 -4.799247337207796278e-11 -2.343439453685248324e-11 -1.540752268776153878e-10 -1.005603518631478880e-11 -9.993606058123754050e-11 -1.617167030070257117e-10 -5.618153586027164023e-13 -9.339387606272987667e-12 7.340068711574480041e-11 4.459549343268057091e-11 -4.047804031368750787e-11 1.268257506170337806e-11 1.695330138604027023e-10 -7.866729459462749459e-11 -1.649166764352892746e-10 9.137215033237488704e-11 -3.664426624872596081e-10 2.016779434265986037e-10 1.541130660714971728e-10 5.524346586800689312e-10 -2.395672456981987910e-11 1.331817129360053883e-09 4.621906378335329121e-12 -4.533160836290898670e-10 5.886281320663183735e-10 8.535909188620901120e-11 3.487177136500031765e-09 -5.036221226615052138e-10 6.260210801636504548e-09 3.174858887497576642e-08 7.812887735485000225e-08 2.355652399909080831e-07 7.012902022256774167e-07 2.212601206423570400e-06 6.984596585355359764e-06 2.305544864769487059e-05 8.078702395625712797e-05 3.068389867025760683e-04 1.333009222194117289e-03
4.265178380168116457e-02 1.324751138427037291e-03 3.072130606936019194e-04 8.091576846625629367e-05 2.305306541138335227e-05 7.086430417088651466e-06 2.209662562611557501e-06 7.166402529531194343e-07 2.506673777410343128e-07 7.950953505309360929e-08 2.733318547657372745e-08 4.431380170139692800e-09 -1.431626050410724260e-09 -1.221853957654323545e-09 1.596698165491547810e-09 3.340283255071136387e-10 -9.728109470821577849e-10 -1.468022403872541684e-10 -6.884728495389742774e-10 9.571822618802595034e-11 -4.508202664151962633e-10 -3.796252873744432069e-12 -1.370926778394035884e-11 2.883452540330790094e-10 3.415984312384954743e-10 -3.404115107170628233e-11 -3.768549008296286350e-11 -1.524804183201901852e-10 -1.793551353296221984e-11 -1.023955423404377375e-10 -1.592880661225738025e-10 2.510697461416455945e-12 -1.184858433860831263e-11 7.620122496416627290e-11 4.591156575764448050e-11 -3.389223022351416652e-11 1.696734664138366879e-11 1.658449427233796197e-10 -7.609726990212298982e-11 -1.461000872503694995e-10 8.503624622221408631e-11 -3.746843573728003696e-10 2.049355333723698981e-10 1.108044581476306166e-10 5.142311328716950773e-10 -3.896461007198486200e-11 1.327334680881379729e-09 -2.787340304483440056e-11 -4.122175680312699516e-10 4.981964961309909154e-10 7.470307383323737884e-11 3.225484909341924951e-09 -7.520491094441098842e-10 6.032011743664378302e-09 3.180312438572652563e-08 7.877288929293924532e-08 2.360578495446661304e-07 7.013257507214708834e-07 2.211487644673306479e-06 6.985961082597394308e-06 2.304519105340345500e-05 8.077155327342214295e-05 3.067965978540584905e-04 1.332366707293290318e-03
4.265048263937574330e-02 1.324787028792665097e-03 3.072399616485167891e-04 8.091001576604346906e-05 2.304951052407885854e-05 7.085095764665188130e-06 2.206379989861498895e-06 7.169653728557723562e-07 2.505932525176583759e-07 7.957164564443806052e-08 2.709794013512423744e-08 4.379052500377019887e-09 -1.294561871046766853e-09 -1.273506379533176365e-09 1.619518285493930346e-09 2.835100987302116028e-10 -9.544423339200175077e-10 -8.371979410616013377e-11 -7.346757953300744024e-10 8.100783573120973234e-11 -4.479126991429682377e-10 -5.943771705911754419e-12 -3.212363474938246043e-12 2.773725081890452219e-10 3.496181650584868109e-10 -3.755848090132965026e-11 -4.279994324002789317e-11 -1.617504188366615041e-10 -1.942027424832117640e-11 -1.103274547211348163e-10 -1.666449146441116737e-10 5.310490919599193642e-12 -1.370349895811186191e-11 6.998362447209008159e-11 4.991139557877706241e-11 -4.810435745693021667e-11 1.090702479957259244e-11 1.696022822957215927e-10 -8.045393469887313823e-11 -1.538454331344734702e-10 9.136432249497874794e-11 -3.861851121047273296e-10 1.816101913303793429e-10 1.691471839616865015e-10 5.022427891433258851e-10 -7.245823322574928161e-11 1.380860704328919809e-09 -4.341876525190176585e-11 -4.843816083963345784e-10 4.240209915691980853e-10 1.060493573112345074e-10 3.311871293714798459e-09 -5.063317364175577408e-10 5.906494092517911068e-09 3.164152261581001859e-08 7.820298738048959016e-08 2.350852312332046689e-07 7.013118333823721691e-07 2.212838188717490110e-06 6.987285142551798444e-06 2.305053277289112660e-05 8.078411936597027822e-05 3.068112391521284261e-04 1.332702085054212650e-03
4.265090727350626804e-02 1.325109715774202808e-03 3.072351188722582233e-04 8.088887603023674352e-05 2.304731220646770109e-05 7.085744507065954608e-06 2.205779758734309556e-06 7.160187275798628372e-07 2.497082432936903141e-07 7.956740622178664775e-08 2.759565683720269706e-08 4.443678484897634203e-09 -1.168903608784569882e-09 -1.188146255130086810e-09 1.641862834792334517e-09 2.196691605580922798e-10 -9.911405791045172755e-10 -1.491878287289264100e-10 -7.003648378561529942e-10 1.325828178715430199e-10 -4.214280783701580002e-10 1.444437926345309611e-11 1.135739082418832752e-13 2.968108698057611176e-10 3.441945598753846961e-10 -3.289117887897264976e-11 -2.809071737867473188e-11 -1.582148591550839661e-10 -1.892076573226512361e-11 -9.737057610673868044e-11 -1.510079062157104769e-10 2.343576871535681372e-12 -1.105221850362716707e-11 6.430875842685058258e-11 4.526498843947796179e-11 -4.594515236910363458e-11 1.436162818609460664e-11 1.670662796952077217e-10 -8.639682565719538711e-11 -1.666776403808356288e-10 8.456180521413403350e-11 -3.861453763597322393e-10 2.192813886372601937e-10 1.202851020601001084e-10 5.265388370468251362e-10 -6.210341181452765279e-11 1.333139400204132071e-09 -1.850294688066294617e-11 -4.597487260091400260e-10 5.127612100500991332e-10 4.853007397466331901e-11 3.395021145111572355e-09 -6.240172259775541136e-10 6.233064765696089039e-09 3.239542570579177136e-08 7.815213184084033836e-08 2.357106002191877915e-07 7.005903909499680842e-07 2.209078157553836745e-06 6.978985251649617074e-06 2.303582429608939225e-05 8.076726282897484627e-05 3.068459515027387218e-04 1.332996903856184913e-03
4.265037003320006764e-02 1.324606931722550549e-03 3.072466716166029409e-04 8.091246719000097379e-05 2.305268911870319413e-05 7.084610162573352493e-06 2.207675312616946050e-06 7.160364661206648625e-07 2.499004405514760889e-07 7.965599360175814261e-08 2.726484167773690410e-08 4.380154897214374913e-09 -1.479125822509338653e-09 -1.196126677392053778e-09 1.669478323048916053e-09 3.069672822985698555e-10 -9.738290343548523504e-10 -1.397265407584865307e-10 -6.761367143242406417e-10 1.029634323960379630e-10 -4.808321343519917553e-10 2.498062989110685108e-11 -4.061525182645351716e-12 2.783504027064212256e-10 3.385538015533515699e-10 -3.716102405951905780e-11 -3.122207092807281017e-11 -1.521198285484706530e-10 -2.155236771172223744e-11 -1.039240044394961936e-10 -1.577273385660286643e-10 8.779462768759592969e-12 -9.701420629316766055e-12 7.238438695163955009e-11 4.877121576844326063e-11 -4.129952261087377180e-11 2.062813762327291557e-11 1.764255440338169446e-10 -7.804603346667235594e-11 -1.509702507100677340e-10 8.463478796487636744e-11 -3.636607125976596140e-10 2.091776462758305290e-10 1.380097699378492999e-10 5.166028433792281102e-10 -2.605633579553487544e-11 1.355489603970046853e-09 -1.192222414717802370e-10 -4.372416690858028062e-10 4.926076564166446285e-10 1.254912376300629889e-10 3.279732770041389987e-09 -4.747785508606462115e-10 6.077361039749838943e-09 3.180301677882479408e-08 7.821284714666541033e-08 2.353683594537303231e-07 7.007276825122016281e-07 2.212709183610528610e-06 6.984161486392180731e-06 2.304468346636870046e-05 8.080198316659033709e-05 3.068179807230368250e-04 1.333092804653262121e-03
4.265109203705060720e-02 1.324965428171474618e-03 3.072229273507869887e-04 8.089058243977774280e-05 2.305174856149248206e-05 7.082744840789103511e-06 2.206134575094293926e-06 7.164876467628586407e-07 2.498636869355611441e-07 7.925193690330779793e-08 2.736724500002142546e-08 4.444686963607770147e-09 -1.246095446137990361e-09 -1.318741992883201006e-09 1.595830875385410464e-09 2.162070933401267590e-10 -1.031606476861001314e-09 -1.311419553437572082e-10 -6.691388453335955833e-10 1.465816718345034498e-10 -4.782009650705554254e-10 2.085340414889216197e-12 -1.282416655565593983e-11 2.963920497917833154e-10 3.570786241003465759e-10 -3.477500178323390704e-11 -3.855145056539872723e-11 -1.610569540175522784e-10 -2.365904028973785909e-11 -1.064034643955206219e-10 -1.601633645898635249e-10 1.617030083438930002e-12 -1.554739437130458329e-11 6.886039603945043194e-11 4.377236327897043722e-11 -5.185447374881375174e-11 9.836344297341505860e-12 1.737747739796094690e-10 -6.485697501775265437e-11 -1.451027747461405199e-10 9.306181011799041023e-11 -3.828728002226141092e-10 1.645952685715814294e-10 1.353760402396949861e-10 5.055416408277103796e-10 -2.644384311321318268e-11 1.350045742111227091e-09 -4.709116171669458283e-13 -4.967394334678440075e-10 4.057539962966404361e-10 3.598769471504626064e-11 3.308805221798863556e-09 -7.107913085077176060e-10 6.082454833004422586e-09 3.141677384780222501e-08 7.828900787265130591e-08 2.356573325340584195e-07 7.000546483798381588e-07 2.211783531286936455e-06 6.984439239820074567e-06 2.304446187836343491e-05 8.078129782752037477e-05 3.067709003667295695e-04 1.332328631404331625e-03
4.264994581824727710e-02 1.324783681657296531e-03 3.073054645266160793e-04 8.089344504520743265e-05 2.303990966802413554e-05 7.082385998358511328e-06 2.207256632096482815e-06 7.161743930130231191e-07 2.497702927417071461e-07 7.959739109480958583e-08 2.735136705456107712e-08 4.567317406297350716e-09 -1.195369851458091669e-09 -1.177208234782496174e-09 1.661634121234564924e-09 2.948016383888606897e-10 -1.031521820509467169e-09 -1.412020410497626394e-10 -7.052857827969232340e-10 6.342378402218458263e-11 -4.993014002669334109e-10 7.275942195615125925e-12 -3.896102496259864488e-11 2.621777396263882443e-10 3.417460183296263022e-10 -3.842369341438712753e-11 -2.857362403487158825e-11 -1.550593104214100142e-10 -1.436790256051811409e-11 -1.063515298948352596e-10 -1.661788026911325966e-10 1.123594732445780297e-11 -1.652584045809102318e-11 6.996194937830158319e-11 4.453741663578587250e-11 -4.582300985451121098e-11 1.181885668038686600e-11 1.660811418130948022e-10 -7.616216218376250873e-11 -1.570889917034456532e-10 8.473757141723174572e-11 -3.569371076812992734e-10 2.122885826710866615e-10 1.296332884996882603e-10 5.434099951186274881e-10 -2.663067594788371683e-11 1.292208481756041863e-09 -1.685449181626435825e-11 -4.686905807690511779e-10 4.907533310813368526e-10 7.130294374904319442e-11 3.202106614002471606e-09 -7.244896217207341046e-10 6.209757102131296376e-09 3.189682387035164932e-08 7.822998068354549018e-08 2.358911105538870532e-07 7.008423344125528668e-07 2.212196010330164021e-06 6.985500644824344829e-06 2.304221620979293215e-05 8.080640305430729473e-05 3.068403834709823542e-04 1.332748488384263939e-03
4.265060936909555178e-02 1.325071297066984007e-03 3.072911324588070616e-04 8.090464078930580940e-05 2.304795235509647482e-05 7.084291336854529188e-06 2.207092681345766509e-06 7.161304776775438026e-07 2.502605516519094375e-07 7.945064966134315373e-08 2.752350612880862473e-08 4.368925382515932516e-09 -1.446002721923047158e-09 -1.275024782294123599e-09 1.579814526940866337e-09 3.584400501572982889e-10 -9.729938458241178035e-10 -9.350964703673508311e-11 -7.139374412505775466e-10 1.093500590320219880e-10 -4.428018329120483962e-10 7.549083730356630310e-12 6.949051342454076500e-12 2.901888060584224780e-10 3.463641106364236523e-10 -4.099665879789056426e-11 -2.681338690728653318e-11 -1.574249270940133596e-10 -2.901518801086974267e-11 -1.026646301580141618e-10 -1.592466601171931950e-10 3.870776104164537691e-12 -1.724662233921586098e-11 6.735756488184810348e-11 5.184906891711944253e-11 -4.697742902086972598e-11 1.462940659471445363e-11 1.642710066002972144e-10 -7.679387197929245077e-11 -1.514429076196866991e-10 8.344687704069506980e-11 -3.696860663431225143e-10 1.808495706710458242e-10 1.391895085206221913e-10 5.266165850932524901e-10 -1.210325814942346886e-11 1.292506681716423152e-09 -5.346563545240722136e-11 -4.060424027261426767e-10 3.864685006308567366e-10 8.317395841395460744e-11 3.382236896033690821e-09 -7.144776686391319269e-10 6.050011559548544465e-09 3.177091517902556486e-08 7.896862152456453850e-08 2.354450450096108389e-07 7.024598004478556683e-07 2.213796194635393979e-06 6.984815874704917979e-06 2.304464684692223537e-05 8.078667974803742109e-05 3.068067866970758807e-04 1.332987850910401272e-03
4.265132841618760745e-02 1.324969114291256207e-03 3.072154846854692283e-04 8.089127465507424592e-05 2.305303074975620034e-05 7.083871218535431173e-06 2.208037780589236893e-06 7.145692664385610591e-07 2.493578168613264391e-07 7.954260548890091497e-08 2.731086184734867965e-08 4.500539856094880791e-09 -1.194488830484309324e-09 -1.120283925753381825e-09 1.582758650119998063e-09 2.952589513334421840e-10 -1.053883226089434378e-09 -1.719994104061598035e-10 -7.243778158298592520e-10 8.068840454906596403e-11 -4.717260411779323059e-10 -1.357327639541257349e-11 -1.841144514359147626e-11 2.818884141463139532e-10 3.425477862536953864e-10 -2.540349840433491839e-11 -2.512407787444453418e-11 -1.490533246463346043e-10 -1.243891389207819728e-11 -9.629696390987974335e-11 -1.555774649780004056e-10 6.769620462078143392e-12 -1.743086252601669640e-11 6.939709334658779416e-11 4.726227142408439056e-11 -5.065288176628218314e-11 5.835063226524085350e-12 1.621594403653971599e-10 -7.099142173997879759e-11 -1.499830719341751363e-10 9.159573919564717687e-11 -3.693666833545596649e-10 2.055059272164298210e-10 1.323288169220976347e-10 5.171702870967237803e-10 -2.020771377513426730e-12 1.306833288448399938e-09 -7.434253782252449961e-11 -4.904612753825878593e-10 4.393998432759980614e-10 -3.828249530890069464e-11 3.303753497220311013e-09 -3.534555893707926986e-10 6.033244465552058768e-09 3.169815922502024961e-08 7.812811947158964797e-08 2.359407216306015522e-07 7.007106044139498186e-07 2.211636795901437335e-06 6.984232089779377693e-06 2.304425636592080334e-05 8.078626969970180286e-05 3.067515672038932466e-04 1.332938965979609111e-03
4.265127058797573562e-02 1.324881698000603472e-03 3.072066751344645821e-04 8.091437110628581589e-05 2.305031769056413728e-05 7.086805505842032510e-06 2.207253230159146042e-06 7.147258271653995924e-07 2.490488310117241185e-07 7.924735054411595980e-08 2.761590848030968636e-08 4.311092446417698527e-09 -1.260888520011049065e-09 -1.193680469156063378e-09 1.489248966859017540e-09 2.264535500787374078e-10 -9.807036391117558981e-10 -1.053308285668382838e-10 -7.444695340493168876e-10 1.274187593661729520e-10 -4.386702103869019449e-10 -7.046514019314537973e-12 -2.057480494917626338e-11 2.828090157843668140e-10 3.478100368851667557e-10 -3.314440094434186868e-11 -2.736329885224686739e-11 -1.586619697537582686e-10 -2.472330939811517573e-11 -1.050101017642065072e-10 -1.486055705494947687e-10 3.710445305157290497e-12 -9.057121108927301032e-12 7.762550589266761392e-11 4.840667490946831699e-11 -4.115321741669929419e-11 1.773595611830464429e-11 1.765101912634134496e-10 -7.944335118647972788e-11 -1.704107487484224991e-10 6.013135456230878199e-11 -3.827286049329966340e-10 2.124037202944875296e-10 1.357588937964558472e-10 5.157849587387185388e-10 -3.124352373638893718e-11 1.364776440882390140e-09 1.547734428293517957e-11 -3.709200663338797926e-10 4.305520625013511095e-10 2.919701399116717326e-11 3.237122009120416818e-09 -4.607488038697538918e-10 6.207308651297564029e-09 3.194950288255224650e-08 7.807969934065635075e-08 2.354012883235318481e-07 7.007005005794670265e-07 2.209474116549981775e-06 6.982411390668542221e-06 2.305447067457912512e-05 8.078155602904665594e-05 3.067723555078332104e-04 1.332511228758473951e-03
4.265190363630994713e-02 1.324844592055572689e-03 3.072258630608510309e-04 8.091187031884956599e-05 2.306148162868381905e-05 7.085109119782116217e-06 2.207861338198748454e-06 7.176241193890394294e-07 2.504699677006217984e-07 7.966711725713520349e-08 2.727202586619503181e-08 4.255537347902238485e-09 -1.200950479531257160e-09 -1.075273243707125833e-09 1.748535566301643797e-09 3.123001000796751510e-10 -9.326532240554046920e-10 -1.623655695098122706e-10 -7.304150842378384422e-10 9.408592601399969144e-11 -4.703857139406189379e-10 -3.662814631516707372e-11 -1.563653387915428242e-11 2.615352013909712830e-10 3.473512220535844392e-10 -4.517767687155792378e-11 -3.096856244696606274e-11 -1.633028642103211073e-10 -2.134960418173557765e-11 -1.018549744037648526e-10 -1.599481377747301543e-10 3.564173743268839871e-12 -1.095734151260117928e-11 7.227305777347597601e-11 4.516347072972136763e-11 -4.705408423864821170e-11 1.686716153575690656e-11 1.695028095914027009e-10 -7.267175913385225389e-11 -1.609918485858945209e-10 8.579873933093753355e-11 -3.811350632951985188e-10 1.767699958291460496e-10 1.264778131183927681e-10 5.020814693584670689e-10 -3.020508785330367986e-11 1.338861624105425434e-09 -4.697187641088685798e-11 -4.566796546047392225e-10 4.263413798865404884e-10 8.009708027785416286e-12 3.282972389038298710e-09 -4.441592381066894263e-10 6.137052583671945247e-09 3.187166259773060428e-08 7.830653283164930432e-08 2.357700173665417901e-07 7.013334640666544121e-07 2.213138925604353027e-06 6.986764507602862002e-06 2.304471847584800448e-05 8.078699402599599116e-05 3.067623614009606730e-04 1.332930470362054393e-03
4.265186143408934011e-02 1.325009235748751939e-03 3.072441619891246164e-04 8.090862026992340101e-05 2.305191061373990335e-05 7.082322463016362771e-06 2.205951889457370686e-06 7.168054750292353632e-07 2.495327626022614412e-07 7.933179751789859222e-08 2.692159613127856076e-08 4.175687406016251768e-09 -1.425360338641074388e-09 -1.221625202687549069e-09 1.575519750607543353e-09 2.840968227336099617e-10 -9.830295826916840287e-10 -1.038031391151451073e-10 -7.321789107113865482e-10 1.308869229041065938e-10 -4.414425005163401988e-10 -7.486155626630362870e-12 1.309396322980845535e-11 2.910173501468496089e-10 3.508635417650189841e-10 -3.515998358073603775e-11 -2.998887452444736602e-11 -1.534593634352676662e-10 -1.672354270458531537e-11 -1.013832651271455773e-10 -1.554215580143546072e-10 5.454084884564416901e-12 -1.043394688038376095e-11 7.707797416550118591e-11 4.614254924841943060e-11 -3.982006358215027191e-11 1.391391858852698122e-11 1.725334485896810039e-10 -6.608782022940856160e-11 -1.549525698729661405e-10 7.935657442243873249e-11 -3.693564016163791537e-10 1.858484656168957354e-10 1.313136991330188945e-10 4.907305642063273928e-10 -6.032110757257229139e-11 1.307751380202261483e-09 -5.363021147981430101e-11 -4.817182301918690321e-10 4.234987167090226636e-10 3.257958307851206485e-11 3.221725283747822866e-09 -6.757931628492243584e-10 6.215076029483564987e-09 3.177604892552310463e-08 7.836534640132170741e-08 2.354859996942658351e-07 7.004932524279719584e-07 2.210486422922172321e-06 6.985624164524149564e-06 2.304962152736447594e-05 8.079053571065255950e-05 3.067390403947689559e-04 1.333138421734444664e-03
4.265008825928982145e-02 1.324927257472156925e-03 3.071992752526499617e-04 8.089997032652903198e-05 2.304739495733379028e-05 7.085923627493932487e-06 2.206328309465288371e-06 7.151523722072589796e-07 2.496489730737698420e-07 7.988439770053812257e-08 2.728581688026189876e-08 4.194313898392541743e-09 -1.486965264008035275e-09 -1.345643560944692843e-09 1.733432882365697972e-09 3.248952637446302586e-10 -1.012554527365549173e-09 -8.457693758320854044e-11 -7.046119097810160703e-10 1.008530659382756844e-10 -4.831971643901892508e-10 3.531898089957824647e-12 -4.074156678433319537e-12 2.847065895408078995e-10 3.453765867573131454e-10 -4.441969881773276269e-11 -2.636755400469308206e-11 -1.484083674924274190e-10 -1.754086813161227935e-11 -9.965124293333448996e-11 -1.573310685547532116e-10 6.737847580597645736e-12 -1.278780722901601057e-11 7.268371420416119012e-11 4.299151329476543582e-11 -4.628891421679088363e-11 1.417438900353842499e-11 1.637738915329084964e-10 -7.204140191718065992e-11 -1.616065893446554136e-10 8.958387041287669542e-11 -3.528170455583359499e-10 1.956318603638632985e-10 1.519497750750275647e-10 5.275040899780664884e-10 9.443158774016563054e-13 1.366832613001459148e-09 2.213803245932857513e-11 -4.202883425409999953e-10 5.199742429259826530e-10 -9.717197628094471117e-11 3.178539674618822731e-09 -7.797610826429095310e-10 6.033906835872829366e-09 3.178068593361924983e-08 7.797159551948720403e-08 2.359127322692485171e-07 7.014837004884928279e-07 2.212113294086476675e-06 6.985280539229477830e-06 2.304823842542138426e-05 8.079165187585680790e-05 3.068694158431293866e-04 1.332769784262145384e-03
4.265107589676585959e-02 1.324816860157943497e-03 3.071649107195446610e-04 8.090132189501977086e-05 2.304729017940840332e-05 7.081549434425637707e-06 2.207540257928302647e-06 7.161429361054418528e-07 2.495822135000604815e-07 7.900503142736101555e-08 2.754237629391227353e-08 4.199575460328195208e-09 -1.108178815205603173e-09 -1.122428684219243715e-09 1.563372281068134574e-09 3.214560579210627550e-10 -9.804198440808603165e-10 -1.285151088268183908e-10 -7.046255220068672153e-10 1.217333503021456430e-10 -4.773906362394513366e-10 1.508501786933210287e-13 -1.888421636485932671e-11 2.789173094586591084e-10 3.429829374016230935e-10 -3.039514920705421336e-11 -2.465596645894706497e-11 -1.597377005741585220e-10 -1.808618096772852235e-11 -1.000968136883825209e-10 -1.531213232369542663e-10 6.411202004929744751e-12 -1.283221360210725146e-11 7.301042594776084512e-11 4.574803721592906372e-11 -4.142719685103753169e-11 1.931669996042579479e-11 1.680167930826825526e-10 -7.221638801900397644e-11 -1.597254268283391663e-10 8.703988908625623387e-11 -3.732325799802057002e-10 1.901286392080591528e-10 1.220071549857936315e-10 5.084309547896749419e-10 -6.718608724729002481e-11 1.333153859847828259e-09 -1.930247774132156783e-11 -4.945747249979909189e-10 4.154883051892913153e-10 -3.127461129659191420e-11 3.340213249964085254e-09 -7.463431878641342239e-10 6.238451334903484930e-09 3.166176696107478395e-08 7.840470014432662213e-08 2.344377727827119566e-07 7.008813858889093643e-07 2.209938971461678512e-06 6.983840452740996008e-06 2.303858971358192372e-05 8.076771695548149571e-05 3.067200946544394150e-04 1.332221538617133719e-03
4.265111056439028353e-02 1.325281137181036914e-03 3.071992304533839938e-04 8.088223816801604613e-05 2.304918422132814961e-05 7.083901666231962473e-06 2.207786724592761677e-06 7.166469335317838478e-07 2.499111139629102373e-07 7.938733562412980066e-08 2.747862927320089999e-08 4.384613699250098075e-09 -1.275536264748705146e-09 -1.285635820783200980e-09 1.571757800651353944e-09 2.712375424374818945e-10 -1.011591304255077062e-09 -6.932741655617816462e-11 -6.897269291992058586e-10 1.311270803144954501e-10 -4.492057215138130060e-10 2.775175386563526188e-11 -1.936548335125925840e-11 2.957900232068157688e-10 3.306176408481059807e-10 -2.715900512174572589e-11 -2.287918368798100105e-11 -1.513675483017247231e-10 -2.217559029891177786e-11 -9.976746791804407627e-11 -1.603615687553920400e-10 6.716469262196675873e-12 -1.129859203876214129e-11 7.182409139054110605e-11 5.157356386093127905e-11 -4.438398294433720529e-11 1.979258111605642619e-11 1.714342288765400378e-10 -8.839955786973169698e-11 -1.632584001112795940e-10 7.690641337823496523e-11 -3.702644814973662973e-10 1.883404770722507658e-10 1.274880212721890074e-10 5.334373376135948002e-10 -4.336046077356829056e-11 1.338138725664903803e-09 -1.031061629624431906e-10 -4.323578546780214486e-10 4.814747813419363347e-10 -6.857794762595754967e-11 3.374734966854912901e-09 -5.075325803530359492e-10 5.974817727892701836e-09 3.167133028452411637e-08 7.834184558253969105e-08 2.349111668957663244e-07 7.002761193760484014e-07 2.211231049032358752e-06 6.981646203310117598e-06 2.304787299459814851e-05 8.081213085401913311e-05 3.067777910686075317e-04 1.332850137578775853e-03
4.265103555535462027e-02 1.324762366865806559e-03 3.071972292304080859e-04 8.090084062531061374e-05 2.305263864962467924e-05 7.082250494366263113e-06 2.205856268311027211e-06 7.157780738093650403e-07 2.496399548309410113e-07 7.919403853390300489e-08 2.770430165024873535e-08 4.597986912960705903e-09 -1.288397114135007191e-09 -1.235291478530010879e-09 1.573135103191125799e-09 3.234103649595952209e-10 -9.649646749501735211e-10 -1.022264450319236286e-10 -6.695872861066659822e-10 1.113284039155943493e-10 -4.308049544988773367e-10 -4.075418930213034192e-12 -1.232789305353472656e-11 2.645125605900742312e-10 3.512957085113507974e-10 -5.233751893388235459e-11 -3.630066101052933096e-11 -1.555436449053841774e-10 -1.559471517131816745e-11 -1.017901501417630931e-10 -1.644624608315831440e-10 6.782766273201921249e-13 -1.276272296170888178e-11 7.660685353891228578e-11 5.137608425612758693e-11 -3.971371338677361057e-11 1.551681199123477735e-11 1.712922338781191188e-10 -7.688445751914375263e-11 -1.557963124018753719e-10 9.030890207050996975e-11 -3.715396481574063129e-10 2.281748677745169671e-10 1.545663178777866976e-10 5.111145175256109787e-10 -5.928379673148308744e-11 1.342085288351244550e-09 -6.520413575260929242e-11 -4.572693913110914925e-10 5.444446835397892503e-10 5.661885462787077016e-11 3.210610950825306876e-09 -6.156902362924818906e-10 6.007377504795369518e-09 3.180042600160914126e-08 7.784054291463981658e-08 2.352603074530927785e-07 7.000385988371557062e-07 2.210097597807826217e-06 6.980334043188626441e-06 2.304440838884800566e-05 8.075630590545856773e-05 3.068559139168034844e-04 1.332295266259021175e-03
4.265140671068023970e-02 1.325129846941750867e-03 3.072518026103095699e-04 8.090897958884266474e-05 2.304829225615787668e-05 7.081818881302931056e-06 2.207848339843750665e-06 7.166344755896897920e-07 2.499070957202189227e-07 7.928947397513951850e-08 2.723260811473745897e-08 4.110391816495655694e-09 -1.336053790628462755e-09 -1.292934823520677935e-09 1.549252447825786527e-09 2.936887157033517369e-10 -9.814873719857140189e-10 -1.789003884134701729e-10 -7.559921220212171976e-10 1.086734573471548785e-10 -4.429249353310445242e-10 -8.771954802565280892e-12 -2.870019190299038494e-12 2.753718100105958211e-10 3.410636506384115181e-10 -5.023105656730783814e-11 -3.367129328154009329e-11 -1.637263410370771438e-10 -1.778513240682163122e-11 -1.021124053033182601e-10 -1.591259281641429023e-10 6.319532741603576980e-12 -1.944978597411886339e-11 7.206135106162594344e-11 4.485856083605570785e-11 -4.647557394971534961e-11 1.740024970733146144e-11 1.608361389486973645e-10 -7.563960089935847846e-11 -1.547533498875789593e-10 8.411480825459586973e-11 -3.827412128084265828e-10 1.897046434902728441e-10 1.272126768756229326e-10 4.809357651323694226e-10 -1.700478343810875821e-11 1.316191040087851608e-09 -6.580981500168441753e-11 -4.427320436930120229e-10 5.517471477980784038e-10 5.327475733602032005e-11 3.234900749432432398e-09 -7.515407317917854108e-10 6.080838679810600638e-09 3.172311932949853671e-08 7.800615621283752943e-08 2.351538244383305895e-07 7.008394291340815181e-07 2.211238490198352850e-06 6.980912399863956798e-06 2.304420348418935579e-05 8.077572203732753581e-05 3.067629514595323378e-04 1.332763432125463497e-03
4.265208719190956288e-02 1.325034789249692618e-03 3.072046511494133550e-04 8.090939243663038648e-05 2.305324097531102613e-05 7.083784793057601678e-06 2.207075188604969356e-06 7.156798150686488746e-07 2.496068743057084438e-07 7.941264199702459443e-08 2.754389258251090428e-08 4.601533253626736724e-09 -1.055037147751634618e-09 -1.028707137528288724e-09 1.585008719618160789e-09 2.512727044965243252e-10 -1.017359657825377144e-09 -1.529664286160565864e-10 -7.820806955917554421e-10 1.179235995441528641e-10 -5.089973199449883056e-10 -1.207906127883904252e-12 -1.423761079991466914e-11 2.879443698770073601e-10 3.405414852942626192e-10 -3.564544111050805282e-11 -3.113739431093474621e-11 -1.541754126436713873e-10 -2.452431343371027738e-11 -1.021780923015437422e-10 -1.656638320858155829e-10 6.204533097780260615e-12 -1.249302040619109857e-11 6.408901763067476205e-11 5.168763743894298892e-11 -4.234009070432277801e-11 2.405621052698793275e-11 1.683663240459956172e-10 -5.703454085843966394e-11 -1.606386977980529898e-10 8.749568155780295458e-11 -3.689552089968250789e-10 2.052327908339916629e-10 1.354933313543147301e-10 5.560161603864383768e-10 -6.708701931612962717e-11 1.298260646999980344e-09 -3.541251899464023281e-12 -4.252292437330401667e-10 4.506658784328057296e-10 2.303697412310779972e-10 3.294446808232624799e-09 -5.061761996990653155e-10 6.150090799642624530e-09 3.166858554594302316e-08 7.799252880419140787e-08 2.347824714090899992e-07 6.997520731358891300e-07 2.210700702636059137e-06 6.982979568029455034e-06 2.304754633465921242e-05 8.079577703919085948e-05 3.068640146771352750e-04 1.332801550809084752e-03
4.264949276868134492e-02 1.325001788555423129e-03 3.072948300900433085e-04 8.090556946940125321e-05 2.304065821473869462e-05 7.082976747367189020e-06 2.206600136224757482e-06 7.160995020698680487e-07 2.499609170030758818e-07 7.909090318279702441e-08 2.680280931127510598e-08 4.292791268770876706e-09 -1.233913319900929649e-09 -1.205076558345128734e-09 1.634751248642514466e-09 1.704128992337014604e-10 -9.896323756453515860e-10 -1.094494704749305681e-10 -6.948087933933365019e-10 1.136527661323409335e-10 -4.441510027106764714e-10 4.691682773369202965e-12 -2.056754824024796522e-11 2.797426845026958885e-10 3.329035358328002068e-10 -4.047161016606229404e-11 -3.302814426513983616e-11 -1.514100725908100949e-10 -1.208242999466924973e-11 -1.011973395136469961e-10 -1.576528804070459649e-10 4.983719740000856932e-12 -1.711002464708390974e-11 6.809863345533607809e-11 4.601599228228178140e-11 -4.976360995057526152e-11 1.604905022424053095e-11 1.654306770184828992e-10 -5.847364053349844708e-11 -1.561701658223388662e-10 8.734069316097127138e-11 -3.740770365878127773e-10 2.058700117866269155e-10 1.457440023431548194e-10 5.446507062644241622e-10 -3.223436683928911643e-11 1.306156192430780194e-09 -5.797870721283932929e-11 -4.831881678490084057e-10 4.648542866696293389e-10 1.343715083331976970e-11 3.402263103836035978e-09 -3.743083954921354048e-10 6.035384822778946214e-09 3.176733149087901088e-08 7.792272927317790474e-08 2.349947066073275332e-07 6.999154184422511337e-07 2.210106740173954007e-06 6.986426129726077442e-06 2.304963585531747777e-05 8.080974437701848498e-05 3.068341066899978975e-04 1.332876038956997116e-03
4.264953393293534345e-02 1.325192730801367765e-03 3.073811462796939412e-04 8.091446884749344014e-05 2.306138116074101939e-05 7.084459431102919166e-06 2.208509535386793441e-06 7.162115214064362568e-07 2.495881323614483348e-07 7.948086630533928297e-08 2.725846643268175189e-08 4.169468364007958292e-09 -1.278667310048108309e-09 -1.151310878573695798e-09 1.547564522932538133e-09 2.689345466754125085e-10 -9.526094743372282754e-10 -1.247139344133173474e-10 -7.172682947787401461e-10 6.308558620579437779e-11 -4.756072713817667627e-10 -2.883916333259293800e-11 7.931817377142985983e-12 2.951493382435576209e-10 3.390022047418646596e-10 -4.074834721288759404e-11 -2.765190873043705365e-11 -1.495572540959763995e-10 -1.520670231573173239e-11 -1.052363944016578794e-10 -1.642680765585128596e-10 7.109929297762515800e-12 -2.021488835236782385e-11 6.942846724041756350e-11 4.587263359862789543e-11 -4.669498117507188039e-11 1.303308956928352595e-11 1.668840144320675826e-10 -7.728000722519059123e-11 -1.547284173861688835e-10 9.412145907220462407e-11 -3.791516663765030911e-10 1.922745247151555935e-10 1.354201205928513576e-10 4.698106495131528771e-10 -4.589963109368897524e-11 1.313404513931716076e-09 1.528321449944147743e-11 -4.586337141617701700e-10 5.224337070349793744e-10 -1.085073983948715216e-11 3.366392841036573764e-09 -4.874783771057014230e-10 6.162578692813052034e-09 3.210669129618567839e-08 7.793383147464474285e-08 2.354770565948736240e-07 6.986344765002869744e-07 2.209404664925986955e-06 6.979426848625787541e-06 2.303923852158179631e-05 8.078760095194728716e-05 3.068281074600231768e-04 1.332665863762800889e-03
4.265060901551039757e-02 1.324955057886822128e-03 3.072903739267131545e-04 8.089246814018282545e-05 2.304946341073911266e-05 7.085061351081397563e-06 2.207714469323969693e-06 7.158468977213623362e-07 2.496753282295755643e-07 7.970818238114672084e-08 2.719107258145925784e-08 4.340154445009387673e-09 -1.420422658363715775e-09 -1.288525999299358854e-09 1.463845972747664559e-09 2.894365194221781969e-10 -8.897686852790669096e-10 -1.925723790596978805e-10 -7.342579643752711583e-10 1.039749091337845870e-10 -4.690377347615441028e-10 -9.783247304327241487e-12 -2.571712549295617351e-11 2.774282114710534318e-10 3.395864943805246070e-10 -3.750525413898379311e-11 -2.732738439997652869e-11 -1.476399280584104322e-10 -1.997928579229519042e-11 -9.272484905818260967e-11 -1.638116394005853957e-10 6.657183685357768842e-12 -1.144619945036443437e-11 7.125114573343724966e-11 4.532685090397238119e-11 -4.949611933184770338e-11 1.222493022696279077e-11 1.633006197186805946e-10 -6.612037900921187675e-11 -1.537493870636737275e-10 9.141107456281373771e-11 -3.882550732033716639e-10 1.851456816108906503e-10 1.113625201353031456e-10 5.130150791287902755e-10 -2.265866939538224815e-11 1.347138320073455836e-09 -1.590234800488063991e-11 -4.704217931878531924e-10 4.690429416830918257e-10 1.377779859982611908e-10 3.250996675373580632e-09 -5.155279341134024670e-10 5.951587074385948695e-09 3.169282428929999514e-08 7.820739896044746392e-08 2.358193113197704410e-07 7.008600666566800983e-07 2.212038465982102347e-06 6.987921370262503830e-06 2.304852661245860315e-05 8.078370510162788452e-05 3.068404410189471201e-04 1.333065443744543528e-03
4.264943782409718470e-02 1.325354597194567611e-03 3.073249286781253270e-04 8.092656884956242935e-05 2.305477946261338414e-05 7.082124074370176486e-06 2.206026196068059395e-06 7.161014160777031644e-07 2.503983999810874335e-07 7.981844944976828251e-08 2.784510098087838470e-08 4.588911593165638275e-09 -1.286990925705237444e-09 -1.269378107311087159e-09 1.753290233410120568e-09 3.583973791831096025e-10 -1.016605244885811317e-09 -1.338762336371546826e-10 -7.140227654943867171e-10 9.986328675569885802e-11 -4.610134519576547070e-10 4.254846792143803524e-13 3.645370002922417235e-12 2.742685645594508359e-10 3.357512304004715349e-10 -4.025134642495974047e-11 -1.874401039738492953e-11 -1.606002518364296189e-10 -2.100171277652041226e-11 -1.016294304389398081e-10 -1.610774558684139494e-10 5.725514908164151383e-12 -6.399773655961945048e-12 7.430048482365346228e-11 5.004544904973926285e-11 -4.294905309402265437e-11 1.491993420231651226e-11 1.630478323133814180e-10 -8.065065086877636008e-11 -1.633992892746883502e-10 9.750495630677642600e-11 -3.606807525156639898e-10 1.935724615734085047e-10 1.183864289831621872e-10 5.201218377777368771e-10 -5.744822315996562923e-11 1.352244615633341443e-09 3.093458693596474512e-11 -3.976604125292604048e-10 4.014564894990724027e-10 2.054585261289546749e-11 3.275328390323086577e-09 -8.200547884586548210e-10 6.267029358399013494e-09 3.156035569507953459e-08 7.788390818257377775e-08 2.351959478542447216e-07 7.003744500821546386e-07 2.210070746559560337e-06 6.980349829561320392e-06 2.304820294589352979e-05 8.076865524075477155e-05 3.067123953667204284e-04 1.332783436083704882e-03
4.265091492370473580e-02 1.324565606155960482e-03 3.072696526869432717e-04 8.086993843647070446e-05 2.304740239716289449e-05 7.082829166684653662e-06 2.205502079768727630e-06 7.166545918789949738e-07 2.494316037742035942e-07 7.961520614225089319e-08 2.726149477923858781e-08 4.363925991404318555e-09 -1.270553309415665328e-09 -1.259525837224554242e-09 1.648994760214668069e-09 2.172464366750574292e-10 -1.026280132211850824e-09 -1.454543757216298053e-10 -7.143767606237311044e-10 5.172464035758416884e-11 -4.849315920032528239e-10 6.481300194296810178e-12 -2.147854287884008212e-11 2.880485851428490840e-10 3.416984210823774758e-10 -3.511038056681147377e-11 -2.638127644659576931e-11 -1.564858643620366988e-10 -1.385707159100526928e-11 -9.561812052843659456e-11 -1.609537777667141750e-10 6.981749624530682437e-12 -1.254288253071141577e-11 7.594737088065246302e-11 5.233133959901242351e-11 -4.456777960134523996e-11 1.536744722237751427e-11 1.639817772492758636e-10 -7.614591310363106398e-11 -1.536909419822566679e-10 8.769935530400825001e-11 -3.726486632451695199e-10 1.845873230905601648e-10 1.348605940657508619e-10 5.399233087065990873e-10 -2.500096480301113339e-11 1.299104596367527340e-09 -5.377264352184738102e-11 -4.285170181499341452e-10 4.629139246379940385e-10 -2.884676201279606171e-11 3.205706474713637723e-09 -5.893565326634987938e-10 5.894144210100787837e-09 3.152476050110699015e-08 7.827293104838309437e-08 2.347150934934143348e-07 7.000603754345748266e-07 2.209648075286549971e-06 6.981815929662369053e-06 2.303938672808099683e-05 8.075770084863879397e-05 3.067137326082738664e-04 1.332839584428253780e-03
4.264968927296484275e-02 1.324819470161043211e-03 3.072065208863029211e-04 8.088039878921891694e-05 2.304304652816922922e-05 7.082139039813743046e-06 2.207703480815015499e-06 7.169302781602162860e-07 2.491143312149508358e-07 7.964757930078605267e-08 2.735601182603503733e-08 4.523123717528656076e-09 -1.202562868190265508e-09 -1.239870825791334156e-09 1.720072533628220482e-09 3.199903352808357192e-10 -9.924630103145818239e-10 -1.032915439501962815e-10 -7.071173042916175404e-10 6.329617744205250597e-11 -4.718482833412613252e-10 -8.286068800685511560e-12 4.528358078256585032e-12 2.892810470941911067e-10 3.537673038296009017e-10 -4.350677843519493403e-11 -2.828859644365618953e-11 -1.471445325561381353e-10 -1.401455908634877854e-11 -9.581200041656051241e-11 -1.522022041497368364e-10 5.707744639200215145e-12 -1.414118069161000129e-11 6.718433419944641781e-11 3.958401689546278128e-11 -3.680020858922503140e-11 2.145106015498911782e-11 1.770673687707520006e-10 -7.578536052596415050e-11 -1.653009252615504494e-10 8.780301714843071073e-11 -3.876851184171363976e-10 1.829806898652650691e-10 1.219599562651634843e-10 5.003344558057797559e-10 -5.297958165603979017e-12 1.350225210473065795e-09 -8.143055815830380855e-12 -4.845811821136364885e-10 3.728157037910667529e-10 -1.399246266144250688e-10 3.319616845186810538e-09 -6.028464070952484433e-10 5.810329863889985917e-09 3.194110330346532043e-08 7.790846408296877066e-08 2.344171260032183094e-07 6.999467294715092120e-07 2.211290105783766687e-06 6.982566393152155309e-06 2.304638723266606729e-05 8.077741205986037028e-05 3.068397102127537815e-04 1.332881859264709685e-03
4.265055397094149464e-02 1.324725664361009470e-03 3.071706092050326131e-04 8.088843293011856877e-05 2.303809078394537585e-05 7.084942403043620821e-06 2.206451417822667005e-06 7.160227608067883820e-07 2.493356722377299128e-07 7.945891615124928351e-08 2.739688115016270452e-08 4.359729730832933690e-09 -1.400891825302903481e-09 -1.170034231444743076e-09 1.593865449019742993e-09 2.438350131220002400e-10 -9.688049159231644585e-10 -1.061584251637035026e-10 -7.048992232657760138e-10 1.223632594774835774e-10 -4.923309202120155503e-10 -2.415196065035709119e-11 -2.831010872168523292e-11 2.670620509027041030e-10 3.427808402147447188e-10 -4.485037133855783842e-11 -2.042568091267197277e-11 -1.576751797323901678e-10 -1.617259740226980065e-11 -1.023085217240820223e-10 -1.602784742280320840e-10 2.742397356103270757e-12 -9.416258686650741335e-12 7.166185990040233824e-11 4.361999097916887959e-11 -4.258688704021943866e-11 1.245788885137879788e-11 1.693304075013634047e-10 -7.357909297820591634e-11 -1.604084235049487530e-10 8.509623518577601561e-11 -3.683772945279347140e-10 1.765068429012946181e-10 1.497178213434944558e-10 5.331997096814599114e-10 -2.622255711257268693e-11 1.300638638269872659e-09 -3.535225594373029846e-11 -4.681550433676815013e-10 3.642546229603555553e-10 -2.037432826125925199e-11 3.416564701143950552e-09 -6.331209348043622827e-10 6.292967612079856250e-09 3.178294811220648505e-08 7.847356974105670134e-08 2.354774523351396334e-07 7.006046011908600028e-07 2.211866616102137323e-06 6.984656069405256989e-06 2.304929829881189642e-05 8.078576563085378040e-05 3.067897240365410829e-04 1.332819341051819225e-03
4.265059810045569721e-02 1.325018256086380039e-03 3.072746287599142099e-04 8.091862496658527848e-05 2.305811555505265340e-05 7.082985839035406585e-06 2.206728606783975355e-06 7.171663865291687212e-07 2.496815720412137988e-07 7.928420084984849270e-08 2.768677988891438287e-08 4.285296197696135014e-09 -1.343246397053460007e-09 -1.095650360821791724e-09 1.641462788258499905e-09 4.276945881919514850e-10 -9.680514867164583765e-10 -1.079592518594987742e-10 -7.112139715914647602e-10 9.287791804349262042e-11 -4.658215849961400433e-10 -1.152470981022716331e-11 -3.175192906017614457e-11 2.975278960136793760e-10 3.495581900624782261e-10 -4.552865998311330691e-11 -3.180877270062147469e-11 -1.619460328226399895e-10 -1.866750812482911331e-11 -9.918918419079228711e-11 -1.613578544869073963e-10 1.704735204181353285e-12 -1.098151053787908019e-11 6.888878656088588403e-11 4.655036261508767689e-11 -4.800045959228627845e-11 9.087429980954024813e-12 1.630407160246885105e-10 -7.836048848121066569e-11 -1.823891913034970981e-10 8.681131200852173416e-11 -3.500331387985011434e-10 1.788653682559752929e-10 9.044290892295324959e-11 4.706552157530764906e-10 -4.360158108904865852e-12 1.316410716748351263e-09 -4.398585848777048855e-11 -4.477576106377054487e-10 5.139225507676477061e-10 -1.460226442819047536e-11 3.421672956261324563e-09 -5.681487737785222106e-10 6.083695562849933820e-09 3.182179654720854254e-08 7.852629417536302334e-08 2.353001332047078542e-07 7.000089423558379122e-07 2.211130113570351925e-06 6.982929204693530399e-06 2.304272183441754643e-05 8.076156580743479427e-05 3.067613280183505045e-04 1.332723945564150700e-03
4.264972478492784491e-02 1.325113620987525016e-03 3.072163351028824214e-04 8.090548695969473436e-05 2.304424007864984650e-05 7.082182046187456885e-06 2.207287464412140265e-06 7.160946151436020093e-07 2.505086990093000281e-07 8.019319448109552126e-08 2.768016822302509948e-08 4.237902696455281317e-09 -1.340374234482811257e-09 -1.154664883874234657e-09 1.749370718544853883e-09 2.627054197652495890e-10 -9.553839405524909276e-10 -1.318416874569065029e-10 -6.795055380142640679e-10 5.790565649507289895e-11 -4.454681593736359231e-10 2.184150698231986399e-11 1.261438065424781214e-12 2.826191609123280858e-10 3.566718670381051021e-10 -3.511405978721395889e-11 -2.902667414051164053e-11 -1.609754960823544190e-10 -1.559719752470984702e-11 -1.044105054511229467e-10 -1.593910183030109776e-10 3.907850223295280806e-12 -1.731252182747084389e-11 7.438991333811113131e-11 5.118970395440046367e-11 -4.473913042413224560e-11 1.604509347239062102e-11 1.663213437266615796e-10 -6.358664071562865978e-11 -1.635861716287700404e-10 8.941721759051246735e-11 -3.729983674643269272e-10 1.923497067312540651e-10 1.344886806356983622e-10 5.396676357056412793e-10 -4.087422795510498032e-11 1.290901537888240563e-09 -7.447214329167669750e-12 -4.764279757780524468e-10 4.772978378898569738e-10 4.058994642086607713e-11 3.269886928440929506e-09 -6.628462353288678008e-10 6.106659494282593294e-09 3.218553211317077261e-08 7.852307098143162222e-08 2.360093242456252246e-07 7.014322444435563622e-07 2.211191842075952969e-06 6.985842787804476725e-06 2.303965520441137379e-05 8.078699853001741456e-05 3.067856383375770356e-04 1.333205424141889212e-03
4.265061524290979234e-02 1.324365162566112789e-03 3.071794907474191907e-04 8.087889132099309426e-05 2.305282955998342890e-05 7.077405002744521134e-06 2.204786414438926226e-06 7.154889831897957576e-07 2.499765179263071154e-07 7.953961233214646540e-08 2.720599015416223212e-08 4.232268917078761677e-09 -1.332439131521675513e-09 -1.157862857163674496e-09 1.553834536559260929e-09 2.916001531422915421e-10 -1.020434947781275660e-09 -1.118178562329241840e-10 -7.420594788507979537e-10 9.653484595084817280e-11 -4.754062691009865529e-10 1.106400452854337749e-11 -7.946421779865518970e-12 2.652069624978224169e-10 3.442845171043547432e-10 -4.234535655792762553e-11 -2.156161480700546954e-11 -1.593623951336375670e-10 -1.934786209552331136e-11 -1.042471250992747047e-10 -1.509351110519018349e-10 8.480392367857819400e-12 -3.496013980662113126e-12 7.281311425643596090e-11 5.148333295345938503e-11 -4.309795560276574396e-11 1.956441895364791634e-11 1.728119647356689672e-10 -8.621486946114590680e-11 -1.543163304079714019e-10 7.721662579222665089e-11 -3.789489968373686176e-10 1.908494486292925500e-10 1.069964723854046418e-10 4.875145963301826305e-10 -5.149829045371699761e-11 1.326208254965331098e-09 -3.145562149162585256e-11 -3.469815813472648209e-10 4.786847718968117875e-10 -2.483738138031451560e-11 3.106984158143294556e-09 -8.760500989365379545e-10 6.093737061438377154e-09 3.180897768339072780e-08 7.826935187861372398e-08 2.355243204725395722e-07 7.002489481913798773e-07 2.212574407405633296e-06 6.983824213491645458e-06 2.305358849933583556e-05 8.078646515619244929e-05 3.067397539571818351e-04 1.332871259958473380e-03
4.265017928073271125e-02 1.325080368202050845e-03 3.072606013292181995e-04 8.090556982807014478e-05 2.304760566662068225e-05 7.079840629214276742e-06 2.206346384625497057e-06 7.158276202444172007e-07 2.487889138852745465e-07 7.965146903366668466e-08 2.738467232829459609e-08 4.387459031741628041e-09 -1.317364648916607763e-09 -1.362443551824218210e-09 1.616996213163711455e-09 3.371594969267998045e-10 -9.824429192778785125e-10 -1.521786813258756534e-10 -6.887564523265583967e-10 1.390359882771592231e-10 -4.479583887377405683e-10 -1.742832317407313889e-12 1.617788890633241899e-12 2.936679130987353372e-10 3.495541540555953821e-10 -3.269135951137726052e-11 -3.735777261711005098e-11 -1.591235090459547348e-10 -1.131605160357232947e-11 -1.006303904667049544e-10 -1.591376670604240541e-10 4.884281671215557439e-12 -7.416940254858543719e-12 7.271061437761970383e-11 4.621020029428491596e-11 -4.282196090842227377e-11 2.222981015866023755e-11 1.724918842894686684e-10 -6.925993966228604662e-11 -1.480297148979123174e-10 8.037183173152887784e-11 -3.603058058699024195e-10 2.073718852942651081e-10 1.160597109423695179e-10 5.290219452121712882e-10 -4.632350482755423460e-11 1.360243063315369294e-09 6.209505734549044622e-11 -4.201526922288615089e-10 4.935771736526864550e-10 1.434271568924899912e-11 3.328883905261492585e-09 -6.912068195590256046e-10 6.148525878685796861e-09 3.183881943694166456e-08 7.835343851922414335e-08 2.351731521267847185e-07 6.997743196127839432e-07 2.212100838871772064e-06 6.983915952072470033e-06 2.305369252692151109e-05 8.077509231087915374e-05 3.068108093935130671e-04 1.332710316357940900e-03
4.265100285694667370e-02 1.324888204142783167e-03 3.072328377618880756e-04 8.088479460017522916e-05 2.304307591453749678e-05 7.085464562833760105e-06 2.208599263607857409e-06 7.170616470587473289e-07 2.496070531228767139e-07 7.973177545848631483e-08 2.724768993040030591e-08 4.282746333878492635e-09 -1.408064306487995189e-09 -1.249478287926343759e-09 1.660977715685960246e-09 3.426303063909380097e-10 -9.456953997736888990e-10 -1.483680936740092051e-10 -7.001416673780904913e-10 1.306182424942659715e-10 -4.505373644032141843e-10 3.487343636844899654e-12 4.983500737341879197e-13 2.863136411581855156e-10 3.395287208962436801e-10 -4.040877280241836762e-11 -3.085677708261097812e-11 -1.601118937403298834e-10 -1.516627387782142863e-11 -1.084440147903309760e-10 -1.640476842263807212e-10 4.403485189268999955e-12 -1.447281693903295063e-11 7.345790049077757971e-11 4.509621538505826586e-11 -5.136373371375168806e-11 1.612439976840685283e-11 1.697356522068974884e-10 -7.955242018106301226e-11 -1.524423759732341615e-10 8.504193380492487452e-11 -3.784500581492367114e-10 1.786082043146944935e-10 1.402087530443706890e-10 4.962268237260572494e-10 -6.918825794225844240e-12 1.364059749139178433e-09 -1.472838047048812090e-11 -4.813173337661494467e-10 4.690776011050405659e-10 5.956567923072088800e-11 3.368474532089489834e-09 -4.645873237146396214e-10 5.871602604341613236e-09 3.187331480632206005e-08 7.852214578347944634e-08 2.355118996397003012e-07 7.009877770229388848e-07 2.210922828416645861e-06 6.984211308263501703e-06 2.305138409623060046e-05 8.077632715477514049e-05 3.067967200424768907e-04 1.332934202981436592e-03
4.264908110801920310e-02 1.324893031601209444e-03 3.072402312723443939e-04 8.089786260084735393e-05 2.304968028558462817e-05 7.080569204888931549e-06 2.208505950478385885e-06 7.156148628948780218e-07 2.494835946862339550e-07 7.909465279275687868e-08 2.761041474423330980e-08 4.353759237672587546e-09 -1.237175130248388773e-09 -1.145806573168329654e-09 1.595545810465326819e-09 3.770352013298696889e-10 -1.044757748026702875e-09 -1.455954632856366242e-10 -7.426695898900140480e-10 1.086404283253358353e-10 -4.332443896118304103e-10 -1.601943157228791290e-12 -2.000972136172901361e-11 2.838933675381851873e-10 3.432918993211668852e-10 -4.345818281215242271e-11 -2.912389657160891166e-11 -1.580819799743773738e-10 -1.506982731449000377e-11 -1.057659228414865058e-10 -1.582871612966358207e-10 8.539830106194515724e-12 -2.133928036099298853e-11 6.677370960941613457e-11 5.086439099110958000e-11 -4.449748500585832291e-11 2.050769391941400861e-11 1.729619618977982663e-10 -6.996533770894350133e-11 -1.531863593761729607e-10 9.443878269122226705e-11 -3.656136080238757477e-10 1.925331873168864991e-10 1.459383168093441423e-10 5.317898126185080189e-10 -4.115264089646204264e-11 1.331693163100824866e-09 -5.395660788567505119e-11 -4.079793077331822539e-10 3.687277244761404447e-10 -1.223839872855123511e-10 3.427037531262238474e-09 -4.017265714140397592e-10 6.289897052925348073e-09 3.156324062613895044e-08 7.811218182872586506e-08 2.353318354645504979e-07 7.008708770169316131e-07 2.211905787697348966e-06 6.982171814745754351e-06 2.304708189533190057e-05 8.079964021981609593e-05 3.068482442890749446e-04 1.333078046426941412e-03
4.265044091714490643e-02 1.325192228685846511e-03 3.072419321287329051e-04 8.091227598128781790e-05 2.304563303847246549e-05 7.081848042036218388e-06 2.206739289957478514e-06 7.165058126246539265e-07 2.494549722863162841e-07 7.964113180698618604e-08 2.720204047734759176e-08 4.309849978436569783e-09 -1.197335616790330622e-09 -1.068424411541279966e-09 1.643794453187628936e-09 2.793309909600154495e-10 -9.877130704782515532e-10 -1.063466427406423986e-10 -6.785764280483777393e-10 6.910477543261559875e-11 -4.764567808100939087e-10 8.343308101154870588e-12 6.508714813653706718e-13 2.814179714357343910e-10 3.428344903984433247e-10 -3.870296205473950104e-11 -4.262824815268722302e-11 -1.618070502857917527e-10 -8.885144473395198931e-12 -9.827919173207912798e-11 -1.559731332353752494e-10 3.019500121237533723e-12 -1.509607286426316370e-11 7.161888001071903963e-11 5.340677770375190126e-11 -4.814415797989340820e-11 1.674109017863066555e-11 1.597919466679200626e-10 -7.981870728728945439e-11 -1.552424569102748804e-10 8.736029634669651929e-11 -3.832479181565201962e-10 2.196932325561977666e-10 1.256467030669425026e-10 4.866814339138987253e-10 -4.398134307878092004e-11 1.351580856075096758e-09 -5.013336909437755195e-11 -4.727520554283599260e-10 6.185716654810837345e-10 -6.590712965507184247e-11 3.402644202604009487e-09 -5.755091882484968770e-10 5.921901445044251803e-09 3.166602068166448833e-08 7.828769301280056444e-08 2.353450148732911988e-07 7.009242666334421239e-07 2.212553077292550504e-06 6.982327869355850639e-06 2.304683519073759640e-05 8.077929075857846232e-05 3.068671919299502870e-04 1.332738114087560991e-03
4.265035449283844510e-02 1.324875230687664164e-03 3.072537854790201588e-04 8.090896564667177419e-05 2.304602836820441157e-05 7.086201651323614204e-06 2.206820810243952779e-06 7.161658499015288404e-07 2.494486990933481585e-07 7.920355272819364424e-08 2.740018579980199299e-08 4.115357976228556273e-09 -1.265433073646715758e-09 -1.274135549326255120e-09 1.619288794928261322e-09 2.825292142140677552e-10 -9.242582001662360230e-10 -1.198584766744650150e-10 -6.943568032997822640e-10 1.007427910596965081e-10 -4.905048754481833250e-10 -5.434469592949014854e-12 -9.341896740356280649e-12 2.710268281776525440e-10 3.278757707210416404e-10 -5.293851181917812495e-11 -2.624367487383553062e-11 -1.671425822694849826e-10 -1.374697632427309843e-11 -1.058107255062102035e-10 -1.661373094686952677e-10 9.714317191125470569e-12 -7.410332929689103586e-12 7.757119197204744737e-11 5.218191136786016159e-11 -4.439648076746522302e-11 1.606753627460578976e-11 1.731408644570853149e-10 -7.838252515522057965e-11 -1.647332439219014788e-10 8.064810562481621248e-11 -3.725529258134686696e-10 1.815075862223809591e-10 1.326542192001540960e-10 4.992313445751712419e-10 -4.699432188244749672e-12 1.303085936021647344e-09 -7.519229020500330352e-11 -4.355696071432382274e-10 4.243233891672689476e-10 6.482705535466471581e-12 3.241664353734276986e-09 -6.591098394590292792e-10 6.070463087990567833e-09 3.208046491338092129e-08 7.793201791460491601e-08 2.362040651017987882e-07 7.008107494411271925e-07 2.212348142084870919e-06 6.982875008075593946e-06 2.305701688476339978e-05 8.079910471820389930e-05 3.068758113199366536e-04 1.333314300696496289e-03
4.264965360159277130e-02 1.324914693300341569e-03 3.071606930790548207e-04 8.090708095926243623e-05 2.305335667526130783e-05 7.085095968016627178e-06 2.209043448875412787e-06 7.157346949736648474e-07 2.494759917705882738e-07 7.940692907951652633e-08 2.697791079566043163e-08 4.340961179403470589e-09 -1.187102208038818757e-09 -1.138873370477949235e-09 1.603037277106402028e-09 2.049023423371008692e-10 -9.582395287977888983e-10 -6.427625823216723323e-11 -6.988680673400588498e-10 4.764290168212664428e-11 -5.118088300374309287e-10 -2.688544241464482841e-11 -1.418966918140478394e-11 2.680951247254673177e-10 3.427519231426739579e-10 -4.534624870430018225e-11 -3.778519015424190836e-11 -1.542373180446585166e-10 -8.988523111125868354e-12 -1.010244269612687867e-10 -1.594311474633354833e-10 3.474785956454032871e-13 -1.576887510954145824e-11 6.799773484291406115e-11 5.125176468304631781e-11 -4.486377984937662572e-11 2.110010887121222608e-11 1.600955482172404898e-10 -7.272952542171786726e-11 -1.497816257887004028e-10 9.277598648295854940e-11 -3.723901668201245536e-10 1.948840352958431749e-10 1.088810318104431399e-10 4.738441925182853465e-10 -3.452729415117050536e-11 1.371904960197197539e-09 2.167302190686018764e-11 -3.395231778993574972e-10 5.083908686429393647e-10 2.244484847458531339e-10 3.348006003077170472e-09 -4.376372918589628244e-10 6.234267950261161586e-09 3.184551796684499760e-08 7.830879255979396653e-08 2.347659891460716911e-07 7.000147471940105612e-07 2.210818454339816804e-06 6.982033188836976049e-06 2.303870157896777132e-05 8.078699633165858289e-05 3.068342922567980505e-04 1.332873049045043027e-03
4.265037262795421530e-02 1.324784581000726337e-03 3.072777193943794136e-04 8.088791546944207442e-05 2.305277717924477990e-05 7.085793076305616123e-06 2.206915094486159969e-06 7.148151628978049135e-07 2.493162155326246334e-07 7.984361005662081558e-08 2.751642834455258859e-08 4.186461048363702704e-09 -1.062103655943741041e-09 -1.007146551922416255e-09 1.705485488717223031e-09 2.447301461696569260e-10 -1.098888002704641858e-09 -1.165917950530134533e-10 -6.963830031910445859e-10 1.355071324068973080e-10 -4.425774372026238609e-10 1.625856752958944365e-11 -1.534231504910820476e-11 2.795547916653653309e-10 3.405687945349490322e-10 -3.648589208400422542e-11 -3.192646416864462761e-11 -1.590741834315399098e-10 -1.331734943366171482e-11 -1.041726286977564497e-10 -1.584458737262925680e-10 -7.327017042430709855e-13 -1.569983241415252222e-11 7.223300927357837237e-11 4.261678877613173404e-11 -3.990195600950518156e-11 2.124049307181295091e-11 1.739534439698276326e-10 -7.328504074649985121e-11 -1.535094705178944076e-10 8.099576370959148102e-11 -3.655476951698449058e-10 1.838930594272657855e-10 1.369611037010207653e-10 4.990804960063553053e-10 -6.363201764711878530e-11 1.298036275799563790e-09 -2.181845243121986464e-11 -4.648405514660268708e-10 5.476878266556609609e-10 1.449001262110518441e-10 3.444062425686796630e-09 -7.090074938380285012e-10 6.072341777466855958e-09 3.181728478546358229e-08 7.799386266972011833e-08 2.356230654560581188e-07 7.001417819277808330e-07 2.211879394863780009e-06 6.982557235533104591e-06 2.304040048242694816e-05 8.079521938471124533e-05 3.068734861275595267e-04 1.332681214101499607e-03
4.265039258932834532e-02 1.324507940923906439e-03 3.071865138449999524e-04 8.089749552553455385e-05 2.304371284043755277e-05 7.081588982539021425e-06 2.207671123440616394e-06 7.154536095284765942e-07 2.498850121458047917e-07 7.952330965680411679e-08 2.718966623436920234e-08 4.378943333825359943e-09 -1.262267353662118005e-09 -1.078877626210544466e-09 1.731873959859699826e-09 2.893176142699068317e-10 -9.378565638078648266e-10 -1.002414857199990776e-10 -6.743785500754601249e-10 5.386647440609222813e-11 -4.309231576361625111e-10 -4.747219737861334434e-12 3.104673281016645012e-12 2.760369338899673088e-10 3.554927029378310129e-10 -4.057067488445727027e-11 -3.244477506284707960e-11 -1.492786576536686941e-10 -1.896063158020443811e-11 -1.003533627477434565e-10 -1.596924729326564016e-10 2.215183105366153309e-12 -1.062943114185761142e-11 6.764817040736097440e-11 4.915740236375145388e-11 -4.224904522508100238e-11 2.181416203605406485e-11 1.717770178928989528e-10 -7.306720832333656833e-11 -1.744092058971610699e-10 8.331962563293386646e-11 -3.798865052739154943e-10 2.003255731742593915e-10 1.085522274562288194e-10 5.112885145285555460e-10 -6.748269313263946420e-11 1.323939392217507081e-09 -3.510418461687638342e-11 -4.767620835055898612e-10 4.067935490511091621e-10 2.338443664682741475e-11 3.378179797965256823e-09 -7.025553903708579908e-10 5.973940664978195638e-09 3.192256570300108032e-08 7.819246587166692420e-08 2.362499422534574993e-07 7.008195285742512077e-07 2.213123751964777206e-06 6.985628950458585187e-06 2.304690550789328954e-05 8.077310552980122718e-05 3.067839289254743903e-04 1.332917905393213179e-03
4.264963705580800818e-02 1.324741798653518475e-03 3.072344917572382081e-04 8.089541417134351968e-05 2.304917266600454016e-05 7.082903677213847106e-06 2.208767995241458154e-06 7.164808818997984812e-07 2.497261777276547201e-07 8.010016429239003798e-08 2.707272197397804376e-08 4.250590982108745725e-09 -1.180486619660940903e-09 -1.231201689510482298e-09 1.589620477118502900e-09 2.717309433883215766e-10 -9.800948165001893568e-10 -1.769515846309024957e-10 -7.239126086586994225e-10 4.155120661489600405e-11 -4.667566681878390830e-10 -7.286808905158850324e-12 -3.941295958679330571e-12 2.658888856865498739e-10 3.309260806012837138e-10 -4.612737392407608633e-11 -3.026086111691681630e-11 -1.580088117855680746e-10 -2.549576551822092849e-11 -1.061733697297417024e-10 -1.648153299584505480e-10 3.129373077164757695e-12 -1.519185575916610936e-11 7.357600361832064135e-11 4.473688937927370989e-11 -4.936005323245745866e-11 1.464567479413746412e-11 1.668269700488871783e-10 -7.121144082938454133e-11 -1.567572848624205416e-10 8.176288647476351396e-11 -3.712091192050373092e-10 1.716224494647285079e-10 1.307887691576813060e-10 5.374293386370554669e-10 -5.752687564231503172e-11 1.367576650073636770e-09 -2.877796171294846808e-11 -4.806846717347787507e-10 5.302645134451369590e-10 8.246570768965777483e-11 3.441597140475894650e-09 -4.851090266473174640e-10 6.423424750165995708e-09 3.192594690590276954e-08 7.868037440336202003e-08 2.356709200957788005e-07 7.006385924195235938e-07 2.213287113667685789e-06 6.987993183396427718e-06 2.305072497488301446e-05 8.080489454922342688e-05 3.067828169504778794e-04 1.333000002858916863e-03
4.265029991800846354e-02 1.324602213068765567e-03 3.071875329127739663e-04 8.089439092558055051e-05 2.305301288159641518e-05 7.089666461269002691e-06 2.209525984640446697e-06 7.157490218716026557e-07 2.500500074181413792e-07 7.915234840909487551e-08 2.762171081459042830e-08 4.561184346794872307e-09 -1.255749388863558790e-09 -1.325548405140054361e-09 1.481862680698106352e-09 3.186247280392802446e-10 -9.197036255284912313e-10 -1.752238929492660486e-10 -6.466467332130851174e-10 1.478147851677501288e-10 -4.647768080319762586e-10 -6.848132408955766145e-12 -1.325763223198435806e-11 2.671884887508564408e-10 3.391109843189531202e-10 -3.447442746981360574e-11 -3.496483771793823126e-11 -1.601092357172732356e-10 -2.089842305136925803e-11 -1.089248061904520602e-10 -1.615347684516457807e-10 2.320738928130830807e-12 -1.707886527260675889e-11 7.217662076463578389e-11 4.599280003152482419e-11 -4.409162907982971118e-11 1.267171913806696360e-11 1.655800443180927808e-10 -7.063608176528116930e-11 -1.463040021766535169e-10 7.966829863205710162e-11 -3.808344289561907142e-10 1.970754276156627068e-10 1.088007519558670931e-10 5.410787725694848449e-10 -3.805076203346955730e-11 1.356970583445820417e-09 -3.518083213946369534e-11 -5.006550381161769464e-10 4.822059484269225917e-10 1.435813075687274600e-11 3.287377992635747965e-09 -6.939600776933984815e-10 6.023257313202985144e-09 3.185003442563810743e-08 7.899328626124448555e-08 2.357220137666842677e-07 6.992795693472330277e-07 2.210302169914842983e-06 6.982556141873061319e-06 2.304530314895216267e-05 8.075841825683323578e-05 3.067550698074964530e-04 1.332698235649767060e-03
4.264966153145798716e-02 1.324695484855655924e-03 3.072411348879476351e-04 8.089504472077347502e-05 2.305049992072757454e-05 7.085059226485605095e-06 2.207194491260742833e-06 7.169130785483177527e-07 2.498099955993139994e-07 7.956871342985713115e-08 2.708198265826511837e-08 4.241898126471307215e-09 -1.333760617707013595e-09 -1.077032004422321555e-09 1.779767223566847024e-09 3.694655873778972918e-10 -9.163585946955357798e-10 -6.711727271760795053e-11 -7.454779525309908625e-10 1.269905560272191828e-10 -4.956600654468780214e-10 2.317693983825182549e-12 1.664629022746550125e-13 2.654342195591334787e-10 3.423463121504183510e-10 -2.992777711440805150e-11 -2.351173549843757050e-11 -1.599124377691752165e-10 -1.711229954071650416e-11 -1.031001583926288763e-10 -1.583048787704418099e-10 6.820757974909015940e-12 -1.326682046046609947e-11 6.809831651864697440e-11 4.155587310299179160e-11 -4.792630563229142775e-11 2.004156503256636056e-11 1.707847754982176046e-10 -7.012476053824583709e-11 -1.449239152502392414e-10 8.901380846030154363e-11 -3.835932009591115801e-10 1.885393716165372936e-10 1.160581774578988808e-10 5.087368579881893356e-10 -5.697760737103541309e-11 1.318040423472447487e-09 -7.547215412481900984e-11 -4.305439481089729530e-10 4.210785990963913379e-10 7.098602651773558819e-11 3.265874985299966906e-09 -8.059187019367482202e-10 6.275551463175879101e-09 3.217426870327613028e-08 7.842258419157215783e-08 2.359434526250227355e-07 7.017101497854496941e-07 2.212014395121126956e-06 6.983546899855392431e-06 2.304952328406202261e-05 8.079774480931653621e-05 3.068591371427876156e-04 1.333284986799134278e-03
4.265047804407510329e-02 1.325457874191098570e-03 3.072825098810103277e-04 8.091406828983107029e-05 2.305374947350619983e-05 7.087661896545948074e-06 2.207912831372514636e-06 7.169794662883476181e-07 2.498392825487049342e-07 7.914606701455563019e-08 2.727611135283235620e-08 4.039296989456007495e-09 -1.452915407829437963e-09 -1.276368372602102570e-09 1.596069039633316330e-09 2.906160539247354408e-10 -9.762572233659229413e-10 -7.926659324150586734e-11 -7.620141274233216709e-10 6.301561868085879515e-11 -4.377582200981852295e-10 8.405853223980993878e-12 -2.021505724862062193e-11 2.688133269976485726e-10 3.439997386745755010e-10 -3.259872996272724117e-11 -2.039978999666112772e-11 -1.609476842393432931e-10 -1.631273404591228305e-11 -1.033944461484236786e-10 -1.550428233861970276e-10 3.093746640092872651e-12 -1.953362439081046065e-11 6.826207546239448689e-11 4.780968997615762675e-11 -4.816241108381454805e-11 1.121214339418831047e-11 1.677109081633588030e-10 -7.343953732933555488e-11 -1.533025148666331408e-10 8.102762500125596641e-11 -3.853288683398850965e-10 1.945473811531376496e-10 1.110662672464151215e-10 4.920811918817653221e-10 -3.432095505883581201e-11 1.322821155972177789e-09 -6.694565999080511294e-11 -4.685291536416857790e-10 4.758550733780895153e-10 5.574129373902302086e-11 3.350500278876774720e-09 -5.511956493391379856e-10 6.164831030878401639e-09 3.181256117285334923e-08 7.814654634266242660e-08 2.349196459161210816e-07 7.011028510311349362e-07 2.212216994416978432e-06 6.982002071248251613e-06 2.304087720132593035e-05 8.078568595216675157e-05 3.067985519434683053e-04 1.332872178015767411e-03
4.265121607985877805e-02 1.324845969296881533e-03 3.072058884679651166e-04 8.088102783491579620e-05 2.304926593274764739e-05 7.085009734682077391e-06 2.207195117900294154e-06 7.167891611329520140e-07 2.500873265917278195e-07 7.964443286671309644e-08 2.714033708768074959e-08 4.336952957682516981e-09 -1.325876119289502374e-09 -1.215678805959555190e-09 1.636695021720540935e-09 3.391138803186783586e-10 -8.350434305538170870e-10 -8.705905005054528684e-11 -7.328159794951301469e-10 6.220440021161617761e-11 -4.783731409406965740e-10 1.298335549074104424e-11 -6.916840379747739293e-12 2.906411946077232324e-10 3.272066976818479773e-10 -3.755924820943976869e-11 -4.019329228816603386e-11 -1.612038295272592462e-10 -1.949492106394852786e-11 -1.008210212040193889e-10 -1.607969351952615392e-10 6.777705381461365412e-12 -1.172127428440357080e-11 7.422587780907761283e-11 5.327687422352435843e-11 -4.322890537919508644e-11 1.868286436291018052e-11 1.741152283097173596e-10 -7.770641812835907881e-11 -1.535463202968795138e-10 8.880576524497321498e-11 -3.750190441631162477e-10 1.880828256128405970e-10 1.459042469355742471e-10 4.761500934320680482e-10 -4.754885896408697833e-11 1.370608238596140190e-09 1.402607140433076815e-11 -4.218198914719777986e-10 5.018726822706508905e-10 -2.221647339208059391e-11 3.393181296341407926e-09 -5.782207765115464594e-10 6.134968975651832018e-09 3.165221318107347853e-08 7.802853538469381445e-08 2.356625055429675629e-07 6.994922659104399638e-07 2.209855251944214515e-06 6.983265910966970188e-06 2.304425839042391352e-05 8.078162825097541077e-05 3.067070317236725470e-04 1.332619318455481551e-03
4.265030584110915401e-02 1.324762844712603629e-03 3.072217422175941800e-04 8.090645910886773168e-05 2.304592393225593256e-05 7.083285379580492028e-06 2.209280079009103503e-06 7.166411899734022844e-07 2.502526401156668508e-07 7.974297236941464537e-08 2.752652548514072091e-08 4.258192178235916935e-09 -1.321082924115463773e-09 -1.181478553450812528e-09 1.607996981244766220e-09 2.641370279880574719e-10 -1.020585233611308156e-09 -1.530114831637768821e-10 -7.328956630498342789e-10 1.155379826631922960e-10 -4.409451585224889664e-10 -6.212011170658022916e-12 -2.333264310243511552e-11 2.903198748871317719e-10 3.555116933151373669e-10 -3.396712717079882082e-11 -2.929104365033389304e-11 -1.603284020714286215e-10 -1.597152369387451259e-11 -1.106083580995649535e-10 -1.622360433546317645e-10 6.960136774180388436e-12 -9.522533810002953369e-12 7.301654993078430102e-11 4.443600177432231320e-11 -4.495616245583820074e-11 1.241796944764471784e-11 1.638412808770458407e-10 -7.469061831320224292e-11 -1.614210531681788761e-10 7.296872599858163964e-11 -3.761534122999306946e-10 1.858087806075049351e-10 1.360091154068175230e-10 5.087306745131147376e-10 -7.510392901246518297e-12 1.365431842425862900e-09 -6.087112809484693526e-12 -4.491284607195404724e-10 4.513812768503992972e-10 1.323045679675877274e-10 3.328803087541404809e-09 -6.776669203625552562e-10 6.036949940525232045e-09 3.202080520993099488e-08 7.832471424343990582e-08 2.350224668420417210e-07 7.012375554726351957e-07 2.211327233453340832e-06 6.982974264569363393e-06 2.304612073092066543e-05 8.076900238367428419e-05 3.067705073850406582e-04 1.332722399895316457e-03
4.265132359670439216e-02 1.325146486045673897e-03 3.071780110121301375e-04 8.088321389608849510e-05 2.304795206466109819e-05 7.085748268095739236e-06 2.206835475410190346e-06 7.165438069107249792e-07 2.496396316739884990e-07 7.952326268031310752e-08 2.731369415341406875e-08 4.397452580531659031e-09 -1.260153433456145075e-09 -1.331471887527520026e-09 1.640657999291881678e-09 3.244870692524765806e-10 -9.889274406794225670e-10 -1.776803883471294121e-10 -7.013433502265333498e-10 6.511083153620737603e-11 -4.586330680073470028e-10 -1.732875405066658435e-11 7.574439831238715011e-12 2.940414813228502687e-10 3.476762581065857180e-10 -4.537596651889049547e-11 -2.573706162385878714e-11 -1.558470114108070214e-10 -1.440378122444065076e-11 -1.039822619940239816e-10 -1.578362678141277717e-10 -3.394425113797438963e-12 -1.781345280795417583e-11 6.566497184486498726e-11 4.320602997365845382e-11 -3.897414540007595608e-11 2.277779101631665032e-11 1.760192659068773569e-10 -8.114355254430985140e-11 -1.511579234214841631e-10 9.882187747724885199e-11 -3.549054753291144062e-10 1.861955837100641456e-10 1.514209775631667341e-10 5.675374312289676866e-10 -1.140542905410637221e-11 1.334948498357914098e-09 -5.340371092211113005e-11 -5.151105256990403625e-10 3.858526516506444786e-10 4.094396100213507769e-11 3.275298585103342833e-09 -7.032149940637405425e-10 6.176056224952277787e-09 3.176934052427897766e-08 7.777027691226545215e-08 2.353543401202504818e-07 7.002273039540082600e-07 2.211783480037181723e-06 6.982735552293684404e-06 2.305025005139913331e-05 8.078518921807011988e-05 3.067321065293192642e-04 1.332535578490751538e-03
4.265069971578310665e-02 1.324855967202269447e-03 3.072256763842237497e-04 8.089344626057767146e-05 2.305036486224607600e-05 7.086743544274202181e-06 2.205868464927728379e-06 7.160886909649863759e-07 2.501786059045269526e-07 7.963647147060337973e-08 2.757847403341943288e-08 4.291486674131951091e-09 -1.221513644940122729e-09 -1.167588611882448120e-09 1.624181641522803665e-09 3.166699734749485035e-10 -9.976306822551066527e-10 -8.653332500271598043e-11 -6.876629140908270118e-10 1.038922046394573058e-10 -4.853254229391703982e-10 -4.825168332708008594e-12 -6.235839688476544505e-12 2.753432075571287857e-10 3.595198006606188044e-10 -3.433424179592921030e-11 -2.958325196520623680e-11 -1.640073276147440609e-10 -1.906664990995459208e-11 -1.011100647019095744e-10 -1.629391134168550655e-10 2.083149768259303912e-12 -1.313342581692135683e-11 8.009613454489468622e-11 5.386509302123664242e-11 -4.539041751273453251e-11 1.913911364791484419e-11 1.628173031915821516e-10 -7.221343071863133372e-11 -1.602616398725429069e-10 8.116653866217404968e-11 -3.570715472565081221e-10 1.986263219671141420e-10 1.508478233443415806e-10 5.528365498631033271e-10 -3.680637872792001481e-11 1.337596164367132996e-09 -1.582629861144699154e-11 -4.723049244782659936e-10 4.308277729025655432e-10 -4.096581788551955191e-11 3.285414277704553296e-09 -7.651693971300568194e-10 6.287251755382399226e-09 3.198963398617328535e-08 7.813018246461064493e-08 2.352941643883071422e-07 6.994057653920643179e-07 2.210562807247180236e-06 6.981664506225924225e-06 2.305148620613215875e-05 8.079914313341845795e-05 3.067337402225476508e-04 1.332681510384639339e-03
4.264985071372706660e-02 1.324814457696660850e-03 3.072583416744544406e-04 8.091451258910513193e-05 2.306103886458137832e-05 7.087865777386796100e-06 2.207238460904058152e-06 7.163827504931882519e-07 2.499241343777565955e-07 7.956016825459066107e-08 2.744240959509096434e-08 4.563235467620631858e-09 -1.132139175642284577e-09 -1.208872346801082372e-09 1.610292823982901304e-09 3.296240135598356363e-10 -9.444925306789246308e-10 -1.367810693280835687e-10 -6.832040159468647303e-10 6.562483901804240892e-11 -4.664586235847199622e-10 -3.379224509266023328e-11 -1.379296324191930136e-11 2.841328888164047161e-10 3.355909270098096383e-10 -4.596190314148843799e-11 -2.976605028180242936e-11 -1.636962249499412777e-10 -2.603380456719238378e-11 -9.954226384934807766e-11 -1.633881524968111223e-10 4.952157396144088980e-12 -1.865149943205710464e-11 7.117174056942653998e-11 4.243329938662403774e-11 -5.014266754549789285e-11 2.313239683105625622e-11 1.720518729557930691e-10 -8.510906506543564798e-11 -1.614348154339684428e-10 1.002218462201946099e-10 -3.939629543330589373e-10 1.715629142770000029e-10 1.432340107218992685e-10 5.069519210396812066e-10 -7.112634614776830866e-11 1.357052766988135215e-09 -1.497977783457590136e-11 -3.901401307816595907e-10 4.712936408440831335e-10 9.492065015718108683e-11 3.158595968950368465e-09 -6.769854405703423870e-10 6.416622076721865321e-09 3.189664551689083174e-08 7.827793148954278027e-08 2.350965962366093044e-07 7.004378471101717384e-07 2.212747977900407754e-06 6.983831178398168345e-06 2.304790076847578460e-05 8.077021882440984634e-05 3.068146484369617118e-04 1.332725568283311133e-03
4.264995385210595263e-02 1.325099354330143290e-03 3.072566895225609020e-04 8.092272379122959661e-05 2.305082415455975386e-05 7.087349159964630785e-06 2.207646554828271107e-06 7.161388768879322554e-07 2.499494394595609165e-07 7.943910234235802527e-08 2.744504263637098158e-08 4.329308777095546108e-09 -1.314453024737523885e-09 -1.248342665287095815e-09 1.570233368178901687e-09 2.895601358710457549e-10 -9.186442264529720556e-10 -9.592953081083019735e-11 -6.501667303276787607e-10 1.359743962218210711e-10 -4.616126124715135817e-10 -2.426473134370147656e-11 -6.738616448522462553e-12 2.904500060221815004e-10 3.516140721886153384e-10 -3.689157425327130275e-11 -2.386005398993504178e-11 -1.598981496980837196e-10 -1.835724921040678544e-11 -1.013005055838637447e-10 -1.601450378704664395e-10 6.436835998041756507e-12 -1.373144292226312832e-11 7.703683897314159149e-11 4.861910843317144012e-11 -4.575697070724692759e-11 1.716653486768897501e-11 1.697053842062563991e-10 -6.590027805464183757e-11 -1.552571777338258949e-10 7.175294088768988431e-11 -3.931874695631295369e-10 1.865771578535595288e-10 1.242340522741378979e-10 4.760639631803095556e-10 -7.533855986281266816e-11 1.298850581483342684e-09 -8.952215382259186718e-11 -5.263877605188356269e-10 4.928493989364101592e-10 5.190463981743514447e-11 3.306994472046864868e-09 -5.966548912898168044e-10 6.411255690021019566e-09 3.225089131171779638e-08 7.841727728344486419e-08 2.358648862203623559e-07 7.008899489806263432e-07 2.210498143151277531e-06 6.980996614434374115e-06 2.304575107254145145e-05 8.076625873319953012e-05 3.067745763190270073e-04 1.332574360228800780e-03
4.265075931584192542e-02 1.325325063913940574e-03 3.072136315522943219e-04 8.088548649433487060e-05 2.304901688435042996e-05 7.081699545576532805e-06 2.205506316114671252e-06 7.157980884379727220e-07 2.500391183939714460e-07 7.947575540293146973e-08 2.736813937026884119e-08 4.412616266852094839e-09 -1.115843498878195670e-09 -1.299671031213157105e-09 1.557669984504596665e-09 2.286514616196559800e-10 -1.018632701765784790e-09 -1.229830923085097269e-10 -7.618013541260552832e-10 1.026382038904717785e-10 -4.854222185989930598e-10 1.019516801997344247e-11 -1.757464843188085461e-11 2.870833111286398305e-10 3.558554864886817022e-10 -4.384265637033331198e-11 -2.922247054568735483e-11 -1.511876153736097947e-10 -1.931554729930418528e-11 -1.014999616784934711e-10 -1.629710952930081293e-10 3.765445570073160957e-12 -1.506792430308004895e-11 7.161434556863906263e-11 4.105127779238192898e-11 -4.921552355459886725e-11 2.251469037273565676e-11 1.693523393163994810e-10 -7.190116650426351170e-11 -1.597340586247358128e-10 8.536695685520867007e-11 -3.751357909726821695e-10 1.689009819347728193e-10 9.122379815977644084e-11 5.097858202524720105e-10 -9.172630082744546487e-11 1.272242821484092809e-09 -4.392938349829625994e-11 -4.793591438750740752e-10 4.639594107640388937e-10 6.588253322947956493e-11 3.169844375241520644e-09 -5.736237609350789093e-10 6.501355510416418055e-09 3.148243282788338090e-08 7.863230061518829218e-08 2.356157388002542949e-07 7.014229169916575563e-07 2.212630303348215795e-06 6.983687781631380245e-06 2.305066551590923541e-05 8.078677955052583821e-05 3.067450799646775981e-04 1.332876264442501733e-03
4.265148165365936772e-02 1.324835605069407890e-03 3.072868571119083425e-04 8.089595398110624588e-05 2.304681804905721779e-05 7.082728222724215774e-06 2.206942246493760210e-06 7.159477321301065175e-07 2.500184641204353778e-07 7.951349328163786636e-08 2.744769256662638568e-08 4.383577135925915404e-09 -1.315117844936604588e-09 -1.287927456241390118e-09 1.650121207784200168e-09 2.278115869227988761e-10 -9.805140816141711415e-10 -1.226484328900542076e-10 -6.857863494548214310e-10 7.150311185167231051e-11 -4.576805438844145573e-10 9.894115777931409584e-12 -1.644114529485648976e-11 2.824250530051559539e-10 3.487938814922418987e-10 -4.223956441120532615e-11 -3.547086841757801956e-11 -1.574956448117619577e-10 -2.373600414628460742e-11 -1.008299913623647206e-10 -1.641997549305241244e-10 4.167277053928557301e-12 -1.709123517817932263e-11 7.495241243896662424e-11 4.658731325972218573e-11 -4.842361527966360523e-11 1.942100404930177763e-11 1.682338383285926670e-10 -6.988018853650015644e-11 -1.568294251553503485e-10 8.347054662202574777e-11 -3.897350597127525960e-10 1.786867503780488144e-10 1.718444519914970575e-10 5.241638170685473223e-10 -9.865316858406764209e-12 1.337997767977021786e-09 -5.798847521268432695e-11 -4.082324940084579740e-10 5.529960764422024706e-10 6.472128609584098732e-11 3.418053545490940557e-09 -4.115954096591608286e-10 6.265924938856129870e-09 3.181069573809814242e-08 7.803359251266875411e-08 2.350932338135565353e-07 7.002049569170833808e-07 2.211497066146389814e-06 6.982636906005949251e-06 2.305390345054505560e-05 8.080203248165971274e-05 3.068087524618504178e-04 1.332670967993011477e-03
4.265056975534983752e-02 1.324983843611069086e-03 3.072558546541094039e-04 8.090750351888281440e-05 2.305871512883405451e-05 7.087855281009925773e-06 2.208580052261409162e-06 7.164990284131620366e-07 2.499630315650539648e-07 8.030352681944535224e-08 2.737641101801390768e-08 4.448189937672770218e-09 -1.356554899784156882e-09 -1.249902015230938877e-09 1.564373423766570828e-09 2.822539135070983810e-10 -9.723491946430379505e-10 -4.870261381260514725e-11 -6.817225258953146293e-10 9.186120761704287304e-11 -5.164877057396148123e-10 -8.777787244385850794e-12 4.302345655076254799e-12 2.774435624645939026e-10 3.255891204231516542e-10 -5.173696720903916581e-11 -2.721488650609512777e-11 -1.596900906584685771e-10 -2.542227162928630111e-11 -1.032376634765177728e-10 -1.649795378739901619e-10 1.723251456801850976e-13 -1.497179119753508038e-11 6.630515626671124116e-11 4.918865994219645941e-11 -4.287547561468541933e-11 1.465846772426019129e-11 1.707396133307787731e-10 -8.234075343451551869e-11 -1.490932318182215581e-10 9.810770267204667806e-11 -3.731469377552639093e-10 1.907392915685317716e-10 1.256257496172334927e-10 5.384946573667726201e-10 -1.923074556071307146e-11 1.338558950399724954e-09 -2.843275035806075086e-11 -4.127010157975759266e-10 4.686304556889560688e-10 6.341413990524156503e-11 3.353277903346151522e-09 -6.664812774279539252e-10 6.371889763205469809e-09 3.151980394772027026e-08 7.808083096408489503e-08 2.354135351205447265e-07 7.013553711922081524e-07 2.210521354887921357e-06 6.984815547475913283e-06 2.304581074665007268e-05 8.080352873279221407e-05 3.067843731853707305e-04 1.332412060103489075e-03
4.265128787688851619e-02 1.324923664249300082e-03 3.072542159594994927e-04 8.091336317499213035e-05 2.305487880470652955e-05 7.081059558001970938e-06 2.207420807018957039e-06 7.162681591587291432e-07 2.502200958587016736e-07 7.969213997704437626e-08 2.742961758598206660e-08 4.459149055457036191e-09 -1.277489083854928769e-09 -1.058879018018373808e-09 1.654698923377831147e-09 3.697366785264375063e-10 -9.932861444128569454e-10 -1.554477469750895223e-10 -7.231778788600533455e-10 1.156100790849556776e-10 -4.692653074413583819e-10 -3.229221415844329036e-11 -2.167180502027802845e-11 2.801625332456958808e-10 3.368345186212092785e-10 -4.674906678077582275e-11 -2.893664555633899174e-11 -1.568748762856715750e-10 -2.064105822131256321e-11 -1.014220171807736973e-10 -1.639292617007770780e-10 2.104808946066491226e-12 -1.242467771014766900e-11 6.922173939910904601e-11 5.047959304322171283e-11 -4.424825304369930746e-11 1.656184124903686486e-11 1.617028181827309758e-10 -8.446072528928878679e-11 -1.614600641465368958e-10 8.925784855515693894e-11 -3.773850445394577631e-10 2.017377046162508606e-10 1.351264291761249274e-10 5.381644440065039524e-10 -2.796301468874526578e-11 1.383524556037392352e-09 -3.853067477780187497e-11 -5.061935101908955099e-10 4.492119440870813646e-10 6.013059092853356158e-11 3.395559760326393862e-09 -6.366731644105111535e-10 6.069195805722263419e-09 3.185579520773548049e-08 7.804372408065500525e-08 2.346849115628795273e-07 6.999666434449456519e-07 2.209551233164366752e-06 6.983889305215559526e-06 2.304986217166882849e-05 8.079707887799683207e-05 3.068023644392247912e-04 1.332838348946047656e-03
4.264979420488386463e-02 1.325107347712521600e-03 3.072739489198062272e-04 8.090033456094551775e-05 2.305890109747620579e-05 7.087158207614529394e-06 2.206848945004791853e-06 7.158790117692597463e-07 2.495442994169856647e-07 7.935511597652979778e-08 2.721689479234724361e-08 4.353188446565520310e-09 -1.159117055031691395e-09 -1.167501112906645602e-09 1.492924648089791898e-09 2.792362887194055827e-10 -9.711767130736314917e-10 -1.173780485677720908e-10 -6.674612809856459842e-10 1.020019803209901662e-10 -4.497280736888078492e-10 7.626504392940663324e-12 -1.909979808201668673e-11 2.690125353675600379e-10 3.270470136262265683e-10 -4.981918255738866524e-11 -3.538092811783554002e-11 -1.611780305180493296e-10 -1.755037894458507940e-11 -1.038780401004190675e-10 -1.540956816044978767e-10 2.998555123614114734e-12 -1.620972582870780544e-11 7.013421860349076036e-11 4.374573962251097107e-11 -4.335392879219722199e-11 1.286839870885761442e-11 1.700022471531427379e-10 -7.107837581070824188e-11 -1.528761887774656259e-10 7.702057050408049401e-11 -3.694652404361161503e-10 1.928141084288873290e-10 1.432360155970436323e-10 5.056537316348033421e-10 -6.904617031439406649e-11 1.345798697206336700e-09 6.409012030418114286e-11 -5.044196026335051298e-10 5.832033746508095847e-10 2.254226304489918415e-10 3.467346277493618754e-09 -6.652072659416847827e-10 6.026054157276103561e-09 3.157573077445845389e-08 7.809359597075949749e-08 2.352230052691858063e-07 7.005881375225362866e-07 2.212926207639529260e-06 6.984864953922824667e-06 2.304880263382585458e-05 8.077141145082930237e-05 3.067678837952923202e-04 1.332817470042624644e-03
4.265168894569316971e-02 1.324921821410817140e-03 3.072923494640260474e-04 8.091842824641044709e-05 2.305428818648424174e-05 7.083535561821271880e-06 2.206770375673687222e-06 7.156750325690001442e-07 2.487461950947767023e-07 7.896867070847407147e-08 2.734289433400750573e-08 4.344216963343006833e-09 -1.505999159447557245e-09 -1.259496511829593449e-09 1.521574501153856505e-09 2.798324591228893727e-10 -1.010061950009988750e-09 -1.598376983897688390e-10 -7.229273389375791934e-10 1.190880671669551894e-10 -4.899057067725361896e-10 1.765592800654700483e-12 1.128632226545169628e-12 2.891013241752427919e-10 3.416458506691786978e-10 -4.903039214550974646e-11 -3.515726801109106803e-11 -1.609387232195147175e-10 -1.939051407942238611e-11 -1.037872822190518170e-10 -1.550167817855765244e-10 -2.985583587132877754e-13 -1.030766875145717349e-11 6.325311533490419123e-11 4.416994100120781221e-11 -4.256685445339026422e-11 1.572828903446853014e-11 1.703096405471865701e-10 -7.423211044101787220e-11 -1.454687936168931650e-10 9.170369492997775018e-11 -3.914543184134726924e-10 1.652406195245165364e-10 1.245837980538597003e-10 5.229910757937681011e-10 -4.869211230049653124e-11 1.343673196521773105e-09 -4.228166908109905124e-11 -4.407005958942809368e-10 5.355080664005416896e-10 2.275203569840420179e-11 3.156676622027331317e-09 -5.543571392150675492e-10 6.027997738450917082e-09 3.191838766103410993e-08 7.880356589720550697e-08 2.359348837445328820e-07 7.007046305690820317e-07 2.211433986619892966e-06 6.982354405530915106e-06 2.304473078233614233e-05 8.080272079667536074e-05 3.067392585147817301e-04 1.332935066535118496e-03
4.265118634564162015e-02 1.324775292984775154e-03 3.072739577815072052e-04 8.091601107982303569e-05 2.305382475903266324e-05 7.082029823558960001e-06 2.206140856732256504e-06 7.158315073912925201e-07 2.495156611611804803e-07 7.952072209065240273e-08 2.749148137200062686e-08 4.548473315967810097e-09 -1.180373625406826912e-09 -1.244126990737345651e-09 1.589108227221072753e-09 3.465576402410433494e-10 -9.837854666037982936e-10 -1.278196052200723867e-10 -7.023558384957168622e-10 1.095734426733982879e-10 -4.725419202670850142e-10 -1.237897080256722507e-11 -1.052660908988653642e-11 2.684951246308955191e-10 3.516214444692991140e-10 -4.317048878832838045e-11 -3.483933575949373165e-11 -1.623470814330781923e-10 -1.759134262536250175e-11 -1.003065639624026453e-10 -1.651483606675924531e-10 -5.355393835126936415e-12 -1.794872682653864417e-11 6.945777706489929961e-11 4.739995803379715950e-11 -4.505352793358755869e-11 1.083870169456851886e-11 1.732691128037892544e-10 -7.647576433739371229e-11 -1.473254257997066476e-10 8.059311711007039016e-11 -3.740280280981728700e-10 2.070055041167594712e-10 1.479590690900933047e-10 5.112083878834393026e-10 -3.359344467558054120e-11 1.273909799028336098e-09 -4.720889154183718712e-11 -4.639020037609788358e-10 4.190501649032876727e-10 9.212554787641719844e-11 3.272502710695409393e-09 -8.403924363592756268e-10 6.304038375198506780e-09 3.167917476239454768e-08 7.830617697700414741e-08 2.352433367722959336e-07 6.994184585822229892e-07 2.209002600252301524e-06 6.984148559708652581e-06 2.304252914636789064e-05 8.078489915457660474e-05 3.067598278780500577e-04 1.333122484830688787e-03
4.265136338765700835e-02 1.324976672896716707e-03 3.072096952265439967e-04 8.089774218943571811e-05 2.304552287863469791e-05 7.083989025938505475e-06 2.207214513570990669e-06 7.161833903798281157e-07 2.493262618292055631e-07 7.942635892393455331e-08 2.731665307464220521e-08 4.337462367537864691e-09 -1.252434509034175455e-09 -1.278868378025162298e-09 1.720935751442514422e-09 3.361791206262529409e-10 -9.116595923705953766e-10 -5.513262156508313187e-11 -6.681656461168331209e-10 1.141179364694698722e-10 -4.688586704261613238e-10 1.564415836651363838e-11 -2.437899213415083388e-12 2.827782894067250361e-10 3.494143500024858092e-10 -3.302053196730329159e-11 -3.194817040132071078e-11 -1.569570231455566594e-10 -1.765017221207226581e-11 -9.713831848201462039e-11 -1.576606255267375186e-10 4.709001944133648569e-12 -1.334182767256706005e-11 7.100140096772801503e-11 4.699696819939347022e-11 -4.025713061104827307e-11 1.394192105952700084e-11 1.571219174354265409e-10 -8.184391706759300355e-11 -1.700142344561937180e-10 8.561039182152898025e-11 -3.656280951770834465e-10 1.914199307624437984e-10 1.356491672617855859e-10 4.945822876139434753e-10 -3.936418352243587986e-11 1.303548741614124351e-09 -7.832334461055108210e-11 -4.056163102171093134e-10 3.907363623036394879e-10 2.733532618864651255e-11 3.389223465596733093e-09 -6.563534429974171972e-10 5.982837143465081991e-09 3.157046088298848855e-08 7.807666268124808182e-08 2.355872473933481245e-07 7.009693761529045041e-07 2.211761914433788292e-06 6.981152518781792024e-06 2.304226794911939534e-05 8.074441173510834029e-05 3.067581497492327821e-04 1.332821618222337781e-03
4.265109945738992242e-02 1.324940654564463974e-03 3.072103068866912788e-04 8.090489838244174510e-05 2.305143975681741376e-05 7.084848408996398491e-06 2.207058769256933309e-06 7.156584706159464767e-07 2.496908801261359349e-07 7.941241051495826119e-08 2.712707064586499576e-08 4.115885777598088110e-09 -1.484843114777546869e-09 -1.093467142647671786e-09 1.572067070390318518e-09 2.284519141768304611e-10 -1.012209992298396729e-09 -1.463832938041394163e-10 -7.081045905057415768e-10 9.722871089937883797e-11 -4.848184542577123449e-10 -4.414948307624992197e-12 -1.197171327988398570e-11 2.913486073501982969e-10 3.443151505017965153e-10 -4.927781317355997412e-11 -4.266073739837304918e-11 -1.570203656059469847e-10 -1.833476415999463118e-11 -9.655853901490226991e-11 -1.530238632449233123e-10 5.909517042819462762e-13 -1.696541581634466625e-11 6.423557598720786643e-11 4.487268704338926405e-11 -5.223650044856106730e-11 1.206152007731311782e-11 1.614410146499175303e-10 -7.652743120225819972e-11 -1.503179462474041840e-10 7.084837348580953661e-11 -3.691044629207633302e-10 1.775263292519018551e-10 1.387452634647587665e-10 5.090794114297864677e-10 -3.234191864896100542e-11 1.331576168043752351e-09 -3.180015108505509784e-11 -4.599109911640808662e-10 4.764147426383615643e-10 1.360259954582056264e-10 3.367047750203257691e-09 -5.792740089255475807e-10 6.225630860008005704e-09 3.206059146838771017e-08 7.870261327192216560e-08 2.354339849998873058e-07 7.000745750284773211e-07 2.211517806548922588e-06 6.985382933480642802e-06 2.305661848965455242e-05 8.077580918844820654e-05 3.068016334299547478e-04 1.332812182951923635e-03
4.264964871363451093e-02 1.324721074404690366e-03 3.072537200248957791e-04 8.090347481985400225e-05 2.305512802118532618e-05 7.084671308158449170e-06 2.207954697412788973e-06 7.162628196752362870e-07 2.493138821765729121e-07 7.909281634166879148e-08 2.740185396055257640e-08 4.584546304491220473e-09 -1.287427535582508290e-09 -1.208874861675868461e-09 1.862479277234846945e-09 3.575257651643046007e-10 -9.927826450016107831e-10 -1.421525895419982930e-10 -6.999784933491079830e-10 7.861278807676001578e-11 -4.960292741588021594e-10 3.297738625760058274e-12 -8.961095420215049790e-12 2.852504382210408880e-10 3.410293412868405017e-10 -3.970564584470799225e-11 -2.228318991135263954e-11 -1.631732176361710184e-10 -1.698570274094688966e-11 -1.040433144411092582e-10 -1.578800102448465933e-10 9.987612383664595594e-12 -9.211465850197626045e-12 6.962786836140996308e-11 4.518184243619280609e-11 -4.534765506829337615e-11 1.060516719503157170e-11 1.687806138576507372e-10 -6.232267214216454848e-11 -1.487839896421648643e-10 9.788524884320862715e-11 -3.653810813103863737e-10 2.207925754474565162e-10 1.288576498604495984e-10 5.218707815911725244e-10 -7.403678009618693926e-11 1.302603849557838892e-09 -6.980447568554306978e-11 -4.382938568280175084e-10 4.495979617388672264e-10 1.628949696705615875e-11 3.455749643362589106e-09 -5.250220093032332745e-10 6.327717947700139193e-09 3.188279436205573207e-08 7.891681352328841943e-08 2.358639915372772542e-07 7.015770793029524029e-07 2.211775520126483484e-06 6.985109629752429884e-06 2.305161336817214407e-05 8.079889852346710448e-05 3.068345419768299213e-04 1.333101937337160528e-03
4.265076753130652570e-02 1.324707287369526884e-03 3.072139647861770297e-04 8.088205647180717278e-05 2.304456990315741617e-05 7.077578143456549725e-06 2.205249474724391657e-06 7.160362952548872006e-07 2.494519776422509518e-07 7.937761571969843549e-08 2.743449220386210041e-08 4.197923761648960682e-09 -1.362342324485566026e-09 -1.126838240497171557e-09 1.660619930256787156e-09 3.134098809697795080e-10 -1.026841409073088514e-09 -1.318624907273695363e-10 -7.089792659256491228e-10 8.313914820309332206e-11 -4.441671714910749813e-10 1.564392859233281440e-11 6.480078255623446626e-12 2.990336258977456513e-10 3.421790430263570226e-10 -4.051307227317896315e-11 -3.461971555832513796e-11 -1.587615385221946218e-10 -2.322638524548753188e-11 -9.999104310406505612e-11 -1.578079790060319033e-10 8.007080947085875003e-12 -7.741038004924898019e-12 6.999179313773305852e-11 4.511181468449966657e-11 -4.345515041631539088e-11 1.763664229410800257e-11 1.728854267528713007e-10 -7.638606915304873711e-11 -1.528168733239685890e-10 8.779937775992945119e-11 -3.757586579814601852e-10 1.929647303317851699e-10 1.174160423581076802e-10 5.334590205596319533e-10 -6.835294486688399761e-11 1.287762340600824694e-09 -7.398682043633367031e-11 -4.606648318889744608e-10 4.929433173232137171e-10 8.334863082957539014e-11 3.295360320011991494e-09 -7.493148344500775086e-10 5.940103614690011032e-09 3.167931251192943071e-08 7.819098741845440058e-08 2.360322234426282836e-07 7.000034965836669492e-07 2.210735934472354676e-06 6.985426540996681003e-06 2.304792123389136100e-05 8.077847203157226806e-05 3.068382935791090808e-04 1.332877980446703966e-03
4.265093419101149280e-02 1.324756849434501971e-03 3.071861462134588034e-04 8.091176768002596468e-05 2.305780961784846715e-05 7.085112601982272357e-06 2.207744577147364544e-06 7.161369019036769393e-07 2.493138590870808332e-07 7.942551520306496584e-08 2.729622738098200407e-08 4.481873070991944009e-09 -1.258053946674981297e-09 -1.160880220807008340e-09 1.635840510185380901e-09 3.483063318673001054e-10 -9.269575060116316765e-10 -7.835622965873298621e-11 -6.823915780422828636e-10 9.870352747578081380e-11 -4.821658099498566720e-10 -2.583058079849698258e-11 -1.246104777978792134e-11 2.327138491443003224e-10 3.300206125334487569e-10 -4.307082908148092216e-11 -3.864243961825579337e-11 -1.568376554850205009e-10 -1.611140473612071843e-11 -1.005449390130557896e-10 -1.561900175113477349e-10 6.558560115014526412e-12 -1.284765463398095551e-11 6.871213086796006378e-11 4.551864146134671841e-11 -4.288261338904180964e-11 2.139021528064140632e-11 1.727353307997912359e-10 -7.368718827522459830e-11 -1.517523375573753554e-10 8.246395373997144478e-11 -3.541950151554795565e-10 2.132558304524925124e-10 1.492958763788107881e-10 5.475407020702611946e-10 -2.892074137249845497e-11 1.344227123629432380e-09 -6.080178188241664488e-11 -5.135854126940124906e-10 4.035315547787567423e-10 3.154464882020588030e-11 3.349698554722186839e-09 -8.046929324379082287e-10 5.865646445256243275e-09 3.177447094051746706e-08 7.792285192260501952e-08 2.357403824805431534e-07 6.999991313648475760e-07 2.210423067407191156e-06 6.984146359933604693e-06 2.303844826855538819e-05 8.077740142770813430e-05 3.067705767966211455e-04 1.332905312957783067e-03
4.265066533187009817e-02 1.324819424057170538e-03 3.071466596619276787e-04 8.088792188928376988e-05 2.305134210919320824e-05 7.084011114100916076e-06 2.208279294460480732e-06 7.164699725265802269e-07 2.503107216746469634e-07 7.932863547456858662e-08 2.732911905605694249e-08 4.199853671687444045e-09 -1.323164875363011636e-09 -1.063800838822676322e-09 1.630501069674861889e-09 3.344094246808656121e-10 -9.836653578206890566e-10 -8.827763339215526635e-11 -7.512775822119610795e-10 7.250087759726076331e-11 -4.807154074008079489e-10 5.355328399027059750e-12 -2.155581566004701735e-11 2.961397176321430395e-10 3.380676690098300792e-10 -2.596438071763717620e-11 -4.159792855299459921e-11 -1.584719587826750410e-10 -9.701306012770279759e-12 -9.951879045833335408e-11 -1.606012783918258605e-10 4.095337349772629417e-12 -1.752353255031795079e-11 6.937907982335361166e-11 4.249752748209097704e-11 -4.497578196960767579e-11 8.596902158852381782e-12 1.688276485354850755e-10 -7.376248620525061263e-11 -1.660915593369157496e-10 7.303045090150482631e-11 -3.660296059383589341e-10 2.043329512948926650e-10 1.301426410377446604e-10 5.319953836069462062e-10 -8.130174267214873266e-11 1.311010516844036555e-09 6.018321475713719736e-12 -4.311145999686445209e-10 4.937294836231110223e-10 -5.714513243543095579e-11 3.180500584404880719e-09 -7.148666006598819743e-10 5.963606040089946777e-09 3.165309073030297401e-08 7.853499033071583337e-08 2.355152639936541149e-07 6.998364599531372356e-07 2.211341829711919669e-06 6.982252294176596206e-06 2.305260730231746940e-05 8.081139819396038529e-05 3.068068085315792701e-04 1.332576940878207839e-03
4.265109041298923570e-02 1.324870072817882060e-03 3.072471785660806716e-04 8.091264918452345349e-05 2.305045015240039609e-05 7.085513560261200635e-06 2.204674697301172993e-06 7.160369815804794131e-07 2.495163522088220786e-07 7.980184105166721755e-08 2.750137120852019367e-08 4.546503457353426192e-09 -1.208465600616996819e-09 -1.144372044625281764e-09 1.538842450790970769e-09 2.324573810645473570e-10 -9.567759916473260564e-10 -1.219369229588596378e-10 -6.946143368808856901e-10 6.889029341488571170e-11 -4.755182190944921654e-10 -3.872005171364142056e-11 -1.739259813591321733e-11 2.674371490101783911e-10 3.294380896405980608e-10 -3.880166498754237173e-11 -3.072459131367445470e-11 -1.572655866850606838e-10 -1.542979021869462470e-11 -9.626190301251033666e-11 -1.624150227672408584e-10 3.366872167805426394e-12 -1.115939428908202313e-11 6.673915765129869012e-11 4.924423538690633672e-11 -4.564034957329359350e-11 1.353247107256778992e-11 1.772112937194526594e-10 -7.831554556601614537e-11 -1.606278055353240842e-10 8.268160682326436678e-11 -3.767971846544800445e-10 1.872564757555659216e-10 1.225273361362858408e-10 5.402893979835699482e-10 -3.199741366413289529e-11 1.351673404690638294e-09 -8.231194918762474352e-11 -4.021123472878209183e-10 4.409800566835665925e-10 3.641114787788794398e-11 3.311409809642356080e-09 -6.405560228579880759e-10 6.271924180074578602e-09 3.177661816225666316e-08 7.842448328030422565e-08 2.353646646325968578e-07 7.007918858516859367e-07 2.211080482042693450e-06 6.984257417474840947e-06 2.304235626067626768e-05 8.079296497795821191e-05 3.067900052075473740e-04 1.332626136800923186e-03
4.265115247536657023e-02 1.324853122581684355e-03 3.072557874603221943e-04 8.089719538340335299e-05 2.305472741022783641e-05 7.086183831819632619e-06 2.206926573406616617e-06 7.164830653206606491e-07 2.495038221483141438e-07 7.945885443095964011e-08 2.708465375263547218e-08 4.311825405562792691e-09 -1.241861569766746291e-09 -1.106419988438043274e-09 1.625876889903098040e-09 3.701247217647874019e-10 -9.843645528434576574e-10 -1.696290672468966602e-10 -8.189787499811177552e-10 9.480097386196398162e-11 -4.835842507701079516e-10 -2.271461956372119540e-11 -8.872870308274867772e-12 2.931982652211799335e-10 3.435179396937530703e-10 -4.138276813679410062e-11 -3.694737456159721165e-11 -1.663448343174460467e-10 -2.069950242945891688e-11 -1.018179971981078867e-10 -1.688175246316003585e-10 3.046944173989550340e-12 -1.502020883617619599e-11 6.988441787002989215e-11 4.738094499747227005e-11 -4.651736186028058059e-11 6.967483273830705065e-12 1.625587683167467580e-10 -7.424984813478413548e-11 -1.490386763229479530e-10 7.443466618955113908e-11 -3.850305300742440575e-10 1.777555639676394410e-10 1.392916928220439362e-10 5.174509924538351873e-10 -3.351407991624728333e-11 1.241930761517735127e-09 -1.038206146914809631e-10 -4.446908120878555458e-10 4.025393235712934180e-10 4.481663772722371055e-11 3.441561198548839646e-09 -4.183860801950702827e-10 6.304971707853889787e-09 3.171096430395877928e-08 7.805688668448451109e-08 2.359786060881565936e-07 7.007065404604137860e-07 2.212219297360902299e-06 6.983236177932791384e-06 2.304665415866772441e-05 8.076564541007345203e-05 3.067584723565007217e-04 1.332845486641770537e-03
4.265083306528016927e-02 1.324886743356329345e-03 3.072104689803223311e-04 8.089798262415944376e-05 2.304306275089605525e-05 7.082956031969089600e-06 2.207120488164970893e-06 7.156670922123264254e-07 2.501711061999245096e-07 7.987108336424948332e-08 2.747840838746936592e-08 4.363210490947426392e-09 -1.583297344572745046e-09 -1.229404295124314408e-09 1.570200770206223502e-09 3.536365997521032066e-10 -1.013454133392367619e-09 -1.264516436208788842e-10 -7.277783105430915961e-10 7.436533664548720504e-11 -4.831538660437861101e-10 -3.535104542642307810e-11 -1.194659941226115732e-11 2.853253069847099254e-10 3.328797380587207074e-10 -3.728399015744966355e-11 -3.310656876425521148e-11 -1.520144886781780676e-10 -1.282054635277789004e-11 -9.898921176646095662e-11 -1.602424103394134947e-10 -2.421776338845375049e-12 -1.293652613429385057e-11 7.221270070539312738e-11 4.476441666634145474e-11 -4.590238202867891697e-11 1.389226966508561104e-11 1.682720944705606759e-10 -7.601759606316357099e-11 -1.561238311802169040e-10 8.273908444738662285e-11 -3.425011564646344602e-10 1.937829684521720354e-10 1.117580701054675389e-10 5.020280612941348364e-10 -8.131047345700694534e-11 1.362261553436221884e-09 -4.488171337819940752e-11 -4.400082466744922188e-10 4.841802481865127522e-10 7.483148860055054186e-11 3.307917373213552382e-09 -7.213927157624067093e-10 5.883613564360332725e-09 3.191121944851792890e-08 7.848213841362736256e-08 2.350243039841181240e-07 6.996500220663419716e-07 2.209816128464953386e-06 6.985641599596468214e-06 2.305374262116378266e-05 8.079158997093990565e-05 3.067366467076365513e-04 1.333125811571515612e-03
4.265020931695017586e-02 1.325340825633736447e-03 3.073024915263394526e-04 8.091230358261011443e-05 2.304357605788091064e-05 7.087845884146842619e-06 2.209013911981494456e-06 7.171991915733749390e-07 2.502162897429043397e-07 7.977314503860987165e-08 2.719887776700300600e-08 4.263982892901532707e-09 -1.288389377568095061e-09 -1.203979505774269571e-09 1.625842421631058997e-09 2.542898286736013349e-10 -1.001681233636580964e-09 -1.048580862289444332e-10 -6.753912525546921766e-10 8.231082832528951040e-11 -4.769398648003729123e-10 -3.953790202705691196e-13 -1.856784833373963304e-11 2.718210467435582306e-10 3.460732564126233766e-10 -3.373027118311357723e-11 -2.698481332617460526e-11 -1.464109268759529067e-10 -1.058108274706694877e-11 -9.956885615159656086e-11 -1.595444058271410653e-10 3.518345435102348776e-12 -1.661547348456632931e-11 6.460519676787875765e-11 4.569741440506862814e-11 -4.358036556680954989e-11 1.178149911729485837e-11 1.754552908944544776e-10 -7.153910027714445053e-11 -1.459866680264621222e-10 8.222108766591207363e-11 -3.826047211308222138e-10 1.987250323832174457e-10 8.811070651521479576e-11 4.926568282201850222e-10 -4.889625806863784332e-11 1.289738719817166222e-09 -7.621758672344149954e-11 -4.447663737680870357e-10 4.257304186110169235e-10 1.081900789627673118e-10 3.305104083474814599e-09 -6.246048803619591591e-10 6.133160594945742130e-09 3.163985611910804375e-08 7.806162568135740960e-08 2.352253324436887786e-07 6.998502698243756429e-07 2.212643926653181510e-06 6.982403490068625772e-06 2.304609435203796501e-05 8.079161488818174591e-05 3.068374783636335524e-04 1.332457051809733369e-03
4.265042566578405858e-02 1.324733803912541167e-03 3.072621030065063601e-04 8.089496360922714894e-05 2.305298611355211482e-05 7.084814177536969326e-06 2.205675294566658547e-06 7.164807836712448138e-07 2.502142143904663615e-07 7.958316008484112622e-08 2.724431071042538781e-08 4.342559900897016901e-09 -1.372754581351608750e-09 -1.192860187955521551e-09 1.590781330207616845e-09 2.315573999368748986e-10 -9.307878815734694905e-10 -1.363084006397002037e-10 -7.359714180296723357e-10 8.765184895872166168e-11 -4.645036543952293278e-10 -1.154841816907494439e-11 -2.355568102536335952e-11 2.554569646166910070e-10 3.299531084965964262e-10 -5.429028717783459536e-11 -2.966266868481066671e-11 -1.539485226350257634e-10 -1.817421369743003352e-11 -9.742755378502168142e-11 -1.621445165015781716e-10 3.042406387650961767e-12 -9.175107591689701599e-12 7.328231652919073277e-11 4.191214194349786711e-11 -4.715693755110612768e-11 1.577092382081769101e-11 1.684458565568100727e-10 -6.347831398896563625e-11 -1.634444280313149676e-10 1.053205154561204287e-10 -3.767646036862406175e-10 2.021098504946812172e-10 1.387407690039079132e-10 5.360009973370682262e-10 -3.304480110330415250e-11 1.337818979411864290e-09 -5.909391894845274745e-11 -4.595457225522273582e-10 4.634848360813839337e-10 7.422651302710289130e-11 3.240210005288038603e-09 -6.863819305751711226e-10 6.139923490685904436e-09 3.196605322667783232e-08 7.814288164061768057e-08 2.359061516323649803e-07 7.018999145693324652e-07 2.212220654650569938e-06 6.987616444390285422e-06 2.305828453097728581e-05 8.079431466666391331e-05 3.068083590602239843e-04 1.333014517474851585e-03
4.265125867826051465e-02 1.324724981508867451e-03 3.072026706187746680e-04 8.089268813654148008e-05 2.305920804158791802e-05 7.084166533900556446e-06 2.206228650660730277e-06 7.163432713481405746e-07 2.489743312386200598e-07 7.995186034737671697e-08 2.757831787852019169e-08 4.244414281206939922e-09 -1.167604096684140681e-09 -1.290800795411377034e-09 1.384877292077454806e-09 2.522550426762032297e-10 -9.934261376572168014e-10 -3.386094968352880044e-11 -6.990270975972570629e-10 6.968176457732992904e-11 -4.712147357130115614e-10 -1.999518629530080515e-11 4.855939858850626083e-12 3.096349842429005813e-10 3.493082142906074418e-10 -3.285557038754521800e-11 -2.451306433536616789e-11 -1.513538835210646411e-10 -1.658730554101395713e-11 -1.086399129405019137e-10 -1.630546452611696717e-10 9.227543332809141935e-12 -6.824110509772651005e-12 7.367281113952643784e-11 5.137921656486145938e-11 -4.042776424676707102e-11 1.397413258522394411e-11 1.692426595639418003e-10 -7.428324071930944657e-11 -1.615064460671687686e-10 8.870719969358284159e-11 -3.851097898664624663e-10 1.787078299141010386e-10 1.087113077675631890e-10 5.062101019754906093e-10 -4.770564097202796998e-11 1.297466679421317021e-09 -2.025763326639842695e-12 -4.845511583399653957e-10 3.942596682388034042e-10 -2.031416334929428555e-11 3.154747026677076816e-09 -7.349695672289713596e-10 6.248638410146591907e-09 3.179152795043259756e-08 7.813108986836718450e-08 2.354251872604176811e-07 7.004338618044662686e-07 2.208270463530069618e-06 6.981944542923766531e-06 2.304086273982220933e-05 8.078805168248645585e-05 3.068300784324510329e-04 1.332647764228401220e-03
4.265007871893988084e-02 1.325027416626853565e-03 3.071772019399842150e-04 8.090871405335319422e-05 2.305427197927389040e-05 7.087769514588179979e-06 2.207087001245288221e-06 7.156754290911197833e-07 2.509010222807619396e-07 7.977617133364106078e-08 2.728958951768568863e-08 4.181986004500936540e-09 -1.146591018798484863e-09 -9.200175224837675830e-10 1.559427920058629424e-09 2.393647819522253264e-10 -1.051282469609817204e-09 -1.085748160812040826e-10 -7.242837328496447324e-10 1.103671064098748298e-10 -4.955836750267931988e-10 -2.139989682465707821e-11 -2.033528271347356867e-11 2.651763042997954777e-10 3.281089470570910345e-10 -4.823757464052790984e-11 -4.035204699025758366e-11 -1.580201239588572331e-10 -2.221166464563447328e-11 -1.011523598728859660e-10 -1.610138332736495746e-10 5.114961895647750972e-12 -1.200251103621855961e-11 7.144904307916946246e-11 4.736826383441227709e-11 -4.294214460919426079e-11 1.745934272696764110e-11 1.634186872201703932e-10 -7.930564698852630346e-11 -1.602977914647818287e-10 8.805984603434964990e-11 -3.751582866636812100e-10 2.050218392482273781e-10 1.415402938839092190e-10 5.219183019650701867e-10 -5.000612293383102612e-11 1.368330141064304314e-09 2.721634803869649063e-11 -3.921669259301069063e-10 5.384554689889122217e-10 7.639098745988613347e-11 3.215728218049180914e-09 -7.243317890015987204e-10 6.202624296688928725e-09 3.200414245971392256e-08 7.844681417913803307e-08 2.353263556682871741e-07 7.010081205569395796e-07 2.212771775291093051e-06 6.988771256923659600e-06 2.306183330974655919e-05 8.081591971003384363e-05 3.068025004987432608e-04 1.332862668220129382e-03
4.264946590965545958e-02 1.325149686522458315e-03 3.072080428375809796e-04 8.088466633043419544e-05 2.305267845178312540e-05 7.084895654785874030e-06 2.206053093092925372e-06 7.163858786092820759e-07 2.490731792943817319e-07 7.932165155793009891e-08 2.723515341889270059e-08 4.183338750505428618e-09 -1.252185189665429091e-09 -1.228393272059245065e-09 1.643997316048940126e-09 3.082408083794544377e-10 -9.600837479727403922e-10 -1.377489291654427511e-10 -7.189653628302647016e-10 1.077452455504809213e-10 -4.686940438545809705e-10 2.546561428623687645e-12 -8.465482248233333334e-12 2.720292125773249447e-10 3.400523556514220777e-10 -4.099028658287794563e-11 -3.359443968513571728e-11 -1.548334114412797198e-10 -1.756154544666572929e-11 -9.440604833630638872e-11 -1.564233444932436174e-10 1.013547233303683953e-12 -1.681976906769613393e-11 6.754916979823565700e-11 4.438030741721657786e-11 -4.524606522101247060e-11 1.465940987899448786e-11 1.746227089754880731e-10 -7.993775578433042126e-11 -1.481325082166948347e-10 9.239007830050619605e-11 -3.651218939030256324e-10 1.979230530764754566e-10 1.323282036370843749e-10 4.719239057688779077e-10 -6.676686892047450821e-11 1.316487475780042993e-09 -8.442606733888693756e-11 -5.212973144991788258e-10 5.237144145168486278e-10 1.513587479694581224e-10 3.344452057897407427e-09 -5.900807523192708437e-10 6.157877206872057064e-09 3.170082266919605389e-08 7.821540801444743097e-08 2.353017525256917009e-07 7.007309124411952439e-07 2.212137094111712265e-06 6.983607191998975278e-06 2.305099318066761217e-05 8.080693683452525109e-05 3.068185237553235512e-04 1.332506147591910710e-03
4.265067181019604331e-02 1.324852959873757579e-03 3.072809625295641893e-04 8.091348728544059767e-05 2.305582169331430364e-05 7.084250705226286011e-06 2.206853399756259854e-06 7.164957924096127708e-07 2.495428424258229269e-07 7.922570134841139708e-08 2.762175475037787052e-08 4.634331371021359363e-09 -1.353691351385931937e-09 -1.246176867293397256e-09 1.464014855160655650e-09 2.063282032894301633e-10 -1.076169115213584139e-09 -1.701341426325734082e-10 -7.401807822624388392e-10 8.928939379951311539e-11 -4.472846975198885946e-10 -8.293495077919382245e-12 -1.615613213648318759e-11 2.682063244954473965e-10 3.299180939281059409e-10 -3.113945095414289846e-11 -3.688433843270555478e-11 -1.673419093486770726e-10 -1.887029492758657113e-11 -9.944843226260195552e-11 -1.570900143611180707e-10 9.164242048755077131e-12 -1.622742738333642047e-11 7.404260698659708547e-11 5.025370310633094596e-11 -4.090829653426639599e-11 1.549391759897142283e-11 1.716818883106531846e-10 -7.487025545395450443e-11 -1.479415312280159226e-10 8.381738765391837760e-11 -3.746607627287513822e-10 1.854616245112862099e-10 1.185827251337575432e-10 4.678390248071782114e-10 -2.978322647200128458e-11 1.301589743379791461e-09 -4.249120932953004762e-11 -4.817104959698588424e-10 4.422560377394727778e-10 -1.158137899929283641e-11 3.245031927924349512e-09 -6.571947468042093616e-10 5.960879216498797208e-09 3.174823701911584641e-08 7.831418312569894601e-08 2.353258538991603294e-07 6.991806870588896963e-07 2.211251498090934849e-06 6.984375232699970597e-06 2.304268946256799461e-05 8.076647345142095029e-05 3.068319504140041469e-04 1.332861597071556331e-03
4.265125127501057795e-02 1.324871247478464622e-03 3.072185583617832402e-04 8.090125003008610273e-05 2.305908082753191723e-05 7.086462347215392576e-06 2.208225715413527509e-06 7.158137114638536290e-07 2.499610500980658153e-07 7.947213933220339683e-08 2.734543538728837556e-08 4.210092270142706302e-09 -1.195157987887997561e-09 -1.294591658415830970e-09 1.589427494466461338e-09 2.964563619912658354e-10 -9.630921750285682345e-10 -8.214481772959928743e-11 -7.201473110972200830e-10 9.300101468705685580e-11 -4.451736256625557907e-10 -1.547929614575760095e-11 -1.680239423407435335e-11 2.864054704621658983e-10 3.456145524221135754e-10 -3.547509693752193363e-11 -2.194288520935645849e-11 -1.631148603661938463e-10 -1.720163270476676563e-11 -1.025107577718378812e-10 -1.619181115109391731e-10 5.076806549670484122e-12 -1.216329327734640306e-11 7.215167253575169957e-11 5.292502964684222843e-11 -4.254499992836842094e-11 1.475119038935522889e-11 1.628498142512644809e-10 -7.717170087220536114e-11 -1.467806871751289459e-10 9.355023098254089297e-11 -3.840692484995568386e-10 2.075447935455235031e-10 1.343393880470312476e-10 5.242564176386145043e-10 -3.176733502248368364e-11 1.319054950365771032e-09 -5.228139774884064828e-11 -5.159426220040643057e-10 5.310570757108690122e-10 -1.225268218213442177e-12 3.157070835161202441e-09 -7.064923173735713804e-10 6.002380036955840805e-09 3.185098156065565632e-08 7.872211169573747143e-08 2.365177960680639167e-07 7.009543643146096242e-07 2.210885525604403946e-06 6.985924878279776819e-06 2.304289632101796023e-05 8.080367712988931487e-05 3.066614387488776259e-04 1.332853656810046618e-03
4.265095346729724790e-02 1.324972693729948485e-03 3.072381892713267897e-04 8.090438935133663627e-05 2.304850398279392388e-05 7.082446111053814785e-06 2.208118527110934270e-06 7.155064632113579212e-07 2.493005651032055387e-07 7.957548759096627395e-08 2.748038937120806993e-08 4.407505233282681421e-09 -1.328621643571199860e-09 -1.206885062928557554e-09 1.586589558503785474e-09 2.864820298989369061e-10 -9.268453749213961631e-10 -7.888786607336848493e-11 -6.817629011169076791e-10 1.125705336754125215e-10 -4.920788882959862643e-10 -2.431782069825618884e-12 -2.050230846126779293e-11 2.871400875030054884e-10 3.509012004055925741e-10 -4.152181505750015814e-11 -2.471482109140602210e-11 -1.534530851727454922e-10 -1.491400330554750369e-11 -9.834654701512710938e-11 -1.535715067024538441e-10 9.309812733766821062e-12 -2.012525164629262803e-11 7.264287192634023629e-11 4.299237701833542168e-11 -4.431304302744684680e-11 1.408551693169648850e-11 1.794873883046138455e-10 -8.242139661314593863e-11 -1.583412395938806447e-10 7.485861299710461699e-11 -3.941377303153323294e-10 1.704649540261247181e-10 1.317511778733111941e-10 4.987701622359586497e-10 -1.143120021289929289e-11 1.372980976831821709e-09 -1.691882069012704928e-11 -5.228382602427827101e-10 5.018386807612040758e-10 -4.983597123307336280e-11 3.418703588914463440e-09 -5.010763848973680990e-10 6.225074382280576200e-09 3.217542639166843059e-08 7.805835928964715332e-08 2.355836686555209292e-07 7.009409320502325159e-07 2.209684631122334469e-06 6.981379481510982982e-06 2.304615567594748082e-05 8.078209071987207143e-05 3.067548551252209156e-04 1.332608400489237793e-03
4.264971464871603057e-02 1.324660812589105669e-03 3.071955221160384622e-04 8.087643008102639156e-05 2.304891366369700710e-05 7.083480708824080821e-06 2.208483875480100142e-06 7.170116928835264448e-07 2.497220675554173665e-07 7.959521168710207911e-08 2.709844968574117800e-08 4.190429587396853935e-09 -1.349797582820954108e-09 -1.057857160558949380e-09 1.625611122003061445e-09 2.595449470721054460e-10 -9.396373551242497435e-10 -7.357349721585791858e-11 -7.097503991543280522e-10 9.923322704564909738e-11 -4.618519436669970389e-10 -3.073263614696842667e-11 1.097898018342108702e-11 2.929198024631652408e-10 3.502957030146354899e-10 -2.683898815726557349e-11 -2.305808306897565813e-11 -1.585348794590206679e-10 -1.928181941543830870e-11 -1.003530325382593623e-10 -1.555008244705042002e-10 4.989257324152581491e-12 -1.677082772744233743e-11 6.609327305964391993e-11 4.578027638247722606e-11 -5.026102473299802119e-11 2.018338330479671037e-11 1.695854356596199937e-10 -7.104420553175558860e-11 -1.605301423594569235e-10 7.653141177635786015e-11 -3.876936933020374141e-10 1.751006344684686855e-10 1.280708897941934959e-10 5.106692255954274729e-10 -8.392639932459961503e-11 1.299778434760874483e-09 -3.176851523914546267e-11 -3.835433591492891254e-10 5.288013831755746192e-10 1.214431024720122281e-10 3.300473053267605803e-09 -7.074185433259012682e-10 6.050370373915676831e-09 3.194501901198437994e-08 7.876351595487774192e-08 2.360723281158639129e-07 7.004096870752781334e-07 2.211540948895315745e-06 6.984277891285031393e-06 2.304401260176663365e-05 8.079411502664693879e-05 3.068422727608720356e-04 1.332876270245182768e-03
4.265108597389093842e-02 1.324684433903404327e-03 3.072922028823570984e-04 8.090095398007935475e-05 2.305098115203493784e-05 7.082053786759713373e-06 2.205412747802300990e-06 7.158453264415704317e-07 2.498550431782125095e-07 7.950096657821522341e-08 2.705428415478284665e-08 4.389884225119470363e-09 -1.324436439388122601e-09 -1.177484362813257740e-09 1.692561497667373893e-09 3.560625751389535761e-10 -8.981637691421605281e-10 -1.195572074568964121e-10 -7.271112172310474764e-10 2.759000798812096257e-11 -4.744395464031111186e-10 -1.322521828333031853e-11 -2.026954511971165644e-11 2.670212726721614178e-10 3.402371844548835590e-10 -3.344566136344592694e-11 -3.010653564666426027e-11 -1.582504924326350244e-10 -2.463139333469496918e-11 -9.716977869825670760e-11 -1.604071057725650249e-10 1.954553932216702348e-12 -1.781975475069710181e-11 6.703333795493544707e-11 4.973824102235442690e-11 -4.183313131180965178e-11 1.289810479884327201e-11 1.656156190992542064e-10 -7.257236755690860549e-11 -1.505696006245605810e-10 8.728114034901100422e-11 -3.886395268863753756e-10 2.065412745456211440e-10 1.489775687197355158e-10 4.962915664615970114e-10 -7.120786336480124816e-11 1.354323690492849543e-09 -3.531220131449507974e-11 -4.321363284624838859e-10 3.894167403660798854e-10 9.516687413208980738e-11 3.258192407250432286e-09 -7.074086328149423996e-10 5.891975415576121477e-09 3.174183197766915425e-08 7.822833120332349636e-08 2.351749888389391464e-07 7.011583321025306889e-07 2.211818269397883387e-06 6.985486701058095670e-06 2.304831632336026351e-05 8.078752299867981599e-05 3.067983096249827699e-04 1.332530212648766824e-03
4.265078031558688226e-02 1.325153148788863746e-03 3.071859627328860543e-04 8.089045251918139401e-05 2.304545585663173645e-05 7.082326475281853120e-06 2.206243518762317203e-06 7.162466059953728655e-07 2.504523028096815027e-07 7.987391064873604475e-08 2.740174453333448772e-08 4.445955623251465162e-09 -1.252058256219939924e-09 -1.258728190766703222e-09 1.449841919659765416e-09 2.130380808717243646e-10 -1.021551641656935534e-09 -1.149442559168005266e-10 -7.107588143765091276e-10 7.253021058831446404e-11 -4.774113258342063921e-10 6.455432291421354502e-12 -3.062751850142062119e-12 2.787975721234440695e-10 3.501588920074769010e-10 -3.102940945110200010e-11 -2.542709845174855327e-11 -1.524120955433074980e-10 -2.018764447396889832e-11 -1.031386236117030538e-10 -1.578032335298301325e-10 7.362939094432770356e-12 -1.366249576292414047e-11 6.622960128456594672e-11 4.485176115018472884e-11 -4.336223761726518380e-11 1.768121864887283847e-11 1.609440364270618140e-10 -7.264144603071593208e-11 -1.529201379587739540e-10 8.492935521559266512e-11 -3.788340934830722139e-10 1.897696134556849175e-10 1.328538721290183825e-10 5.072867353248917769e-10 -2.987968827804383694e-11 1.320176728322534997e-09 -4.425589317526438374e-11 -4.806879232216884297e-10 4.373792994905829678e-10 6.609595623810607344e-11 3.328717822700136998e-09 -6.705789563528408350e-10 5.982585652597132858e-09 3.214575772631673065e-08 7.852505813208931749e-08 2.350102672437819590e-07 7.005901571206133516e-07 2.211675283435264137e-06 6.986675135304483429e-06 2.305078143927282903e-05 8.082438864915824999e-05 3.068562026945041298e-04 1.333098156777910758e-03
4.265088798528385294e-02 1.325065325370013538e-03 3.072421558244334315e-04 8.088522295463417466e-05 2.303707961315800521e-05 7.079546476149927555e-06 2.205519112266303109e-06 7.157121617149595981e-07 2.492499077404845325e-07 7.924047133741787882e-08 2.689335246396696320e-08 4.215632724866162477e-09 -1.650589640337727332e-09 -1.334268523221069438e-09 1.528046894126129420e-09 2.901181451616531001e-10 -9.914054955982603251e-10 -1.281363308444851768e-10 -6.884130013079159906e-10 7.307230088702967195e-11 -4.718363127417264314e-10 8.792796314367847481e-12 -1.760518471360179307e-11 2.831546559865075456e-10 3.573160253302319422e-10 -3.943202068236531050e-11 -3.827471887510450109e-11 -1.545112132993972606e-10 -2.213390730932259914e-11 -9.901667752735254518e-11 -1.598295601052792155e-10 8.012833741403183829e-12 -1.422577998891521837e-11 7.023857978082385523e-11 4.762239535488086408e-11 -4.830137680332680136e-11 1.616871709977029919e-11 1.660981484659268677e-10 -7.475946196335177119e-11 -1.639296856467917419e-10 6.542757193976558144e-11 -3.917403967005539223e-10 2.198705856349786905e-10 1.525700610233079068e-10 5.174633113483444653e-10 -4.818844771138450232e-11 1.308858104963427349e-09 -1.401573448238336351e-11 -4.404462674760130374e-10 5.475079513171901780e-10 1.144490101877819027e-10 3.261420095762918401e-09 -6.132595247642314639e-10 6.333228870023693130e-09 3.186952626214048571e-08 7.872380588073206513e-08 2.357130323420240407e-07 7.001601912623669687e-07 2.209588313302353330e-06 6.981905005840317950e-06 2.304930198701578300e-05 8.078613793057185302e-05 3.067586304908516588e-04 1.332324971254395017e-03
4.265088478653535770e-02 1.325000661723449262e-03 3.071900121985068986e-04 8.091443774863832741e-05 2.304588756416195446e-05 7.082167885072336619e-06 2.207122796877314916e-06 7.170841858119899238e-07 2.497491101992066087e-07 7.960373810659900890e-08 2.702207928693665671e-08 4.505548028819109647e-09 -1.059573723247976911e-09 -1.189832847994212430e-09 1.623450707491251232e-09 2.774877662288938059e-10 -1.011872622426005582e-09 -5.293978646265286940e-11 -7.073248320498931475e-10 9.652539478737613099e-11 -4.443672654458385150e-10 -1.139492701605145077e-11 -3.804511859529008545e-12 2.572891805331509040e-10 3.379954858369902707e-10 -3.670978954934841894e-11 -3.945787539248282822e-11 -1.613303810223549248e-10 -1.781750609933689624e-11 -9.818390016998730225e-11 -1.571839160556543715e-10 7.635709243231733938e-12 -1.260254698709111522e-11 7.069166042516379625e-11 4.952311574809309453e-11 -4.085304582617448288e-11 1.424115485824317321e-11 1.690791136430666462e-10 -6.447478985213503927e-11 -1.532270016131022031e-10 8.296813736216835471e-11 -3.645195405647579942e-10 2.142343210987120633e-10 1.476943235643314913e-10 5.162211897125921969e-10 -3.131754207982079432e-11 1.310023823740148889e-09 -4.451229148897739143e-12 -4.111383966281136201e-10 4.642442209020523720e-10 3.013988115707487221e-11 3.420429367796138797e-09 -6.081723519245861431e-10 6.276995207411940977e-09 3.147057947444534784e-08 7.806884247023237063e-08 2.348231990317580362e-07 6.991952854337666940e-07 2.210919052698331605e-06 6.983039595251698011e-06 2.304073179155490412e-05 8.079824172176397804e-05 3.066826325468356186e-04 1.332894894110515276e-03
4.265096947143710848e-02 1.324699281103807261e-03 3.072915263922640426e-04 8.091353051424024728e-05 2.305740344070344506e-05 7.084844641322167246e-06 2.208493926978607550e-06 7.171841543407195335e-07 2.502483180546822706e-07 7.941474414085088322e-08 2.748082820581662938e-08 4.568237381990896191e-09 -1.130972546481127207e-09 -1.185041344728240117e-09 1.688418440767149351e-09 2.224253569201414274e-10 -9.141909607436391548e-10 -8.563643948102356302e-11 -7.128827821832334188e-10 1.349516193627590179e-10 -4.371045612686418039e-10 8.473774170326585582e-12 -8.389083604950463408e-13 2.764359540926186453e-10 3.557838561109172569e-10 -4.186856026490841271e-11 -3.311944819815039424e-11 -1.662896357322147766e-10 -2.772081066990718395e-11 -1.060668514645013213e-10 -1.597911937460796203e-10 5.555446062033894903e-12 -1.021198547976105229e-11 7.323980052571035841e-11 4.627433500112420999e-11 -4.978050856552327150e-11 1.425930766372450036e-11 1.680794527285208388e-10 -6.903421438401116366e-11 -1.533577240595945427e-10 7.531776214063712365e-11 -3.891699361323447368e-10 2.064084248611279589e-10 1.292948681452268780e-10 4.989044883105639885e-10 -3.396315692618789991e-11 1.368065511520194668e-09 -1.173346637802648480e-10 -4.431112971168474309e-10 4.942663481788358036e-10 1.058226812484642660e-10 3.227147076012861428e-09 -6.005231683071434102e-10 6.258620944547711719e-09 3.186415317488619691e-08 7.858362846117461678e-08 2.356215586440853373e-07 7.021962994877115615e-07 2.212952373289536778e-06 6.988105469320612446e-06 2.305565098376878482e-05 8.078113263451799052e-05 3.068256421605046664e-04 1.332796354928664825e-03
4.265083154170541679e-02 1.325011098215532349e-03 3.072189557892614827e-04 8.091945668969756291e-05 2.305376154373122425e-05 7.086994984472285760e-06 2.207064096505736056e-06 7.162902770707526780e-07 2.488903486703191558e-07 7.944452093180853114e-08 2.706376820917107941e-08 4.223854687881150034e-09 -1.202365324972175520e-09 -1.230810721618142827e-09 1.487873706087459624e-09 2.876682547409029739e-10 -9.927356415074531649e-10 -3.357002220782189745e-11 -7.393752453561377517e-10 1.143756174506491545e-10 -4.435652857071421121e-10 -2.169994863664359328e-11 -6.927666665583618451e-12 2.885600983481650001e-10 3.318275862448248030e-10 -5.066686519841822168e-11 -3.818064890191016749e-11 -1.583635253638055580e-10 -1.560964948517233470e-11 -9.910146874207216074e-11 -1.575982707743865082e-10 8.815626347925502496e-12 -7.704373337783469025e-12 7.456611209791137746e-11 4.652591069756902726e-11 -3.552235885787833983e-11 9.977470329903223022e-12 1.669971044235417031e-10 -7.195983737057474868e-11 -1.436918883214237240e-10 1.007758814050631149e-10 -3.777379303871138702e-10 1.779396612025544693e-10 1.612663995351091593e-10 5.469710455180829939e-10 -3.090356564577242819e-11 1.339377928316680694e-09 -8.239837433110103751e-11 -4.708019563118795936e-10 4.082869889615038220e-10 6.147259695810825405e-11 3.280340084864194451e-09 -7.763959835651105011e-10 6.102418582401397536e-09 3.193136148724996802e-08 7.810154415175975026e-08 2.356614994918696952e-07 7.000806224220176348e-07 2.210665534488738839e-06 6.980577629115791712e-06 2.304665608902937361e-05 8.078110610504941360e-05 3.067059306882654940e-04 1.332523930718802763e-03
4.265161648525625515e-02 1.324783981232260975e-03 3.072675914149417702e-04 8.089419460929460977e-05 2.305123144952300271e-05 7.083009069847124809e-06 2.207211514862179024e-06 7.153121181611335899e-07 2.496858022169728625e-07 7.927798134435597802e-08 2.733105039321868520e-08 4.369892398519831465e-09 -1.217341285927707968e-09 -1.284273458458466064e-09 1.634651605799943158e-09 2.154762647686889691e-10 -9.440110381151351891e-10 -1.305382065688570258e-10 -7.713002404339505795e-10 6.790740559089367488e-11 -4.837107112118292510e-10 -1.023846592830627217e-11 -2.714500283985239420e-11 2.751959630261750120e-10 3.395283851749359890e-10 -4.168747454691758060e-11 -3.049116128886275405e-11 -1.608443223923830345e-10 -1.830679901045932376e-11 -9.962015428960159272e-11 -1.570669361371032435e-10 6.795183472068125484e-12 -1.414912117675950532e-11 6.963297928912826870e-11 4.759042469915111576e-11 -4.526551444986895286e-11 1.475321269274260876e-11 1.684483460668949352e-10 -7.710024525010516993e-11 -1.554397466773869185e-10 6.798769494527376614e-11 -3.764763884711511013e-10 1.940397882168969315e-10 1.492836044931201162e-10 4.920728489561910382e-10 -7.889111076273731633e-11 1.331928194057835589e-09 -3.619900156268218010e-11 -4.074606978439003523e-10 4.952473181143046624e-10 5.036686375169758491e-11 3.287845764237210878e-09 -4.037502682114992788e-10 6.259929921470373062e-09 3.157887587060938566e-08 7.863663411872095890e-08 2.356588994948089177e-07 7.007430743356055650e-07 2.210571408059356787e-06 6.982220781669918924e-06 2.304043853398084001e-05 8.078565526994523115e-05 3.067471900381347604e-04 1.332803526301584154e-03
4.265052153226839282e-02 1.325157708483539615e-03 3.072902466701225811e-04 8.091079502158694391e-05 2.305357124662512123e-05 7.083349479588167852e-06 2.206796407523408317e-06 7.161002810630484477e-07 2.498591924927971207e-07 7.916893621262085236e-08 2.705354989716217067e-08 4.466315935104418448e-09 -1.108853263536024855e-09 -1.238837533422677946e-09 1.621846645895244119e-09 3.253219515267460446e-10 -9.924895763990813160e-10 -6.198940015769629691e-11 -7.116204386223417172e-10 1.223850826971783950e-10 -4.608911130128379081e-10 -1.165984953431025704e-12 -6.679810848927358665e-13 2.722774246507480301e-10 3.362843698088805173e-10 -2.943033403948095032e-11 -3.162099092275170924e-11 -1.593596004583698657e-10 -2.224836001303129747e-11 -1.021448969059856099e-10 -1.587289098666089142e-10 6.836206040800380511e-12 -1.542807710798053856e-11 6.514783465064850127e-11 4.336620369142365939e-11 -4.408057661184315966e-11 1.377381493680077417e-11 1.679439299073926303e-10 -7.494736760462192598e-11 -1.483589671934699942e-10 8.823756067269661732e-11 -3.694900510026644446e-10 2.036286265731020261e-10 1.296659870728218727e-10 5.110861328179990686e-10 -7.252320043797796666e-11 1.323672488873133886e-09 -1.138469286111359875e-10 -4.527664060054683203e-10 5.396298124238590265e-10 3.548709209996863499e-11 3.343621327143685384e-09 -7.648683579968554856e-10 5.630089539260521586e-09 3.165050048363501699e-08 7.793272327711088004e-08 2.353025976370482849e-07 7.011904979722130849e-07 2.210750628187573032e-06 6.985190938966192276e-06 2.304766076770584196e-05 8.080351306425857772e-05 3.068250894943154320e-04 1.332895098495851189e-03
4.265125918533648613e-02 1.324808980586868233e-03 3.072965633948933806e-04 8.090427597602323987e-05 2.305781561913100014e-05 7.086245432418487290e-06 2.207327381021854438e-06 7.172344807815698169e-07 2.501521723838512351e-07 7.931275579060438146e-08 2.728367778722467308e-08 4.382339046346701086e-09 -1.142761338649407273e-09 -1.154914071572693715e-09 1.526226529223625505e-09 2.654592478619956284e-10 -8.878824905456453136e-10 -1.943016234792987654e-11 -7.384902133687214845e-10 1.396100978068009188e-10 -4.656368888060316407e-10 1.394323102319042845e-11 -2.509829788350533579e-11 2.708733872963664456e-10 3.346358031140124053e-10 -3.808609397197976245e-11 -3.751125888956529229e-11 -1.568742178313293578e-10 -1.544514698206790588e-11 -9.958316895762760273e-11 -1.593213788877901065e-10 7.619275144887506474e-13 -1.574806689693336620e-11 7.087269499317751271e-11 4.780755114207846372e-11 -4.498792429450877289e-11 2.346636105580437037e-11 1.673587403069765746e-10 -7.092547544376246831e-11 -1.380954724225307750e-10 8.852296990192139226e-11 -3.722946595038848725e-10 1.859890576084273364e-10 1.198252824938429477e-10 5.053041481658001784e-10 -4.265109054443548542e-11 1.307372043596402005e-09 -5.961299357868671982e-11 -4.064921200412659656e-10 3.483596541912469430e-10 1.888203783956392192e-10 3.321520315461742744e-09 -5.969635702269397462e-10 5.956651923589285129e-09 3.212094445474900923e-08 7.854302685716403599e-08 2.352706429232273340e-07 7.006519067680248334e-07 2.213410698045494467e-06 6.984074790198298038e-06 2.305026088521565679e-05 8.079432817049419656e-05 3.068719468838749750e-04 1.332848866823828837e-03
4.265057597183988247e-02 1.325105411615636790e-03 3.072881915905431431e-04 8.091695139926746933e-05 2.305644192982196159e-05 7.086352573593290086e-06 2.207520130898986565e-06 7.158419793691515848e-07 2.496947849546078761e-07 7.925808394553659646e-08 2.685662169455559686e-08 4.406179658589345946e-09 -1.260172641025224584e-09 -1.235133519418396510e-09 1.737648112104045505e-09 2.900159550794867529e-10 -9.662082344573935188e-10 -9.777317809995920776e-11 -6.748303034963884600e-10 9.703992387428683842e-11 -4.358259671313498066e-10 -9.930737233890386736e-12 8.932699290752485162e-12 2.840631435622338975e-10 3.355182676901513810e-10 -3.120271064250817229e-11 -2.587464276009540987e-11 -1.615557007750946342e-10 -1.267335612800791569e-11 -1.010411113098901456e-10 -1.607246734454877265e-10 8.925782867596658800e-12 -1.004934059378492436e-11 7.069975391578768767e-11 4.974476698836957540e-11 -4.302031574954556782e-11 1.605858130428996461e-11 1.709772328077819529e-10 -7.088299371767127710e-11 -1.607669619700074086e-10 8.683340668049683021e-11 -3.717110298000733815e-10 1.914448763158484064e-10 1.498274231325993333e-10 4.945187551303679044e-10 -1.324339625538214613e-11 1.353443524502309123e-09 -6.226431484590084634e-12 -4.209622366704816736e-10 5.363368743959393298e-10 -1.054721842180667743e-10 3.283484342230603587e-09 -6.588019042292300520e-10 6.425770645679341630e-09 3.171240558050872295e-08 7.833062805292799419e-08 2.352559343137220227e-07 6.999235047052247975e-07 2.209705991871211947e-06 6.981263946617984915e-06 2.303547770393736652e-05 8.080248806508502721e-05 3.067580868458255811e-04 1.332396841080970076e-03
4.264971500065081050e-02 1.324777229367478642e-03 3.072116164490600889e-04 8.091026636291715195e-05 2.305487987115613829e-05 7.084148401536285563e-06 2.206165935975760289e-06 7.162686442948397798e-07 2.500700092120488169e-07 7.970635710277882941e-08 2.724706081347941292e-08 4.400526327417092028e-09 -1.241047434731532969e-09 -1.098833329447705945e-09 1.598595653707172973e-09 3.005306848757180222e-10 -9.544520518110786358e-10 -1.393461359518130921e-10 -6.765623840591233748e-10 1.123141849657365408e-10 -4.568950554277305861e-10 -2.183481145404727111e-12 -1.340811820714985659e-11 3.019066352937586644e-10 3.527220231390746867e-10 -4.062383433726635203e-11 -3.262100010548632560e-11 -1.544388446211000823e-10 -2.051950977432057730e-11 -1.074411864606259081e-10 -1.680482462821019729e-10 -1.720898595177245282e-12 -1.691875009221914540e-11 7.627168658171028356e-11 5.072134835918315076e-11 -4.662529800188458048e-11 1.511741226678974936e-11 1.681412431172126826e-10 -7.555882952439962600e-11 -1.484038476854055297e-10 8.691451359802006066e-11 -3.732856868904046265e-10 1.795787764591810956e-10 1.381783773364724595e-10 4.926246251248848613e-10 -5.546109412470530304e-11 1.319968309695200552e-09 -1.513248264348414047e-11 -4.231398884300157726e-10 5.249330793519790933e-10 2.132989976045521163e-11 3.245986536150365711e-09 -6.713146357358481889e-10 6.347417015929929707e-09 3.186257204047338627e-08 7.827310259026737815e-08 2.359398192119671750e-07 7.000871087744670081e-07 2.210860664542720597e-06 6.983517299659501862e-06 2.305069719826372923e-05 8.077605142959157008e-05 3.067671081507644388e-04 1.332638970740297746e-03
4.265124729671855575e-02 1.325010981342537126e-03 3.072610315433549214e-04 8.090059176277452572e-05 2.305362219879901811e-05 7.083222212157108417e-06 2.207887679579385734e-06 7.158022015548391192e-07 2.498922129022810418e-07 7.934003552511315456e-08 2.725484331525453684e-08 4.656661465754086113e-09 -1.251171465298433265e-09 -1.168130839085835759e-09 1.542029170420949239e-09 1.505854093182563445e-10 -9.530736100784686803e-10 -1.466677485272859598e-10 -7.144705313083008048e-10 8.217564328431838396e-11 -4.758049697363544430e-10 1.580494870451232202e-11 -2.789829825001285056e-11 2.744449634968016645e-10 3.480269637607369394e-10 -3.433387299204058936e-11 -2.593446247497403060e-11 -1.564686033759756428e-10 -9.341954968740598528e-12 -1.006767126053018696e-10 -1.592358131911913901e-10 8.503456171087560518e-12 -5.899325889665562999e-12 7.716017378315306950e-11 4.524682092137522810e-11 -4.141874270032804054e-11 1.658860345745627813e-11 1.692967222506542410e-10 -6.158966998771549633e-11 -1.392980512501253478e-10 9.399440131426717988e-11 -3.712345534072395287e-10 2.048218038849333908e-10 1.493086250118993038e-10 5.358455687685231581e-10 5.986224765811477668e-12 1.345699435028587446e-09 7.893783093762605097e-12 -5.190114642383404271e-10 5.459273017155111343e-10 8.838889005818934842e-11 3.342658097426446653e-09 -4.466756219521173272e-10 6.165986153017411914e-09 3.184610570823300973e-08 7.819601378656721085e-08 2.362798517337790415e-07 7.013612041288886113e-07 2.212769845167605375e-06 6.986041815666978591e-06 2.305583214760478260e-05 8.079485566624906357e-05 3.068120080408661527e-04 1.332616404513077991e-03
4.265059769598852912e-02 1.324768875831741372e-03 3.072177107972044437e-04 8.090539695720691776e-05 2.304873247087165907e-05 7.084178977268719666e-06 2.206049309442707453e-06 7.150564154237178729e-07 2.507391023140403824e-07 7.939923391965795577e-08 2.741217810555467638e-08 4.522278931531139242e-09 -1.232882972309016138e-09 -1.131970672650481956e-09 1.520321508072568757e-09 3.186838440810555841e-10 -1.054380164292286440e-09 -8.570291994339774089e-11 -7.355566847712253235e-10 9.603617085249762340e-11 -4.768141126421660827e-10 3.103157092140784353e-12 -1.439383066041728104e-11 2.702451690919468833e-10 3.366957421298952950e-10 -5.403949617917145155e-11 -2.880820150997367291e-11 -1.550188131947381471e-10 -1.601496429491902805e-11 -9.926090689303429106e-11 -1.616111031146628152e-10 7.229389948968062022e-12 -1.302704127649830815e-11 7.341371604720770933e-11 5.106051486713388404e-11 -3.806492253170573954e-11 2.039261164678651038e-11 1.666889297299795143e-10 -7.613669603553063910e-11 -1.616778614554543861e-10 9.483090812364999964e-11 -3.733181591957523826e-10 1.794268432748278514e-10 1.202231116321998657e-10 4.959340116303897781e-10 -5.023510744661032102e-11 1.316062959298635684e-09 -2.787041669282691714e-11 -4.814498474916601790e-10 4.001459148120756379e-10 9.358788581784468756e-11 3.377431037529783578e-09 -5.795838149367027069e-10 6.127358862705421696e-09 3.203028204906671960e-08 7.789015067954759346e-08 2.353888779390861005e-07 7.005350592529002366e-07 2.209616849801153845e-06 6.983377784667406703e-06 2.304830085148846004e-05 8.080312326515697106e-05 3.068512175543351901e-04 1.332899148449041924e-03
4.265077553652935061e-02 1.324764650714291888e-03 3.071890211450375194e-04 8.088281957686075307e-05 2.304135994875434058e-05 7.079910913203416507e-06 2.208793789332357677e-06 7.153270361306982245e-07 2.498418445744487828e-07 7.929153150864514990e-08 2.699091848099172249e-08 4.120994763988182627e-09 -1.387627964473048134e-09 -1.228296889733136013e-09 1.586220071895698231e-09 3.367788713666985490e-10 -9.668894547556536489e-10 -1.835627866701389028e-10 -7.399648655599471529e-10 7.605433877072541467e-11 -4.736185879409031160e-10 -1.831178481875024467e-11 -1.169669804085748381e-11 2.686283450152391501e-10 3.407246134125338749e-10 -4.360879161919257954e-11 -3.364593445406207592e-11 -1.594845828797072246e-10 -1.647362479913794955e-11 -9.400261811841440488e-11 -1.550648726476645062e-10 8.632596502172016134e-12 -9.400527148146710019e-12 7.637713180671115294e-11 4.462830263476586585e-11 -4.258623951714161437e-11 1.142872357993305015e-11 1.664689077383182703e-10 -7.708061057843293666e-11 -1.515133680605885835e-10 7.522493784717380044e-11 -3.851724107136535969e-10 2.120704989174654256e-10 1.223813801893871276e-10 5.012565234122449218e-10 -4.938385064193479498e-11 1.283062746089357616e-09 -3.333178109411797702e-11 -3.989370241117756838e-10 5.167606101085599179e-10 1.315894887277832004e-10 3.386194229785531394e-09 -6.313898939986085081e-10 6.093801486149788171e-09 3.189388202579850899e-08 7.832368413651071395e-08 2.349112610120821032e-07 7.001111650650284444e-07 2.209654263878565439e-06 6.980111763325651017e-06 2.304156219121428190e-05 8.075872450741241259e-05 3.068144807723088797e-04 1.332404869894909284e-03
4.265159758137424678e-02 1.324575842220281291e-03 3.073138953686220488e-04 8.093346463835434106e-05 2.305477364797946710e-05 7.087098966931410281e-06 2.205697039087501750e-06 7.153448524708194752e-07 2.486680013176896237e-07 7.941746220239939366e-08 2.717343870160725536e-08 4.424154710588600177e-09 -1.359651067916574777e-09 -1.231212711816440655e-09 1.542446135547796878e-09 2.569052594733245642e-10 -1.009068733976728531e-09 -1.545203440948965039e-10 -6.882911033367517211e-10 9.807837849525230954e-11 -4.423240502539676891e-10 1.066975659529256888e-11 -2.589301394816288397e-11 2.758331130021921832e-10 3.349120103882470372e-10 -6.045886032265176764e-11 -3.767083750866234486e-11 -1.538738315500054197e-10 -1.627896262739981154e-11 -9.754645316912828472e-11 -1.544969064357299703e-10 5.858933230422356526e-12 -1.373933728046251855e-11 6.987104177628315558e-11 5.132886238310923163e-11 -5.109834533288469569e-11 1.970200335453690974e-11 1.649326960341203714e-10 -7.193614228007365706e-11 -1.658966700200669046e-10 7.670891280082485916e-11 -3.720573663843855546e-10 2.196869574524049429e-10 1.245014724372192695e-10 4.981489154134763692e-10 -3.939546944613285919e-12 1.315410965698083948e-09 -1.127895072744897909e-10 -4.140679654636014711e-10 4.863679871450932222e-10 8.736168925076140065e-11 3.435668455539225631e-09 -4.818033732766749399e-10 6.301145624166800978e-09 3.194414735251797536e-08 7.831748227667842910e-08 2.353550368570067904e-07 7.008159669010027394e-07 2.212988336618152645e-06 6.986916882902558509e-06 2.305434879226623816e-05 8.079029823567307283e-05 3.067946297224843260e-04 1.332450483273812675e-03
4.265098337469988565e-02 1.325028089863411647e-03 3.071945880334860535e-04 8.089315746682871971e-05 2.304399022151930313e-05 7.085463832965623758e-06 2.207825272163451146e-06 7.156600282358240704e-07 2.501583406301810496e-07 7.966070388821285263e-08 2.739223262087011699e-08 4.412537257626206647e-09 -1.413859411712725615e-09 -1.237551890396579207e-09 1.572203506017604424e-09 3.004579093671454238e-10 -1.022297229449478569e-09 -1.572853052274088086e-10 -7.027551276585394202e-10 7.640227301196228804e-11 -4.446298549977247563e-10 -3.199938164740698533e-11 -6.775684408136402737e-12 2.756629490602374351e-10 3.452983847247834433e-10 -3.292649875012192471e-11 -2.460196758339116918e-11 -1.564469072550041356e-10 -2.675830391181047491e-11 -1.014566861984504946e-10 -1.567990936593652122e-10 1.231619209064302404e-12 -1.319407757204694024e-11 6.762867284266987890e-11 4.814400089736287122e-11 -4.419089040982840005e-11 1.967889202346522083e-11 1.694758915781853983e-10 -6.743138693563932482e-11 -1.581430143482436366e-10 9.079092367278750667e-11 -3.581283414924003791e-10 2.026007517422747402e-10 1.296148207837779248e-10 5.179765326485431454e-10 -5.263434834698693125e-11 1.236413835355037805e-09 -8.394270123942092549e-11 -4.249209360861762857e-10 3.835398832484805241e-10 8.074772726212953469e-11 3.254888613739078392e-09 -5.629293981111947520e-10 6.066249168318284780e-09 3.178321270891631292e-08 7.801671130389713111e-08 2.356637175161876659e-07 7.007386195235260044e-07 2.209739357558896621e-06 6.981976356259588088e-06 2.303963215132051460e-05 8.075820101094014012e-05 3.067276640243892048e-04 1.332532495217883832e-03
4.265082300881233718e-02 1.325252394954155822e-03 3.072070717224758196e-04 8.091361176503270481e-05 2.305627245386599773e-05 7.088245731322493540e-06 2.206885347132069688e-06 7.166520281663767522e-07 2.493649502160525488e-07 7.929006976556874898e-08 2.734608384417964942e-08 4.336414569944860357e-09 -1.375046517478510022e-09 -1.207429012883525529e-09 1.548930661723592509e-09 3.407589473084198886e-10 -9.952650856014952823e-10 -1.387075976553699332e-10 -7.364309675215594574e-10 7.978953991858325794e-11 -4.873210626428621113e-10 9.222266133413061580e-13 -2.124334400269035377e-11 2.618038283350319066e-10 3.332116664172744630e-10 -3.056045074375280156e-11 -2.790406237848177314e-11 -1.486507298641492780e-10 -1.433427717385904669e-11 -9.579507054887413689e-11 -1.589167728579185439e-10 4.357477607940258924e-12 -1.250532654670534691e-11 7.265942840336746903e-11 4.161342858951449127e-11 -3.356741702880343892e-11 1.772522018732124052e-11 1.614340553523918656e-10 -8.635106859168243472e-11 -1.618958963497103147e-10 7.748202095367329464e-11 -3.781153779736607497e-10 2.095456493727082536e-10 1.117747422200948113e-10 5.063623948750195393e-10 -7.425156592575089956e-11 1.335485808413373964e-09 -3.602215070118957573e-11 -3.689276840849751981e-10 4.256862992816407507e-10 1.865572622201831516e-11 3.220852454629801081e-09 -6.643433207562538112e-10 6.038872462901179714e-09 3.158882168439495674e-08 7.759196298157562621e-08 2.354612165136291682e-07 7.012954079626291497e-07 2.212195359630555859e-06 6.985775534665986930e-06 2.304965400626082512e-05 8.077869887152395708e-05 3.067688025067416839e-04 1.332771149643414586e-03
4.265069999939879314e-02 1.324895560057289586e-03 3.072325673087241424e-04 8.089570667797314166e-05 2.304199260300157480e-05 7.082266004452637326e-06 2.208003035265552846e-06 7.147833063420103317e-07 2.495798286420756970e-07 7.943697565334596036e-08 2.730386635483144326e-08 4.361891705695324471e-09 -1.443957950905979299e-09 -1.058750890854883639e-09 1.669038050860015192e-09 3.686911388011435192e-10 -1.059005591823987066e-09 -8.988238404666372418e-11 -6.712567314845313549e-10 1.317031813232534875e-10 -4.625839111111774262e-10 2.849437216885985884e-12 -1.470364989881739527e-11 2.727363631383180213e-10 3.357630891517024479e-10 -5.371573743386559297e-11 -3.251303307691070301e-11 -1.598565669049689611e-10 -1.626444633590084878e-11 -1.054662079150772379e-10 -1.575228680917430320e-10 1.998609810856262468e-12 -1.597208566696702327e-11 6.792072828473750326e-11 4.943949291787923819e-11 -4.457843002114532252e-11 1.099360960820812151e-11 1.684610060341272279e-10 -7.113546858088405073e-11 -1.712182743564267266e-10 8.528294587406775803e-11 -3.930124580028755179e-10 2.100899368312305763e-10 1.415277422408603669e-10 4.714895475255461216e-10 -1.866707576601511698e-11 1.298177126478069879e-09 -6.026580840467628419e-11 -4.657226290676396000e-10 4.720890346697386411e-10 -8.346860995043869419e-12 3.278176083313555105e-09 -6.670843899251199399e-10 5.920417705399716963e-09 3.156024186469728346e-08 7.792024615499770331e-08 2.354859234837548169e-07 7.000728581425466313e-07 2.213145947038910103e-06 6.986281064257642279e-06 2.305055149468712120e-05 8.080248799805168003e-05 3.067923613573372951e-04 1.332781472568723632e-03
4.264977507942956103e-02 1.325105607559117849e-03 3.072134330065467165e-04 8.090966218398244585e-05 2.304777118672881350e-05 7.083964890583181943e-06 2.205813479635528818e-06 7.150349933678030117e-07 2.497133301774799120e-07 7.918544233978046996e-08 2.732839627099176906e-08 4.531992489510021124e-09 -1.328925450970156380e-09 -1.158265291312668714e-09 1.508222549480027624e-09 2.133556169193517743e-10 -9.695996817905181143e-10 -1.235844796052800125e-10 -7.444687758347120269e-10 9.638584022550624233e-11 -4.924962594049747527e-10 -1.220362700716521180e-12 -5.628684733077978588e-12 2.842031541219795782e-10 3.435161766795725419e-10 -3.572700310588389817e-11 -3.082534247243559047e-11 -1.538189581321526991e-10 -2.105571485678687084e-11 -9.849680415746078228e-11 -1.597949432115514564e-10 7.723230642273387456e-12 -1.211883617539296279e-11 7.660304231167097644e-11 5.024612648209858782e-11 -4.322072859199425619e-11 1.905612551717053047e-11 1.680066505253425767e-10 -7.816239593139196458e-11 -1.518830152552459509e-10 8.377258019701398965e-11 -4.012048588981905214e-10 1.507915554350312184e-10 1.087359998887793971e-10 4.944102505140152324e-10 -7.062494941936167921e-11 1.341342164871077770e-09 -4.798075955649151893e-11 -4.735276881486849673e-10 4.508558140033336492e-10 -9.717457305893755782e-11 3.258802707291656645e-09 -5.680873881264734511e-10 6.396342156438666895e-09 3.180755546295413882e-08 7.805636037564593336e-08 2.359121287768974442e-07 7.003395743918528730e-07 2.208999715489738640e-06 6.985130613890146316e-06 2.304374184168501817e-05 8.081055572216726550e-05 3.068400579815850379e-04 1.332778604973430250e-03
4.265005860033364848e-02 1.324944312277024326e-03 3.072861180460811415e-04 8.087153189961795671e-05 2.305096039285441350e-05 7.085513251762366992e-06 2.205800659089705951e-06 7.158547664985658410e-07 2.498569405297520930e-07 7.952161354401384681e-08 2.716298919385465980e-08 4.294059365940582857e-09 -1.383270137155242043e-09 -1.256490289786667763e-09 1.506718867305066115e-09 1.830916976740224112e-10 -9.708064459718589113e-10 -1.069423574178757140e-10 -7.547228635799039744e-10 1.112285753774044872e-10 -4.350894830036287757e-10 -1.702592361024602197e-11 -4.695756345048822485e-12 2.899985676422998909e-10 3.408147054756441606e-10 -4.925177314573088418e-11 -2.555178175035592455e-11 -1.557582328089814249e-10 -1.765419222467769440e-11 -1.030298820451336900e-10 -1.628218718845657123e-10 1.455537842337797962e-12 -1.139028736866140627e-11 6.663147144544108599e-11 4.756656962710329727e-11 -4.296012555028583219e-11 1.337989732599377636e-11 1.703495327936527332e-10 -7.402682738401554815e-11 -1.465274598436292254e-10 8.472139806017742684e-11 -3.585669852220177517e-10 2.251012566263196577e-10 1.434890892094378379e-10 5.120404958771418609e-10 -5.132149189121335830e-12 1.294944545438499773e-09 -4.465992846814510483e-11 -4.110862480118085506e-10 4.040387018820237999e-10 -1.281340876815829033e-11 3.355255111508132841e-09 -6.295284920276465263e-10 6.127320189554275082e-09 3.172565603062103368e-08 7.816993236812108401e-08 2.353573128758106547e-07 7.009429799909011578e-07 2.210229626134554710e-06 6.984582832577915746e-06 2.304815699769878059e-05 8.079488194718691162e-05 3.067835439801373906e-04 1.332942386230206826e-03
4.265127652030643174e-02 1.325048306623514884e-03 3.072398309395677537e-04 8.091435732617134234e-05 2.306649060370312887e-05 7.085316139623596611e-06 2.208183415120314218e-06 7.160349129485137586e-07 2.501757637467324575e-07 7.960476475332552819e-08 2.714181494255065511e-08 4.367836367993410634e-09 -1.353355098835327482e-09 -1.337071430783864448e-09 1.500325989821385703e-09 2.852423856764893615e-10 -1.007913241124635015e-09 -1.357748420029103609e-10 -7.338190491398384167e-10 9.808073319109087270e-11 -4.709127117943549840e-10 -1.984932093861762988e-12 -1.703145882350997301e-12 2.843340099960987222e-10 3.471785599652893617e-10 -4.644219230402763182e-11 -3.284035073180531297e-11 -1.605533782812870606e-10 -1.481058659410408385e-11 -9.371357684738541822e-11 -1.584849152745750873e-10 5.992434198777635207e-12 -1.169006700241556487e-11 7.349570100668374669e-11 5.692448617275519149e-11 -4.918682216461736332e-11 1.794596561942503856e-11 1.731567807179307869e-10 -8.045376044173997649e-11 -1.623975130008448956e-10 7.438254781087278175e-11 -3.691073271587143434e-10 2.200013726648652938e-10 1.370608321918180966e-10 5.169125530849570797e-10 -3.501496134817882622e-11 1.302049063272119312e-09 -1.040797858392674430e-10 -4.093302899009830389e-10 5.198239255987916820e-10 6.156730693970642064e-11 3.365408703664049321e-09 -5.825227226880125179e-10 5.968166248343849710e-09 3.197437086302589326e-08 7.806631388432402561e-08 2.349516962876551492e-07 7.015796902240062275e-07 2.211467826493947148e-06 6.986779456365526670e-06 2.304888027447500327e-05 8.080624220800534604e-05 3.067867622930898976e-04 1.332935673884007993e-03
4.265140774193282996e-02 1.324806303843494406e-03 3.072070246362391087e-04 8.089819657533516234e-05 2.305310566187313901e-05 7.082989276122278787e-06 2.207852107119325853e-06 7.164768261548738812e-07 2.490109125788534791e-07 7.993823907448802869e-08 2.755590537243190157e-08 4.433234970902674094e-09 -1.051300895027164234e-09 -1.232853020063257964e-09 1.594961512017014728e-09 3.653886045331184345e-10 -8.886027478092907920e-10 -1.663681696120217710e-10 -7.253158736610449778e-10 3.539809732127014050e-11 -4.711305517787555150e-10 -1.624560168866189304e-11 -6.641155253998906556e-12 2.830401485754940515e-10 3.383368890735991177e-10 -4.554899906247192165e-11 -3.174930352670273639e-11 -1.684878000740875442e-10 -1.660867595978387083e-11 -9.982564068866747044e-11 -1.542296137455437245e-10 9.605116868034647280e-12 -1.490987149337243851e-11 7.723644020666481687e-11 5.333190755771445693e-11 -4.384415882103330039e-11 2.173471172038416151e-11 1.801739001253223726e-10 -6.383442359149430391e-11 -1.344001306821957099e-10 9.080158846106464267e-11 -3.696818555485509767e-10 1.931081169540920039e-10 1.103086175489253146e-10 4.892403539961602723e-10 -3.043221701524667589e-11 1.317571394058250882e-09 -4.199721905054130500e-11 -4.537090208814059264e-10 4.503132193282794965e-10 7.787760099509159896e-11 3.399600526054604294e-09 -8.325729048372587968e-10 6.054896218000663889e-09 3.157241206422107065e-08 7.839520584569922510e-08 2.358115808789659894e-07 6.993247010878556843e-07 2.210530651760501929e-06 6.984986248487199080e-06 2.305045910381874478e-05 8.080314850455628671e-05 3.068570719810284576e-04 1.332698320378832187e-03
4.265091694978210418e-02 1.325140634541887392e-03 3.072407709725920484e-04 8.092023190362418374e-05 2.304802895812433050e-05 7.082218583511961854e-06 2.208515605605882956e-06 7.160708787032909674e-07 2.496272627252560395e-07 8.004820896350495711e-08 2.698364962888511665e-08 4.125870206594666831e-09 -1.061607979591428937e-09 -1.107513678940566395e-09 1.541170587082272907e-09 2.240158673692969989e-10 -1.072461595378664474e-09 -2.094700300485749983e-10 -7.468693286184979899e-10 5.588908471010950284e-11 -5.405254092205593086e-10 -3.567709286830842817e-11 -6.689273694114004850e-12 2.761121305680219979e-10 3.240511092864371578e-10 -4.759864176776164401e-11 -4.498198671703080464e-11 -1.602038204550964537e-10 -1.993650185978395002e-11 -1.003715821912691478e-10 -1.603840573786443316e-10 -2.642442777178448183e-12 -1.950735927782915538e-11 6.835375925024168428e-11 4.693269899195040856e-11 -4.000638429851354622e-11 1.808339577149809882e-11 1.677858329023779421e-10 -7.271363108569710942e-11 -1.504938802281319726e-10 7.894457621381781896e-11 -3.651848346036308755e-10 2.029866025133282853e-10 1.644491416710755267e-10 5.218316505253738967e-10 -4.431261660346765575e-11 1.342800282873803045e-09 -4.225208219169428219e-11 -5.658447358066582430e-10 3.868228276104683121e-10 3.374371549309673891e-11 3.190776803774730604e-09 -7.535274945761420973e-10 6.102450258664452458e-09 3.205378769209939003e-08 7.776991025703084288e-08 2.357349944788596387e-07 7.007698181506919483e-07 2.212822489345398821e-06 6.984751813522174668e-06 2.304952114870140192e-05 8.078596554560652833e-05 3.068125231377222175e-04 1.332484300027439840e-03
4.265155951339707346e-02 1.325078874355573987e-03 3.072323669181488068e-04 8.091925301681739298e-05 2.305073671222946079e-05 7.083822668806534935e-06 2.207555619709952833e-06 7.167509901813303256e-07 2.504008809237569615e-07 7.960178006266389089e-08 2.739948834837519761e-08 4.380488883892157764e-09 -1.365743845086511042e-09 -1.254351946215947844e-09 1.512210148352974563e-09 3.362388501334204221e-10 -9.537589469511124533e-10 -1.404207729960514713e-10 -7.648383566775711174e-10 7.069580656996804616e-11 -4.657032597972118129e-10 -2.132351938242080897e-11 7.958361807736870945e-12 2.915259350950467355e-10 3.484065005755708925e-10 -4.594488669871452765e-11 -3.806059546556081365e-11 -1.606221827743339977e-10 -1.383788450799786492e-11 -1.031777543539284782e-10 -1.605923449249746808e-10 1.572824588040763246e-12 -1.450188584388121066e-11 7.760536830497967492e-11 5.137018732078764424e-11 -4.284322928303912420e-11 2.178518074449593526e-11 1.786821419824102944e-10 -6.307472338553408571e-11 -1.505074810286104638e-10 9.148952580042760373e-11 -3.784981646886625869e-10 2.047593729466661267e-10 1.332418846639350958e-10 5.250822112240219918e-10 -2.966158325284860846e-11 1.343889813116189938e-09 3.997286605762240840e-11 -5.082646934643248081e-10 4.249976637164011543e-10 6.548901428123873058e-11 3.263523332721193084e-09 -4.991411291706445883e-10 6.154888846627303894e-09 3.143119076863904183e-08 7.823946663565837632e-08 2.356974523486852897e-07 7.012871353392953375e-07 2.213042555539142109e-06 6.985808562480392647e-06 2.304695311659984790e-05 8.079474291280995047e-05 3.068191688106119779e-04 1.332859856035021988e-03
4.265074051742340916e-02 1.324869134242074708e-03 3.072483365222091704e-04 8.090416597021918624e-05 2.305245996013335810e-05 7.086785712122750647e-06 2.205342916624900373e-06 7.159653547029516961e-07 2.498325540576377941e-07 7.961570558075890725e-08 2.707929046936577508e-08 4.375677426423821787e-09 -1.341046047364163355e-09 -1.250396658418159099e-09 1.591252603099240886e-09 2.855927517866968272e-10 -9.399968234057597939e-10 -1.159157280669263446e-10 -7.019709470624622346e-10 1.267096082003986957e-10 -4.620529548846000874e-10 3.088274378862734166e-12 -2.794689909245198123e-11 2.767229815376290220e-10 3.390387723376362447e-10 -5.910660936575411919e-11 -3.553551596592562322e-11 -1.599317974166405936e-10 -1.617630797587184009e-11 -1.016028326792867386e-10 -1.548598844438744029e-10 3.743341219994816933e-12 -1.010881954923939438e-11 7.009742569084263813e-11 5.066293361884419192e-11 -4.897591500285295475e-11 1.553730677599408280e-11 1.632626416819985046e-10 -7.767000014259143775e-11 -1.550641148530897079e-10 9.061360047168204549e-11 -3.650895065111309161e-10 1.769704480280322567e-10 1.230985259762924954e-10 4.903776486765077027e-10 -3.532798367160151794e-11 1.379022248259813776e-09 -9.778954664551082696e-11 -4.670776276290009182e-10 4.244331024816477759e-10 -9.599339459865199389e-12 3.274116443790970116e-09 -6.489061567150613105e-10 6.069765813432866924e-09 3.206578617613154336e-08 7.867937169042553695e-08 2.350397432167501856e-07 6.989098120020438996e-07 2.208302350216136070e-06 6.982598694563605126e-06 2.304417012282907774e-05 8.078704659077486896e-05 3.068544789913645434e-04 1.332321973834626897e-03
4.265118723872056428e-02 1.325147973777324444e-03 3.072383286809570596e-04 8.091301053047676186e-05 2.305732021537739684e-05 7.083609315852146746e-06 2.206839222492230291e-06 7.155969455085763802e-07 2.501349036943107115e-07 7.920292409067725944e-08 2.739750051115421572e-08 4.347242619222925089e-09 -1.246490912934864549e-09 -1.210021261826772086e-09 1.585221597184017176e-09 3.827720837092674192e-10 -1.007119335146081924e-09 -1.577852141801181085e-10 -7.282999434084219082e-10 7.785605622777814142e-11 -4.547235949695600592e-10 -1.291880759484643920e-11 -8.392243523911321876e-12 2.754798926846174078e-10 3.370128109882755504e-10 -4.333582865079012224e-11 -3.476396361219227235e-11 -1.515794926481201007e-10 -6.852488893772907393e-12 -9.483384496080462848e-11 -1.509516191264105849e-10 6.233169305507991918e-13 -1.304534450182215974e-11 7.351593299722371677e-11 5.288293373519753636e-11 -4.784824417913850747e-11 1.480336030823074216e-11 1.656891979964082405e-10 -7.826496991042306967e-11 -1.458522273378986196e-10 9.562967258208776116e-11 -3.576025787555085790e-10 1.932292608468405766e-10 1.284930690832591615e-10 5.221035243654204036e-10 -1.193757076620943898e-11 1.389940250539204441e-09 -4.716273975918855821e-12 -4.061356561234328013e-10 6.573995936242710276e-10 1.857278938322355713e-10 3.478263494117229437e-09 -6.411371153175813047e-10 6.217184611654387996e-09 3.194998268591986165e-08 7.827002961672693690e-08 2.351040245195533535e-07 7.006572868170830042e-07 2.210284409728613422e-06 6.980275425003420327e-06 2.303440970656301466e-05 8.076066274342543925e-05 3.068486103967669586e-04 1.333377006608001862e-03
4.265000443719949713e-02 1.324779819219174589e-03 3.072785773519618336e-04 8.090104149079603189e-05 2.304705250097417092e-05 7.084151242281628107e-06 2.208763143525732339e-06 7.157374885068071510e-07 2.504488279660453141e-07 7.949317970164521779e-08 2.754033585156473369e-08 4.251636393996211964e-09 -1.104728252302240958e-09 -1.243608435377477842e-09 1.614580986744679179e-09 2.681412156423750231e-10 -9.832881640561801147e-10 -1.560460872980967027e-10 -7.032274717884746652e-10 1.099273941600180088e-10 -4.712083338917500286e-10 -3.176109224416655189e-11 -1.125840724160605379e-11 2.697963761196802812e-10 3.395868742382399641e-10 -3.710337196328296601e-11 -3.258704547294753426e-11 -1.595058981391744281e-10 -1.269750163492430468e-11 -1.058992509160689605e-10 -1.595698994895966736e-10 2.535795011617523199e-12 -2.183809679499079675e-11 7.245952644822857080e-11 4.407904620013970618e-11 -4.337470047806568768e-11 1.191894222701989445e-11 1.715129470734265604e-10 -7.844633363453890172e-11 -1.528991811008744646e-10 7.390354957482875688e-11 -3.663388805601503980e-10 1.879677110085472589e-10 1.371696204330523572e-10 4.991631977710680036e-10 -2.045596886933354773e-11 1.332236757740682699e-09 -1.002622192031385297e-11 -4.768316101048109520e-10 4.693276433686826056e-10 -2.930426866623917619e-11 3.496387270567094967e-09 -3.726668364347830095e-10 5.985517711532290625e-09 3.176395466196261854e-08 7.850038185722698928e-08 2.358028646631288796e-07 7.002171495259841012e-07 2.212083102697653892e-06 6.986946857181747867e-06 2.304316459573632858e-05 8.081442366283184272e-05 3.069067527688747058e-04 1.332952942647065101e-03
4.265137974914234159e-02 1.325736097291987069e-03 3.071902445939167265e-04 8.091009147507200654e-05 2.305149617992976782e-05 7.087889094372144744e-06 2.206190197712790147e-06 7.155103343130748916e-07 2.507098364969586112e-07 7.961377203606215726e-08 2.698965475724277733e-08 4.244871872476311058e-09 -1.287951860985884619e-09 -1.464162626274858874e-09 1.545218508107201219e-09 1.889940790324095251e-10 -1.096858600869672305e-09 -1.626722502365436558e-10 -6.939186516527598058e-10 7.521776826945720318e-11 -4.691112521241007909e-10 5.562448273564366862e-12 -8.045310906294078563e-12 2.640349128685701553e-10 3.256856548855897747e-10 -4.176459419440427407e-11 -3.105328558683232704e-11 -1.607863153755014245e-10 -1.702780148111028286e-11 -9.980000970137377534e-11 -1.561574094365693358e-10 3.264264318204910126e-12 -1.763057468156267119e-11 7.441702766508991490e-11 3.974425019036533720e-11 -5.185326306263470773e-11 9.106053101823611073e-12 1.667588084942600466e-10 -7.561437933374131995e-11 -1.618107119976524925e-10 7.292278306540040436e-11 -4.003096908499562040e-10 2.002632764073161084e-10 1.164262378862630197e-10 4.882042373270226124e-10 -4.821105099224543380e-11 1.297034387432104984e-09 -9.231982949808075614e-12 -4.610422103015873770e-10 5.023100440186314626e-10 1.060019362174058402e-11 3.355825742229112400e-09 -5.490885680773547914e-10 6.251398092743847131e-09 3.163010080242134133e-08 7.854223725769071819e-08 2.358475328805014475e-07 7.004423254347830779e-07 2.212152455284602836e-06 6.987941187718872682e-06 2.304494435033929890e-05 8.079633074878096038e-05 3.067683043689820727e-04 1.332575872014423249e-03
4.265057896216465499e-02 1.325234506783574961e-03 3.073147543329983467e-04 8.091543883151144641e-05 2.305041919691581473e-05 7.084331391189077374e-06 2.208319975767769966e-06 7.161622640124088563e-07 2.504922908773120561e-07 7.929591117468883801e-08 2.708558254083956061e-08 4.307291271530112073e-09 -1.153194405590299353e-09 -1.235862994013735303e-09 1.695524609374786923e-09 3.067603618901471298e-10 -9.926681282587616384e-10 -1.998332341912918649e-10 -7.776970867624971548e-10 6.542062705982485430e-11 -4.724507194312776144e-10 -3.904135211571439301e-12 -1.140667592363162566e-11 2.741215586512518723e-10 3.395998821735505239e-10 -5.931326265769095202e-11 -3.436294700228931261e-11 -1.656411389073085197e-10 -2.540628312723889524e-11 -1.011560645369343535e-10 -1.556839287915571407e-10 2.008392140243094196e-12 -1.952605799839196267e-11 7.109746753644351685e-11 4.997795733880216859e-11 -4.153409388723175539e-11 1.800301407290018099e-11 1.724359570401752449e-10 -7.073028433555010011e-11 -1.576789022567158824e-10 7.223452401204895165e-11 -3.794538377419512606e-10 1.814853648189850855e-10 1.379435767558871695e-10 4.803548294420220192e-10 -6.200387232039414622e-11 1.332096260170371980e-09 9.572540435389609744e-14 -4.494110586702419410e-10 6.123508329622953176e-10 4.419624585241024522e-11 3.374855627827955894e-09 -6.015707890573421051e-10 6.151577747799677728e-09 3.175918332857738342e-08 7.855840901226726956e-08 2.354098937331124659e-07 7.009647646296594326e-07 2.212227521691677322e-06 6.985545843555822844e-06 2.304765883478048492e-05 8.079016070122930528e-05 3.068848867879472170e-04 1.333132933020093587e-03
4.265001635667460544e-02 1.325066791317207468e-03 3.072929942980488142e-04 8.091795049694689487e-05 2.305036852360677698e-05 7.087702006880608271e-06 2.208067939122023500e-06 7.164498898073177503e-07 2.501465107971109884e-07 7.974267357831574805e-08 2.728038277660978374e-08 4.355537427619834485e-09 -1.262417585785147394e-09 -1.268239933537491920e-09 1.491936920840194490e-09 1.757358224934164252e-10 -9.461125946262574997e-10 -1.058879412832731604e-10 -6.968763918834225538e-10 8.890141587643152198e-11 -4.823922481665051821e-10 1.573280824086814019e-12 -8.338225086203782631e-12 2.799112435754155201e-10 3.394163863253911625e-10 -4.773092361336322195e-11 -2.161762886539995265e-11 -1.547427087503904761e-10 -1.119999229174381290e-11 -9.888195376987808442e-11 -1.615271616247081174e-10 7.541070127469724189e-12 -1.760064843670596400e-11 6.870095236918325680e-11 4.442215340030449540e-11 -3.928315575145876529e-11 1.611864736810988305e-11 1.680675289445302596e-10 -7.676992548088920288e-11 -1.449849294012907462e-10 9.440969919970581555e-11 -3.765749513894886866e-10 1.746664588111614976e-10 1.347331999053416854e-10 5.044560742880516678e-10 -3.479910589137662555e-11 1.315584937320369709e-09 -2.889291478557400149e-11 -4.878531706952833376e-10 5.011182346658394207e-10 1.082248056298499343e-10 3.440282266158784181e-09 -4.457517467321498113e-10 6.047151930241181324e-09 3.178950520663177486e-08 7.855428908675710410e-08 2.352029320042418715e-07 6.997331645131774215e-07 2.212257468587275747e-06 6.980824527830753683e-06 2.304175571371797472e-05 8.077462727192286302e-05 3.068088371912780477e-04 1.332643443858936043e-03
4.265037618497397737e-02 1.324701615090020110e-03 3.071494343424557697e-04 8.090240698512189232e-05 2.304819029263966465e-05 7.081243734040342166e-06 2.205672290847453472e-06 7.153464281995753845e-07 2.492245325125954145e-07 7.938767884476042981e-08 2.724572971256398622e-08 4.313258635467265510e-09 -1.124445598434478203e-09 -1.277767222041333735e-09 1.658859534672934951e-09 2.325627583940706777e-10 -9.733762122376961013e-10 -1.074728643157036820e-10 -7.249242842027229757e-10 9.698065998540075703e-11 -4.910038632305477717e-10 -2.174613987882403780e-11 1.239942493864152713e-11 2.749362495978830793e-10 3.385569236915456162e-10 -4.843596673996713543e-11 -3.155646084151354323e-11 -1.689269500626637802e-10 -1.495190047220886644e-11 -9.752937268582560226e-11 -1.608140775491999563e-10 5.194149551628446984e-12 -1.241047721724577857e-11 6.701688626336307923e-11 4.024854319707549234e-11 -3.978394312999097315e-11 1.852953841929675823e-11 1.740641645014708704e-10 -7.199182536045340164e-11 -1.590177064524405412e-10 9.055893701495394775e-11 -3.675332865766702757e-10 2.006515489937142632e-10 1.190612502105605679e-10 5.001872117828335270e-10 -7.369381043273796892e-11 1.342448765353325474e-09 1.422389644249869724e-11 -3.436564492397323907e-10 4.190327552454299357e-10 9.403844805563892246e-11 3.329496490801418908e-09 -7.859020126310369541e-10 6.150505126454605161e-09 3.165820454646179400e-08 7.814483242920391804e-08 2.352592906038538866e-07 6.999403821191549989e-07 2.211525438628884773e-06 6.985230844624454843e-06 2.305139849759462646e-05 8.079823823411153689e-05 3.068657782165931333e-04 1.332906326627636417e-03
4.265057349157868466e-02 1.324869011152089021e-03 3.072521599019654667e-04 8.091891032676980298e-05 2.304864908957411252e-05 7.083486614793717268e-06 2.207634108288600538e-06 7.169346955075195228e-07 2.500717068889341416e-07 7.995141468942588939e-08 2.759766509054779471e-08 4.457821055551478898e-09 -1.269367995622724719e-09 -1.185964794203412523e-09 1.604246431621751839e-09 3.700543007375648005e-10 -1.021463640320617262e-09 -1.760401664070971703e-10 -7.091097640521149511e-10 1.363903868518423661e-10 -4.549556177394845735e-10 -2.120697499233620930e-11 -2.165886626141968318e-11 2.646808945459604232e-10 3.458645144103875566e-10 -3.227287551100752943e-11 -3.481489075284073343e-11 -1.553617489204192945e-10 -2.234926296319075369e-11 -1.026626805151073202e-10 -1.584973829022687304e-10 1.806682109096780990e-12 -8.536959754039234269e-12 7.362590712388347137e-11 4.757345915279907442e-11 -5.223594096155367409e-11 1.224719570941926043e-11 1.691788614626200534e-10 -7.345844510287462860e-11 -1.532266828641781600e-10 6.816655099343434593e-11 -3.786442611566075154e-10 1.976715971157233806e-10 1.338633215976620209e-10 5.354361019553562869e-10 -6.570215596685817565e-11 1.334951401878837010e-09 -2.112504244640254792e-11 -4.967883284649445887e-10 6.049032265884957736e-10 6.466114790664291280e-11 3.282912840844465404e-09 -5.179387566634525691e-10 6.188932963623228102e-09 3.162916430811700684e-08 7.865128700346791450e-08 2.352595251965075156e-07 7.003066826014095755e-07 2.213040122575256380e-06 6.986044243346026710e-06 2.304417381153918849e-05 8.079325685776540095e-05 3.068366280061742457e-04 1.332887752197984719e-03
4.265021971526529454e-02 1.324975211450053151e-03 3.071685114962235475e-04 8.090242756204362351e-05 2.304812205776770524e-05 7.085271811912815300e-06 2.206988711372323947e-06 7.166842277243664994e-07 2.492016971493218994e-07 7.913464317995195334e-08 2.734823661515057765e-08 4.238483592784982391e-09 -1.221889989914350166e-09 -1.297779636348281617e-09 1.603557480563373417e-09 2.830845196223339844e-10 -1.051862584507718515e-09 -1.310864556609578271e-10 -6.706478027699810376e-10 1.425181354247442734e-10 -4.664782713293909889e-10 5.382441114537639957e-12 -2.816756067042528688e-11 2.834402323878053649e-10 3.440037777083425762e-10 -3.998853617278689259e-11 -3.287597223526433982e-11 -1.524849553146120170e-10 -1.796391778314729523e-11 -9.674778818589864966e-11 -1.572230867479626744e-10 -1.336427897567300381e-12 -1.538709306342826121e-11 6.394815225688188500e-11 4.481024178938382401e-11 -4.728120963918274833e-11 3.609095475463917313e-12 1.678315273972003813e-10 -6.627005111249469377e-11 -1.499238908332291584e-10 7.033199952224434567e-11 -3.656560055962138410e-10 1.396304725290587757e-10 9.886612285512013775e-11 5.392356475654760906e-10 -7.099218788623830423e-11 1.354307771411037406e-09 2.463674035972461851e-11 -4.202253942048224013e-10 4.308374434768005399e-10 -3.751106213720603860e-11 3.377649291680764991e-09 -8.638224835293518947e-10 6.001102976491656044e-09 3.185766753364257836e-08 7.820529630508864769e-08 2.355617655638956905e-07 7.003824860307306669e-07 2.210880249703673162e-06 6.980620789537882490e-06 2.303746100949314977e-05 8.078218425869757393e-05 3.067624227150735853e-04 1.332475000366770915e-03
4.265066068673293437e-02 1.325122547882112917e-03 3.073280910763728389e-04 8.091981792503551054e-05 2.305186249759620120e-05 7.085346627949076278e-06 2.206202190312539328e-06 7.164815362874358469e-07 2.498300222367163618e-07 7.960423946479831447e-08 2.689884521546313419e-08 4.297129893790681461e-09 -1.263666231030616997e-09 -1.258266821024207733e-09 1.408822476638659542e-09 2.264612924357195931e-10 -1.037147803209831150e-09 -1.277868848642610934e-10 -6.843587315925033466e-10 4.285559057102687651e-11 -4.407262958590497359e-10 8.716375899870809696e-12 -1.421967662661183768e-11 2.702900884634571515e-10 3.301491546480473692e-10 -5.700024058894101548e-11 -2.884403650519444337e-11 -1.654322536575087495e-10 -1.849005658791102609e-11 -1.005420440575956295e-10 -1.642022971336642059e-10 2.319251064516165547e-12 -1.698132778780182584e-11 6.880330788849470364e-11 3.918161033138546484e-11 -4.620417278870509856e-11 6.778554036646224338e-12 1.571763162906013573e-10 -8.430001089349094049e-11 -1.504859284787202237e-10 8.580741398960844549e-11 -3.603151168829678453e-10 1.968549245322052367e-10 1.266066918020976778e-10 5.146555136765889160e-10 -6.778760220838815235e-11 1.385367863760060445e-09 -1.565318325657395290e-11 -3.937199295261705339e-10 4.251984523194582390e-10 8.430285352470928561e-11 3.329381046605000397e-09 -8.962131457723367796e-10 5.793810107372123446e-09 3.178913820884818758e-08 7.767233193397045541e-08 2.342727308478044580e-07 6.988698032434675875e-07 2.210083333246285227e-06 6.983810970874123322e-06 2.304692373782254053e-05 8.076468970641676305e-05 3.067916838201553914e-04 1.332883510536539027e-03
4.265013843920315018e-02 1.324704073937999936e-03 3.072416092937059647e-04 8.089780396257097693e-05 2.305248402339632344e-05 7.083970115932657362e-06 2.205679015741603301e-06 7.159130374197081754e-07 2.495303144668476741e-07 7.969880712634529311e-08 2.738298113213315771e-08 4.239827653376092904e-09 -1.292806673019973198e-09 -1.274459906923518819e-09 1.615913750512916306e-09 2.242665945779541214e-10 -9.958391397767750143e-10 -8.387839175978103856e-11 -7.160902585719309634e-10 1.439090134009175530e-10 -4.345459682647232449e-10 2.290745545150448645e-13 -2.752655674028208702e-11 2.879255045866342646e-10 3.267720184780120255e-10 -5.557519478703526418e-11 -3.054497015921751927e-11 -1.729228550314124512e-10 -1.816146900967859477e-11 -9.801282635424624526e-11 -1.538847384556904626e-10 7.403761078473220485e-12 -1.451124995875098075e-11 7.701478949298738548e-11 5.315701066937442330e-11 -3.887460565481647076e-11 1.755233829708094357e-11 1.542614420120927709e-10 -7.026876209063869317e-11 -1.476204351843876597e-10 9.774245899977478165e-11 -3.873569977924566938e-10 2.101815412008209923e-10 1.505195852947669232e-10 5.525955671062541577e-10 -7.375155598270941512e-11 1.337035696190569864e-09 -1.766761761474650100e-11 -3.858290345930843619e-10 5.119471477500331615e-10 1.095195311083658318e-12 3.235939403281930184e-09 -8.675708756633054866e-10 6.160933851257221194e-09 3.177495985395523317e-08 7.838174214243372241e-08 2.352772687591345011e-07 7.012849495859440373e-07 2.210519462083348814e-06 6.984978467238268635e-06 2.304187969191008408e-05 8.079121909044406245e-05 3.068271259453268893e-04 1.333196961158348475e-03
4.265027910709504044e-02 1.324727998005033802e-03 3.071940334319565847e-04 8.089982813753266930e-05 2.305152741934349972e-05 7.083665926305970218e-06 2.207513476380166395e-06 7.167637624940193756e-07 2.498794774993293836e-07 7.957326725166706397e-08 2.756171676191843229e-08 4.505509656388575582e-09 -1.270575865820173003e-09 -1.049120870281540579e-09 1.797849593525103576e-09 3.363416545840889133e-10 -9.253410534835018417e-10 -4.950218766266912228e-11 -7.232191026767423310e-10 8.609235835189498957e-11 -4.812645390704925035e-10 1.414816461159705078e-11 -9.211062111706097392e-12 2.872431660859646032e-10 3.408174739632103099e-10 -2.869476615142222712e-11 -3.731269477597268094e-11 -1.677957949564856088e-10 -2.175324281131797659e-11 -1.002072281456226118e-10 -1.575720386926137125e-10 1.699365241168013211e-12 -6.779600442804129839e-12 6.790620831966112666e-11 4.881214390998669117e-11 -4.960151082998849769e-11 1.696711557178540203e-11 1.751140289741562889e-10 -7.752138911360415952e-11 -1.689386042352640819e-10 8.624658948379732678e-11 -3.732680670229109347e-10 1.936857710327936791e-10 1.151114566391541787e-10 5.063700885925380922e-10 -4.825224977018386082e-12 1.347251540767977135e-09 -1.108106827288778216e-11 -4.682408990140581013e-10 5.208099037567307624e-10 1.918813342798717217e-10 3.549319288733543307e-09 -7.507891899286160293e-10 6.010334156485442948e-09 3.181880747350914227e-08 7.855815270638544567e-08 2.359426555152450891e-07 7.000603630252215474e-07 2.211414144756102873e-06 6.977927942127468785e-06 2.304510635160827265e-05 8.078701119071493748e-05 3.067415309185601152e-04 1.333218941590130465e-03
4.265167471978717484e-02 1.324445002284636288e-03 3.071663844308126427e-04 8.090504780420472593e-05 2.304139396037005542e-05 7.087700530182698167e-06 2.207087507018713190e-06 7.147182017988419300e-07 2.491213203015044156e-07 7.926122133004456657e-08 2.714808394121091029e-08 4.324257737633064015e-09 -1.473977372423120119e-09 -1.066981499227741319e-09 1.567996677115317690e-09 4.014390874443074596e-10 -8.983944619441714507e-10 -5.616053545092773508e-11 -7.548790928162310687e-10 1.188690155677551679e-10 -4.611698524336232385e-10 2.078405122191726909e-11 6.576502922452318418e-13 2.658199424614670014e-10 3.339614319236029967e-10 -4.249078209258300347e-11 -1.828562524332476433e-11 -1.603870186403517114e-10 -2.344876816371814604e-11 -1.027756796599447643e-10 -1.607257789872048310e-10 -2.846574588804036381e-12 -1.133710607955658307e-11 6.938259954149331999e-11 4.579383277953227540e-11 -5.028640915705711554e-11 1.722818849281485340e-11 1.708465732675864295e-10 -7.638904449007216050e-11 -1.401257249942204819e-10 8.383369952459717460e-11 -3.670240941499464298e-10 1.933160804155211235e-10 1.198112981289965005e-10 4.702770529238555191e-10 -7.153755406572964812e-11 1.390432218879582712e-09 -2.076288395026066886e-11 -4.213391733493100718e-10 4.535640371117829709e-10 1.451773230209320596e-10 3.267714949687049456e-09 -7.857407332037428523e-10 6.560437343651917496e-09 3.179469132824109459e-08 7.808865178507800271e-08 2.347217822863254910e-07 7.004069638289879206e-07 2.211223894928474067e-06 6.983138174401723045e-06 2.304094055244877039e-05 8.075724730556101182e-05 3.068453140404537238e-04 1.332677449486095690e-03
4.265012836748244968e-02 1.324970493600084384e-03 3.072361730515740580e-04 8.089610160582426488e-05 2.304713287842148360e-05 7.083078636125904674e-06 2.205145565058623443e-06 7.164952870038466877e-07 2.493743700176074714e-07 7.925042397987535852e-08 2.708708146717857589e-08 4.368268528525254964e-09 -1.309962516924444823e-09 -1.274064193282831381e-09 1.596382008422228340e-09 3.320717789735613911e-10 -9.741235339980806599e-10 -1.279323825222664161e-10 -6.656577912487339110e-10 9.168129119256914827e-11 -4.767432325677412597e-10 -4.587442551175314974e-14 1.177381848730497717e-11 2.999881919160067940e-10 3.459173323897553204e-10 -3.809726195447942928e-11 -3.197312759400110821e-11 -1.636187160234041528e-10 -1.665494742263105889e-11 -8.669157281103571699e-11 -1.556890717967091344e-10 4.148784141837980281e-12 -9.577735871683260989e-12 7.355026133959930688e-11 5.026191486243636467e-11 -4.815717423925059457e-11 1.286102070171734414e-11 1.643162019895829002e-10 -8.499110995170062972e-11 -1.526099471302498807e-10 8.498106754795067710e-11 -3.719064616432784623e-10 2.009050191755198754e-10 1.532208605879398111e-10 5.042067605277377155e-10 -6.801968815334562638e-11 1.302388321672144005e-09 4.825732656649329595e-11 -4.187125364994568862e-10 4.775816546286107417e-10 -3.759528098941859039e-11 3.272093150233564155e-09 -9.196518879630712222e-10 6.149294579024394340e-09 3.173728491308259731e-08 7.806173085912781120e-08 2.350701147554841869e-07 7.008932101763641932e-07 2.211872458391556427e-06 6.979362222347948439e-06 2.303780261083415449e-05 8.077833672283188675e-05 3.067920697149263362e-04 1.332859218869602387e-03
4.264973467794105910e-02 1.324850162862329771e-03 3.072069539116473983e-04 8.090447071808860901e-05 2.304972209303901448e-05 7.083306320400057541e-06 2.206259261288747050e-06 7.168468152396649588e-07 2.506969110669266734e-07 7.961966902430220703e-08 2.736851769915641991e-08 4.314767121188831393e-09 -1.106356024827448126e-09 -1.266308846124868096e-09 1.472514353019692161e-09 2.039002825660077267e-10 -1.000917568760966599e-09 -1.562686894809112596e-10 -6.892724247883916758e-10 1.076208083402063451e-10 -4.221907750135674225e-10 4.624024062161682406e-11 -2.271916762327423008e-11 2.849929281152960526e-10 3.271034750742027113e-10 -3.544174824640137206e-11 -3.925655502119067137e-11 -1.547299859437052638e-10 -1.653897120399141065e-11 -1.040877759954805258e-10 -1.598776553131450067e-10 -1.778680320058422135e-14 -1.412851921338011534e-11 6.133000614427407658e-11 3.755361203687841934e-11 -4.465479145812117588e-11 1.558687380656618835e-11 1.567495444848286742e-10 -7.241448206088013218e-11 -1.605922295732861819e-10 6.093274037126933722e-11 -3.751906206623920640e-10 1.622700916050318820e-10 1.392325035110265707e-10 5.001579614885979203e-10 -8.232826439656356351e-11 1.298372994422212210e-09 -6.203182019032306144e-11 -3.811778178948931480e-10 5.204334745669179087e-10 1.524772797581175836e-10 3.332523810915704035e-09 -4.391143615220337104e-10 6.258098664177265771e-09 3.192269351009812227e-08 7.836198611462569909e-08 2.350881836230387596e-07 7.007733611247141239e-07 2.209847965662092020e-06 6.983101774185690776e-06 2.304740003553740514e-05 8.079163195476929610e-05 3.068554705211436694e-04 1.332724333627141947e-03
4.265057159300595507e-02 1.324701543952805068e-03 3.072843939048120420e-04 8.090625935973427883e-05 2.305555218395160069e-05 7.084095113776880858e-06 2.204701965074788426e-06 7.164368038056044848e-07 2.491977985560689119e-07 7.905228335743693826e-08 2.722742134239387313e-08 4.181324942061904711e-09 -1.114700718458132639e-09 -1.039676430045834586e-09 1.545076962042389486e-09 3.505124639265374053e-10 -9.298555204570018112e-10 -6.233498350929323587e-11 -7.161855572803872650e-10 7.277181629204479997e-11 -4.957053478936755640e-10 1.107668131018148904e-11 -1.957187819183297295e-11 2.844940082808906367e-10 3.452173210351496661e-10 -2.849820006673111559e-11 -3.764450396314734684e-11 -1.523267628806773916e-10 -9.764991148488637051e-12 -1.006594143365112280e-10 -1.561019208580173170e-10 8.907440721017679773e-13 -1.799233948274748484e-11 6.677405203527385600e-11 4.818086274012676324e-11 -4.794759644914092139e-11 2.695391009452334688e-11 1.693487887705877975e-10 -7.224454348448037581e-11 -1.618519157982210605e-10 8.087671820896539233e-11 -3.734631384049733179e-10 1.882814681953408107e-10 8.990046002963554360e-11 5.302302253424517474e-10 -1.089683416511221386e-11 1.372716999553157309e-09 -6.799947051121160353e-12 -4.211205395751143005e-10 3.913346023176910587e-10 -8.474427122221911152e-11 3.230980864992145475e-09 -7.301543005859529623e-10 6.048475131356100785e-09 3.193769781776677163e-08 7.797190217623193480e-08 2.356540632099538620e-07 7.012817692228642169e-07 2.212861849313412369e-06 6.982180548901149876e-06 2.304774840173006884e-05 8.077832905220349918e-05 3.068540963614857530e-04 1.332464669776302346e-03
4.265007511813990321e-02 1.325032003354889142e-03 3.071787666270228961e-04 8.089661862303973612e-05 2.304865434326479367e-05 7.080855424532064932e-06 2.204972413065727052e-06 7.158190235426236689e-07 2.497373016843823073e-07 7.945245126000099552e-08 2.736009547966292140e-08 4.358285197807795985e-09 -1.238306826313456167e-09 -1.112771982679030801e-09 1.453431680916042819e-09 2.149890483190221770e-10 -9.141398806307856964e-10 -1.638807140659140089e-10 -7.109654094681931780e-10 1.280573386601900074e-10 -4.762577863512566314e-10 7.179605959285175102e-13 1.817448924381092359e-11 2.671430961538193513e-10 3.364405917759222613e-10 -3.102693413014222816e-11 -4.278111587175546019e-11 -1.452872481599183732e-10 -1.583108240866944392e-11 -1.029622938622070954e-10 -1.591488141122553769e-10 3.185730617673414892e-12 -5.529837198458616573e-12 6.756133278759017526e-11 4.868351317862003624e-11 -3.922457865449138362e-11 1.300632638987359145e-11 1.704038359624276911e-10 -6.878581174740981630e-11 -1.589101593420160143e-10 7.248850120181775589e-11 -3.745243327037086123e-10 1.914692735143361997e-10 1.510894987108451036e-10 5.532659489663218587e-10 -5.867413267359588964e-12 1.336764983601376158e-09 -4.085192035202668789e-11 -4.734908323472188334e-10 4.322995190741106100e-10 7.910889330118956616e-11 3.426184592092417286e-09 -6.504253188244370047e-10 5.925698259179862027e-09 3.138887577186466988e-08 7.795965908868103931e-08 2.360868877932835207e-07 7.001159515927390732e-07 2.212658305496146856e-06 6.985149756744190348e-06 2.304406211674138883e-05 8.076520340396964206e-05 3.067943924564495444e-04 1.333030635937205695e-03
4.265175130418629584e-02 1.325077652240314085e-03 3.071980852961109492e-04 8.088560303541776630e-05 2.305918109917356760e-05 7.082213399123180338e-06 2.204837450662618366e-06 7.154420661940715366e-07 2.494455053612909982e-07 7.941657914814759490e-08 2.704410702045380902e-08 4.483102878087022789e-09 -1.089120864973102449e-09 -1.184675961722389057e-09 1.589854521456156052e-09 3.915975823000678164e-10 -1.038759647980321624e-09 -1.885447151431640942e-10 -7.479546820207157442e-10 9.193932258981549174e-11 -4.401778833930663249e-10 -8.878863451816686501e-12 -1.389564880422827484e-11 3.014373854461783573e-10 3.480688007172471703e-10 -4.893482267562384163e-11 -2.569181736717678464e-11 -1.568221077561643806e-10 -1.215010719075346837e-11 -9.830551779169770298e-11 -1.525471775548304893e-10 1.100055511042699909e-11 -1.795183274383845746e-11 7.267091550803428384e-11 4.919474925410454144e-11 -4.894584872929431135e-11 1.195835291300788112e-11 1.593333608924424567e-10 -7.718795782154230119e-11 -1.582355926930026399e-10 8.123177141035672306e-11 -3.790663074028380796e-10 1.806435285903123812e-10 1.224275807091128162e-10 4.889797500694810248e-10 -4.273714480084247592e-11 1.328989590887727144e-09 -8.036245041664390807e-11 -4.457988230519581097e-10 4.223910943444748162e-10 8.173543264777262751e-11 3.374056190564939558e-09 -5.391344673579075097e-10 6.193830197815246807e-09 3.176998198614411609e-08 7.806460414479980329e-08 2.354440052634044483e-07 7.000587940012224829e-07 2.210559152792845401e-06 6.978311664494441637e-06 2.303932572495081686e-05 8.077008037858004054e-05 3.067021444840551509e-04 1.332320547941455565e-03
4.265037073911529669e-02 1.325421977868724384e-03 3.072649120127734254e-04 8.090691161222138023e-05 2.304656104963455238e-05 7.083513893953896661e-06 2.206845236035414416e-06 7.169222593989513854e-07 2.499704934207836767e-07 7.943680316566074368e-08 2.755771373318860779e-08 4.365180931401930334e-09 -1.096732987203467039e-09 -1.250188337081002506e-09 1.498523136987067658e-09 2.529074969810470223e-10 -1.040575643526719650e-09 -1.363736256323323082e-10 -7.288385792459998702e-10 1.126408349083003038e-10 -4.663542002548922340e-10 7.421141004035843080e-12 7.666085149742627003e-12 2.616370196487118512e-10 3.401395409806685187e-10 -5.315755391963293842e-11 -2.573987311139245245e-11 -1.648626794483093403e-10 -1.930361368235527070e-11 -1.019345445703241687e-10 -1.608828069905564823e-10 6.032359776721135286e-12 -1.831283513200913447e-11 7.378148192669944687e-11 4.844265024029791410e-11 -4.283298353550938616e-11 1.880178056446164813e-11 1.696352571889091986e-10 -7.829233333576449286e-11 -1.527740242943107610e-10 9.715267172795543116e-11 -3.731671463944675023e-10 1.797100537564481824e-10 1.320040471025325523e-10 5.210984933234927776e-10 -3.636182046923755221e-11 1.328041160794057090e-09 -3.342906581352807832e-11 -4.518642788150494193e-10 4.315989446534758882e-10 3.931728909147173745e-11 3.258843463690939445e-09 -5.267209498229230782e-10 6.024489939851039545e-09 3.175412089816340243e-08 7.810013482967118149e-08 2.359588281811506089e-07 6.999194455056378880e-07 2.210773190459636520e-06 6.983979804666336650e-06 2.304788979379968777e-05 8.078324847982782091e-05 3.068844999795452850e-04 1.332868503154420329e-03
4.265108450554053188e-02 1.324934704033176860e-03 3.072446432470104269e-04 8.090911850664433806e-05 2.304660554321295680e-05 7.083459647244539972e-06 2.206892416204901518e-06 7.155983986087859662e-07 2.502477325623118077e-07 7.966689437186914978e-08 2.759369656454158421e-08 4.134456075964154484e-09 -1.302498421386101582e-09 -1.203014126990210240e-09 1.564042965163067266e-09 2.989294271385480811e-10 -9.620462347371591017e-10 -1.189604497961188071e-10 -6.314978002909433711e-10 1.126431709059812427e-10 -4.573481047580834439e-10 1.007451670167493924e-11 -5.865063581695793703e-12 2.880086598410524869e-10 3.310493148012622666e-10 -3.868419315535345595e-11 -2.796678383261467767e-11 -1.576301653597727863e-10 -9.808524093543413291e-12 -1.028645649181191353e-10 -1.628786340486816314e-10 -8.638287244724215767e-13 -8.040433197412301295e-12 7.128070845384401031e-11 5.520617638334827799e-11 -4.302289369912351528e-11 1.101173191063899899e-11 1.752521316743096331e-10 -7.158718638072131462e-11 -1.516431623449298780e-10 8.095989039629404880e-11 -3.711696886503589664e-10 1.764202792576303998e-10 9.102156964555705063e-11 4.803445923604718501e-10 -3.145503866331489777e-11 1.304412102901341679e-09 -4.466899354744929317e-11 -4.579693216391029397e-10 4.542304861490115476e-10 -3.651464575881637701e-12 3.428599727021591620e-09 -5.809149196742096525e-10 6.109218211749731232e-09 3.169391198242843801e-08 7.847520498769971388e-08 2.353691164047326102e-07 6.994436036759377071e-07 2.208296267189143098e-06 6.981294757768838159e-06 2.303808399604280279e-05 8.075299885542042881e-05 3.067205234040903776e-04 1.332629663885421568e-03
4.265119615660456498e-02 1.324533561547798412e-03 3.072813305549058362e-04 8.090186927420803861e-05 2.305185309535120368e-05 7.082289505426771922e-06 2.206390057235232902e-06 7.178093701883308253e-07 2.496853335687067276e-07 7.976994687992897551e-08 2.758340078534004835e-08 4.466293010214336413e-09 -1.287455851185374570e-09 -1.337219885186111155e-09 1.610154117500091462e-09 3.103370821992837265e-10 -9.990603676429950172e-10 -1.175246955700751465e-10 -6.909911486931110498e-10 1.440357391495773934e-10 -4.297202494985481902e-10 1.133427068462227250e-11 8.280079272391947168e-12 2.608276303745070638e-10 3.441216645453792296e-10 -4.572058017923040961e-11 -3.605750854908476411e-11 -1.515032669433526288e-10 -1.209042049710545349e-11 -9.615163825175837862e-11 -1.569474534903642555e-10 5.963036472039260063e-12 -1.144559984177826045e-11 7.310872348918940523e-11 5.374467606192909766e-11 -4.171423171021920318e-11 1.406663359846620183e-11 1.725092365237263860e-10 -7.603032729009426627e-11 -1.640572271846954030e-10 8.393078029796318660e-11 -3.693187170689034471e-10 2.030888245979416063e-10 1.200032615897748019e-10 4.939551028464667383e-10 -3.162715872759786934e-11 1.292538458952312610e-09 -7.906559740659111041e-12 -5.193114201680273241e-10 4.237764537382717218e-10 8.103442692891452149e-12 3.297423817345857034e-09 -6.851303068097973594e-10 6.329317867181498737e-09 3.240904049769745069e-08 7.842255291661801709e-08 2.354017351921549537e-07 7.006629349883755659e-07 2.210895172318823348e-06 6.985026268942786668e-06 2.304431086753136779e-05 8.077349826733206469e-05 3.067113558219681743e-04 1.332867639242984016e-03
4.265015850388605839e-02 1.325253450163775808e-03 3.072682845918408971e-04 8.090104948550540503e-05 2.304794494844477024e-05 7.078642422544213818e-06 2.205503414815647193e-06 7.150945970559765222e-07 2.493634550521778023e-07 7.894749573533592457e-08 2.745697347990733503e-08 4.768740740305844865e-09 -1.167277705765458192e-09 -1.339683472024563654e-09 1.556992722123926984e-09 2.049220851690045119e-10 -9.856416856310328038e-10 -1.437263921618234522e-10 -7.584588914051890950e-10 3.866629047126718501e-11 -4.748203947625036476e-10 -9.703923464450860737e-12 -2.124345480671384483e-13 2.887108223597600289e-10 3.641103552444564035e-10 -3.659582453782731680e-11 -3.120807923912752108e-11 -1.546536107567819656e-10 -2.187642415009840397e-11 -9.167075984790436636e-11 -1.484209946070959579e-10 4.146203822190784810e-12 -5.347008243809014014e-12 7.118939574706289201e-11 4.715451346548741202e-11 -4.776741826835446676e-11 1.379150892990998524e-11 1.641586705102005813e-10 -6.571254437628949492e-11 -1.414318022506371372e-10 8.382368999054157607e-11 -3.618073024560700848e-10 1.932421115148940110e-10 1.432072271568595239e-10 4.902113050956948998e-10 -1.977173205000792585e-11 1.346540682268553288e-09 -3.296146445089633313e-11 -4.985600386958147842e-10 4.885514956690255140e-10 -6.555001009347093272e-11 3.326295252394222291e-09 -6.756144117208293296e-10 6.397566593542102127e-09 3.228533786901004339e-08 7.807716333600715788e-08 2.352834849811862756e-07 6.998925756332100935e-07 2.211060108749684320e-06 6.983941584921068104e-06 2.304465339924341083e-05 8.076996734037200133e-05 3.066562044714180816e-04 1.332488192653052093e-03
4.265001649310825454e-02 1.324817086853552180e-03 3.072389844113169901e-04 8.090780928570174256e-05 2.305130033169715078e-05 7.081235856883228897e-06 2.206500301425438919e-06 7.157299240753915501e-07 2.490760093692614517e-07 7.942198792405634039e-08 2.743814827613265622e-08 4.247739194841719701e-09 -1.501073775825244215e-09 -1.192737457558708787e-09 1.626962115041939863e-09 3.033191630998402935e-10 -1.035667099114062999e-09 -1.470254690781729851e-10 -6.899394787043674204e-10 6.466677686354903773e-11 -4.808088142038166490e-10 -2.855303579350304768e-11 -9.307874475287243071e-12 2.703110120658537720e-10 3.404966139958374048e-10 -3.758673006487967439e-11 -3.121417301498928150e-11 -1.534183264095825661e-10 -2.240776122594620024e-11 -1.045262367861835623e-10 -1.597322966867297466e-10 -1.741554752580463482e-13 -9.742723846461517342e-12 7.416150959229699493e-11 5.535261969872887371e-11 -4.100861641854700991e-11 1.113198892409787542e-11 1.803340685262491344e-10 -7.047589542581537714e-11 -1.531584383504807237e-10 8.446113463055315733e-11 -3.899928230797352447e-10 1.859956106807698151e-10 1.633782916926796858e-10 5.231847339650132609e-10 -5.549421538986298961e-11 1.345617865798590825e-09 -3.987340705490551803e-11 -4.110435410099539347e-10 5.667418265086494434e-10 6.480788132921628606e-11 3.323296952604977193e-09 -6.897706343649155650e-10 6.086610220938907570e-09 3.191926253527057975e-08 7.850030581257743642e-08 2.355091164716366986e-07 6.989700695227929209e-07 2.209926816094786885e-06 6.979074397781661486e-06 2.304342718805150664e-05 8.076054117415977160e-05 3.067468229712903924e-04 1.332562580107537987e-03
4.264999940591971545e-02 1.325091423100305471e-03 3.072150886655812844e-04 8.090431996164484918e-05 2.305789337042485077e-05 7.085555092435798999e-06 2.208300634056015207e-06 7.164285538075044166e-07 2.499690245649104271e-07 7.939080481895940644e-08 2.746178617533401611e-08 4.610356056469393398e-09 -1.226973031421924721e-09 -1.177697992557014745e-09 1.599226799181410156e-09 2.208373081487889902e-10 -9.994595690058396709e-10 -1.145704221485927829e-10 -6.027014829493139975e-10 8.817699046282981580e-11 -4.809672841322019735e-10 -3.022981282693418700e-11 1.024627465380928625e-11 2.855291028237308109e-10 3.406089273293028070e-10 -3.545256289138863038e-11 -3.000861610583563077e-11 -1.588491248235909180e-10 -1.182389197927426149e-11 -1.024985070261727110e-10 -1.637921506030141990e-10 4.263420190931586771e-12 -1.068676707962165805e-11 7.118155436194843719e-11 4.704441773706117533e-11 -4.498144547740046295e-11 1.918148318749510537e-11 1.632403511528889548e-10 -7.905672693650144192e-11 -1.643251305008589039e-10 8.468188476999964652e-11 -3.811573537891248977e-10 1.700036358553405733e-10 1.386620932274009224e-10 5.306306562727264349e-10 -6.537016586115584238e-11 1.318625066597094130e-09 -3.387471483654164333e-11 -5.512765157018747112e-10 4.138222136252282175e-10 -1.578720332169475583e-11 3.250515214194413294e-09 -4.931531419551419071e-10 6.001324365490442022e-09 3.150079550446149919e-08 7.833050377344645587e-08 2.352144678485042214e-07 7.007704514265263945e-07 2.211574906777009957e-06 6.984928802664986834e-06 2.304903852877498082e-05 8.078408117920602132e-05 3.068183367151408386e-04 1.333180393208738355e-03
4.265090360743752085e-02 1.324930312589619325e-03 3.072471873685715259e-04 8.090020545402322114e-05 2.305149963914912897e-05 7.080415137453369479e-06 2.204973631457245557e-06 7.153486710527021846e-07 2.501746497578792876e-07 7.967774085890725434e-08 2.702107834209270116e-08 4.223618238068068764e-09 -1.211968021957284250e-09 -1.122783688535100174e-09 1.556920050596640259e-09 3.109372206439756025e-10 -9.372099502730910917e-10 -9.277196706586767934e-11 -7.405178551908358422e-10 5.248050971232318443e-11 -4.709802314686186994e-10 -3.133668621043952830e-11 -8.078189193501200059e-12 2.962326579825213543e-10 3.560840729459856669e-10 -4.944543510431845087e-11 -3.276758067818533723e-11 -1.682392423856796757e-10 -1.247398472161772192e-11 -9.779195081396222147e-11 -1.598774632682178733e-10 -4.604289497032284451e-12 -8.890823189288114167e-12 6.638428203117931736e-11 4.290184938249021157e-11 -4.736855094078366255e-11 1.817648791144240944e-11 1.681345182955219861e-10 -7.469200337376357818e-11 -1.478793419725364976e-10 7.413748018533521358e-11 -3.700717507331901315e-10 1.924356021846998318e-10 1.202822835612631420e-10 5.197810750399394537e-10 -4.415621255049591293e-11 1.341275389670994374e-09 -5.204709457241923318e-11 -4.247917826644471431e-10 5.570212757211223049e-10 1.726592523091443003e-11 3.335980585975578379e-09 -5.638245372238227175e-10 6.389363780404865034e-09 3.170015446804154343e-08 7.823792791322046116e-08 2.354531508957711426e-07 7.005508833736277517e-07 2.210704508328166091e-06 6.987319088188769547e-06 2.305274161276941691e-05 8.080253829559892157e-05 3.068405673840117454e-04 1.332740694826047402e-03
4.264944444445448180e-02 1.325139308917550962e-03 3.072010763171486745e-04 8.086514000839935701e-05 2.304174484857575035e-05 7.082371577171020895e-06 2.207271381115833315e-06 7.157969819565420761e-07 2.487098474437430207e-07 7.872930525578392340e-08 2.715567877059182204e-08 3.908625496892321510e-09 -1.484804553828578255e-09 -1.426294424669365577e-09 1.397189452640727619e-09 3.140676254090204435e-10 -1.002686553601713250e-09 -1.026507261715595028e-10 -7.145934614538955723e-10 8.081310843836952340e-11 -4.789290350550845026e-10 -1.966472460528557756e-11 -2.051169629485684845e-11 2.633792531680426473e-10 3.404289649719199820e-10 -3.452679294311303097e-11 -3.343820637898945239e-11 -1.506287210463808241e-10 -1.510554561046701814e-11 -1.011284548969557174e-10 -1.611631050441609158e-10 3.430029321771809813e-12 -1.658867811426398373e-11 7.273431408339066207e-11 4.163098541846450282e-11 -5.097197373485886914e-11 1.062221313370747022e-11 1.675859163682693723e-10 -7.743201010059468290e-11 -1.586003108734383990e-10 9.287054644947922064e-11 -3.890747569367566202e-10 2.111065389807080098e-10 1.643481056744177417e-10 5.201141746469968097e-10 -4.838360811733833630e-11 1.361898233021110506e-09 -4.339657241487238966e-11 -4.063029821964142540e-10 5.886654746066407737e-10 7.417619487811552165e-11 3.458509602377192754e-09 -4.949666478223098962e-10 6.211009819943073910e-09 3.180081539493807029e-08 7.813327011097716052e-08 2.357433544848888107e-07 7.011542425794070484e-07 2.210721437237934106e-06 6.984382179764956554e-06 2.304917081023676276e-05 8.078902091517436589e-05 3.068765009355637892e-04 1.333262193891780875e-03
4.265116555988485852e-02 1.324545587960217295e-03 3.071773939422860222e-04 8.088184015897007775e-05 2.304953958198268065e-05 7.080814604447989869e-06 2.205794069829928491e-06 7.153968782629246031e-07 2.493082873298011523e-07 7.953562414660687545e-08 2.725245448782678236e-08 4.123154450358723775e-09 -1.388212152768845621e-09 -1.327404722330794708e-09 1.642771750554129992e-09 2.999784891765579094e-10 -9.743945225928663442e-10 -6.214982139809522946e-11 -6.705729891873442378e-10 1.055548823868464462e-10 -4.997639949610880287e-10 -3.331179574849786935e-11 4.323209775267288375e-12 2.736237357867348655e-10 3.488349851699076550e-10 -4.137319383179521070e-11 -2.509308475614679797e-11 -1.524786989769337374e-10 -1.545140154827622857e-11 -9.674502007719927667e-11 -1.602566983602261623e-10 7.785043769374688041e-14 -1.812894846438074026e-11 7.271806269713206625e-11 4.382140185922980741e-11 -4.007792908858747526e-11 1.447280636140502161e-11 1.684932244307664059e-10 -6.701714342785555641e-11 -1.588413923934032154e-10 7.307675540769439759e-11 -3.955680666721446501e-10 1.951501871046972881e-10 1.313076127660263240e-10 4.877709737015295758e-10 -5.699819552550967397e-11 1.320283065591841958e-09 -7.477349139387814927e-11 -5.047235702533793503e-10 4.473630066929678540e-10 -5.366850844804086533e-11 3.393348629404972144e-09 -6.474600177179095458e-10 6.190997073282267767e-09 3.170751575259266736e-08 7.839048130609699483e-08 2.357997249309503660e-07 7.010950462035387089e-07 2.211063210068665624e-06 6.984429210157938049e-06 2.305358701119958830e-05 8.076543683580214019e-05 3.068135383994970958e-04 1.332818888278450948e-03
4.264995254861549817e-02 1.324978046667899456e-03 3.072625542499137462e-04 8.090202824067012984e-05 2.305591081187808615e-05 7.085429371945270016e-06 2.207296805194513258e-06 7.165578610528965477e-07 2.497668533195496498e-07 7.989179521358156372e-08 2.720216571025499402e-08 4.336857956402315512e-09 -1.255130668773896517e-09 -1.240686401064504597e-09 1.670987259889178924e-09 3.481045043636450189e-10 -9.909653773107914060e-10 -1.549475213576864443e-10 -6.481759749892081761e-10 5.469837289949521643e-11 -4.308091856648946243e-10 -1.801984158878318391e-11 -1.490019858239085620e-11 2.632554691465961720e-10 3.299869053005288621e-10 -4.737833752140945900e-11 -3.488429936645077610e-11 -1.505322515748760338e-10 -1.149780679744633151e-11 -1.060980530933494077e-10 -1.584534935302613138e-10 4.841572507908033425e-12 -1.585664114611304804e-11 7.602501994354499015e-11 4.303718314675222234e-11 -4.657363842534443969e-11 1.926652815950283429e-11 1.689179539926058760e-10 -6.962730585517290657e-11 -1.457594981912548111e-10 9.606097521469258535e-11 -3.758354156376402539e-10 1.977356664969751262e-10 1.345161521612020366e-10 5.223671314101440712e-10 -1.772581656094622657e-11 1.311371498582321674e-09 -8.854146001422441899e-11 -4.963909266569042516e-10 4.740797045256117220e-10 2.351933055053298182e-11 3.154645706340120537e-09 -7.281951184696284994e-10 6.086569833946521582e-09 3.217067678682594459e-08 7.838244416873280380e-08 2.355699039239274220e-07 6.995469957761711691e-07 2.211533540397623134e-06 6.986552270001115567e-06 2.305392456834629228e-05 8.078433346498162509e-05 3.067953286523937713e-04 1.332742538936656194e-03
4.265098259694471983e-02 1.325017228405116817e-03 3.072411945267272270e-04 8.089079386919534982e-05 2.305672795030129618e-05 7.080513536296446484e-06 2.205342830704773362e-06 7.171024702412724072e-07 2.497746470401420179e-07 7.928194929581780810e-08 2.725532902050822658e-08 3.942825886857752005e-09 -1.383051168547517308e-09 -1.142369360215524906e-09 1.601131753091380094e-09 2.955361395273567683e-10 -9.750242821480218383e-10 -1.324813171223837452e-10 -7.039069566651511586e-10 9.720367808962751517e-11 -5.059574426923091627e-10 1.525525042102152449e-11 -9.812681123673432105e-12 2.749852482125459150e-10 3.342268164087438707e-10 -4.477761723975217453e-11 -3.275950286395180410e-11 -1.652904225295626340e-10 -1.669656326080595426e-11 -1.002668395067974547e-10 -1.588674946254938723e-10 -2.366544516375282111e-12 -1.743592671251832613e-11 7.088578570352561881e-11 4.281278554376023336e-11 -5.084164949365075677e-11 1.334780027016397124e-11 1.571463667387907070e-10 -7.756743809950773811e-11 -1.686828782004118003e-10 7.227626958524311073e-11 -3.902800481748038885e-10 2.078050019388675799e-10 1.379325672059858063e-10 4.966660401491177530e-10 2.902778479798951538e-12 1.317832118765936401e-09 7.159891009752354197e-11 -3.593346685890836733e-10 5.366182239395998531e-10 7.810267601470198255e-13 3.381461718311632382e-09 -1.087496128818677874e-09 6.105581598709383194e-09 3.196969702579434405e-08 7.854716823205728458e-08 2.359022182887639744e-07 7.005118681762112987e-07 2.211063324173918140e-06 6.987388311204994530e-06 2.304140961505174185e-05 8.078713971523136578e-05 3.068012034584927756e-04 1.332920180880739014e-03
4.264942267684475319e-02 1.325167962504758329e-03 3.070877225500002962e-04 8.092126074344528793e-05 2.306400706468400701e-05 7.086852440064261132e-06 2.206761464889730355e-06 7.157878549271608645e-07 2.493285725198112335e-07 7.942719026706235612e-08 2.723150930123202531e-08 4.488497046267937938e-09 -1.351039205446187007e-09 -1.131366352877598259e-09 1.610485505932305986e-09 4.134215211545314503e-10 -9.693782189243359318e-10 -1.290286236261637612e-10 -7.275135932162494170e-10 9.167046427385214067e-11 -5.057433216773495633e-10 -3.381255944969047931e-11 -1.951169179424928838e-11 2.614698836805626873e-10 3.277090059772952426e-10 -4.480109638196457656e-11 -2.652878922908109513e-11 -1.664707287114160411e-10 -1.430644390780128496e-11 -9.952863197767899940e-11 -1.620151135947817278e-10 6.169784577165834913e-12 -8.341912266604517494e-12 6.872788381566472431e-11 5.053421233092037069e-11 -4.320267940638354575e-11 1.212290851435406641e-11 1.619736957389636399e-10 -7.920944587859840485e-11 -1.501733942331554004e-10 8.612597668297423014e-11 -3.835396443851439551e-10 1.787772713675152187e-10 1.261235977399874543e-10 4.967504043158045986e-10 -4.402884481168616291e-11 1.344853772572096200e-09 -1.919722631899594151e-11 -4.176975851973593079e-10 4.403153018759237095e-10 -6.496580972344234143e-11 3.265299569159726186e-09 -5.239905400291553181e-10 6.127089998346264727e-09 3.167227757739038426e-08 7.767122485732757368e-08 2.347602340733741440e-07 6.995598256288606586e-07 2.209374220209719480e-06 6.981643736524285906e-06 2.304714235844690780e-05 8.080080078255011855e-05 3.068516576114430224e-04 1.332825582337548130e-03
4.265083688458026073e-02 1.324700204472146299e-03 3.071655314847523445e-04 8.090652503214120427e-05 2.304399108642643111e-05 7.078278664722931776e-06 2.203459700927485072e-06 7.144835252838327515e-07 2.488404996523693776e-07 7.962334116629549421e-08 2.732465370502007836e-08 4.262005763102653956e-09 -1.349907590436079653e-09 -1.327892558602856047e-09 1.643583937950585586e-09 2.763965829912216961e-10 -9.886947017961305460e-10 -4.682342746603960630e-11 -6.251519906326552679e-10 1.080591000466895346e-10 -4.513877914406108356e-10 3.430377580572239778e-13 1.267413126285942266e-11 2.862674891736532073e-10 3.522474624904441162e-10 -3.052577028010297297e-11 -3.134038336959457919e-11 -1.504487587169239268e-10 -1.621885265515844857e-11 -1.071194089414720236e-10 -1.635484248751977636e-10 5.433707632133501922e-12 -9.185250097652757802e-12 7.278301853309345475e-11 4.476782761913589019e-11 -4.931421237421063212e-11 8.464737912267630248e-12 1.755883841114867912e-10 -6.104709740034636570e-11 -1.532183686829027911e-10 8.329542095504695916e-11 -3.865013131270256661e-10 1.875942632393618812e-10 1.516040377761015338e-10 5.002162307334747112e-10 -6.670972471101862182e-11 1.266123334770212158e-09 -8.862820870830178992e-11 -4.573822690460082633e-10 4.688903428273113841e-10 4.292268897671730223e-11 3.276665698853428298e-09 -6.980285951736602257e-10 5.990056029978979881e-09 3.146460554679441044e-08 7.829018968947648667e-08 2.348977486308719680e-07 6.992048385718636944e-07 2.209957366383490089e-06 6.987725208732679256e-06 2.304627365056262112e-05 8.078118524483612428e-05 3.068458798831336185e-04 1.332288139186555993e-03
4.264959729667765903e-02 1.324971184930603041e-03 3.072873174575050542e-04 8.091049043102103977e-05 2.304621508695690115e-05 7.084588238434169402e-06 2.206200697206986936e-06 7.156417273747089917e-07 2.494936457816762886e-07 7.929761825261610559e-08 2.730094876476881365e-08 4.642296324635373878e-09 -1.337848594477498063e-09 -1.364067604467611469e-09 1.481881014301385514e-09 3.086885446235207667e-10 -9.591620527237074991e-10 -1.704001786577869093e-10 -7.341387996162910145e-10 1.169104312138811281e-10 -4.436682035673027537e-10 -3.365768410983083637e-12 -2.527720878844436439e-11 2.956270673090016780e-10 3.443667028211766173e-10 -2.057647520463709620e-11 -3.205632218039314420e-11 -1.622700963387325574e-10 -1.322502502169582765e-11 -1.031825533205823183e-10 -1.593511054603624673e-10 8.539198505131792723e-12 -9.336369097277901697e-12 6.906110564689892762e-11 4.271509512039494379e-11 -5.205524803793557808e-11 1.679704525320273174e-11 1.681635289695975508e-10 -7.038075120151215165e-11 -1.592058099070631402e-10 7.789228338521739885e-11 -3.896720264311475024e-10 1.822875489263272348e-10 1.394095772329830141e-10 5.012865772822250971e-10 -8.232314819751756760e-12 1.330069034517694850e-09 3.019360879288409834e-11 -4.824696196223563291e-10 4.928004576313401670e-10 1.369356165640093139e-11 3.354398088114992994e-09 -5.554069749331362153e-10 6.043112975189213375e-09 3.196610876849646053e-08 7.820638494363019487e-08 2.350834644700757609e-07 6.991482413214324687e-07 2.209093702611980430e-06 6.978596142662005550e-06 2.304979437302875737e-05 8.077320657853248576e-05 3.068228843436307117e-04 1.332971297336565811e-03
4.265055516492142346e-02 1.324960445729701005e-03 3.071501391158602823e-04 8.090675902920476477e-05 2.305292044905756513e-05 7.084688956042572165e-06 2.208276856443663154e-06 7.166312462211510900e-07 2.504544832886581138e-07 7.971591384540261991e-08 2.727242025850135214e-08 4.229897145829288313e-09 -1.136198657886112123e-09 -1.257715501575290915e-09 1.667271806996390947e-09 3.208316360177686728e-10 -1.022922647868312793e-09 -8.287082485977464795e-11 -7.157368422349926297e-10 1.251376960069471361e-10 -4.720469736486908740e-10 -1.501767169044026108e-11 -9.574539148955248701e-12 2.870677719590095852e-10 3.452558276871877451e-10 -3.611424207654972186e-11 -3.634383834277228465e-11 -1.579336264736658786e-10 -1.445480936042544992e-11 -9.961162479733363494e-11 -1.569799392318440762e-10 7.334970710066806428e-12 -2.266824185768120705e-12 7.533969568337105618e-11 4.767624191374738222e-11 -4.263728213131607476e-11 1.011234164541340694e-11 1.665126182931385930e-10 -8.348457203762134547e-11 -1.613849696138216602e-10 8.339952845344555145e-11 -3.897383289104056909e-10 1.703266543314206550e-10 1.272270094208789389e-10 5.060481056416886283e-10 -2.974149939345084122e-11 1.344687465939606881e-09 1.423969562434554857e-11 -3.839926717061218324e-10 4.607616836918362764e-10 1.894971947185804195e-11 3.358132338005850293e-09 -7.302590149718636329e-10 6.295499430517081529e-09 3.207942556786335385e-08 7.853153545495820300e-08 2.354590064163736958e-07 7.004289292083923516e-07 2.210623664609114450e-06 6.984871767234864026e-06 2.303648314153910275e-05 8.075489264445747566e-05 3.067624724949202797e-04 1.332606850336309464e-03
4.265176800397156576e-02 1.325229889050593161e-03 3.071989060327642851e-04 8.090318310206242355e-05 2.305012104634681603e-05 7.086004749120563042e-06 2.205575581591617724e-06 7.165072333489503863e-07 2.498504686328540301e-07 7.983559180095610159e-08 2.746425468780436379e-08 4.354306502434147440e-09 -1.056181566413430819e-09 -1.203218510811256443e-09 1.639088267167233055e-09 2.405989902807865366e-10 -9.639821607520504036e-10 -1.075891798232926161e-10 -6.526991816836200482e-10 7.658721434152019031e-11 -4.546845105064944825e-10 1.065024992310724409e-11 8.578371698633326074e-12 2.549201428754361337e-10 3.379510494582512204e-10 -4.583940018896292551e-11 -1.850879690412854192e-11 -1.540303552269945305e-10 -1.849169555343490335e-11 -1.020080208861740088e-10 -1.575860492478677814e-10 5.315383124419170275e-12 -2.220927174332907082e-11 7.187868863242299903e-11 4.530912627450359822e-11 -4.134724506582516945e-11 1.662373012868457301e-11 1.689140492386576004e-10 -8.358375345764688807e-11 -1.587525808632648005e-10 7.277676362420579822e-11 -3.766888574083445073e-10 1.912071733449753589e-10 1.497754190091507346e-10 5.354427325285120742e-10 -2.603121506967080228e-11 1.316693686664499260e-09 -5.627262423432906109e-11 -4.598400846331426091e-10 3.752294270532846147e-10 8.239244970400439569e-11 3.401853910676553959e-09 -7.327581929624738097e-10 6.221122074524096067e-09 3.170220491398268330e-08 7.839306401923044027e-08 2.357082697490903474e-07 7.002910703801115371e-07 2.212628409746136745e-06 6.983854257882259925e-06 2.303765539186297597e-05 8.079471731398055201e-05 3.068084626461924547e-04 1.332872013164598454e-03
4.265016481629404360e-02 1.325205485122774723e-03 3.072863484823161223e-04 8.092914656947267462e-05 2.305421457394573906e-05 7.085541126262684894e-06 2.205610357215139473e-06 7.154004229142058455e-07 2.501227952975034813e-07 7.993972589922676823e-08 2.724304961362519043e-08 4.238044329709099638e-09 -1.364332282415234839e-09 -1.186284593977673686e-09 1.573817487679260043e-09 3.520264912854579051e-10 -9.537933553922209491e-10 -1.003023406514253074e-10 -7.229186467618076273e-10 1.040586407122506040e-10 -4.414498241970128246e-10 -4.762151462942211942e-12 4.558841207499144991e-12 2.837478233502809195e-10 3.538184498371279269e-10 -4.941058337560371786e-11 -2.628458336551204026e-11 -1.544271970964410983e-10 -1.447313457941541131e-11 -9.796145155431448003e-11 -1.589634676706610359e-10 4.599803685966033901e-12 -9.787576310627830644e-12 6.541684849394873946e-11 4.420170506835630773e-11 -4.701663389841549837e-11 1.175089552869495822e-11 1.639901778009233014e-10 -6.876210572965684274e-11 -1.632629964771171935e-10 9.385548613580828818e-11 -3.867601427803523755e-10 2.037509098406064991e-10 1.082970529364161015e-10 4.818088958598218349e-10 -6.267082549070165311e-11 1.297444825311837482e-09 -3.534483931635885641e-11 -4.389489356187590473e-10 4.387427820452184924e-10 -2.323808690252770181e-11 3.263830977412543590e-09 -7.135705793665832889e-10 6.072646720604556927e-09 3.154796504945970078e-08 7.856968465625205045e-08 2.352356993793752007e-07 7.004748348568879480e-07 2.211816315894127703e-06 6.981981744878992429e-06 2.304381796986812808e-05 8.078489233318004840e-05 3.067395419785548007e-04 1.332944257259563664e-03
4.265027155678365739e-02 1.324772085769484065e-03 3.072522223949160597e-04 8.090241943443989025e-05 2.305590217790854315e-05 7.087369809754946242e-06 2.207716465184540488e-06 7.168185333354385547e-07 2.502767698265607110e-07 7.912647289831594313e-08 2.731471716089623025e-08 4.353800182774857575e-09 -1.378431817617339753e-09 -1.262786486098230841e-09 1.541747589451865244e-09 1.731704563770689249e-10 -9.568794056753336663e-10 -1.360100317673639537e-10 -7.323598064149787768e-10 1.104173700953942411e-10 -4.675957303735179777e-10 -1.284347105888443384e-13 -5.503289908545909478e-12 2.817644030638379806e-10 3.578324381924517561e-10 -3.199635423172696625e-11 -2.471343033925917510e-11 -1.526369281877047160e-10 -2.463067585367456311e-11 -1.011761354806758089e-10 -1.551457641975800891e-10 5.726759936510807593e-12 -8.231902130173150904e-12 7.117720083432802747e-11 4.508703641384017724e-11 -4.375108979422185243e-11 1.985013332929884134e-11 1.686130303019472941e-10 -7.005179062097676989e-11 -1.531406785779913586e-10 9.510925528902599020e-11 -3.686543405997027510e-10 1.754080603958440603e-10 1.496082790368651484e-10 5.148661309884251300e-10 -6.907806183051793167e-11 1.289863478248700572e-09 -2.331408826765563165e-11 -4.441774726951884353e-10 4.622183675199935748e-10 4.839028232652854031e-11 3.448671936531383332e-09 -4.761338401491619982e-10 6.306265879061193255e-09 3.194239122341029135e-08 7.806022234546714893e-08 2.354589923972173067e-07 7.001292424238066484e-07 2.210574753581322799e-06 6.981228807684315548e-06 2.303905204536688787e-05 8.078474348896454464e-05 3.068226482206990119e-04 1.332425082943366080e-03
4.264983550146540792e-02 1.325107107838606382e-03 3.073170148431247613e-04 8.090920033949624776e-05 2.304325051290846162e-05 7.085887150198154434e-06 2.206758635991999004e-06 7.159287835544211920e-07 2.492558430996820185e-07 7.959389299100116187e-08 2.741186239690877645e-08 4.212428933723726088e-09 -1.469974736977173775e-09 -1.383260955426679253e-09 1.604377685628610242e-09 3.279586626621094196e-10 -9.855792049355379155e-10 -1.469326304032370647e-10 -6.831681717820758905e-10 1.124083246938447892e-10 -4.516874395326808897e-10 -1.343877097050079123e-12 -1.225083250124277631e-11 2.662974321711899049e-10 3.354208225228169597e-10 -4.978393596308166802e-11 -3.100706711770759897e-11 -1.593734868125568322e-10 -1.372189295725387909e-11 -1.058300219437214465e-10 -1.618814343169879682e-10 6.729676491548104837e-12 -1.360387262041024355e-11 7.128644066504885053e-11 4.469894792402170777e-11 -4.655470841975193640e-11 1.248518565204029101e-11 1.606099953611584086e-10 -7.546934552902199282e-11 -1.482519535595266167e-10 7.488911655853890297e-11 -3.889177589392454888e-10 1.900249089621615181e-10 1.370755512423762016e-10 5.373791222659272517e-10 -7.599850652923016840e-11 1.271177946865375201e-09 -5.700723032157122187e-11 -4.843665456741622993e-10 4.121954975935350352e-10 -4.577257228143934420e-12 3.204881529570401052e-09 -6.328434950898331752e-10 6.245285582881613745e-09 3.166927264866559119e-08 7.753607282422173792e-08 2.352808759368136991e-07 7.011983330077503980e-07 2.211208072466979593e-06 6.987764467643525867e-06 2.305383073553953673e-05 8.080978437469250820e-05 3.068657712075618113e-04 1.332741146905510893e-03
4.265173331500976550e-02 1.324809035146948862e-03 3.072694681857770279e-04 8.088799129024844064e-05 2.305211473829126478e-05 7.082557892176867994e-06 2.206212251059825745e-06 7.156819125068222840e-07 2.498229669379561725e-07 7.955995062857711140e-08 2.723424087902486017e-08 4.334700411090674757e-09 -1.439379091813293357e-09 -1.233971421206487537e-09 1.628426193975709731e-09 3.270502346376696991e-10 -9.813403465966323221e-10 -1.737833359740777686e-10 -7.191940700593152707e-10 7.227195849941756397e-11 -4.618613996529880934e-10 3.547702128875934831e-12 -1.342831472023616311e-11 2.750520475256230751e-10 3.473836981270790295e-10 -4.024676499000871491e-11 -3.163840813754288013e-11 -1.574971594786016299e-10 -1.985919233891537636e-11 -9.697192235666129395e-11 -1.589887064803431624e-10 5.382390986471028732e-12 -1.227824242724695473e-11 7.360440458413218089e-11 4.734520440101730368e-11 -4.403165979750648070e-11 2.273077557096609993e-11 1.681985906306731290e-10 -8.095952738905456779e-11 -1.596589187152906344e-10 9.173545027872069980e-11 -3.829129829987856428e-10 1.910617111187178367e-10 1.301536202374848012e-10 5.296343396535537619e-10 -3.667344851981824394e-11 1.362654712058103880e-09 -5.591041301656050804e-11 -4.240506279531704873e-10 5.460225080270400872e-10 5.809559214892899667e-11 3.409237708994248092e-09 -6.869096754374288850e-10 6.066785166412071509e-09 3.153684331919653709e-08 7.794605673621241725e-08 2.356489440173352208e-07 6.995252104081953479e-07 2.211898123388347263e-06 6.984067002469358023e-06 2.304756576269804440e-05 8.078874483110528031e-05 3.068305578892508161e-04 1.332535334535303682e-03
4.265056264295118832e-02 1.324822025733932152e-03 3.071922334997516206e-04 8.090016547792919861e-05 2.305173975466812253e-05 7.083618932414678421e-06 2.207922425313038386e-06 7.162397637092175638e-07 2.498811603191561753e-07 7.964877744364936063e-08 2.723594508985802176e-08 4.236088670055103122e-09 -1.248861800471616118e-09 -1.285067051276610669e-09 1.474774599648769893e-09 3.656127535366061489e-10 -9.393765596694914003e-10 -1.264106843458489318e-10 -7.078850742889112959e-10 1.080582889670943940e-10 -4.553745679819044940e-10 -2.519000764710418797e-11 -5.907149110885886908e-12 2.724754215247338464e-10 3.510119840444347139e-10 -3.000664469404025431e-11 -2.724218098765192851e-11 -1.659848564861457979e-10 -1.791494548993379471e-11 -9.655251438825945988e-11 -1.608582763440598958e-10 8.267000552343187528e-12 -6.685086784969244456e-12 7.449338429549315636e-11 4.670388643828061211e-11 -3.826383928228214212e-11 1.660753775341325099e-11 1.673385994617727882e-10 -6.944494923775145889e-11 -1.650928373326685952e-10 8.421458661968390387e-11 -3.777687980680637510e-10 1.824138570275835689e-10 1.282591257713199269e-10 4.837696981179999967e-10 -6.480267586977484177e-11 1.299230732722212534e-09 -6.721098542292219575e-11 -3.929748792190578666e-10 4.139301532740796431e-10 5.818942242473520531e-11 3.421113882505582088e-09 -6.578133266894822294e-10 6.172182711997325978e-09 3.184298145425904465e-08 7.815631611894254690e-08 2.353052060363280333e-07 7.007497638311927020e-07 2.211744989525767296e-06 6.984026834914915968e-06 2.305692865613309601e-05 8.080371401822263164e-05 3.068369741421313277e-04 1.332879892049030485e-03
4.265053013034236784e-02 1.324823484354773016e-03 3.072493014362808286e-04 8.090542151882074184e-05 2.305211209744815418e-05 7.086553811385039471e-06 2.209112975356223417e-06 7.168858092742004997e-07 2.496870975953751297e-07 7.988180490263298792e-08 2.753129701572833199e-08 4.487103241217461696e-09 -1.281947241716139429e-09 -1.321849679824772708e-09 1.417403429288189022e-09 2.034796334930360599e-10 -1.047344428830128499e-09 -2.014868049342090827e-10 -7.578630893390804361e-10 1.134099815121170891e-10 -4.365689348167439097e-10 -2.150023669401894234e-11 -9.076335947121137385e-12 2.672962011053192413e-10 3.379149608858680364e-10 -3.680093226384066881e-11 -2.557077293075195041e-11 -1.527848275650071804e-10 -1.467640427162495850e-11 -1.004204009907618719e-10 -1.565285105580686001e-10 4.810056563869020909e-12 -1.818344966915147829e-11 7.312096470501047183e-11 4.552225424045131363e-11 -4.736099508480229567e-11 1.638271862401668330e-11 1.678019662562041397e-10 -7.851142348879895982e-11 -1.545189505844459623e-10 9.003347667803761025e-11 -3.774774958565872773e-10 1.921155509571851850e-10 1.148699075833406065e-10 4.994087464728913729e-10 -4.929515049299683278e-11 1.298501219247547369e-09 -5.741008312405470771e-11 -4.309173679080075663e-10 4.593036155484171071e-10 1.055355004770991706e-10 3.188722215315252769e-09 -7.133894125245240164e-10 6.179183550208367677e-09 3.212822150184454430e-08 7.799543071057881409e-08 2.359690345823521228e-07 7.014231219367841175e-07 2.210714530149907728e-06 6.986687268490459538e-06 2.304829578419823790e-05 8.080235721470871663e-05 3.068076875729061409e-04 1.332700755456681617e-03
4.265105008179025797e-02 1.324816805189254175e-03 3.072405371538840008e-04 8.092572793484815693e-05 2.305151776536031028e-05 7.081157594737877692e-06 2.207827769428473838e-06 7.153496021642476249e-07 2.500731267474167631e-07 7.966055416051194729e-08 2.717853281576812845e-08 4.024155170370569138e-09 -1.314133982337822553e-09 -1.171672856639762881e-09 1.502439504687759793e-09 3.658141949807592874e-10 -1.010894404664474129e-09 -1.108720014481964790e-10 -6.943322977055025474e-10 7.226594100299769195e-11 -5.051927458877672663e-10 -1.981476708047710889e-11 -7.254687881167228470e-12 2.810635470150452478e-10 3.427746857002969285e-10 -5.045758340707543831e-11 -2.713327306038893462e-11 -1.552421524737843687e-10 -1.119003806019725311e-11 -9.753194336389179766e-11 -1.572577673180130424e-10 -1.791177705896436163e-12 -1.657684492774068150e-11 7.648852246484736603e-11 5.334921973526091356e-11 -3.745312307035550164e-11 2.115739491380732765e-11 1.708462525749487560e-10 -7.387477787715927619e-11 -1.473449803816680987e-10 9.351038991363667107e-11 -3.896932564309511144e-10 2.057845115783203903e-10 1.238367158817859643e-10 5.251594927881276224e-10 -6.865908184182632803e-11 1.312725700171075581e-09 -1.505427574130181167e-11 -3.305203140414005188e-10 5.441960488006572069e-10 1.175111712372805333e-10 3.311496634059458827e-09 -5.812316156891877844e-10 6.155488730498935635e-09 3.210087038904795243e-08 7.854107193146819026e-08 2.355896884900330846e-07 7.005705492114109654e-07 2.211449151603217277e-06 6.978363949118438452e-06 2.304631393223360156e-05 8.077968445343978749e-05 3.067216025938650312e-04 1.332577906366358422e-03
4.264965410784391647e-02 1.325079286146851063e-03 3.073096977855652450e-04 8.092929602603568561e-05 2.305791160105468611e-05 7.085580762496229873e-06 2.209437656795489918e-06 7.166971791506804805e-07 2.496424930538303149e-07 7.928234621275756952e-08 2.711163505830244669e-08 4.336075973161236788e-09 -1.113376221186285204e-09 -1.112146726520100011e-09 1.653039423610915736e-09 2.622190326411786188e-10 -9.506143923783719442e-10 -1.406130083265816052e-10 -7.054021995361914992e-10 7.003715841276488229e-11 -4.973980035269531088e-10 -2.620228344301410963e-11 -1.011120585529661125e-11 2.746656129212220204e-10 3.532568652259120433e-10 -2.914447991413707907e-11 -2.911323151104157961e-11 -1.590604545811712903e-10 -1.351714936186104584e-11 -1.063975479126420198e-10 -1.570312977469196576e-10 3.686137902031599086e-12 -1.010730645901024622e-11 7.521304095768188793e-11 4.644862246832218289e-11 -4.332062896749495554e-11 1.999015636664550898e-11 1.702302922227592773e-10 -7.360431909970287275e-11 -1.500234250950893185e-10 9.276614401784057032e-11 -3.756604890348593454e-10 2.081137430865065628e-10 1.489515406796906359e-10 5.030639547835009401e-10 -3.423523732284725509e-11 1.404644945549098647e-09 -7.095935202821375471e-11 -4.525701307460300375e-10 5.090241250638170233e-10 -3.676612597412462629e-11 3.469377987893497103e-09 -6.894799342444807336e-10 6.428664081817795556e-09 3.186794178764433952e-08 7.871319493796368159e-08 2.349285730448306333e-07 7.014744129567870405e-07 2.211242160528976887e-06 6.986633370213627509e-06 2.305007707249375035e-05 8.078399641789811775e-05 3.067422094721501680e-04 1.332864555143214612e-03
4.265106421758985827e-02 1.324815970141272675e-03 3.072687366112076038e-04 8.091406027978464098e-05 2.305500940289831945e-05 7.083801509243771124e-06 2.207434676304388737e-06 7.163423399721000969e-07 2.495508952572232318e-07 7.947723769137063569e-08 2.713021655815173337e-08 4.284538014159641284e-09 -1.642921989965186576e-09 -1.273269820724421116e-09 1.598273059123201461e-09 1.650719028276456732e-10 -1.072917343153988590e-09 -1.178813663656264302e-10 -7.101813804819438257e-10 1.052379404175105380e-10 -4.768330537452542352e-10 -1.486841011398158763e-11 1.289416419982605060e-12 2.932472554827033861e-10 3.275833649344175201e-10 -3.918827397956124077e-11 -3.231550714216396687e-11 -1.586210051836490846e-10 -1.297038297257130120e-11 -1.066907640373593639e-10 -1.571358299261706630e-10 8.627271181768296436e-12 -1.029352557610503366e-11 7.093273208775337577e-11 5.051974506452581850e-11 -5.265147450871351591e-11 1.264997367466936017e-11 1.612387458454477555e-10 -7.516169740344821187e-11 -1.675031371283749783e-10 8.904993056439710998e-11 -3.733535969378230409e-10 2.017982704357732872e-10 1.335553130774659854e-10 5.227044070269156620e-10 -4.323964939333822530e-11 1.275681459167062390e-09 -7.540865762964724058e-11 -4.276928832373944142e-10 4.762162957569437486e-10 -2.997602605769147551e-11 3.287998307294562640e-09 -7.100407339015839976e-10 6.114183421380157892e-09 3.190148552837608995e-08 7.817848786936923921e-08 2.355154992401472195e-07 6.991394819888734539e-07 2.211166803232075238e-06 6.980629001358627168e-06 2.304427174831511592e-05 8.075175456631452839e-05 3.066771551597674041e-04 1.332716321120367775e-03
4.264997440294380354e-02 1.325001074375088466e-03 3.072583001904024072e-04 8.088903210128521668e-05 2.305441831689433447e-05 7.084660607701928631e-06 2.207101610999053895e-06 7.164703899410119849e-07 2.500682536860969297e-07 7.906820472719287550e-08 2.695648873827159744e-08 4.331089507042619487e-09 -1.178601551095304096e-09 -1.073003057320134683e-09 1.479788973705640391e-09 2.943326173854216123e-10 -8.937264179934005068e-10 -1.320820480217746676e-10 -6.849517109127043305e-10 1.091969761967696021e-10 -4.867044673346213478e-10 -2.043684188369718644e-11 -2.037019671738177592e-12 2.950781467677950736e-10 3.479146284985401007e-10 -4.567304521567021535e-11 -3.552119544866750326e-11 -1.519750261429522801e-10 -1.574909404340964467e-11 -9.846021106035295939e-11 -1.625255054939979388e-10 -5.449202050999933544e-13 -9.200006099773056722e-12 6.972028732471866453e-11 4.415461179528334873e-11 -4.494111190662181428e-11 2.332844527916486097e-11 1.725484037997476105e-10 -6.683929709868211720e-11 -1.612612967305379924e-10 8.740702893574380468e-11 -3.639971870486999950e-10 2.185765127023126188e-10 1.413537771539306454e-10 4.885556042436440198e-10 2.824335571066672914e-12 1.385906654223556488e-09 1.125228482934573042e-11 -3.933040110349335920e-10 5.059432975122950771e-10 -3.025697858057751627e-12 3.539854812611119738e-09 -5.866056196854576791e-10 6.378944634528934255e-09 3.212263399975674767e-08 7.832493065357795995e-08 2.354528729130044753e-07 7.008163885721874565e-07 2.212589864574611347e-06 6.985346287794351458e-06 2.304892487638035307e-05 8.079668340531195880e-05 3.068874365586868151e-04 1.332835924181525892e-03
4.265127201459549544e-02 1.324790769244360003e-03 3.072147873828734639e-04 8.088434978373026669e-05 2.304476958887775759e-05 7.080499816712713409e-06 2.207209979423694886e-06 7.161459176577386885e-07 2.501440873398958899e-07 7.937244455151080193e-08 2.751016670950051149e-08 4.319779010456315510e-09 -1.232918736767362543e-09 -1.247072298559824399e-09 1.489111110918057799e-09 2.728642771529338390e-10 -9.577882058179999674e-10 -1.095202455105165059e-10 -7.027990953310899939e-10 1.034349783175547176e-10 -4.912891358368978543e-10 1.728725676597563698e-11 -1.745855679759600074e-11 2.772358391425456044e-10 3.408065249559502164e-10 -4.008131290686617165e-11 -2.427836685148671324e-11 -1.554686868859394242e-10 -1.354763638646167886e-11 -9.987037663559951829e-11 -1.569291191354834310e-10 6.718159226446294685e-12 -8.685166800536458544e-12 7.208933172122631272e-11 4.613490802969888856e-11 -4.236961338940758510e-11 2.436343701776323566e-11 1.714557626369032396e-10 -7.028204398165885235e-11 -1.579705656207959557e-10 8.979493399351799223e-11 -3.736075801285982431e-10 1.935360465700977023e-10 1.577462276064418805e-10 5.176646801153777492e-10 -1.240518477305880157e-11 1.367866033549876048e-09 -3.057406371978898510e-11 -5.056980100258447904e-10 4.719398657032119270e-10 1.628501179006591648e-10 3.403449473689341115e-09 -6.671786225608345650e-10 5.899010676847635377e-09 3.191403587231495340e-08 7.784746851790462312e-08 2.357430176060189377e-07 7.010478709540957381e-07 2.211406804095167355e-06 6.983359839127053702e-06 2.303903934324004837e-05 8.077574104355925069e-05 3.067719178622303473e-04 1.332751278157150165e-03
4.265031949413009699e-02 1.324594611616591476e-03 3.071733117607145696e-04 8.092147496328028753e-05 2.305366828053882492e-05 7.081304852734583069e-06 2.206116229744579061e-06 7.155974922501678822e-07 2.493020108954338139e-07 7.884121063693366927e-08 2.746206936616014731e-08 4.318747170777422192e-09 -1.165342128036133646e-09 -1.183768982942745842e-09 1.689164913758004918e-09 3.070800111173460914e-10 -9.231999925402297165e-10 -1.032927610879438882e-10 -7.079341190703352301e-10 1.392282409736969032e-10 -4.431089656101882085e-10 -1.648326799581035318e-11 -8.395790552092760112e-12 2.902020091002576570e-10 3.483836416416828445e-10 -3.014208615012931427e-11 -3.402378072134311838e-11 -1.534129506977078475e-10 -1.544131717237265694e-11 -1.080511276527288181e-10 -1.537750277190652013e-10 4.005597136569922219e-13 -1.223414179439603153e-11 7.380563324638756603e-11 4.281405857121246904e-11 -4.284602556341286369e-11 1.527790229978636634e-11 1.658720266980039632e-10 -7.532846988595202918e-11 -1.503491361670694377e-10 8.589933270077937339e-11 -3.785690004783534387e-10 1.989342198007695280e-10 1.507417886482969753e-10 5.104105694109161449e-10 -5.779462945711035747e-11 1.287710469563933043e-09 -1.462965915077323050e-10 -4.547594314747314934e-10 4.593145796332105605e-10 -1.657756579522286678e-11 3.148425769924400272e-09 -6.895276268750751023e-10 6.235874847929561333e-09 3.206737848907688324e-08 7.867405894040758847e-08 2.353679735914596036e-07 7.012150771706173279e-07 2.210188281463790963e-06 6.983222774662809352e-06 2.305121693156168296e-05 8.081449376510000358e-05 3.068682464843376233e-04 1.332761492292327361e-03
4.265043042609343443e-02 1.324730478402374881e-03 3.072230962405472928e-04 8.089486956358975527e-05 2.304992359230787380e-05 7.085618221906622881e-06 2.205903369666738350e-06 7.159496268220661434e-07 2.497321000327062131e-07 8.026922613633945706e-08 2.724982848374862644e-08 4.499307417139702428e-09 -1.219029490385412896e-09 -1.182280330361308353e-09 1.643141964515227845e-09 2.362488868013556477e-10 -9.998642680455714546e-10 -1.673236372278990085e-10 -7.177822441005409131e-10 1.101646476788316874e-10 -4.564864482793661478e-10 2.681588510545851675e-12 -2.252059071447938492e-12 2.663187916933598995e-10 3.359315359404249578e-10 -5.531242457916912167e-11 -2.906634650680545768e-11 -1.619573390359474834e-10 -1.686528513693940898e-11 -1.039224518952316124e-10 -1.518280159476215528e-10 4.844516035950690890e-12 -1.494730769207259256e-11 7.181873131800812746e-11 5.355743152772060672e-11 -4.161032192777992448e-11 2.355689345788012538e-11 1.694068043664685698e-10 -6.993246622211001414e-11 -1.479853794031004661e-10 8.274811265897632451e-11 -3.778979102893060610e-10 1.790983304968264276e-10 1.070901519620929225e-10 4.943260963023256304e-10 -2.460056557046774366e-11 1.354798612725119155e-09 5.676390317815136255e-12 -3.178478094036724769e-10 4.966281122572575301e-10 4.865845675981213839e-11 3.434196966594070114e-09 -4.896696444730273194e-10 5.937854533563548922e-09 3.195717042610408068e-08 7.807582989137217617e-08 2.357139546935317382e-07 6.996264436104135918e-07 2.211946142312969607e-06 6.987517080682576981e-06 2.305683727069432216e-05 8.078556003718155316e-05 3.068289878730068505e-04 1.332896418748082080e-03
4.265066590326210827e-02 1.324594253023502009e-03 3.072658167723598495e-04 8.089821803487990196e-05 2.305040115710821127e-05 7.084457115552511195e-06 2.205957032963410743e-06 7.161586269727414980e-07 2.497716541330798977e-07 7.965124788532221037e-08 2.723481740686728327e-08 4.414747686953403774e-09 -1.174596903662824306e-09 -1.220980524900219496e-09 1.603278424978523066e-09 3.630834499218209011e-10 -9.594075829824442347e-10 -1.451837253420678322e-10 -6.522075860384789992e-10 1.301634068229164524e-10 -4.332283591213103301e-10 2.862165773978970030e-12 8.573338988797950708e-13 2.922931067999304422e-10 3.457437349713909543e-10 -5.072185609010124178e-11 -3.046471132771900942e-11 -1.513014903443377156e-10 -1.768765534334985029e-11 -1.025737916168429278e-10 -1.629353556631856411e-10 6.953025209908092935e-12 -8.248887322497922913e-12 7.104078824799449622e-11 4.356738981720833275e-11 -4.371256087203532268e-11 1.998303589216294484e-11 1.702875471366207172e-10 -7.687780947932648424e-11 -1.565541871000464466e-10 8.435602746666055422e-11 -3.775620245475846909e-10 1.893429104027743529e-10 1.059577472387919985e-10 4.849460732863565553e-10 -4.406142134635314390e-11 1.290030494105840684e-09 -4.363468715344946766e-11 -5.022127978739010102e-10 4.357552029436369013e-10 -2.342412250123777561e-11 3.402775760269780244e-09 -5.967619010889715933e-10 6.012179342998340887e-09 3.161557349652929379e-08 7.839214536822957570e-08 2.350466617303610026e-07 7.002416132431419228e-07 2.210336790041383152e-06 6.985797164102826811e-06 2.304730631610689049e-05 8.080024962083586838e-05 3.068205373779716769e-04 1.332533206206550427e-03
4.265084194125361161e-02 1.324326161405933126e-03 3.071260235455329415e-04 8.086947960458385875e-05 2.303567634451534512e-05 7.079584936942548976e-06 2.206452979238998149e-06 7.157156016580190636e-07 2.505285025749398386e-07 7.929667740434699791e-08 2.720865543989342704e-08 4.220053539041560478e-09 -1.176637778491240366e-09 -1.284240188514005310e-09 1.560996335040535569e-09 2.453311627839557271e-10 -9.511295100053035630e-10 -6.038687690751448461e-11 -6.754470440814251819e-10 1.349664999049401157e-10 -4.388245505632510535e-10 -1.850496405768290710e-11 4.449163279410317676e-12 2.858396962558530615e-10 3.448506266864752157e-10 -3.478728148903872722e-11 -3.154380935460439616e-11 -1.565988066940886767e-10 -1.575777772569430324e-11 -1.032333236292261468e-10 -1.631176060252309496e-10 8.750767796113290977e-12 -1.454143935945498572e-11 7.669240904802279460e-11 4.850612153608647414e-11 -4.733026719304912258e-11 1.200242235741550598e-11 1.727497680021184546e-10 -7.629688253461867606e-11 -1.625979509659536847e-10 8.143322376100630849e-11 -3.837545068765699607e-10 1.689104174488146196e-10 1.052517970583620466e-10 5.170190424059466321e-10 -3.594921448800131691e-11 1.342106988996495358e-09 -1.154037554895239094e-10 -4.796365050076405149e-10 4.979168939409728583e-10 1.338900325886923266e-10 3.268786882871293624e-09 -6.052873428408711900e-10 6.182494829330276968e-09 3.208825714079177342e-08 7.867434538207100698e-08 2.355123006821320449e-07 7.016487264414955127e-07 2.211888794340956339e-06 6.989226291051421368e-06 2.304585854307998610e-05 8.077424889467660699e-05 3.068495792130255129e-04 1.332759918695021082e-03
4.265004809289071885e-02 1.324989673851896315e-03 3.073179530229343173e-04 8.090361137628851093e-05 2.305786467107828129e-05 7.084331940005046105e-06 2.207582296219446744e-06 7.166061597104178081e-07 2.500527280483072304e-07 7.974012712250344574e-08 2.727275168779869622e-08 4.514568839057016848e-09 -1.276270843121675198e-09 -1.042760787759604295e-09 1.686954710415561626e-09 2.158368629268561728e-10 -9.784386470291218604e-10 -1.241334615246669008e-10 -6.891125448930872948e-10 5.111236265746307273e-11 -4.594044462346909718e-10 -2.322457667945557412e-11 -3.822446559464987262e-12 2.768595466696850593e-10 3.404708323623841851e-10 -3.519721652294505087e-11 -2.851101636434304094e-11 -1.587749953291334914e-10 -1.417306930794277960e-11 -1.054124140977395693e-10 -1.595637848717442729e-10 2.407276649321051832e-12 -1.632018858792402634e-11 7.205780290854026767e-11 5.238218226059320667e-11 -4.189398922054801867e-11 1.955258754821153756e-11 1.616560630629394711e-10 -8.184022650372255523e-11 -1.575832134920794586e-10 9.304088629490684911e-11 -3.832452655047837586e-10 2.048179510107414668e-10 1.302597985971264824e-10 5.422263485300179257e-10 -3.401201989131392527e-11 1.329696868932440685e-09 -3.573396818551963997e-11 -4.551322180989103128e-10 4.400619950699580490e-10 -6.087538866652020845e-12 3.310072481438997526e-09 -7.011625673448990834e-10 6.033594651189913663e-09 3.188018080947471499e-08 7.816344254911529838e-08 2.350798009759538240e-07 7.003026371473198093e-07 2.211576467499798994e-06 6.981814272733139951e-06 2.304771006502614704e-05 8.077831544335212157e-05 3.068447018816861994e-04 1.333230789966339440e-03
4.265022790479668785e-02 1.324618238190459173e-03 3.071857037094449577e-04 8.087670679266172698e-05 2.304375238745890096e-05 7.081319464800749960e-06 2.206934020547288899e-06 7.167953216114746004e-07 2.500519678030551363e-07 7.973552117925045194e-08 2.789852144940601917e-08 4.378433166805292820e-09 -1.061031897218710233e-09 -1.254283156967713193e-09 1.637531613284531518e-09 2.843111090375586645e-10 -1.027510139849472469e-09 -7.108025973922316599e-11 -7.353240775823933073e-10 9.552906745837830072e-11 -4.591172077813650012e-10 -1.237472927126981015e-11 -6.194782190145490040e-12 2.721537534703070566e-10 3.611120175846208341e-10 -3.536692680826398629e-11 -2.728848494736365229e-11 -1.572096775578901096e-10 -2.227449728207498574e-11 -9.377627348945141380e-11 -1.612832050454844838e-10 3.730743827758783962e-12 -1.398868902113774032e-11 7.071677885960149497e-11 4.781328828521851101e-11 -4.201295570740095527e-11 2.075344905191131233e-11 1.662420904066093063e-10 -7.431455944828255983e-11 -1.475058125832406578e-10 8.904213531764489843e-11 -3.615150596903592847e-10 2.038222237114437994e-10 1.308723356647864145e-10 4.653126246947916831e-10 -5.762404639054131264e-11 1.330497243587268300e-09 -6.019746201654635693e-11 -5.058985314245477523e-10 5.340315663175236719e-10 -3.181005241144537050e-13 3.379551614756814107e-09 -6.891473337173825949e-10 5.923174986434025235e-09 3.205885429488335946e-08 7.807603021074319365e-08 2.357527095356716926e-07 7.004312203500660756e-07 2.213252268830655265e-06 6.983237394429610265e-06 2.305725561830445332e-05 8.081470485228859854e-05 3.068707967273318353e-04 1.333019510414692674e-03
4.265081031484704854e-02 1.324908229737179009e-03 3.072314524152831199e-04 8.089186161222287528e-05 2.305283774706486704e-05 7.085501971074792819e-06 2.205213134877631243e-06 7.177769565375798179e-07 2.503523483470849412e-07 7.980000703855704444e-08 2.719024731420425783e-08 4.459059965956874524e-09 -1.206949437649849021e-09 -1.035098869874227606e-09 1.605792817168153835e-09 3.374573522038082687e-10 -9.562962975882521009e-10 -1.298272930507653541e-10 -7.191927708961659340e-10 8.045464286467764850e-11 -4.273543001473536477e-10 2.012408709954887443e-11 -6.098576649105774274e-12 2.688169851236120806e-10 3.396037788254603794e-10 -2.489841660592332051e-11 -2.785852074924546785e-11 -1.605542553963415077e-10 -1.820501251654679902e-11 -1.024394629663195359e-10 -1.613554107661545605e-10 1.773018597876159707e-12 -1.338139985443447510e-11 7.669758827271942626e-11 5.231394428727661518e-11 -4.814691495642252845e-11 1.924509213772719594e-11 1.739901457455986948e-10 -7.774073635582224131e-11 -1.375761471875379590e-10 7.887375778518167900e-11 -3.600390603631963745e-10 1.864795444055171079e-10 1.063932862363358576e-10 4.884921504106117306e-10 -5.548994930333430714e-11 1.313833404481026854e-09 -3.891869947055102145e-11 -4.356393617558590777e-10 4.659496190840795461e-10 -3.782834793426326173e-11 3.264301607100129274e-09 -5.797357302964612310e-10 6.129024726474847164e-09 3.170236963962004580e-08 7.818692356451354746e-08 2.349524334016405053e-07 7.002613373668582589e-07 2.212103587327176591e-06 6.982741369066750121e-06 2.304310248439905902e-05 8.078669912516284071e-05 3.067663323116486679e-04 1.332998896720589011e-03
4.265115904481871223e-02 1.325013546430481044e-03 3.071995862177201702e-04 8.090745011285982934e-05 2.304979504529704564e-05 7.085135501091311918e-06 2.207392281729594460e-06 7.160810049011056574e-07 2.482096004761480854e-07 7.897353299793763656e-08 2.733229417170580802e-08 4.243962727863652891e-09 -1.290177371050335386e-09 -1.368423137696837639e-09 1.721746297060922474e-09 3.283694210964374409e-10 -9.176078022826827795e-10 -1.327901761275584229e-10 -6.873352366221207207e-10 6.659875095580290391e-11 -4.543351707098534650e-10 7.559624510744422476e-12 -9.092941315506984670e-12 2.691187686977761770e-10 3.400397368865029031e-10 -4.103670326039134949e-11 -3.331672856842774987e-11 -1.530365746063553344e-10 -1.951244766144994873e-11 -9.758045384485257388e-11 -1.578145618994858514e-10 1.841414150390216293e-12 -9.549445279652752778e-12 7.343878839928316300e-11 5.165456191866019039e-11 -4.468746854895622448e-11 2.515391160624438111e-11 1.683281950905476880e-10 -7.308455187290281876e-11 -1.388213525152286994e-10 9.216296789942180623e-11 -3.612858021128500736e-10 2.052744058914103687e-10 1.474426442703574286e-10 5.032794963538074940e-10 -4.034026668325201137e-11 1.329418471749365766e-09 -9.367213583628754423e-12 -4.928890414172464955e-10 4.381879263253516604e-10 7.171248379924174313e-11 3.362179045541947490e-09 -5.521923933370867109e-10 6.300823844113362295e-09 3.186652392668089149e-08 7.794335834617942756e-08 2.361700096276752990e-07 7.002874238470001265e-07 2.212674853187918655e-06 6.986470353289336576e-06 2.305168743131226603e-05 8.078127510880033532e-05 3.068486281060949948e-04 1.333046275667288099e-03
4.265209156749660835e-02 1.325195216227276467e-03 3.071997655970528469e-04 8.088719401389426490e-05 2.304687395128676258e-05 7.080980545790353414e-06 2.204982950996936017e-06 7.156064996055914393e-07 2.494178561006706839e-07 7.946337997990056025e-08 2.743936736081728128e-08 4.082540242319013339e-09 -1.250537580708050763e-09 -1.437052873913731739e-09 1.651333483546969199e-09 2.548083187170966719e-10 -9.307218930142067683e-10 -9.196282565725554300e-11 -6.771395410691024233e-10 1.234151383182916518e-10 -4.981095819103181415e-10 8.113789037967295808e-12 2.034943298657393310e-11 3.064063066690500508e-10 3.406029919156512689e-10 -3.892904184047072036e-11 -2.418110217777463001e-11 -1.540344814881617035e-10 -2.037579376753930032e-11 -1.015908664459868646e-10 -1.560347249685069951e-10 6.490919472049637468e-12 -1.571580962209287580e-11 6.710376212804859922e-11 4.507931725273836147e-11 -4.523781422514639592e-11 1.930499220603395317e-11 1.629199166881437215e-10 -6.910191201811308839e-11 -1.577724345034206841e-10 8.189677480877511539e-11 -3.578614574014010762e-10 1.987306443672166016e-10 1.415746156430781938e-10 5.259280318482256584e-10 -2.962507059656302886e-11 1.358784091891954543e-09 -1.273458340030943703e-11 -4.422570035471927851e-10 4.136505043987929187e-10 1.129634244788927025e-10 3.335943090317628125e-09 -5.045400759416416472e-10 6.194802686328232467e-09 3.166010279087977784e-08 7.847827539819940131e-08 2.354481048523456820e-07 7.003002660229457019e-07 2.211209696661269431e-06 6.985226580697944895e-06 2.304988630109652906e-05 8.076845159204413789e-05 3.067967752139770174e-04 1.332564791561213335e-03
4.264910186137273879e-02 1.325178435451613776e-03 3.072530064489220245e-04 8.091547401360567706e-05 2.304983580121131747e-05 7.084342951814909790e-06 2.206739699841817864e-06 7.159691351518028728e-07 2.499512603875599807e-07 7.973578882231937667e-08 2.720464397588201408e-08 4.385203879427564578e-09 -1.320614176906728177e-09 -1.118534946735787300e-09 1.557171547628107558e-09 2.855023114308918672e-10 -9.940777760544359314e-10 -1.504252439038138216e-10 -7.238578751164126073e-10 9.764155562118070083e-11 -4.685613072122723234e-10 -2.260487908996463874e-11 1.132694561325370877e-11 2.732933844120479593e-10 3.271747344289202624e-10 -4.142728427387822313e-11 -3.907478972954732726e-11 -1.602150714801394374e-10 -1.478155838272906755e-11 -9.968196615710121409e-11 -1.622284922135658594e-10 9.086442945860483970e-12 -1.115892708352720816e-11 7.150477574014463833e-11 5.059191032671223806e-11 -4.442386982230354682e-11 1.831755210343793715e-11 1.585372432028598616e-10 -7.504270269212964108e-11 -1.534269628424756711e-10 8.212403645332316447e-11 -3.969999756395543531e-10 1.994114887707122158e-10 1.134825452795282212e-10 5.181222447416460979e-10 -2.221191168075577087e-11 1.369142715532130961e-09 -3.920066370684124533e-11 -3.756186380359576380e-10 5.964877665721460336e-10 -3.709191566909872515e-11 3.397851683823707568e-09 -7.882291298365772643e-10 6.081789408181585702e-09 3.206261916034101580e-08 7.836783043093608133e-08 2.348585937811480824e-07 6.995585893156258263e-07 2.209456917053223818e-06 6.982289333605260309e-06 2.304506334034876435e-05 8.077062911589441715e-05 3.067880489103471850e-04 1.332963059661701520e-03
4.265039118118696404e-02 1.324951323732229819e-03 3.071803966915488010e-04 8.091218744216012828e-05 2.304569050215608776e-05 7.081916487791764151e-06 2.206997449776089875e-06 7.166516022883778092e-07 2.500724807136028233e-07 7.943361028612290864e-08 2.723263952048636431e-08 4.363733016016811845e-09 -1.324652748981463787e-09 -1.248068234484064610e-09 1.648137364533362813e-09 2.972692949410762656e-10 -9.669370309936608200e-10 -1.293624533836479131e-10 -6.859745314689719311e-10 1.040066653354467916e-10 -4.588859946406641596e-10 7.971442923165618224e-12 -4.061796732610331486e-12 2.901615818761102176e-10 3.484001167344623990e-10 -4.768639251928669236e-11 -2.785937350689260349e-11 -1.610332204943689743e-10 -1.955271903519600085e-11 -9.839886945562574181e-11 -1.565096596417882937e-10 1.431062853457021426e-12 -1.020797791315571824e-11 6.896806111469606951e-11 4.600213268135912577e-11 -4.690727330321031603e-11 1.215645595756895238e-11 1.719554296511379516e-10 -7.211474202451643871e-11 -1.505525908707728713e-10 7.723881583833914068e-11 -3.675300336095194429e-10 1.727364423415932204e-10 1.131968177645689324e-10 4.922098087788260038e-10 -3.864508696073891060e-11 1.339591669977449731e-09 -6.903737884443040447e-11 -4.372398493732192304e-10 4.812599393678190404e-10 2.584064267387161737e-11 3.346406486700825390e-09 -5.420893527167411696e-10 6.354328779459444357e-09 3.197231672797131431e-08 7.860895626894704123e-08 2.359443903272584818e-07 7.014186737115453098e-07 2.212065091475881389e-06 6.988857824521825251e-06 2.304607880764030712e-05 8.077505574362184781e-05 3.067796793273769285e-04 1.332881048395725531e-03
4.265110393550064494e-02 1.324687000670178062e-03 3.071827229135544587e-04 8.088368812230096625e-05 2.305250881500310294e-05 7.081253533859686953e-06 2.207363825116275805e-06 7.169390580688721269e-07 2.497796510408782420e-07 7.942505927151805281e-08 2.709078257723412776e-08 4.188086649598922793e-09 -1.302928263292020506e-09 -1.174131480525338410e-09 1.664607008351252459e-09 2.148121602727476194e-10 -1.054753275970317923e-09 -7.049791581113179053e-11 -7.215271685639622375e-10 1.162649568481418983e-10 -4.766108755389154493e-10 -1.960952310241175494e-11 -1.368133082901309734e-11 2.849245386153275141e-10 3.558267160469043897e-10 -3.751961468807819863e-11 -2.633409028116083906e-11 -1.600291880834350058e-10 -1.659152007055980152e-11 -1.064056136788899973e-10 -1.596618538058866551e-10 2.541695253263216257e-12 -1.435377434449904720e-11 7.347915144831565429e-11 4.406623431140094980e-11 -3.786967292243262384e-11 1.504930997745102239e-11 1.682752646247205247e-10 -7.392759585998188913e-11 -1.447859448902526524e-10 8.594629829008235977e-11 -3.807154001488162921e-10 2.013204930558433278e-10 1.423388203930790579e-10 5.170525213946720543e-10 -6.879694074070301731e-11 1.355580261435726746e-09 -9.733145463461396511e-12 -4.918083687191483113e-10 4.477897634366401184e-10 6.712025173868431289e-11 3.255525909460077713e-09 -8.395246649982857823e-10 5.928047468430555603e-09 3.169197593860405672e-08 7.820709539432142569e-08 2.354221560872025569e-07 7.006927718335298156e-07 2.210089056497937135e-06 6.980555558913465384e-06 2.304908507418316745e-05 8.080867988292262793e-05 3.068220381719553944e-04 1.332719046137757248e-03
4.264995118262771695e-02 1.325039983424023717e-03 3.071644289505335830e-04 8.086789632812029708e-05 2.304998977923175906e-05 7.084452223274203739e-06 2.208888882373568472e-06 7.167990710024914197e-07 2.496871230142670529e-07 7.947383278763773987e-08 2.739887348118266387e-08 4.180937030521171393e-09 -1.462124352092039500e-09 -1.384473572345177244e-09 1.487443377661723928e-09 4.061941547163232390e-10 -9.170744613827487505e-10 -1.739159197288208585e-10 -7.202515071005412621e-10 8.733285050578544145e-11 -4.828353825216673922e-10 -2.169626919297724462e-11 -8.101213081166046350e-12 2.739693454150933597e-10 3.488124702266257222e-10 -3.653641129286022625e-11 -4.010301102117728635e-11 -1.601464779941046903e-10 -1.583169435397341302e-11 -9.750632142644581446e-11 -1.610087164949029912e-10 4.083110241400161124e-12 -1.633884827981710590e-11 7.096021284850629744e-11 4.921329713011967273e-11 -4.515305046688118151e-11 1.811650746173682336e-11 1.797524900387680449e-10 -6.642259620035778909e-11 -1.474497664016775348e-10 1.027171693393026332e-10 -3.714730159879839031e-10 1.727473639819977079e-10 1.568876747668384609e-10 5.083389758095845249e-10 -3.410458035738793120e-11 1.306135350908993290e-09 -7.464348918470045263e-11 -4.460153720491384757e-10 5.179423500120252381e-10 -9.284304314757265786e-11 3.305273507512386061e-09 -7.510238228122483524e-10 6.141853217594619696e-09 3.184587441041116559e-08 7.818135038479134768e-08 2.357508351182231031e-07 7.012966233616970366e-07 2.213641760889777347e-06 6.987839106382993163e-06 2.305045397269204382e-05 8.079441408399640689e-05 3.068615806295345934e-04 1.333323335604767691e-03
4.265003031712226444e-02 1.324900806111580431e-03 3.071832579527768582e-04 8.090519082521513883e-05 2.305136971237418643e-05 7.082130915996877251e-06 2.208284316499759561e-06 7.180109683820398372e-07 2.497238278510321085e-07 7.882312987197313944e-08 2.713943808259477794e-08 4.069502536505977307e-09 -1.255874325859458503e-09 -1.274850798230096164e-09 1.633554876572366856e-09 2.711432283374164158e-10 -9.416175634412415292e-10 -1.179481574283932006e-10 -7.407979183859751049e-10 9.670678549406555140e-11 -4.767179739069271008e-10 -4.629591893311661271e-12 3.757698673988680900e-12 2.863239720778911959e-10 3.475751778987119910e-10 -4.946725751393139038e-11 -2.938372580214792798e-11 -1.575819363667897648e-10 -1.406885540889245782e-11 -1.064330038051726931e-10 -1.561830263286888494e-10 6.202277212413335170e-12 -1.334746704668201315e-11 7.480764535742505506e-11 5.176413568461452173e-11 -4.120308054913119548e-11 6.917622293981921242e-12 1.637717486578095866e-10 -8.184110382941654195e-11 -1.695938443217183559e-10 7.837427167179982681e-11 -3.709347071013458474e-10 1.782906217584431982e-10 1.085304276864690671e-10 4.903261997773417250e-10 -2.791018801306320691e-11 1.340009408966903802e-09 -1.071394074040436125e-10 -4.822787508786267260e-10 4.239387649190385761e-10 -4.372909002550949260e-11 3.354936632268545392e-09 -5.196670377031279638e-10 6.172113785462554339e-09 3.193435344069050005e-08 7.819475481526047744e-08 2.361790392878881777e-07 7.010881175923317665e-07 2.213521072921872393e-06 6.981970729958109713e-06 2.304810863930041985e-05 8.078104423895257342e-05 3.067734426304950129e-04 1.332911717539125547e-03
4.265022729820745068e-02 1.325125014430636504e-03 3.072027527130652348e-04 8.089917653474755336e-05 2.305668375919611089e-05 7.085509526594817245e-06 2.207986519584020945e-06 7.170999321389522086e-07 2.497382458648918409e-07 7.871416187579556662e-08 2.711671781770628402e-08 4.319152146115422721e-09 -1.560554712693863018e-09 -1.197164152286708036e-09 1.515244134052531554e-09 3.121902713440651987e-10 -9.558214542312676411e-10 -1.097299955519907113e-10 -7.050425016768952257e-10 1.097686643770258895e-10 -4.629353619442369156e-10 -2.366969454105456562e-11 -1.753431760422757893e-11 2.723347864850377101e-10 3.532968416007665346e-10 -3.673311163094005598e-11 -3.647697006642681848e-11 -1.552822968650284809e-10 -2.504641388141828695e-11 -9.878637957361775245e-11 -1.621287282634223635e-10 1.275206229249083926e-11 -1.194231130197104960e-11 7.552436779515722825e-11 5.023945264630772896e-11 -4.396775235947192976e-11 1.797067718772592927e-11 1.743025277528110008e-10 -6.886086754148075074e-11 -1.561393200852394224e-10 8.857567414152039537e-11 -3.644691198205846207e-10 2.004393447271706935e-10 1.178798115840227662e-10 5.103125959180853307e-10 -4.508256040767180850e-11 1.278295027083291272e-09 -6.461443390987808828e-11 -4.328535849258448655e-10 4.115070128060176779e-10 8.283525759256837432e-11 3.354849095191427845e-09 -9.388327234642471624e-10 6.093165097995271590e-09 3.196341246108080200e-08 7.818660944389289180e-08 2.348571125462164811e-07 6.993954715081762635e-07 2.210140769028803567e-06 6.980235074782749565e-06 2.304782608892961399e-05 8.078396861330294364e-05 3.067658173940736180e-04 1.332561549529369610e-03
4.265108951579958674e-02 1.324626101261899228e-03 3.071257016181561496e-04 8.090005564438039433e-05 2.305272168562549757e-05 7.086424067502751945e-06 2.206804999201724089e-06 7.153819365485800140e-07 2.492989207245672185e-07 7.916649574660460954e-08 2.752089650570011202e-08 4.260000376979919133e-09 -1.116909028684692295e-09 -1.252053023836228394e-09 1.405288990164019847e-09 2.845024800934598126e-10 -9.097194294438333092e-10 -6.926428385690900465e-11 -6.861603953272428227e-10 4.716731757322419551e-11 -4.735878037741692644e-10 -1.304105200713593931e-11 -8.105862267968619115e-12 2.655632653351181917e-10 3.232924892566471683e-10 -3.314499228268648074e-11 -3.472682993825420952e-11 -1.610705633364435790e-10 -1.277733716446389857e-11 -1.026465372368796604e-10 -1.551597092590649712e-10 1.109168118739096617e-11 -8.897828001627393359e-12 7.398011215145057866e-11 5.053271215794357930e-11 -4.408146407269306819e-11 1.340676281333901532e-11 1.654805772792564821e-10 -6.530961922939784882e-11 -1.634039118516616060e-10 8.164395690455684270e-11 -3.993292149617231201e-10 1.824688352765232708e-10 1.420818425842946701e-10 4.850906868315963326e-10 -4.478429903106635719e-11 1.341078639091781977e-09 -6.529405128486163593e-11 -5.118574321253947335e-10 5.016922701835565802e-10 1.004698879723225397e-10 3.275159527606005578e-09 -8.030120274016893631e-10 6.164536812644331345e-09 3.171195639617564526e-08 7.779877976904921757e-08 2.351196594420369657e-07 7.015025491621985610e-07 2.211424959075789677e-06 6.985947838864522057e-06 2.305004113309945394e-05 8.078281016661932503e-05 3.068420013209840536e-04 1.332614090679289359e-03
4.264985234679256887e-02 1.325090534736049833e-03 3.072334262956272341e-04 8.088164727733882441e-05 2.304872217737877064e-05 7.083875320848081043e-06 2.205739315469667388e-06 7.165122246197001263e-07 2.498434981273680291e-07 7.953306011271941980e-08 2.750575395142805627e-08 4.614537986835260341e-09 -1.225114276435059349e-09 -1.143809731908591505e-09 1.535049460873540841e-09 2.922800968222944582e-10 -9.289192453226397102e-10 -1.125980687486706908e-10 -7.248878426190446500e-10 1.142688871731082297e-10 -4.517090857333855093e-10 -1.161546998374776372e-11 -1.822294969741134741e-11 2.850051897780205594e-10 3.375029419788629792e-10 -3.500020176044235758e-11 -3.754773293467161349e-11 -1.553347461075688751e-10 -1.295754900521623172e-11 -1.017233257331478696e-10 -1.628542108268887461e-10 3.671011599033168278e-12 -1.721619604637084789e-11 7.280225940052064767e-11 4.446551339021876775e-11 -5.117223304147483517e-11 1.343932291722587570e-11 1.675293757723007428e-10 -6.490456047003992791e-11 -1.504520628752291006e-10 8.325699075158952597e-11 -3.707376894642009978e-10 1.964770349379222185e-10 1.501523415195260289e-10 5.072529235698520591e-10 -5.734952311706869781e-11 1.344057839297448729e-09 -2.897628865188664180e-11 -4.533090228171669456e-10 4.240118264393514236e-10 1.216018301277443829e-11 3.401274661116948038e-09 -6.405253860077070706e-10 6.292895779856469142e-09 3.195321595698246333e-08 7.864832061078264688e-08 2.362886826986034632e-07 7.014238485971396718e-07 2.209375556756753027e-06 6.986037664356648248e-06 2.304861028814169497e-05 8.080998783468337451e-05 3.067816679931545539e-04 1.332834872212562347e-03
4.265104935393127655e-02 1.325040903854182240e-03 3.072335448599123600e-04 8.087846393148356904e-05 2.305379595926501172e-05 7.086011989091774938e-06 2.207570072279395204e-06 7.174064469781654945e-07 2.500780307173050610e-07 7.979149598864714020e-08 2.741711932342952018e-08 4.161112776440677282e-09 -1.417962745686491933e-09 -1.246489557990388078e-09 1.602040336796111367e-09 2.701919789563416769e-10 -9.721407181320799905e-10 -3.739732363135945836e-11 -6.764414392342508829e-10 6.092497413930479886e-11 -4.352268788167164934e-10 -1.092240425608456087e-11 2.296364362570964479e-12 2.812839177297669021e-10 3.317311616109210584e-10 -3.883873055578105944e-11 -3.384630197764065133e-11 -1.557256490715404767e-10 -2.006808169242484072e-11 -9.897532243208369099e-11 -1.618599134909836690e-10 5.159062311285287849e-12 -9.278276227989316193e-12 7.691364088514995032e-11 5.343858091926096841e-11 -4.285396668797789745e-11 1.538119799356263772e-11 1.678122727085764899e-10 -6.751116182150515780e-11 -1.731429204927818267e-10 8.690005253025691588e-11 -3.658444173500351866e-10 2.124887554935273796e-10 1.399974306757785760e-10 5.079208507639459652e-10 -3.898385298064114826e-11 1.319071975072509499e-09 -1.033181087167552884e-10 -4.357613223359682755e-10 4.404590846790497398e-10 8.985782928958430754e-11 3.313218235850870193e-09 -4.406785332286370867e-10 6.261204714070956503e-09 3.207836921022202307e-08 7.875601079174675323e-08 2.355687022227006461e-07 7.006160953718610749e-07 2.211985162466663825e-06 6.984517133215977308e-06 2.305448489178824422e-05 8.079096961213155586e-05 3.069022641930591500e-04 1.333209052209639953e-03
4.265060419856523538e-02 1.324753182085778875e-03 3.072875935701924557e-04 8.089090118608404246e-05 2.304270136485062089e-05 7.082759109921366844e-06 2.206104939596900899e-06 7.142481477137628297e-07 2.494942715199642781e-07 7.959225270277937493e-08 2.759442043916539443e-08 4.374871787184951473e-09 -1.234034169191824165e-09 -1.343051396896005642e-09 1.513566625572453585e-09 3.018638459022167460e-10 -1.001840612522367289e-09 -9.597211415695147064e-11 -7.288711576245306181e-10 6.844540119092791100e-11 -4.639157682519635820e-10 -1.358038996903785142e-11 -8.589371835034600335e-12 2.680738886672047158e-10 3.601902259239338023e-10 -4.541153740393151544e-11 -3.880753861835909967e-11 -1.535538446936237964e-10 -1.898362266126085009e-11 -9.631964821047326373e-11 -1.559651683041692857e-10 5.444350913561490065e-12 -1.074865581604938593e-11 6.925315117093105402e-11 3.973371706629912865e-11 -5.279817168155412675e-11 2.644366264807934876e-11 1.714974056676500914e-10 -6.785135062316087743e-11 -1.491866420899217358e-10 7.712583422976735000e-11 -3.648412348136213955e-10 1.902475536017920855e-10 1.593923536197457511e-10 4.827482779125483086e-10 -3.360188105468594990e-11 1.315510449643764204e-09 -4.999976545319342659e-12 -3.842962237118926291e-10 4.642833926237541702e-10 4.919272541357669303e-11 3.201022561467180183e-09 -9.758531199575998982e-10 5.977493058894787633e-09 3.165890553734582868e-08 7.810362132546487675e-08 2.355821970387991893e-07 6.992934795386458049e-07 2.207171551699947845e-06 6.979810910546019086e-06 2.303631408068594955e-05 8.078009091748962413e-05 3.067223348870354695e-04 1.332687913620687501e-03
4.265060821232741911e-02 1.324991486488809062e-03 3.072852669311067989e-04 8.088819473454783864e-05 2.305884404019938465e-05 7.081973246886535873e-06 2.205807127431844751e-06 7.154642773597696003e-07 2.494479732212579820e-07 7.946778915367140019e-08 2.738980625483434893e-08 4.396433687129371824e-09 -1.215685003257277012e-09 -1.196843532705574177e-09 1.462065575980473035e-09 2.534011312554562099e-10 -1.030165693608483607e-09 -1.557498042406080171e-10 -7.451753546578222570e-10 8.774076968302699112e-11 -4.545389681584212047e-10 -5.471042728167320649e-12 -1.806409864114639285e-12 2.804277592496416484e-10 3.364210554478741589e-10 -2.783465916419862830e-11 -3.151777178199219843e-11 -1.582906557123444467e-10 -1.925761819578918364e-11 -9.909047947235172004e-11 -1.628886168710638058e-10 8.642378319581622078e-12 -9.183354436666986087e-12 7.280684046514413438e-11 5.000384596242164253e-11 -4.082974226986240400e-11 1.507208276680202673e-11 1.651466551908551575e-10 -8.399310237791938916e-11 -1.600106515983246490e-10 8.013219708809391500e-11 -3.773523297465824485e-10 1.836695681005164356e-10 1.360676751902417799e-10 5.182439130120173208e-10 -4.924337788888544325e-11 1.335191856727359821e-09 -3.758004934870774883e-11 -3.892047420591978734e-10 5.546934597446684540e-10 9.688271651025435791e-11 3.323694614716401654e-09 -5.806060899186927764e-10 6.320850529602018414e-09 3.191684852257095332e-08 7.825620018977765935e-08 2.359216360848501388e-07 7.008515264134876656e-07 2.212801861606401570e-06 6.982915135856190264e-06 2.303722420718316716e-05 8.078038359728610619e-05 3.067444939582248168e-04 1.332934788770811065e-03
4.265145028303713587e-02 1.324992569516181056e-03 3.071998043319282344e-04 8.088752167269816268e-05 2.304361473248076275e-05 7.081170224959819247e-06 2.205501149216114244e-06 7.151332253814767173e-07 2.499636188259518240e-07 7.972473463156995586e-08 2.749812560608608339e-08 4.208158284276110035e-09 -1.302406083414353792e-09 -1.126131470877639096e-09 1.658593789042690938e-09 3.165470051990710486e-10 -9.498316538639607419e-10 -1.814831117657319974e-10 -7.037420765635825280e-10 8.435460603223217287e-11 -4.530868949516384269e-10 4.396364538630853897e-12 -9.450748149266575984e-12 2.938335924475508919e-10 3.389156144092687714e-10 -2.961351332407916037e-11 -2.670425890681043822e-11 -1.488050743918571835e-10 -2.108135251072825654e-11 -1.031224574160857340e-10 -1.534597652714765339e-10 1.275767703380580848e-13 -8.259912480905246741e-12 7.574015080572614304e-11 4.949723021389337811e-11 -4.499237554621341357e-11 1.086984938568327653e-11 1.674630426662183425e-10 -8.571289678366818375e-11 -1.616864360258466254e-10 7.586606161680582211e-11 -3.543880639060232068e-10 1.848523325867530604e-10 1.360632456547246725e-10 5.070579732169144585e-10 -3.622256382267161066e-11 1.348758288256586616e-09 -1.554629638912091255e-11 -4.450217249197259592e-10 5.145354214506265695e-10 1.417272869238604600e-11 3.287669961619900373e-09 -7.901622097439462521e-10 6.137967868152106920e-09 3.206609728261765008e-08 7.854720979437865184e-08 2.353765681944381321e-07 7.000746794091093174e-07 2.210243319810307021e-06 6.986111883404837625e-06 2.304693220923330484e-05 8.078819408732210074e-05 3.067807230364948665e-04 1.332641845413243395e-03
4.265065877228745722e-02 1.324753925910867854e-03 3.072241799147912202e-04 8.091008736480181755e-05 2.305354854736525378e-05 7.084278351465928273e-06 2.207064308480081468e-06 7.171023194210598965e-07 2.498340761906874684e-07 7.959106205619256380e-08 2.719893593684044269e-08 4.492574160738586104e-09 -1.233420035135311153e-09 -1.272937020389193764e-09 1.513078948600878574e-09 2.588511845533106776e-10 -1.028558395610960561e-09 -2.067688746584753268e-10 -7.310450029439898067e-10 9.331360989542501126e-11 -4.939071984416139980e-10 1.118643330327767239e-11 -1.363333595953875989e-11 2.979813592131879707e-10 3.399887138719701749e-10 -3.602616963422425164e-11 -2.568416576240740341e-11 -1.523082891976598509e-10 -1.899703977312824565e-11 -9.638732189325700256e-11 -1.589027902227415249e-10 4.611115733666524558e-13 -1.359278650271698567e-11 7.902599176549601264e-11 5.368549792493911399e-11 -4.611036060760904480e-11 2.241189480118916753e-11 1.685148757826714953e-10 -7.505019723511165801e-11 -1.603018794156735451e-10 7.357808075746925178e-11 -3.787679172605785212e-10 1.905278989673323845e-10 1.515010401932318981e-10 4.728997012199082845e-10 -5.544764897985276869e-11 1.342642015991462621e-09 -1.172259842112283505e-10 -3.956471535061851397e-10 4.081256523086782276e-10 1.601228558093571246e-11 3.259413744423593306e-09 -6.296928311405258480e-10 6.182428086298234919e-09 3.179488028666759657e-08 7.827456738648970756e-08 2.355685486262344186e-07 7.000711266531168801e-07 2.211465445288804602e-06 6.985843691709714805e-06 2.305198503486946093e-05 8.079664037777744764e-05 3.068039439690594642e-04 1.333026527942991150e-03
4.265097040921448507e-02 1.325033471285725706e-03 3.072559467368204348e-04 8.088812674370506506e-05 2.304975636803921092e-05 7.085184122984782683e-06 2.207108233696006249e-06 7.167084844992183724e-07 2.498501306777477207e-07 7.973777745914778221e-08 2.727639784656239698e-08 4.627370832916443721e-09 -1.150148866622427518e-09 -1.236478348753767358e-09 1.656107410438110032e-09 3.092534238802670578e-10 -9.311449892194423376e-10 -1.823986447032946550e-10 -7.046582368451935713e-10 8.916499961744496407e-11 -4.752753835596831878e-10 -1.081285703630117572e-11 -4.915995204357395324e-13 2.777235576692587570e-10 3.243164625608752532e-10 -5.166836401774465271e-11 -3.232836338773528172e-11 -1.559075562362702534e-10 -1.258428131962981798e-11 -9.857168237713183311e-11 -1.590767376536002814e-10 3.217813392774225497e-12 -1.070806428323199398e-11 7.190757627442422202e-11 4.086302956930246715e-11 -4.807437441215510262e-11 1.826313390102169062e-11 1.665322309453038914e-10 -7.882253644793269578e-11 -1.667005552539292945e-10 8.214014868813264532e-11 -3.803806616874851321e-10 1.935103698600576417e-10 1.412338654999037224e-10 5.319570387718914987e-10 -5.579755727727974534e-11 1.327956536486943803e-09 -3.509910424656630722e-11 -4.793760742207032631e-10 4.980737764959476400e-10 -9.189479196347822233e-14 3.450662653987548396e-09 -5.284233112335505437e-10 5.965476070146722846e-09 3.147577039837891428e-08 7.828328020478642461e-08 2.356495527557875260e-07 6.994863894081815799e-07 2.210991488485644777e-06 6.986117771120312665e-06 2.305275709785533755e-05 8.080006822058770648e-05 3.068274452064987507e-04 1.332781993835301495e-03
4.265071733931891096e-02 1.324879915505376747e-03 3.072195155244061100e-04 8.088880385535463804e-05 2.305277818946330006e-05 7.086477468890483029e-06 2.206222623467438683e-06 7.165007523552801530e-07 2.500341075613532370e-07 7.947467621147336034e-08 2.719094281173283905e-08 4.644197349798723106e-09 -1.205628516560651386e-09 -1.134583975185032290e-09 1.553704925300326367e-09 2.656743073132149991e-10 -9.882071033738785867e-10 -1.774713098095671278e-10 -7.076257686244461438e-10 5.331013899589685852e-11 -4.252116403174220696e-10 -1.248224019003729216e-11 -2.923988645958698825e-12 2.685645599260686616e-10 3.203647756788950876e-10 -3.758881810447041592e-11 -2.909217565002202737e-11 -1.573680095213769834e-10 -2.238389890117659954e-11 -9.979281340391605468e-11 -1.576556728820660988e-10 8.349938305031525288e-12 -1.302881445049113994e-11 7.421694839241137984e-11 4.840028430156078146e-11 -4.370973458950867969e-11 1.670500048012938240e-11 1.684585158040201578e-10 -7.379692755013250244e-11 -1.462302231841109670e-10 8.597542838549942774e-11 -3.599750035007287413e-10 1.948377413087453227e-10 1.500442647865044831e-10 4.936066606360589033e-10 -4.978760857344070974e-11 1.292470950449719361e-09 -2.935818116849483547e-11 -4.880322671145410084e-10 5.058049420324758577e-10 1.091769757443433435e-10 3.277680645420532912e-09 -7.004262686665467607e-10 6.047395159099693696e-09 3.162517133770327312e-08 7.852181462874013602e-08 2.350764125516463195e-07 7.002020111166673261e-07 2.210949728011300109e-06 6.983510592149737234e-06 2.303548537304479123e-05 8.074418246790185654e-05 3.067322391278559071e-04 1.332568333010603588e-03
4.265047993894126310e-02 1.324871361496120616e-03 3.072894848005873480e-04 8.092416372041417864e-05 2.306300563388515249e-05 7.086641996936407128e-06 2.206501420494650335e-06 7.164878293191843997e-07 2.495609753508092391e-07 7.963920008575488632e-08 2.750186081003045067e-08 4.279854788537774114e-09 -1.402108723665194814e-09 -1.463982517453828475e-09 1.681918493185261001e-09 2.865120569442174399e-10 -9.387509869658923676e-10 -9.801097632536040514e-11 -6.803458404909637574e-10 1.375974364335468285e-10 -4.802124695616682881e-10 -1.062228333703379947e-11 9.161830509072021614e-12 2.612335480570427291e-10 3.409351335215690312e-10 -3.249273423637996943e-11 -4.094217163014356288e-11 -1.645453757461794573e-10 -2.449399727811857318e-11 -1.104889773742114639e-10 -1.647355592023735560e-10 6.327725428377393307e-12 -7.205357729472251144e-12 7.383017394455252179e-11 4.717070661274803374e-11 -4.059003674976910263e-11 1.754480340523021663e-11 1.657845336277889274e-10 -8.578352315124352366e-11 -1.485228008500485978e-10 7.423659387256958770e-11 -3.724820222345005662e-10 2.043586225376090030e-10 1.059534988535973974e-10 5.201564418854965330e-10 -4.700304263205134831e-12 1.306101043669677753e-09 -5.832079635300003016e-11 -5.621059248791485810e-10 4.117842026997064783e-10 4.821323935968968889e-11 3.343868845304296666e-09 -6.375470076520853169e-10 6.080148527068007246e-09 3.206032242282332998e-08 7.821617425285293983e-08 2.354306981205611924e-07 7.007113328297679213e-07 2.212297006027995202e-06 6.985725090052077329e-06 2.305480832355562537e-05 8.078947681408211600e-05 3.068555949799313463e-04 1.332491517797773292e-03
4.265042126231175651e-02 1.324748724971181119e-03 3.071780582641391922e-04 8.090410697106782375e-05 2.305265086562005556e-05 7.084432170320999130e-06 2.206765656968004629e-06 7.166045360576818729e-07 2.496028045755455656e-07 7.994502652212506541e-08 2.741760932284247410e-08 4.456671202315490341e-09 -1.326897689123327606e-09 -1.246284286180720215e-09 1.582299393238260494e-09 2.318673762493361800e-10 -1.075680291856620534e-09 -1.260755224073963317e-10 -7.222982074126200574e-10 1.046543207140740628e-10 -4.671191613604716224e-10 1.401417386390862604e-11 -2.078640190443602165e-11 2.729280062692628060e-10 3.470365975245798415e-10 -4.130449529085201822e-11 -3.273034700640156334e-11 -1.599282132068909054e-10 -1.949939841841542078e-11 -1.038111678391518383e-10 -1.544646775009733891e-10 6.937780148767744472e-12 -1.288216636363422915e-11 7.740208532668096666e-11 4.504423746963478829e-11 -4.312987986640113433e-11 1.550723021407457553e-11 1.686937387419266875e-10 -7.670588848239903198e-11 -1.562366664337402154e-10 7.971082772052480490e-11 -3.866438061924782678e-10 2.029066665546042588e-10 1.364744893248068089e-10 5.290712067591514693e-10 -5.972942242771066637e-11 1.315251780987383216e-09 1.288897675721231945e-11 -4.549152093223368119e-10 5.637741351212119688e-10 4.510574055514949489e-11 3.200725897259368553e-09 -7.009389675594926523e-10 6.122151320609109422e-09 3.174449884491608238e-08 7.836995364471282259e-08 2.349377401337867023e-07 7.010268725280169468e-07 2.211349140773592083e-06 6.983098160370443293e-06 2.305279996928565758e-05 8.080559290134336060e-05 3.068647605940477132e-04 1.332925830751313222e-03
4.265023606633344677e-02 1.325284243761143572e-03 3.072496090759923855e-04 8.091101081126119993e-05 2.304939876858627269e-05 7.085516213934100750e-06 2.205760076868540104e-06 7.156456094062925210e-07 2.494542623395003897e-07 7.960921491904992885e-08 2.736440909250749638e-08 4.315363298761680114e-09 -1.427104054658312921e-09 -1.231648605992365139e-09 1.661198889994133873e-09 3.576597386280547934e-10 -8.848732651904057401e-10 -7.953163622049742249e-11 -7.190510022274598934e-10 7.855795211823709826e-11 -4.765283593988847902e-10 -1.581003329444517333e-11 -6.317176940781661161e-12 2.881614250681581366e-10 3.366098213087346767e-10 -4.596396460304005980e-11 -2.735031864925314573e-11 -1.625272925628235574e-10 -2.200522181897092978e-11 -1.021120553495852294e-10 -1.595804521599152693e-10 7.310703376880607915e-12 -1.227445004983351061e-11 6.729179426657262295e-11 4.341628510868594066e-11 -3.648004194727162193e-11 2.213368017038218138e-11 1.684547143968182544e-10 -8.406730323363843141e-11 -1.569381614369249110e-10 8.998478046694345801e-11 -3.918788468473863224e-10 1.782452415570511263e-10 1.438021812725479170e-10 4.918589344084035350e-10 -5.283729489414828617e-11 1.354889209925536021e-09 -2.439433009447945917e-11 -3.642555723187702249e-10 4.282547452105275860e-10 1.076876438397335645e-10 3.465617336113510929e-09 -5.999885891874429465e-10 5.994056505790272146e-09 3.220273731502902921e-08 7.849588136809929875e-08 2.353768102531528457e-07 7.012198867386831249e-07 2.211115429050756601e-06 6.983444669042615987e-06 2.304875893004981334e-05 8.078852857975642112e-05 3.068039172273988205e-04 1.333171352861602533e-03
4.265175023728281362e-02 1.324679252811010238e-03 3.071824249123204721e-04 8.090293959710008161e-05 2.305440640901758412e-05 7.083117948497304360e-06 2.207564677650771100e-06 7.164294471454495556e-07 2.497534461808663394e-07 7.952152190924866716e-08 2.735977352862886368e-08 4.465202427820724141e-09 -1.302806122505403988e-09 -1.096833706243100557e-09 1.565305850326000323e-09 2.301056193857346940e-10 -9.883119966179869579e-10 -1.357435571047190682e-10 -7.632545966359224620e-10 1.125992520918536495e-10 -4.678787935056819382e-10 2.951864482719145416e-11 -1.220304012891391507e-11 2.779322615793237711e-10 3.629392937418795908e-10 -3.572856818385353427e-11 -3.644742579437686611e-11 -1.555962254869909498e-10 -1.062212729272047432e-11 -1.006937360355320488e-10 -1.585821542528001207e-10 8.176761690098831597e-12 -9.072740158979157891e-12 7.229988278605670301e-11 4.784184930092446254e-11 -3.976116411433365397e-11 1.428893225454663122e-11 1.633823327987459019e-10 -7.770137836159112976e-11 -1.657603560489161301e-10 9.408217651640913006e-11 -3.903360587108917933e-10 1.762865586253924447e-10 1.213312909153885593e-10 5.323597364225240768e-10 -4.706739338362546842e-11 1.307740429555273092e-09 -5.729243349807257472e-11 -5.463449554884548511e-10 3.744877471285908507e-10 -3.905226380727911024e-11 3.296332459736919888e-09 -5.744885796321748369e-10 6.224520489742141994e-09 3.187365648162094288e-08 7.833157890668645427e-08 2.350608935874364058e-07 7.004025336992102149e-07 2.209638233235694198e-06 6.980816040482296211e-06 2.304451566870437042e-05 8.079895425908954776e-05 3.068512512443947213e-04 1.332691242813259297e-03
4.265036669599246016e-02 1.324633988447005643e-03 3.072384514757259873e-04 8.091887746320368651e-05 2.305377678771278416e-05 7.085372305042677517e-06 2.207759980178789542e-06 7.157340739175003928e-07 2.499261963082456991e-07 7.972111564208600336e-08 2.715757671074305101e-08 4.507761826910527807e-09 -9.963963356780532888e-10 -1.205914690932346113e-09 1.569021110942240203e-09 3.288387058505855789e-10 -9.573403227779902412e-10 -1.171610118087267377e-10 -7.440516293778421537e-10 9.404424337706558336e-11 -4.777440032517855197e-10 -2.213948672039391335e-11 4.289870465916581613e-13 2.929361491989378083e-10 3.476982326013941801e-10 -3.727943262848213706e-11 -3.803441048795990795e-11 -1.646393486227852377e-10 -2.024515112155663721e-11 -1.003126752847856577e-10 -1.580628701376489388e-10 2.262396792602499451e-12 -1.539721493491539179e-11 7.198901335369300191e-11 4.643897130889573368e-11 -4.094267695773897785e-11 1.862267803468429784e-11 1.671139435475096713e-10 -7.255795601922644540e-11 -1.601783028282037042e-10 7.833843733998122927e-11 -3.716011717079466362e-10 2.084646745860988166e-10 1.370562391994733606e-10 5.308807366097778420e-10 4.394653954142675925e-12 1.328672853441417732e-09 3.912134792542008327e-11 -5.311261659285051534e-10 4.804939369061144877e-10 3.196776593931330964e-11 3.229329929440588042e-09 -6.171433025857033344e-10 6.008407751355652288e-09 3.202976126219334081e-08 7.821303679683165882e-08 2.359065730048570811e-07 7.000259804157119961e-07 2.209952705891974694e-06 6.982626255993463681e-06 2.304130543988650286e-05 8.080003855787649502e-05 3.068278261740545383e-04 1.332537890329142400e-03
4.265074847660201007e-02 1.325144814934423217e-03 3.072556856817326232e-04 8.092252615534345148e-05 2.304975297600603558e-05 7.083749998930432591e-06 2.205253088480991850e-06 7.160499163325266286e-07 2.505295417779175304e-07 7.933427288854998416e-08 2.733240233446480814e-08 4.520311171764898732e-09 -1.285713034059182219e-09 -1.180023622034855023e-09 1.598352523063794502e-09 2.889676580991368373e-10 -1.010890101261398572e-09 -1.317178487142924150e-10 -6.877316767810271633e-10 6.413145679909536493e-11 -4.671014560830921360e-10 2.252779506151659148e-12 -8.761318650941419688e-12 2.629935267031619090e-10 3.355649617347619879e-10 -4.003379369176093750e-11 -3.361193819331715778e-11 -1.575041648333741778e-10 -8.623755448194765352e-12 -1.052968749589846628e-10 -1.650437406130552628e-10 8.271168513034644367e-12 -1.244718091297243040e-11 7.827378641064761725e-11 5.021955758711052794e-11 -4.552886624000458849e-11 9.140921007523419678e-12 1.686463084087490720e-10 -7.203117392827911254e-11 -1.503405077339819240e-10 9.561835396232772132e-11 -3.670362226249357380e-10 1.976541686599655470e-10 1.058168353188239374e-10 5.114196748504621625e-10 -4.757221462141263880e-11 1.330265341259576375e-09 -5.682365203610724684e-11 -3.903984573565746579e-10 3.916261714206249755e-10 -8.411268741725135699e-11 3.226045346438034352e-09 -5.201880164095981590e-10 6.294565801911042001e-09 3.232566958716440184e-08 7.846746705240653437e-08 2.360998232685166140e-07 7.011394927349152729e-07 2.213872172914004827e-06 6.983723346719494698e-06 2.304337898479862787e-05 8.078652039177327475e-05 3.068194799983351914e-04 1.332751810765526405e-03
4.265147701592451879e-02 1.325015861433597982e-03 3.072528020951539591e-04 8.088444995258394713e-05 2.304090288171884519e-05 7.080665634565343974e-06 2.206786703656563541e-06 7.163379635156487668e-07 2.502129691550982296e-07 7.922333691757163622e-08 2.679472533716906916e-08 4.272153183923754890e-09 -1.227191146287446251e-09 -1.149698983116489890e-09 1.519086804088326722e-09 3.091961890151213976e-10 -9.628045804116997400e-10 -1.760281049375012282e-10 -7.370297947610843941e-10 1.088085694569390857e-10 -4.176534605952782602e-10 -4.502344259194490564e-12 -7.067668300492384250e-12 2.836666165923725995e-10 3.417861326678497871e-10 -3.900921234632138775e-11 -3.731688503790940160e-11 -1.574284289854801987e-10 -1.956575697456967938e-11 -9.905218827217291684e-11 -1.575651706154805066e-10 7.193810078291953931e-12 -1.528665803187531390e-11 7.133730718283939410e-11 4.840810192935483409e-11 -4.361975067685778888e-11 1.493046762654206957e-11 1.711460012551573373e-10 -7.999451220855268590e-11 -1.445698872260059745e-10 7.930033836665922043e-11 -3.671989294694704196e-10 1.803224591498970517e-10 1.326661781358824808e-10 4.951201190176333349e-10 -4.792364096769778537e-11 1.324807831773402803e-09 -7.372820818977931101e-11 -4.151903570726190219e-10 5.017182796349768694e-10 2.995854804592223818e-11 3.273922215829254194e-09 -4.449673133308736497e-10 5.993308167578830531e-09 3.189557237175469960e-08 7.813154530024560324e-08 2.358512062913976691e-07 7.007304693005265578e-07 2.212055998177099142e-06 6.983111580024532801e-06 2.303750088945959862e-05 8.078027507885031876e-05 3.066882842947157546e-04 1.332679030812379799e-03
4.265043837986411818e-02 1.324789182264988737e-03 3.072415601368707326e-04 8.089917963632134717e-05 2.305046159071420336e-05 7.086523538375838981e-06 2.207210840210212143e-06 7.159211838155368453e-07 2.499159980678986296e-07 7.949630356448337592e-08 2.734516150447133924e-08 4.393022261643144998e-09 -1.265569228642387014e-09 -1.285282682910339940e-09 1.473926851150308509e-09 2.228781036414076930e-10 -9.629318510493570583e-10 -1.474938410111520620e-10 -6.992343767617542107e-10 1.127685400607099380e-10 -4.624760040571135472e-10 -5.015324555007125107e-11 8.945995909283381073e-12 2.888019270663935046e-10 3.503657760405261038e-10 -4.029658797590183174e-11 -2.955458372304661904e-11 -1.623524306713813840e-10 -2.673193925327139680e-11 -1.061454256510076521e-10 -1.627153239805895058e-10 -3.466304310818634991e-12 -2.150592970563744394e-11 6.605823565083715541e-11 3.716203887216024938e-11 -4.239284944721935193e-11 1.195345244347470730e-11 1.716218970765270804e-10 -8.182571418689768317e-11 -1.593456684564247730e-10 8.375008341572090163e-11 -3.717977607032218051e-10 1.919879168727755961e-10 1.302287441740889465e-10 5.136949440153771548e-10 -4.392037329357961884e-11 1.374670710967975261e-09 -7.631918142577400473e-11 -5.164030428217913046e-10 4.976715786987375760e-10 1.957044283291432086e-10 3.321923356007696854e-09 -6.199552840519220645e-10 5.929561572453660587e-09 3.203039485238297557e-08 7.795463662072901268e-08 2.354470545095548656e-07 7.008129199361166604e-07 2.211979991272930221e-06 6.987961439947728475e-06 2.305134808026191337e-05 8.079755695052276193e-05 3.067817891034889345e-04 1.332668456491687943e-03
4.265037691401989822e-02 1.325032386398924868e-03 3.071750561681525662e-04 8.090330843703202640e-05 2.304203532163883342e-05 7.079314386515311568e-06 2.207960963724404419e-06 7.164423881131559341e-07 2.493001552163878232e-07 7.974950634842052185e-08 2.737254780926769960e-08 4.318462968190713834e-09 -1.189709889900188195e-09 -1.137232159309174442e-09 1.528126274817539081e-09 3.880240404415095396e-10 -9.743723895452201459e-10 -1.216021763787523941e-10 -7.461268878219620907e-10 6.790274855364270107e-11 -4.670254258964830231e-10 -1.093321038118286553e-11 -7.652719677124713110e-12 2.590937814479987568e-10 3.387015052860050513e-10 -4.342214895336896943e-11 -2.418362001189595894e-11 -1.574327671361340447e-10 -1.017024529997991979e-11 -9.955666793057468492e-11 -1.583146542064263909e-10 7.007942651818126871e-12 -1.050453710986438521e-11 7.181342179238279080e-11 5.231938398393179673e-11 -4.125782191427847616e-11 1.992337081390494630e-11 1.718861911042830916e-10 -7.738736105464247742e-11 -1.645057315331352306e-10 9.115595446788131283e-11 -3.776099442628540834e-10 2.039674832463548031e-10 1.464022419792366502e-10 4.959537741830641149e-10 -1.802498179690970133e-11 1.313164002382228957e-09 3.510905229357219215e-12 -4.994920015626971181e-10 4.712921680201191970e-10 5.457430049237359801e-11 3.200082894834920546e-09 -6.541048996880887572e-10 6.071224616294676245e-09 3.189174004662757735e-08 7.808371683761452493e-08 2.358961956456337144e-07 7.004150229684547654e-07 2.213004218418915475e-06 6.988771602553699522e-06 2.305592640814051330e-05 8.078596307833319445e-05 3.068093049048218322e-04 1.332843722750233799e-03
4.265032629607191927e-02 1.325101053471908511e-03 3.072570102547737174e-04 8.091844291868602150e-05 2.304588258490529633e-05 7.081811308204584341e-06 2.209129598713407736e-06 7.155887631533150580e-07 2.490659094163231811e-07 7.927865245042125721e-08 2.746237794489849448e-08 4.368842712275710615e-09 -1.400942666799449433e-09 -1.063351131722738582e-09 1.501636183316997709e-09 2.882941741802365933e-10 -9.694500012327667028e-10 -1.642662846800176778e-10 -7.562990652355808688e-10 7.201105469416763683e-11 -4.863474277041369541e-10 1.468129068799707288e-11 5.430401755209325978e-12 2.725779915631793939e-10 3.274821725711930055e-10 -3.713642259646596463e-11 -3.528370395989766259e-11 -1.598365964351161439e-10 -1.594390399115144243e-11 -1.084648010325570456e-10 -1.649155408368844702e-10 1.066491991667803728e-11 -1.080739974374850096e-11 7.418353334603648187e-11 4.438131211696987284e-11 -4.189334855081765448e-11 1.319753949965503988e-11 1.670214353859693917e-10 -7.923565499039380452e-11 -1.578624714448191109e-10 7.590592297165755282e-11 -3.743268336850174383e-10 2.069924854900323226e-10 1.309535261424939102e-10 4.854292033189593285e-10 -2.955550350177743486e-11 1.337907948848062853e-09 -4.377308009900144313e-11 -4.436016704868057098e-10 4.721497109138995590e-10 -3.762633089533119410e-11 3.297121873083529292e-09 -6.639827436087895806e-10 6.251826506717409295e-09 3.201355604261706191e-08 7.834480340919328330e-08 2.353722420386671361e-07 7.001375253971027470e-07 2.208644471778870488e-06 6.981705834155286751e-06 2.304356066248345987e-05 8.079813116159110414e-05 3.068372912022144855e-04 1.332704650941562031e-03
4.265027311672164867e-02 1.325008300625101984e-03 3.072691923831637499e-04 8.090158009529509957e-05 2.304906110567696138e-05 7.077603178468505882e-06 2.208935521359607134e-06 7.160598657535344935e-07 2.492608143679769316e-07 7.975927090064144387e-08 2.740284979979993383e-08 4.384489277882901245e-09 -1.211450302588280895e-09 -1.142746933111751289e-09 1.607217859871927976e-09 2.939324578646782636e-10 -8.821388418232170345e-10 -1.860335387905916642e-10 -7.158408754858487214e-10 1.022063561597997058e-10 -4.582804993747700514e-10 -1.336370192144719787e-11 -1.514915594897536528e-11 2.735111161471287726e-10 3.548057083425029388e-10 -4.332568880768488902e-11 -2.665159484497999062e-11 -1.548076913525631159e-10 -1.842431573346439578e-11 -1.041967429754587402e-10 -1.602460725292968182e-10 7.458813322222876906e-12 -1.903709730506599111e-11 7.135074356911653391e-11 4.929506596630596946e-11 -4.237200272031940815e-11 1.137960415336066486e-11 1.662895375460734266e-10 -7.871288868034216493e-11 -1.667237047796590989e-10 8.011815964763841811e-11 -3.632776215147944080e-10 1.985066204940228499e-10 1.235235807941328623e-10 5.366969353569305153e-10 -6.882961671543666184e-11 1.334428720591018477e-09 -4.812367261024361543e-11 -4.716822205621854793e-10 5.305057596332971798e-10 3.050656164720284732e-11 3.362875731778236977e-09 -7.477320250266588794e-10 6.051493548372340218e-09 3.173459155980468821e-08 7.796640140411379125e-08 2.353441322135089963e-07 7.008115959386144165e-07 2.212026012892109157e-06 6.987211309329655099e-06 2.305230352870553230e-05 8.079738584064284830e-05 3.067212088483131887e-04 1.333077422665469684e-03
4.264994502142350347e-02 1.325107197903816229e-03 3.071889131916946940e-04 8.088871855770822343e-05 2.304653262705338954e-05 7.081213666687852886e-06 2.205840975880972923e-06 7.158623260351917038e-07 2.497374664278496075e-07 7.991853969672807352e-08 2.725126961611460351e-08 4.260359791856841447e-09 -1.275659410259709458e-09 -1.283403290321484270e-09 1.509753276416378770e-09 2.467087864127385985e-10 -1.080381007856550347e-09 -1.361845490004759107e-10 -6.848778311925793429e-10 1.187022583934255679e-10 -4.669176186729362791e-10 -3.909055811790998690e-12 3.330892973053532399e-12 2.617072438468243023e-10 3.470762048206234076e-10 -4.872420653360274790e-11 -4.304718473943957360e-11 -1.555945182624760016e-10 -1.598759522875337880e-11 -9.851802423520174644e-11 -1.619738942648077558e-10 1.624276265314149511e-12 -1.691365742398128202e-11 6.916865521971366996e-11 4.481861782311738164e-11 -3.976546922559110430e-11 2.148251841355293056e-11 1.662671783705280567e-10 -8.072367235713745922e-11 -1.628699329705856470e-10 9.386359328629960400e-11 -3.628480019328220415e-10 1.810093171796168839e-10 1.427393406232189116e-10 4.925858437514979936e-10 -5.390656576803902006e-11 1.349093550736378139e-09 -2.555987391743101069e-11 -4.183071134704808501e-10 4.969672741691841883e-10 5.751270074440993959e-11 3.421905189556610204e-09 -4.792408961297985882e-10 6.086514601926210125e-09 3.146169503987267919e-08 7.826158935268266276e-08 2.352439109098783481e-07 7.004257421093052527e-07 2.211760681187803863e-06 6.987665371256116385e-06 2.304455099642806090e-05 8.080014410262257435e-05 3.068238081130756018e-04 1.332973715430852898e-03
4.264980233876609211e-02 1.324761844598337270e-03 3.071917366019095747e-04 8.086655319211540115e-05 2.303695290460968509e-05 7.080592833651645491e-06 2.206541164944672762e-06 7.162685693453598350e-07 2.492126693795478271e-07 7.922555687120468834e-08 2.719145792142243316e-08 4.526138900351206729e-09 -1.424924437059304066e-09 -1.277649142672820243e-09 1.512958338024001136e-09 2.179745872989663018e-10 -9.430829963881021440e-10 -1.240012283692567564e-10 -7.185104019297985724e-10 1.036515847945407590e-10 -4.506176265914707957e-10 3.269892705810467062e-11 -9.624865693501913773e-12 2.722765181232530475e-10 3.490481432292337391e-10 -4.026712642443394820e-11 -3.753588075955040988e-11 -1.574212155927590950e-10 -1.122511518374452993e-11 -1.018637394581141729e-10 -1.582646535809603987e-10 -1.026191497860687127e-12 -1.786026629249985531e-11 6.734155979790774919e-11 4.449283845519592369e-11 -4.143463566191190322e-11 1.693030316240373370e-11 1.537849783506460773e-10 -7.089836372266660120e-11 -1.585662914446732587e-10 8.566992169849427594e-11 -3.744663146014560825e-10 1.760472751388189620e-10 1.438795718730455961e-10 4.888380355910590877e-10 -3.122313330523671158e-11 1.395438273746199911e-09 9.761540215085982020e-13 -4.439821583880967740e-10 4.491005887752121462e-10 1.417976118779376701e-10 3.262811841550849656e-09 -5.236342682263928072e-10 5.939287102971136784e-09 3.199873980761980315e-08 7.844657398269046231e-08 2.351579708632433488e-07 7.007299958515691102e-07 2.210225433255808042e-06 6.982950424122373861e-06 2.304175936842113904e-05 8.074873822361241431e-05 3.067131890005988788e-04 1.332462506273291054e-03
4.265080914907389692e-02 1.324745153760815064e-03 3.073263259913072091e-04 8.091118018481669111e-05 2.304400268433292454e-05 7.083591010198742339e-06 2.205591383106853080e-06 7.162952332342708845e-07 2.500827215263742756e-07 7.964495761825636171e-08 2.759942681100753220e-08 4.127141461364072703e-09 -1.284358077240707277e-09 -1.210452112414751535e-09 1.523294575946520679e-09 2.495066725643095329e-10 -9.775341259351921054e-10 -9.054885432965906603e-11 -7.329446432888739874e-10 4.710664872760012219e-11 -4.842973976351208942e-10 -9.858561751722460394e-12 -1.612247367241209049e-12 2.804312800406637823e-10 3.395853112714716310e-10 -3.444413058913233886e-11 -2.798045053956330702e-11 -1.642909656605648176e-10 -2.279665050402227245e-11 -1.037772229673187875e-10 -1.640074568134307666e-10 -3.068332056699078181e-12 -1.670914198637836002e-11 6.990609166618034264e-11 4.630760351953957875e-11 -4.324847600727273838e-11 1.862584616751123832e-11 1.668960755930028628e-10 -7.085603169907320382e-11 -1.448423535433636437e-10 8.989058910687816841e-11 -3.840388335459354216e-10 1.677507560785417161e-10 1.267752901842511040e-10 5.291776643188712217e-10 -7.650152334959509152e-11 1.325643983368970493e-09 -4.727220955771261215e-11 -4.729079195175427846e-10 4.647038616013216164e-10 -1.243700556063737618e-10 3.205639096432243696e-09 -8.219600756209880046e-10 5.977391196556761587e-09 3.143605972738883539e-08 7.834336108847439268e-08 2.352863615675026441e-07 6.997189330231333323e-07 2.210290909098550367e-06 6.983813224913888895e-06 2.305752848068603472e-05 8.081008425368983402e-05 3.068682055485532387e-04 1.332876488536749449e-03
4.265098467033427015e-02 1.325190273449883575e-03 3.071347520972051836e-04 8.087161105060653582e-05 2.304789759378027242e-05 7.079061787065249588e-06 2.207471803209028179e-06 7.158602617037762233e-07 2.497748756792128453e-07 7.920102219204424246e-08 2.723154596861970186e-08 4.250989078170008950e-09 -1.324611033668534102e-09 -1.135344691509108864e-09 1.663370581697566228e-09 2.775119864440147355e-10 -1.042558358669037754e-09 -1.257067706693111323e-10 -7.388633945414618336e-10 9.804570416053413553e-11 -4.847659808449968966e-10 -2.714543746915408040e-11 -7.570191112738298611e-12 2.829932586835070208e-10 3.637909623563733616e-10 -3.370762750794853643e-11 -2.942317540269627075e-11 -1.535002062344626281e-10 -1.794323569136509564e-11 -1.044623233596951310e-10 -1.551818246877193769e-10 8.940070516631219663e-12 -1.650683116245645883e-11 7.307951970195045172e-11 4.656205353801168100e-11 -4.853642129521091510e-11 1.841668470657184508e-11 1.627795109010011772e-10 -7.145149980615312770e-11 -1.433574517866868566e-10 8.118420248585473692e-11 -3.633052558821390785e-10 2.159127333951352621e-10 1.410848763450966135e-10 4.746192194335786668e-10 -5.228243094076138326e-11 1.336697803120618547e-09 -3.262326068287816071e-11 -4.546804855500989560e-10 4.485518601953306681e-10 1.153513839667005054e-10 3.346898312230140775e-09 -7.392325197929853308e-10 6.117682876746442970e-09 3.143971280516601099e-08 7.789104452076101089e-08 2.350718012547406011e-07 7.004106857958131890e-07 2.210947027113863989e-06 6.982522529993502250e-06 2.304801523696631808e-05 8.080572088435903895e-05 3.067790821430192456e-04 1.333062333625092922e-03
4.265119283499200359e-02 1.325029172045210681e-03 3.072109808401759330e-04 8.089704545875116509e-05 2.305368525023088476e-05 7.086342167329621592e-06 2.205174161313994530e-06 7.169640103681549000e-07 2.493904754782511216e-07 7.965569494951364750e-08 2.715700249466793625e-08 4.339589446670871970e-09 -1.428396773640198985e-09 -1.301045763091013169e-09 1.698707433731321733e-09 2.916809712302282940e-10 -9.754107655866836823e-10 -1.660493767268390155e-10 -7.227329871482399621e-10 1.254652360499694351e-10 -4.877725816166009237e-10 9.634763992706089704e-12 -1.432902905370382786e-11 2.754162180054410309e-10 3.357350594045152493e-10 -4.981822511409802880e-11 -3.544488298237862032e-11 -1.633611022858599662e-10 -1.868598722254919475e-11 -1.001312040799407292e-10 -1.542080450584580225e-10 4.939375558633494239e-12 -1.999195329668022707e-11 7.256867752488225551e-11 4.808831084061944024e-11 -4.676918618623513864e-11 1.155491456858056701e-11 1.685451532538709735e-10 -7.742438624516790782e-11 -1.633242007899848909e-10 6.210033856045966077e-11 -3.825744764628001363e-10 1.901695460660288496e-10 1.405603375996164385e-10 5.269735847093660968e-10 -5.807242217378174340e-11 1.357132765935108511e-09 -1.959479600357877408e-11 -3.877381592583941891e-10 3.920980363939326165e-10 1.649003548635779858e-11 3.285653294922055203e-09 -7.455909190305861676e-10 6.356542032919178490e-09 3.192744007898960081e-08 7.781239305494779996e-08 2.352417746711623686e-07 7.005426204412693574e-07 2.211907695216454626e-06 6.983778504237299567e-06 2.304136818106083628e-05 8.076447661913653390e-05 3.067979661895865458e-04 1.332588768429788552e-03
4.265177158221204745e-02 1.324785859727726708e-03 3.072084182075427643e-04 8.090914280181282195e-05 2.304186943781223385e-05 7.083862525802218512e-06 2.204895291753305173e-06 7.164594914228107408e-07 2.496355528144372291e-07 7.953068511208081051e-08 2.707716074396541202e-08 4.389802239975598926e-09 -1.480925167695174923e-09 -1.338802840726722427e-09 1.460864196869170965e-09 2.941639020460678975e-10 -1.022221760287670664e-09 -1.816754142935246158e-10 -7.097555615847602928e-10 6.188964036688386764e-11 -4.695570783551072007e-10 -2.775922096165067805e-11 -1.722582429709465236e-11 2.593859202730686496e-10 3.453752064951229004e-10 -4.047835298887251881e-11 -3.221930842358336623e-11 -1.585622230046702005e-10 -1.105033712957376101e-11 -1.002830388415447566e-10 -1.628893789514537289e-10 5.065910378531998191e-13 -1.966723988324975865e-11 6.613797663477516947e-11 4.765738009217067400e-11 -4.490389981161011687e-11 1.651455159971411889e-11 1.661070207627517416e-10 -7.870643202592433218e-11 -1.528917692789350558e-10 9.236011161438749293e-11 -3.781662974286650261e-10 2.005951717252620559e-10 1.361314728231742885e-10 4.962674745916366533e-10 -3.462312406988885133e-11 1.333673753024854912e-09 -9.365794046646773916e-11 -5.209354833758948809e-10 5.301419779595024090e-10 9.585635557059136925e-12 3.281918324800501468e-09 -7.816573043717634143e-10 6.031760188008013926e-09 3.222157157579226625e-08 7.831438761890919675e-08 2.352586306135334231e-07 7.009958180794727744e-07 2.213840743055078289e-06 6.987110510632523329e-06 2.305517585011325105e-05 8.079063838749800614e-05 3.067740028684184483e-04 1.332673972699843995e-03
4.265052702978393978e-02 1.324836465159745817e-03 3.072599300998771015e-04 8.091229546272985797e-05 2.306240480967696358e-05 7.082884132908637673e-06 2.207163874383916674e-06 7.153467114676250695e-07 2.499379116312163299e-07 7.931992961644199703e-08 2.699494664530668463e-08 4.494775667107344443e-09 -1.240211454005918090e-09 -1.240414496819195497e-09 1.540589627323676730e-09 2.272497093434888145e-10 -9.100999532270886936e-10 -1.244419278614103218e-10 -6.766362078694929593e-10 1.193044710951806425e-10 -4.343849875937065776e-10 1.578860399212587376e-11 5.446024312034372357e-12 2.744509026481676484e-10 3.371547444716740682e-10 -3.768701518646998479e-11 -2.692997153379355664e-11 -1.507688434315925975e-10 -1.369275239053958619e-11 -1.043342842597552055e-10 -1.567052889360512699e-10 8.128223911018450568e-12 -1.559418462342546084e-11 6.647063669191087164e-11 4.097770149884230724e-11 -4.791196278538052107e-11 1.201404698172566658e-11 1.713689020941167633e-10 -6.707537750444775002e-11 -1.593730744987897465e-10 9.059933001926600929e-11 -3.694421095311525385e-10 1.855570900934449044e-10 1.002274453398144077e-10 4.734942391032025776e-10 -4.666348932101292556e-11 1.362904890123989396e-09 -1.583032220025273033e-12 -4.575923173675815705e-10 5.286102719957231137e-10 8.324010224918493709e-11 3.255117659136632038e-09 -9.117059890817874081e-10 5.843935662125588739e-09 3.178341236143026861e-08 7.788063057853382839e-08 2.359178679102563890e-07 6.996792913929181478e-07 2.212405445913943405e-06 6.987433764296577876e-06 2.305564095422806963e-05 8.080966828531459722e-05 3.068799060024688763e-04 1.333080648309428002e-03
4.265004849007009158e-02 1.325236674734168963e-03 3.072596207959086504e-04 8.090873556527850550e-05 2.305901384025194658e-05 7.086107110587891232e-06 2.209300775960762072e-06 7.158501670531366711e-07 2.499266268492743603e-07 7.950014667145743412e-08 2.734210151377419024e-08 4.537955702705000324e-09 -9.910281394540180158e-10 -1.120840972478362784e-09 1.605894961332840353e-09 2.718882444183789826e-10 -1.007614480498624782e-09 -8.886797732312002569e-11 -7.413430600412183370e-10 8.289326753599846085e-11 -4.511340563116369734e-10 1.144593850299810436e-11 -6.380615743933102664e-12 2.600031588349588062e-10 3.460038856710808592e-10 -5.761215062378118026e-11 -4.074716483359298059e-11 -1.610350612266009129e-10 -2.182683058014953266e-11 -1.033717003298730107e-10 -1.611447386056681653e-10 4.802430694211655600e-12 -1.973223715147753835e-11 6.850260210936366731e-11 4.809547066428907496e-11 -4.809999600951284678e-11 1.441431426451677845e-11 1.652903987429853511e-10 -7.546662672604579140e-11 -1.543261862114964153e-10 7.413011111457375563e-11 -3.795198943836423892e-10 2.111186624790801149e-10 1.169776988292717723e-10 5.295118836525153227e-10 -1.815119188171972509e-11 1.311084813645996151e-09 -5.562907187300968797e-11 -3.997332297832281592e-10 5.408402678803905523e-10 1.193979779504042717e-10 3.252695468678624498e-09 -5.250219496931058740e-10 6.173357634662492300e-09 3.160921373456172256e-08 7.864659220292227206e-08 2.354936432697893438e-07 7.016510921058262090e-07 2.212719710918234680e-06 6.983899191725338333e-06 2.305015614606062801e-05 8.080778219888422353e-05 3.068113089788274280e-04 1.333183743182568158e-03
4.265092438021363119e-02 1.324378252662520000e-03 3.071699135394864483e-04 8.090664606373374867e-05 2.305420572835090954e-05 7.086102680575124563e-06 2.207814131595657681e-06 7.174183484363670924e-07 2.500061336608978292e-07 7.926605095227046393e-08 2.745040328496892933e-08 4.292408191611628319e-09 -1.332730222966079586e-09 -1.150623358602356118e-09 1.433580267401984814e-09 2.417049401806881292e-10 -1.029896407266984362e-09 -1.265568140286897867e-10 -7.086242799218272123e-10 7.486034631603038230e-11 -4.941023828156326772e-10 -1.599806754499932859e-11 -4.495807832106057865e-11 2.847038790991363361e-10 3.447628741897639165e-10 -4.186159772417893476e-11 -3.866093826495259744e-11 -1.519079872998955233e-10 -1.974642856174161985e-11 -1.034717044702176375e-10 -1.584365441674270618e-10 3.053928049246013743e-12 -1.085212539617381216e-11 7.207191334105344464e-11 4.618287318265600662e-11 -4.489728254328727239e-11 1.469351561917070563e-11 1.727582983505893805e-10 -6.069120440011523321e-11 -1.484519700885373560e-10 9.967747007581353154e-11 -3.711841142483225550e-10 2.001729202984424458e-10 1.469973601135733562e-10 5.109584374753518580e-10 -5.628700320651678312e-11 1.318014950953922267e-09 -2.590030350545410565e-11 -4.951872103190562833e-10 4.667531255690107497e-10 6.738685724643611770e-11 3.253905661885449523e-09 -6.938267234150543885e-10 6.107261334587498794e-09 3.188209703567830659e-08 7.838824931230649068e-08 2.357105374424147317e-07 7.008932509024059347e-07 2.210458219968652909e-06 6.983048253028670702e-06 2.304261510075749264e-05 8.079105832345193636e-05 3.068575885528177622e-04 1.333161771751000587e-03
4.265137990311662630e-02 1.325479978660444418e-03 3.073044650987259143e-04 8.091606817811374441e-05 2.306164349260251761e-05 7.086411276385483280e-06 2.208131540720959016e-06 7.155365016178381401e-07 2.496565980881529631e-07 7.953290859279894495e-08 2.723991442094498098e-08 4.282365791304032897e-09 -1.169506738779127099e-09 -1.202162608647456464e-09 1.601370120728843458e-09 4.391992633738298931e-10 -9.319050012594490698e-10 -1.040044793187329529e-10 -7.090129588342081105e-10 1.032335895649699410e-10 -4.664983341377173771e-10 1.121318316412606371e-11 8.789880267171270929e-12 2.935312092003069939e-10 3.524377605102381659e-10 -3.157549059051846518e-11 -2.880739604198189231e-11 -1.571572418419836368e-10 -1.706246111690377126e-11 -1.014111652127975205e-10 -1.578650618363526032e-10 3.010387075829178273e-12 -8.202633946615580845e-12 7.483509612490497991e-11 4.404866147210369442e-11 -4.822999208249240867e-11 1.960251853648041500e-11 1.679894134441719459e-10 -7.826439909770019828e-11 -1.541716393098593681e-10 8.358244912601716220e-11 -3.576075178521964683e-10 1.795624934883301939e-10 1.465371074042484218e-10 5.410890562904927129e-10 -5.789569214609973162e-11 1.328227860436370088e-09 1.226645578997186589e-11 -4.128752863317411008e-10 4.312673152170883642e-10 3.163370098747525341e-11 3.279562094600918980e-09 -6.092483983634562939e-10 6.199304856301565491e-09 3.163898279573486892e-08 7.844780448356418027e-08 2.351731786912008232e-07 7.003248243947258663e-07 2.210840517573548017e-06 6.989198043171652635e-06 2.305323896757374729e-05 8.079762099282918628e-05 3.068338478794594131e-04 1.332745143843580256e-03
4.265023950746586745e-02 1.324824445527363320e-03 3.072648018375501514e-04 8.091537097017663588e-05 2.305378111074079354e-05 7.082130848854547415e-06 2.205371951187239694e-06 7.163843767447856995e-07 2.491675910566824358e-07 7.909999744916165600e-08 2.737916324243402026e-08 4.250794095250783897e-09 -1.348306241328324958e-09 -1.429126874342335829e-09 1.585000535197650476e-09 3.004084470905005269e-10 -9.704669403964048809e-10 -9.643655143624797036e-11 -6.989838189310734311e-10 5.199248848412259598e-11 -5.074858365119395710e-10 -1.325971421215126164e-11 -1.489480504551911051e-11 2.793927131285468268e-10 3.438855086714295918e-10 -4.376706280085594968e-11 -2.042327307603579394e-11 -1.593233711785541081e-10 -1.686116862576260453e-11 -1.039133628084421752e-10 -1.560020857301287901e-10 2.166261398801908148e-12 -1.213835714258789743e-11 7.832012726902785035e-11 4.750608253830747380e-11 -4.497290918837191501e-11 1.268716319893015422e-11 1.657221188861060565e-10 -6.240010846452341937e-11 -1.530870901150107256e-10 9.745751248394849623e-11 -3.771872490197193397e-10 1.833432298320424764e-10 1.345358419781568729e-10 5.232613870144648723e-10 -1.442632254930445796e-11 1.327481444699296041e-09 -2.495258122716304316e-11 -3.663938690276467978e-10 4.788162997807606033e-10 -7.869636744187002180e-11 3.176887519677246835e-09 -9.901977480907642236e-10 6.251725968313968012e-09 3.170175068638733336e-08 7.802395542369272922e-08 2.354255891741674155e-07 7.006045373781500843e-07 2.212095296744407969e-06 6.983025556660021468e-06 2.304013873073883079e-05 8.076827573373766454e-05 3.067363849212860873e-04 1.332765215529419477e-03
4.265093550230015379e-02 1.324774259838671763e-03 3.072104291082297244e-04 8.087838985968363295e-05 2.305168882043444445e-05 7.084309816203563313e-06 2.206517423244332328e-06 7.158799505557195820e-07 2.499274373574401040e-07 7.986844671685899241e-08 2.720561788183012206e-08 4.426615501798653344e-09 -1.379625042076802728e-09 -1.278724888280424241e-09 1.519095654429059920e-09 2.667958853325051206e-10 -9.815441274181173254e-10 -1.120801481064598223e-10 -6.728644345882375541e-10 7.588523205774424719e-11 -4.478113301393535228e-10 1.400884048122643301e-11 -2.933229521120922524e-11 2.785526862672464913e-10 3.451373000315247082e-10 -2.533494525071330241e-11 -2.477248900773108307e-11 -1.519494027334507158e-10 -2.537271697371133099e-11 -9.886936124898138019e-11 -1.620091205688483856e-10 4.269686253648717927e-12 -8.659306404870293365e-12 7.309947107107848933e-11 4.822707806505233749e-11 -4.285134985283162814e-11 2.011682983986129361e-11 1.711968975945772171e-10 -6.991751949579631544e-11 -1.731455398258564850e-10 9.023635051911443789e-11 -3.675213681960223171e-10 2.064779739482176931e-10 1.070627882338528612e-10 5.218878581031893707e-10 -5.020201960090432930e-11 1.350299271740801429e-09 -5.606382607178331834e-11 -4.015632009832405326e-10 6.130787529548353844e-10 1.347352806206070475e-10 3.383849034968624622e-09 -5.701974387885261914e-10 6.097887189730212577e-09 3.161248239489865841e-08 7.790061112878408933e-08 2.356894871201156314e-07 7.008371436779383639e-07 2.211176128811380392e-06 6.986308543622175873e-06 2.305253507614016332e-05 8.077448642140114667e-05 3.067223324394660871e-04 1.332543767530033505e-03
4.264934349328278890e-02 1.324958355709304238e-03 3.073068802509745161e-04 8.091733793485315364e-05 2.305199708417972061e-05 7.088310733066858257e-06 2.208169852048136669e-06 7.156915987565167812e-07 2.499005376327161119e-07 7.964515374881671948e-08 2.756308353710412790e-08 4.405697887818032897e-09 -1.334212634141921441e-09 -1.371438323427345251e-09 1.538554724498345030e-09 2.933698686439896191e-10 -1.019209707117273073e-09 -1.076597495945586546e-10 -7.336391656776761586e-10 1.522252154803990843e-10 -4.354980132477600890e-10 -1.008197511673734076e-11 4.886071937002296480e-12 3.068609993489970411e-10 3.359266032146713930e-10 -4.053924329900299768e-11 -3.074862513968184602e-11 -1.555436972485938513e-10 -1.249795816324242443e-11 -9.399505607797172562e-11 -1.524070309050543147e-10 2.038961061451711178e-12 -9.848790073398961758e-12 7.102237520699871558e-11 4.684298794492045606e-11 -4.167064121385875698e-11 1.472599571251349379e-11 1.641012098985197195e-10 -7.898135734976172503e-11 -1.548501317894436685e-10 9.515206862720003880e-11 -3.777029835129636701e-10 1.956110385765455091e-10 1.655401008032901217e-10 5.401504886031138905e-10 -5.858192888881083604e-11 1.399797562351917831e-09 -3.402400012897999617e-11 -4.360728119877915582e-10 5.055532925915390240e-10 1.157711823325645421e-10 3.325771810102846449e-09 -4.908018267840057217e-10 6.187100816647078601e-09 3.188823353819313320e-08 7.772482761925973669e-08 2.359585081872422355e-07 7.010867903502199490e-07 2.211251132845325840e-06 6.981341836288443631e-06 2.304216996009568052e-05 8.078234468127333718e-05 3.067873256741048601e-04 1.332860986530917452e-03
4.265045693129394105e-02 1.324991338601720203e-03 3.072646508982665101e-04 8.092021633340075557e-05 2.306199097824157941e-05 7.086656602290147079e-06 2.206576745356938414e-06 7.158085231384197860e-07 2.501309482084524011e-07 7.927679763457690806e-08 2.701541320335912429e-08 4.182337545519000390e-09 -1.295597638201625581e-09 -1.221066600629924666e-09 1.440699220374081925e-09 1.761878272265181443e-10 -9.687338102043752758e-10 -1.378371895978460916e-10 -6.658267009321594978e-10 1.274025928891782819e-10 -4.560253021450348145e-10 3.543678751527204609e-12 3.954980336041141831e-11 2.976594701822256147e-10 3.535730196042657430e-10 -5.192414385236729350e-11 -3.596006602742619142e-11 -1.616922918732579303e-10 -1.968935763019627941e-11 -9.893204496218874605e-11 -1.622039672112307172e-10 8.940762830084967585e-13 -1.269172514152871179e-11 7.405671333820001502e-11 5.320211775193514119e-11 -4.484876604758881607e-11 2.035465560676471406e-11 1.699645064775425382e-10 -6.882347036864839550e-11 -1.604400540806057096e-10 7.962256045858483119e-11 -3.711836827706563085e-10 1.752635031803678282e-10 1.045472210302609376e-10 5.304981199928419705e-10 -3.564038734919994010e-11 1.330134663859964620e-09 -5.015248381078604113e-12 -4.506854533786343794e-10 5.787390567102387621e-10 7.656834705883631902e-11 3.298268667170484471e-09 -6.386780790739443578e-10 6.391083190419279823e-09 3.219856665918391271e-08 7.872720615007513398e-08 2.357186330267536549e-07 7.002675589742176366e-07 2.210296811951733219e-06 6.980525653332586752e-06 2.304619977360553159e-05 8.078348167264345068e-05 3.067680342214663329e-04 1.333010856735805704e-03
4.265048516046198585e-02 1.324409468703878143e-03 3.072416610476066631e-04 8.091032678466469972e-05 2.304640871719424697e-05 7.087318260013607219e-06 2.205762403093867140e-06 7.163494511103015296e-07 2.497665132505415422e-07 7.940414670501113257e-08 2.755397259565992987e-08 4.447264488092909610e-09 -1.358668342135574448e-09 -1.211691061488566672e-09 1.491455433726483658e-09 2.288200706946673572e-10 -1.055753996074469887e-09 -1.031752026983317956e-10 -6.595638499419047607e-10 8.930731603615277008e-11 -4.250575431193395834e-10 2.285339841404659089e-11 -8.784881193761039819e-12 2.769523478523638695e-10 3.396763286281629832e-10 -3.348227741697733913e-11 -1.769713562772007778e-11 -1.496374637121564459e-10 -2.175339196580671790e-11 -9.623031244523695625e-11 -1.596328275045012869e-10 1.065018865886063342e-11 -1.183296034379329137e-11 7.535644623993428543e-11 5.301747464008797482e-11 -4.831812176050142371e-11 1.647543332540233018e-11 1.660726272266411540e-10 -7.721220214164118859e-11 -1.574944955868993600e-10 8.337046459377025279e-11 -3.891174740834957389e-10 1.720525813281287714e-10 1.431311755952015975e-10 4.949445652342397820e-10 -5.525029149881187793e-11 1.348581057126248693e-09 -6.223502743334131288e-11 -4.461770339860858248e-10 4.296202107725205341e-10 5.200243695567214645e-11 3.132421269228263956e-09 -8.069285408394399813e-10 5.970673746005668461e-09 3.186409381726472856e-08 7.799295358557815308e-08 2.355232103653612874e-07 7.009283617368504787e-07 2.211896289722652444e-06 6.984212674030751533e-06 2.305112433875229679e-05 8.078170473511337639e-05 3.068135815630056704e-04 1.332951688744449248e-03
4.265111414950296942e-02 1.324865286863740168e-03 3.071146032183750315e-04 8.088072213894786726e-05 2.304865999402293470e-05 7.079928346189232969e-06 2.204933080626000958e-06 7.151119818316462648e-07 2.497550658680398669e-07 7.907193714372192140e-08 2.712542335987848683e-08 4.340133543148105519e-09 -1.399748606167203068e-09 -1.218611618375948505e-09 1.584197870469838580e-09 3.130666969392052598e-10 -9.872610571555170841e-10 -1.009407322801836625e-10 -7.280312363395714787e-10 6.856553657445419804e-11 -4.773745299197408296e-10 6.786714637780726560e-12 7.210635873451218708e-12 2.831700748111901712e-10 3.378823740069201035e-10 -3.964549983134755395e-11 -4.290772257127842873e-11 -1.556122119509667529e-10 -1.237841345119738628e-11 -1.047516548275998236e-10 -1.607690308543501870e-10 -2.243844229201206584e-12 -1.452740222037416140e-11 7.569211357346146538e-11 4.618150431516518192e-11 -4.243493505751228600e-11 1.118538702825278533e-11 1.713433448110414313e-10 -8.663792406226593129e-11 -1.668709821922827340e-10 7.761583873655120271e-11 -3.726532313296216105e-10 1.777798187624657404e-10 1.270138402641100353e-10 5.043345950277867042e-10 -6.048692132853685797e-11 1.292199971121644519e-09 -5.521768969831156785e-11 -4.493582743771314017e-10 4.611791621923641327e-10 2.134013166080974893e-11 3.438404459782952410e-09 -7.736585918619226778e-10 6.166686744712414332e-09 3.163034142113763339e-08 7.810952748411864433e-08 2.357663569918504773e-07 6.998864283578738177e-07 2.208807700417581220e-06 6.980687364964537846e-06 2.304395877272570129e-05 8.077088122999927851e-05 3.067205816516076471e-04 1.332328480044067676e-03
4.265060257146455897e-02 1.324556860826369776e-03 3.071924412274145452e-04 8.091776120411807384e-05 2.305252501685167813e-05 7.083866553106027521e-06 2.207797056638353435e-06 7.163271143228015258e-07 2.504225658723823955e-07 7.960653214388669355e-08 2.745743530496018896e-08 4.288888250390773691e-09 -1.183402773872801107e-09 -1.166799699734349551e-09 1.718771891427014556e-09 2.458850228553850924e-10 -9.809799958495065649e-10 -1.447168563868271489e-10 -7.228911065118679220e-10 1.002382529162181464e-10 -4.458115146829085955e-10 -1.520007605830157507e-11 -1.004225946111528527e-11 2.874258987045682574e-10 3.393378349502804597e-10 -3.924098884841755717e-11 -2.619986262897130513e-11 -1.518403222707203504e-10 -1.984104026051342740e-11 -9.388285608046951030e-11 -1.575143894635539292e-10 3.559779795819992509e-12 -1.492365865962466231e-11 7.217828312563551369e-11 4.481021194291657400e-11 -5.053647648760414191e-11 5.963785780683456167e-12 1.746834023302346412e-10 -7.872288627544903657e-11 -1.618483932224542364e-10 1.029910148276217471e-10 -3.700978244589298635e-10 2.137445303263981230e-10 1.327601338832359622e-10 5.095264179369051289e-10 -3.779241269965449665e-11 1.285405578276674419e-09 -3.200654669626279929e-11 -4.418533999627026614e-10 4.991866333945284706e-10 9.338990478799347025e-11 3.347807684258445163e-09 -5.717317704392940910e-10 5.977181995185568589e-09 3.183882990472416923e-08 7.748739189580296016e-08 2.353879370357828271e-07 7.001744561110436569e-07 2.212592847158875634e-06 6.985974327435803798e-06 2.305727623466730469e-05 8.079908164350297652e-05 3.068180440552981353e-04 1.332912180993952147e-03
4.265152661177661064e-02 1.324739744381112647e-03 3.071766656963481851e-04 8.086673424747135744e-05 2.304476151122570869e-05 7.079132520193690949e-06 2.207629712328166441e-06 7.167120519313232527e-07 2.494832510398853739e-07 7.953343724976781979e-08 2.736075655216833845e-08 4.003471997786167978e-09 -1.337601527930641232e-09 -1.157303215785482723e-09 1.594292185517781559e-09 2.658161301408762979e-10 -9.816189977283354518e-10 -9.572342692858943397e-11 -7.084288066216141317e-10 6.678930671957238576e-11 -4.732574157749034601e-10 -6.976335408030108543e-12 -1.269227743305461047e-11 2.774366095804302328e-10 3.393006207744813265e-10 -3.513183633207224416e-11 -2.686446652383373082e-11 -1.598101064554435369e-10 -2.109011248658192071e-11 -1.013025264285303637e-10 -1.595003696138343876e-10 4.379182179857960621e-12 -1.111428924527140614e-11 7.019633443417723302e-11 4.418576195664957171e-11 -4.448301231264211959e-11 8.981998644134188762e-12 1.711654233723702061e-10 -7.458478767868254465e-11 -1.561507809411000133e-10 9.268137152429513811e-11 -3.699252163297867386e-10 2.226070508622495913e-10 1.448496259977501979e-10 5.052494437253956327e-10 -4.447396240087072617e-11 1.333713580312901294e-09 3.289254065644641267e-12 -3.844236645906122800e-10 5.968308954258145382e-10 5.516077622876569914e-11 3.442566028820991690e-09 -5.627567205284769018e-10 6.130826179211464393e-09 3.184744672924249796e-08 7.771296799368304551e-08 2.349675782531152768e-07 6.996060745473867324e-07 2.209444137344713493e-06 6.984231957362632345e-06 2.302989740366638490e-05 8.075662265962807874e-05 3.068187194046547600e-04 1.332608023329585108e-03
4.265004531326511972e-02 1.324952762296956361e-03 3.073085590683279338e-04 8.091167558079555516e-05 2.305000457816870678e-05 7.085766797488231202e-06 2.206457041587937307e-06 7.167838601587559605e-07 2.492357277452943755e-07 7.936685597788021666e-08 2.739572230416517046e-08 4.308766577505563519e-09 -1.088898396693773505e-09 -1.103813260883687989e-09 1.572280001297859691e-09 2.684594945847229646e-10 -1.033616056889889839e-09 -7.046871146360918354e-11 -7.062877889960365460e-10 1.288221788106913401e-10 -4.667384674605848756e-10 1.707702745676388639e-13 -1.639062959975276607e-11 2.773473671023883283e-10 3.380038015872773352e-10 -4.086050319281448362e-11 -3.537641739673967866e-11 -1.599647499817559610e-10 -1.693027707192552068e-11 -9.985603169868008948e-11 -1.540874485419622829e-10 3.615394328467329162e-12 -1.148723758263461174e-11 7.828670135377777828e-11 5.462328937784500131e-11 -4.750170033238715183e-11 1.789604837100096800e-11 1.659017222428709707e-10 -7.601585133144516012e-11 -1.524088780028553035e-10 8.524684120387968566e-11 -3.778388965713344181e-10 2.007997460461936842e-10 1.209884321737387024e-10 4.837861483958974979e-10 -4.253337280609520570e-11 1.337065292899227643e-09 -7.812143106978310484e-11 -4.838914457879669745e-10 4.865427170433264205e-10 1.449626128740723521e-11 3.157808465457084252e-09 -8.448080756016561341e-10 5.812630899924788906e-09 3.165273571095906024e-08 7.813828895987505412e-08 2.358067644528693741e-07 7.010865453740306387e-07 2.211747040272783889e-06 6.982448599041817228e-06 2.305146533722340517e-05 8.078356573497961709e-05 3.067318752788053006e-04 1.332587170549899384e-03
4.265156474185939628e-02 1.324272475679859036e-03 3.071831477443239802e-04 8.092171929661878837e-05 2.304425138527201267e-05 7.082928047571370494e-06 2.207828723214865965e-06 7.159461833845720423e-07 2.498666766351246393e-07 7.948774602564870877e-08 2.714919838891045357e-08 4.089918086169316086e-09 -1.357584194150006111e-09 -1.393758654590956973e-09 1.580188091919454280e-09 3.349682090795722687e-10 -9.311836762782280528e-10 -1.194333404234419342e-10 -7.008217742083050352e-10 1.002853193360173368e-10 -4.582273114921114947e-10 -1.333144078680499384e-12 -2.114049411260094802e-11 2.707542747672954705e-10 3.344278582376545670e-10 -4.062802501786296861e-11 -4.352098456584810523e-11 -1.635278248668980391e-10 -2.278975201630701138e-11 -1.057093805411127412e-10 -1.576902976356635473e-10 7.786332919948165737e-12 -9.424391254464358296e-12 7.438187845328837537e-11 4.749383102248610722e-11 -4.492527046333870938e-11 1.798074605030228750e-11 1.652167365235135902e-10 -7.497360806875491901e-11 -1.448287642190507544e-10 7.909767865377271211e-11 -3.910979571185587136e-10 1.847464667417207034e-10 1.343570424360138806e-10 5.243280879959511271e-10 -1.485632687237010948e-11 1.299464323907121232e-09 -3.970944347665483991e-11 -4.340395222218693339e-10 5.025005966938252214e-10 1.501523404025001665e-10 3.323774054870023002e-09 -6.748922471819303043e-10 6.233274647216323988e-09 3.189469176060277022e-08 7.823817940813089075e-08 2.357982840878831915e-07 7.004877486282673438e-07 2.212429491901808582e-06 6.983737010955439552e-06 2.305107667045299630e-05 8.076211374388367987e-05 3.067994911742557966e-04 1.332524384000104796e-03
4.265027180593345540e-02 1.325084830044244086e-03 3.072252627835314804e-04 8.088836635611778073e-05 2.304670175680288807e-05 7.083412715222308330e-06 2.203483555464160410e-06 7.163541667317820480e-07 2.500274455578632765e-07 7.975581910327521488e-08 2.767337717290134493e-08 4.286959619752913513e-09 -1.203246278173135355e-09 -1.218051966419398621e-09 1.596351863447969401e-09 3.417514525219320130e-10 -1.014123465201896628e-09 -1.405975955426563560e-10 -6.773538626318471443e-10 1.129978330205295568e-10 -4.610408549966421387e-10 6.564892904847337730e-13 -3.082333038417146592e-11 2.750968400684868810e-10 3.266914233203062397e-10 -3.820662471367902411e-11 -3.320446754076631972e-11 -1.555741490763515070e-10 -1.882475096132921459e-11 -1.061094361756867062e-10 -1.573399000935196863e-10 3.995414757042486642e-12 -1.177640700621606903e-11 7.504714366516205193e-11 4.495170788076195446e-11 -4.214981709874459728e-11 1.599632802956810052e-11 1.738343666072847367e-10 -7.380966537119904028e-11 -1.557156092539644278e-10 8.464967950107613507e-11 -3.860393806896533277e-10 1.850105103784337988e-10 1.290694451020845657e-10 5.153862858683571572e-10 -3.469339584262168384e-11 1.373422945791094638e-09 3.901854348156197680e-11 -4.040878774602732584e-10 5.055589550206394564e-10 1.313872432123844800e-10 3.199789871227161534e-09 -6.944923095580005889e-10 5.998589875268943740e-09 3.164563048306501282e-08 7.795401672496393514e-08 2.352320996801809166e-07 6.997302463505710272e-07 2.210541086435856489e-06 6.978343066615454889e-06 2.305002488212452974e-05 8.078628829718672373e-05 3.068605613814689255e-04 1.332869507737400932e-03
4.265151356307585184e-02 1.324660234619431378e-03 3.072239647379188606e-04 8.089950472475393385e-05 2.304785616728167481e-05 7.079232636525268142e-06 2.208036834317480092e-06 7.159893436003666761e-07 2.498198821668214896e-07 7.975888314950031477e-08 2.719331498912207057e-08 4.294773767104646264e-09 -1.399603767873789567e-09 -1.208478827450605061e-09 1.538953133376323403e-09 3.183428759924715082e-10 -9.959428227848289795e-10 -1.528452715926297351e-10 -6.965272622035633136e-10 7.981030379867098681e-11 -4.820864088599367389e-10 3.337480245035422891e-12 -1.181338351891216143e-12 3.035407611382787871e-10 3.438620301869550560e-10 -4.673133526434895664e-11 -2.405794588070334543e-11 -1.559081760972311922e-10 -1.819181646385259732e-11 -1.019831686882446293e-10 -1.557575696821085128e-10 2.494866091430219448e-12 -1.263753874906883896e-11 7.292502416211838880e-11 5.106854368827160050e-11 -4.621466735522832017e-11 1.374635125241970019e-11 1.695421296474368485e-10 -7.252108817625053318e-11 -1.481359357416115999e-10 8.391623926960671200e-11 -3.782717158890709550e-10 2.086862341723110170e-10 1.331903617751979488e-10 5.160597706431930867e-10 -5.378309773660322233e-11 1.360144203093004411e-09 7.267730542500408665e-12 -5.289590077243842963e-10 4.269374877700674405e-10 -1.260890769423367157e-12 3.161546280031830406e-09 -7.788279329315030374e-10 6.296840328918675551e-09 3.189776744086032091e-08 7.813397787430292087e-08 2.351895745938545811e-07 7.005138171369197457e-07 2.209836924404803934e-06 6.979399244935845039e-06 2.304568754247913030e-05 8.077587514422185898e-05 3.067385405746706688e-04 1.332578979965638646e-03
4.265190022200145842e-02 1.325009113457156253e-03 3.072227636240551095e-04 8.089465120440753835e-05 2.304541741551931146e-05 7.083635827028792216e-06 2.208390188415264557e-06 7.163078622786021197e-07 2.496578581535133784e-07 7.919998593405930228e-08 2.722845180748437563e-08 4.209469489743065237e-09 -1.253597650027395156e-09 -1.248593092782304956e-09 1.608256497301110364e-09 3.036798997186027705e-10 -9.501293091986501008e-10 -1.788106438226137908e-10 -7.254706323126776640e-10 1.497534457714731436e-10 -4.181369185716049719e-10 6.555664378228283234e-12 -1.326002492988099114e-11 2.841012396776735372e-10 3.429373992098523204e-10 -5.804762602936174078e-11 -2.874460883406283269e-11 -1.624292256542710296e-10 -1.821679895945732870e-11 -9.846343533205369227e-11 -1.612354838499018815e-10 7.486848135844095774e-12 -1.313644929040302128e-11 6.922622439151159651e-11 4.553166343334399363e-11 -4.275215878954572304e-11 1.663382959101401287e-11 1.723634553655914168e-10 -7.940415278821192490e-11 -1.584691065305306236e-10 8.712735738743893298e-11 -3.699824618764799474e-10 1.868684107115709775e-10 1.256087834542682781e-10 4.984702157376072532e-10 -1.018798768533185093e-11 1.335221737019991436e-09 -5.662625010683190382e-11 -4.742318557115502931e-10 4.734772305986127926e-10 7.109883124508610873e-12 3.364986926455504349e-09 -7.400706157245377958e-10 6.090987629483986809e-09 3.157623508225751004e-08 7.823800110411917503e-08 2.350418078307867057e-07 6.994499340999122000e-07 2.212109643185774127e-06 6.981900613553081616e-06 2.303615347626080482e-05 8.076380341313847927e-05 3.068432513726720838e-04 1.332199691492642283e-03
4.265148464815247953e-02 1.325036613229506593e-03 3.072651051845364076e-04 8.089087780362116573e-05 2.304448967084378138e-05 7.082042717384063342e-06 2.206986327882379058e-06 7.154396615953266718e-07 2.496437089675992545e-07 7.925658910447391483e-08 2.730716141525055303e-08 4.167675024930409183e-09 -1.284915279313895878e-09 -1.322460852375216728e-09 1.462219381376200518e-09 3.355096859125799336e-10 -9.698680036800914576e-10 -1.035192396327593722e-10 -7.361666078218231853e-10 4.467687753844849056e-11 -4.828724777946132297e-10 -8.100908626133111500e-12 -1.622584930581463055e-11 2.714605693696944397e-10 3.307146303809303060e-10 -4.135659861011150195e-11 -2.863756302838387182e-11 -1.545806145813260457e-10 -1.797548077766137456e-11 -9.599386319604331412e-11 -1.617028935866541237e-10 3.672369718279491823e-12 -1.570447597706049180e-11 7.496859975374707175e-11 5.094988818232165355e-11 -5.422830589474379474e-11 1.084737120596992842e-11 1.612782925662775663e-10 -7.827286954170740007e-11 -1.581589215819048531e-10 9.593435763433233186e-11 -3.765426966578454497e-10 1.986156252411720648e-10 1.701204225451460941e-10 5.279220834106411665e-10 -2.759033779904290325e-11 1.342259791155097931e-09 -5.980121623750453754e-11 -4.546277556572805980e-10 4.872246152641697256e-10 -8.858697736206215724e-11 3.349306964225767954e-09 -5.329127416620628742e-10 6.217634507213244847e-09 3.194473998459484868e-08 7.844366767394267164e-08 2.354850644275420651e-07 7.014457377434552890e-07 2.212478816283796076e-06 6.987196312237611331e-06 2.304947616624616500e-05 8.078180018265839922e-05 3.068459300574475409e-04 1.332734600666633969e-03
4.265137634860915322e-02 1.324548707554333744e-03 3.071788753323287748e-04 8.087331268105792191e-05 2.304854339614873299e-05 7.085142251868095474e-06 2.206867834034540302e-06 7.164200743781079995e-07 2.493884570248031889e-07 8.007022475704004452e-08 2.767042311117513049e-08 4.476145528844095576e-09 -1.318661774961886848e-09 -1.406124165425315740e-09 1.534406764112497491e-09 2.603644643995430845e-10 -1.017848052602957015e-09 -1.463285758487448864e-10 -7.638108006665471200e-10 8.759371234359871794e-11 -4.848350118107486683e-10 -3.621456280851279430e-11 -1.322519291138407941e-11 2.825053951809792596e-10 3.367536006776770332e-10 -5.466379791750713568e-11 -3.201564684144569453e-11 -1.577994130103244848e-10 -1.407003449853611342e-11 -1.003240229859084336e-10 -1.512381252178853278e-10 3.642046244334558470e-12 -1.413447674671329468e-11 6.989142277956167032e-11 4.407292965897613012e-11 -5.116126844290674013e-11 1.566292559296615011e-11 1.764547180162834559e-10 -6.426753469249115488e-11 -1.560053647058554458e-10 9.000426455409524907e-11 -3.621945395324206254e-10 1.956330377687871568e-10 1.177990364248458908e-10 5.007228550273179540e-10 -1.623387900200809253e-11 1.379478164236994821e-09 -3.872496741077919215e-11 -5.050973898006589833e-10 3.830100466896972928e-10 1.897604538115973528e-10 3.225887996277058686e-09 -7.537918979804104365e-10 5.979085420294766376e-09 3.190889695429342220e-08 7.791437741090767002e-08 2.358492968360998942e-07 7.010973463267799698e-07 2.210542912854826572e-06 6.979322792811093254e-06 2.303671386566707383e-05 8.077382852620353039e-05 3.067839900094686983e-04 1.332833517628932620e-03
4.265117611239745837e-02 1.324976797599632236e-03 3.073063831266666514e-04 8.089980905953960484e-05 2.304935598417814238e-05 7.083722071665292454e-06 2.207813029990102739e-06 7.163089997940522624e-07 2.504321247612533667e-07 7.957647853382408956e-08 2.755054882968643497e-08 4.525518436506632619e-09 -1.253925084962632691e-09 -1.273579012687868388e-09 1.506417232909643085e-09 2.305857320351052806e-10 -1.048939895498809086e-09 -1.380229055737299610e-10 -6.874502075516032314e-10 8.790812949138141725e-11 -4.801975533322722832e-10 1.319298473367515370e-11 -1.800547273983793107e-11 2.877015003258657464e-10 3.489515311654716971e-10 -4.307925939325243612e-11 -3.305743244702146098e-11 -1.590495135358797116e-10 -9.088361495311188411e-12 -1.010708902009026962e-10 -1.606467593137880498e-10 -2.463102847917713672e-12 -1.055503130255810901e-11 7.899386542720721627e-11 5.451720816483548615e-11 -4.508997256616878456e-11 1.963084965944210383e-11 1.741569896199392565e-10 -7.906528298732215398e-11 -1.565470858823033428e-10 8.731406456119894209e-11 -3.651135674357214112e-10 1.794324114279988848e-10 1.018430662056418629e-10 4.932258551633782045e-10 -7.201850096384891902e-11 1.319620135575118952e-09 -4.742923163366077122e-11 -4.805836397368962753e-10 4.882778816588639411e-10 -4.746416967113681199e-12 3.323452100587609651e-09 -5.511420301873991814e-10 5.902711153329923641e-09 3.172659857555689023e-08 7.827908652351260740e-08 2.355302928860339631e-07 7.001491702018405791e-07 2.210622322024798515e-06 6.982940884652140999e-06 2.304698335347447378e-05 8.080012846574662500e-05 3.067438275175594139e-04 1.332885997327340304e-03
4.265101200088425998e-02 1.324408356989244381e-03 3.072085962064067849e-04 8.088188197406977328e-05 2.305910543874579519e-05 7.084679205848565194e-06 2.208722563001332728e-06 7.172159448185147411e-07 2.496001256520179993e-07 7.923095086548572593e-08 2.720475435740079953e-08 4.561213662164267178e-09 -1.185572274237546449e-09 -1.285275472029775300e-09 1.642364696616734672e-09 1.749720341364088449e-10 -8.994517915690696425e-10 -1.454143983384328157e-10 -7.549955127981742038e-10 6.563455771422885198e-11 -4.713767984673051452e-10 1.291251085550093158e-12 9.834615954943792391e-12 2.739118788906525583e-10 3.500680596309628862e-10 -3.404656982851779992e-11 -3.195568233321374186e-11 -1.548580612335468793e-10 -1.900882919571263911e-11 -1.034081122589139331e-10 -1.590457076831592327e-10 5.065664059109247898e-13 -1.788701660824088289e-11 7.237152037140213349e-11 4.718249255021922698e-11 -4.092276212102405624e-11 1.831289656041145992e-11 1.812440811125898629e-10 -6.810249812644384658e-11 -1.436731778061151385e-10 8.670623143618963587e-11 -3.603475540308270294e-10 1.873505753498177381e-10 1.069166140913819003e-10 5.088772436245518094e-10 3.639598437895905875e-11 1.378107311186244125e-09 -7.168573946686650989e-13 -4.476706111310078710e-10 5.394993381490733693e-10 -3.736414308430096797e-12 3.316783941531847475e-09 -5.982918855061248611e-10 6.207348184350636909e-09 3.193467040951077899e-08 7.813669439944530129e-08 2.354711252332539559e-07 7.011516650698494667e-07 2.212553974216106387e-06 6.983277239662731956e-06 2.305020023527479706e-05 8.079535687830960693e-05 3.067592893851666357e-04 1.332919917416565793e-03
4.265131060200771235e-02 1.324647587823809354e-03 3.072584211782609736e-04 8.093049307048441143e-05 2.305448986140028368e-05 7.085510346394379614e-06 2.207028215798346096e-06 7.166482672289142689e-07 2.503080371297158388e-07 7.920966649924532057e-08 2.733258120465671862e-08 4.295172393519944946e-09 -1.312372784778039097e-09 -1.231685317141628125e-09 1.625610484381631955e-09 3.004419108774960730e-10 -8.818382776122939618e-10 -5.308089256819780452e-11 -6.758715798878247662e-10 1.287725549996557312e-10 -4.911822429004235192e-10 4.283407937616717368e-11 -1.130352515579782365e-11 2.829374962273646628e-10 3.326782717470591993e-10 -3.700490907350832755e-11 -3.334392094815598954e-11 -1.519354466676534957e-10 -1.341383444798966248e-11 -9.711711815281205403e-11 -1.653849032104821507e-10 3.562889266629309808e-12 -1.407965597620954556e-11 7.085094737087525865e-11 4.659056477505958091e-11 -4.613820561380583813e-11 1.194398988412661955e-11 1.698224895763469035e-10 -6.710818403301612575e-11 -1.635463026139030949e-10 8.183284834615697186e-11 -3.630388082908310207e-10 1.918998253813417914e-10 1.206265602047680236e-10 5.244017037341424657e-10 -3.187948053451002491e-11 1.324157401010580104e-09 -4.090298516298564510e-11 -4.070590151222231163e-10 4.181209010079152617e-10 7.063148604459043520e-11 3.339573493678176791e-09 -6.926865587931925929e-10 6.345865460120024080e-09 3.177639189076604085e-08 7.798357050967021362e-08 2.357435486523197643e-07 7.008892212136829120e-07 2.211459575577586180e-06 6.985536408502775261e-06 2.305349160115131813e-05 8.078140797053423843e-05 3.067987652811142484e-04 1.332742749592118019e-03
4.265051308553452492e-02 1.325401515108358668e-03 3.072953299658904040e-04 8.090469122630950406e-05 2.305504629089189130e-05 7.085999749857970094e-06 2.206547280288968204e-06 7.165274393153117721e-07 2.497070284635628112e-07 7.941666109160902546e-08 2.728197301838997240e-08 4.602697412340862486e-09 -1.428298460053043458e-09 -1.310590255162022884e-09 1.526835979675550144e-09 2.164413792563004190e-10 -1.009539766985369849e-09 -1.112778590769001777e-10 -7.108128836363373169e-10 8.348303853210167598e-11 -4.742384368896636750e-10 -1.141303077311924971e-11 7.888082185181561074e-12 2.866954724898566426e-10 3.391808633697574362e-10 -3.270311533581435438e-11 -2.804732394476268732e-11 -1.618420275198749700e-10 -1.750288755380094555e-11 -9.910069663866690069e-11 -1.613559417706088792e-10 6.827452393420340578e-12 -8.689379099967844730e-12 8.451219053368988563e-11 4.750827690228335112e-11 -3.992819850659143575e-11 1.781501237365315306e-11 1.731307144662725212e-10 -8.234099228192488004e-11 -1.566203352252199201e-10 7.421169889735197826e-11 -3.893912494345554859e-10 1.987439538151571328e-10 9.842267374343698266e-11 5.378750382132601381e-10 -1.758918515725324359e-11 1.289394692652374938e-09 -3.962217930746473221e-11 -4.187938885371858539e-10 3.784792091028700133e-10 -5.412706528733624006e-11 3.345842229866567811e-09 -6.830097160300792012e-10 6.392396450097009340e-09 3.184588671450154290e-08 7.836299606268821727e-08 2.351806370446915496e-07 7.006585704155718103e-07 2.211607485960495629e-06 6.987018414402697533e-06 2.304644684894964656e-05 8.080789751932220975e-05 3.067910611347583315e-04 1.332745505195537077e-03
4.265062337967914785e-02 1.324641253650858663e-03 3.071813196177135470e-04 8.089089631820958770e-05 2.304765025046338309e-05 7.084817878060988246e-06 2.207137975666787952e-06 7.153639481425894693e-07 2.503700611002043095e-07 7.940743364278998379e-08 2.691131709196599712e-08 4.090336091821020247e-09 -1.330099600630663452e-09 -1.174264367203702770e-09 1.479061105401669723e-09 2.573913866720854251e-10 -1.018937147197315133e-09 -9.069927960355248729e-11 -6.985290972286509769e-10 9.127529644450755729e-11 -4.557801553372055219e-10 1.430458539749891512e-11 -1.831595568172190893e-11 2.778394855854759305e-10 3.337556752618720539e-10 -3.530169580138616742e-11 -3.858875290283868352e-11 -1.517995276212536374e-10 -2.029787240636323872e-11 -9.629515834910285605e-11 -1.615590626893563189e-10 3.446132945747562280e-12 -1.318482525928755338e-11 6.842908127823934611e-11 4.651098986013353505e-11 -4.423545862111254700e-11 1.223110588857527181e-11 1.678768528380690606e-10 -6.993772275295359556e-11 -1.609169630641987894e-10 7.975573059059846087e-11 -3.930945758664924173e-10 2.064011685666409581e-10 1.138012235100583701e-10 5.257469294080956539e-10 -4.016507014556804495e-11 1.295821976192946218e-09 -6.619073922280616424e-11 -4.359037734504503940e-10 3.368591707870596511e-10 -2.360902997975373550e-11 3.328574651922389300e-09 -6.841603252177915301e-10 6.092019343287519926e-09 3.162303585561472037e-08 7.852105563622000564e-08 2.363150700537102778e-07 7.011539518306085423e-07 2.211144323980800887e-06 6.980343967429357440e-06 2.305427488945989859e-05 8.076488337652389549e-05 3.067424912824784420e-04 1.332725116192229548e-03
4.265083857856764166e-02 1.324883782403112357e-03 3.072978192268451024e-04 8.091212073572133436e-05 2.305626854185057855e-05 7.081675565505004942e-06 2.206441581484555488e-06 7.158497664950425753e-07 2.502880552327995264e-07 7.962185686212215460e-08 2.722346793907412641e-08 4.351015286722645523e-09 -1.303009861590863562e-09 -1.287457546274466060e-09 1.491329256839263543e-09 2.662678637083814654e-10 -9.090964905457757035e-10 -3.695363468139504742e-11 -6.788365807433416910e-10 9.183248220352227656e-11 -4.285422021469628712e-10 -2.068045503822965214e-11 -1.254578117757761571e-11 2.797581031959782372e-10 3.424146029283689616e-10 -3.359691779576984048e-11 -2.180349416248785927e-11 -1.556436746068117677e-10 -3.222423858055697473e-11 -9.612704025137410620e-11 -1.630980397924975982e-10 3.962934730576292958e-12 -1.666328508599888586e-11 7.265127975060414522e-11 4.221078874629025025e-11 -5.051907882133996265e-11 1.134893074034038172e-11 1.690340428824414511e-10 -7.151606192948311496e-11 -1.604631891059038627e-10 8.692967995729073921e-11 -3.706604593979391987e-10 1.969665916971216567e-10 1.409994768067196658e-10 5.254855475000512638e-10 -3.671263356499569083e-11 1.287674779719656242e-09 -6.506168626723895638e-11 -3.865839833650941058e-10 5.263411084781842796e-10 7.894230787898510687e-11 3.344441940718209948e-09 -5.297937268214749072e-10 6.179309481415982657e-09 3.184421943108866773e-08 7.833698626309907174e-08 2.354294981371982311e-07 7.009025315942853095e-07 2.211884523037544550e-06 6.983002667543287284e-06 2.304318271564408381e-05 8.081076766428923986e-05 3.067859987060858325e-04 1.333184637514832870e-03
4.265013276608213555e-02 1.324751183119033705e-03 3.072298537512650057e-04 8.091022570283911851e-05 2.304964724483150789e-05 7.086763678644560964e-06 2.206122715107688658e-06 7.156557960444900223e-07 2.493143617869898960e-07 7.953781760218590286e-08 2.761837451949014025e-08 4.276396596164146354e-09 -1.369779153873409845e-09 -1.279930284815204203e-09 1.535841545885750479e-09 2.531985475700680983e-10 -9.813924952933185643e-10 -1.262518893444690798e-10 -7.245378076646556427e-10 4.995281702209026890e-11 -4.205023103443912174e-10 6.722090267700743648e-12 -2.727459919280985740e-11 2.745252612868291737e-10 3.558650369183038484e-10 -4.076378708106180516e-11 -2.479879019851393177e-11 -1.629569966096404832e-10 -1.209747508169649987e-11 -1.069466141722908389e-10 -1.601240323659043131e-10 2.016858258307799136e-12 -1.660707337608031986e-11 7.004740188189023361e-11 4.850112037666364625e-11 -4.895889370472063830e-11 1.590815151150943212e-11 1.651617161140606165e-10 -9.257334065172249800e-11 -1.523375812130110602e-10 8.913015817655081351e-11 -3.903986923576078194e-10 1.876974534087569916e-10 1.098103836864333512e-10 4.931300981040460596e-10 -4.805565043285324522e-11 1.344019964981443058e-09 1.078157121804881879e-11 -4.615293978288896087e-10 5.234359624218998390e-10 3.301600214913147359e-11 3.313947548050012863e-09 -5.975230210173944459e-10 6.018043056839010370e-09 3.222069260819148929e-08 7.814374407426582315e-08 2.354181444848682780e-07 7.007281052213211429e-07 2.212401232432812244e-06 6.985076070179313548e-06 2.304384525865758808e-05 8.077154628937941784e-05 3.068424190363980156e-04 1.332788551886506228e-03
4.265013845143267313e-02 1.324524999041194707e-03 3.072100254385652434e-04 8.088663539873492704e-05 2.304230809374959625e-05 7.081825984935763808e-06 2.205836014321337729e-06 7.166236603859239961e-07 2.505093298072093614e-07 7.937920719177411778e-08 2.760142738802821901e-08 4.246977025894525970e-09 -1.379769610777082628e-09 -1.241103799967348034e-09 1.762895975357833930e-09 3.279333822709014174e-10 -9.473789909007150444e-10 -6.977532768738524161e-11 -6.714618827787887514e-10 8.879468481735490941e-11 -4.429961275820795674e-10 -4.662271894685082211e-13 -1.758269379642299623e-11 2.866426721742694772e-10 3.434628276988109501e-10 -3.063040180128163341e-11 -3.405540533665365602e-11 -1.494679505372882080e-10 -1.694339401740056455e-11 -1.007926713331837551e-10 -1.626582823067615722e-10 7.577224733753376501e-12 -1.181690802820493113e-11 7.398424579600488679e-11 4.708649853036146455e-11 -4.167231150511504886e-11 1.163227948440051779e-11 1.693720101172716082e-10 -7.239494383716027382e-11 -1.490462259858429307e-10 7.643173457095434214e-11 -3.744363568374624593e-10 1.630936790673601220e-10 1.258203865831050639e-10 4.821616436805749633e-10 -9.559649408470450663e-12 1.372176298465216594e-09 -3.432458926071089238e-11 -4.113148975033226286e-10 4.444630791861841996e-10 2.794038376231102224e-11 3.408529904233296533e-09 -6.240231222844813842e-10 6.054820567142138795e-09 3.199101616300157465e-08 7.838246752082800597e-08 2.356692515861577859e-07 7.007026837216850009e-07 2.211211098712321593e-06 6.983299273800716259e-06 2.303970281013073833e-05 8.078869043564829665e-05 3.068070881855958481e-04 1.332966608214809778e-03
4.265036650581410099e-02 1.324963960443109991e-03 3.072455281458307702e-04 8.088072319932406004e-05 2.304876514534575076e-05 7.085515254976882917e-06 2.208673940404529425e-06 7.161933332626117423e-07 2.501330493326203353e-07 7.996244743785585981e-08 2.729719761870146472e-08 4.520512810805056470e-09 -1.325860961180184846e-09 -1.097244656778238948e-09 1.530158163269664729e-09 2.379765044868104599e-10 -9.229776481194785243e-10 -1.180762462461303947e-10 -7.220408210738818053e-10 1.193196601665872402e-10 -4.622560136948517809e-10 1.472366836485255606e-11 6.072087415020504902e-12 2.633653903019520257e-10 3.573271676296129902e-10 -3.623089210090390335e-11 -2.921022222513954470e-11 -1.587248817156032948e-10 -1.441997280744795766e-11 -1.012647591435832856e-10 -1.632088027421134013e-10 1.704580570745966944e-12 -1.139102676710576905e-11 7.032046409719105194e-11 4.515984245007040098e-11 -4.244020895403771774e-11 9.209559454341198016e-12 1.665792168890445665e-10 -7.679967690640576421e-11 -1.391683775907482593e-10 9.006653366295941242e-11 -3.786175617828360943e-10 1.954791431475212608e-10 1.279467223606333660e-10 5.002835365315273681e-10 -8.008153853728485836e-11 1.341759410203498823e-09 -3.994642432043582237e-11 -3.942756327015671036e-10 5.039002177780218912e-10 3.083934716427504340e-11 3.307923000116522465e-09 -6.258518913340745215e-10 6.195546891898753572e-09 3.177438462698226499e-08 7.821830344690853915e-08 2.347783356288589228e-07 7.003261674562465058e-07 2.212384886698972228e-06 6.987776168813363584e-06 2.304158434475483651e-05 8.079163024108752800e-05 3.068414008472700617e-04 1.332906448044525764e-03
4.265021730446599130e-02 1.324869865843649819e-03 3.072316344976532432e-04 8.088291765014069185e-05 2.304601105444717892e-05 7.086509067750936004e-06 2.205371279567879464e-06 7.156986871194956873e-07 2.497771199215108424e-07 7.993123974390248678e-08 2.738739245353836022e-08 4.478078632121848351e-09 -1.133816706166189651e-09 -1.047643134535448047e-09 1.587278729908313700e-09 2.847196052581619042e-10 -9.247245290112154937e-10 -1.322138180488429684e-10 -7.195728900673815938e-10 6.121027326709997736e-11 -5.038426422267557987e-10 -2.687638900734916509e-11 -1.131160066187707359e-11 2.853992518223765336e-10 3.318563650739114508e-10 -3.374162510308798385e-11 -2.959423185717246034e-11 -1.592546212862137634e-10 -2.129327241994549307e-11 -1.047639106256438503e-10 -1.595068650672386621e-10 -6.249644330367847714e-13 -1.471295135139104900e-11 7.637215748127138871e-11 4.677174930529710521e-11 -4.819737314290423432e-11 1.593986339562353020e-11 1.735045256661630207e-10 -6.725542556997478305e-11 -1.530587280465159348e-10 9.517985287482229293e-11 -3.880740088464107757e-10 1.759840047388449937e-10 1.137764342490184615e-10 5.216644263472486058e-10 -5.606412349417426107e-11 1.322037261344948642e-09 -5.508295032916389296e-11 -4.259361140828228003e-10 4.924190169658885050e-10 1.824514868843417258e-11 3.117963415278304367e-09 -5.779532393245445918e-10 6.370782939941617658e-09 3.233981402101608254e-08 7.847807013004090413e-08 2.361845030985950758e-07 7.029394357217928611e-07 2.211500566022493025e-06 6.985765061152408639e-06 2.305165591592212511e-05 8.081426220369681331e-05 3.067733076774914339e-04 1.332899875262250934e-03
4.264888265028252828e-02 1.324601726009167401e-03 3.071819483401026936e-04 8.087294556779338372e-05 2.304608123092199894e-05 7.081277116278088400e-06 2.204196454607214261e-06 7.164802728235772829e-07 2.499950418243567100e-07 7.967654892560504119e-08 2.699962556360876467e-08 4.545754859052431605e-09 -1.415435896597974638e-09 -1.305816681193233512e-09 1.543297855943723841e-09 2.940782300397426744e-10 -1.011985876115097436e-09 -1.029721906551755435e-10 -6.635032647607423512e-10 1.026401165419761395e-10 -4.849572885616753686e-10 2.680709333488422644e-12 -2.356135537487467632e-13 2.779093914856540135e-10 3.374866300317430259e-10 -3.242083583760746990e-11 -3.171578003272516010e-11 -1.673971587171502228e-10 -8.890101630252678460e-12 -1.013126574003920314e-10 -1.578056000032112852e-10 8.697326076782194370e-12 -4.556787350640283130e-12 6.592027844130138262e-11 4.830485806952011375e-11 -4.065214626136233350e-11 1.097694072830698356e-11 1.571634972212739925e-10 -7.924141176340897730e-11 -1.571189685618817872e-10 8.354125459643881653e-11 -3.743137126834422598e-10 2.062078801877591896e-10 1.341774345314532822e-10 4.908628224381065300e-10 -5.297383862021559460e-11 1.378345733756161716e-09 -1.090556122221569242e-11 -4.137869341891986183e-10 4.401340200996404482e-10 -1.997700878625064630e-11 3.301647790305660139e-09 -5.168483046401216600e-10 5.997980004475141828e-09 3.216075496972265237e-08 7.812417097467858884e-08 2.359320316538766967e-07 7.011192187023767562e-07 2.210193926526504901e-06 6.978120440106821629e-06 2.304147240292655919e-05 8.076185874970381515e-05 3.067736886586328710e-04 1.333039326038721467e-03
4.265155925855527996e-02 1.325050157865818867e-03 3.073320441210904120e-04 8.092043742210663795e-05 2.306286007598495023e-05 7.087074579072403198e-06 2.207877208487406877e-06 7.166965574511915378e-07 2.500328283629030187e-07 7.954973785973029522e-08 2.774893434975001008e-08 4.440391895515594571e-09 -1.162792173978577883e-09 -1.104399867436354563e-09 1.574962734971623767e-09 2.092329750494563817e-10 -9.649544185612910730e-10 -1.052616265436339571e-10 -7.439848772950724273e-10 6.843021906443149568e-11 -4.853008772806115388e-10 2.713752525838235840e-13 -1.451392821456019097e-11 2.840077569053111887e-10 3.468285098834715116e-10 -3.539271463637582641e-11 -3.242170933629687672e-11 -1.571559044163047422e-10 -2.082610766550555658e-11 -1.024246831155130865e-10 -1.602098914573695416e-10 2.545163546271229400e-12 -1.804446373695735838e-11 6.887871733684477485e-11 4.251433310268942350e-11 -4.648087653291757104e-11 1.604922663194295091e-11 1.645228731009537379e-10 -7.404209262083860207e-11 -1.636585294604633269e-10 8.165834618774603082e-11 -3.766510837226779464e-10 1.880514146936741672e-10 1.498856428982021754e-10 5.042146481016504719e-10 -6.097223959477926015e-11 1.337104482032175107e-09 1.224587346307747403e-11 -5.044117518531608069e-10 4.969912790014953642e-10 1.813143108587541469e-11 3.364107274030924657e-09 -4.721105439434172685e-10 6.135628553250182248e-09 3.198175296430549439e-08 7.811565512052477007e-08 2.354712902003046816e-07 7.003843306502458187e-07 2.212577413395538462e-06 6.984456786184695054e-06 2.303363104177923331e-05 8.077924061555159243e-05 3.066856865388922597e-04 1.332850007323301477e-03
4.265194077811116508e-02 1.325021405335321959e-03 3.072771771121603928e-04 8.090113239344313588e-05 2.304895330209459929e-05 7.083967122296564254e-06 2.207347290292361302e-06 7.148258582216520174e-07 2.489822988746311018e-07 7.912589209470693441e-08 2.757528085860454262e-08 4.188457368458391659e-09 -1.309604845187569490e-09 -1.224247084316857720e-09 1.605763857588355415e-09 3.124237749732449531e-10 -9.992276570918236215e-10 -1.598643010391781939e-10 -7.488896014485497578e-10 1.077086773938374280e-10 -4.667829017681367225e-10 -4.717293538773023701e-13 -1.353843746704065930e-11 2.945766383703852832e-10 3.676086821591219292e-10 -4.587100614017319110e-11 -3.593714280073869095e-11 -1.510515350070645606e-10 -1.542398224475006233e-11 -1.006012602674397550e-10 -1.533549080631472088e-10 3.277461811464189218e-12 -1.379780059709990838e-11 6.859534572951221378e-11 4.629931129250211594e-11 -5.098864982188637094e-11 1.222861216218774656e-11 1.773108099389308793e-10 -6.697602572335465706e-11 -1.584366677810510952e-10 8.676729615099130433e-11 -3.878016781359813005e-10 1.797186268711897191e-10 1.189974569599644341e-10 5.068777104060038660e-10 1.034071732151300363e-11 1.346418080598948368e-09 -2.391048600369645442e-11 -4.982965679770003048e-10 3.694638907008021939e-10 -2.842038596593650562e-11 3.223634281465113057e-09 -5.961905225392636652e-10 6.393376639501409468e-09 3.148464907087985365e-08 7.819781153302062749e-08 2.350906902384532058e-07 7.011364725556161362e-07 2.210888593786715623e-06 6.983842730926083724e-06 2.304930043265041245e-05 8.080146321066681886e-05 3.068199936920709063e-04 1.332545237093014793e-03
4.265044424784585758e-02 1.324677984676954140e-03 3.071667808012284073e-04 8.090474962729887081e-05 2.304430440733928260e-05 7.079232339963217509e-06 2.206646538971918444e-06 7.159541210918719682e-07 2.498854600915125049e-07 7.947832207618583130e-08 2.730184459559193664e-08 4.035164190943951842e-09 -1.266481121287094666e-09 -1.292223600265762812e-09 1.539467829480268267e-09 3.336434470923468866e-10 -1.002973409189766449e-09 -8.884903613871217364e-11 -7.502716158055798178e-10 7.338272533434980179e-11 -4.606641795231232406e-10 -2.121848283387540350e-11 -1.867827579559084002e-11 2.593283600224489656e-10 3.401698666046242438e-10 -4.754053558086985575e-11 -4.033940365942840136e-11 -1.663696152896863864e-10 -1.787001366282736299e-11 -9.626338691056212633e-11 -1.517126122009038121e-10 1.137019572974585154e-12 -7.442453356385045896e-12 7.175683511320894167e-11 4.810051702590298820e-11 -3.986258044819534416e-11 1.349326029132726005e-11 1.667266611260029563e-10 -7.238424672552889920e-11 -1.474489331384105195e-10 8.053994161138056326e-11 -3.827194817616342540e-10 2.029994979320666334e-10 1.127097963681083518e-10 5.035244961895483799e-10 -5.181697207593100417e-11 1.305024454231625313e-09 -3.332931819579523755e-11 -4.566561392566872534e-10 4.853478515202646198e-10 9.840423623541099474e-11 3.261951594141786117e-09 -5.343202365151406110e-10 6.061336014487055180e-09 3.164098948415637465e-08 7.782792253104703706e-08 2.351888245253142690e-07 7.000006034663685438e-07 2.210399909140601574e-06 6.981287641731620400e-06 2.304377453928616203e-05 8.076346342460854197e-05 3.067344299193552914e-04 1.332718081965510431e-03
4.265080812826116397e-02 1.324801252952856161e-03 3.072323619408909431e-04 8.091713208159209431e-05 2.305693904855971390e-05 7.080869801870557887e-06 2.207817950141420576e-06 7.161510643745127180e-07 2.496109389718209489e-07 7.951599225048840098e-08 2.735390709320535957e-08 4.534262509713189421e-09 -1.102490596365010395e-09 -1.250896662215494809e-09 1.558071325145861499e-09 2.428432342683365677e-10 -9.338610957463405994e-10 -1.520889023094133328e-10 -7.699704819571752426e-10 8.828462382723664517e-11 -4.734391127783376912e-10 2.623594271617244578e-11 -3.139610092109356202e-11 2.666196540593500796e-10 3.436801161634887697e-10 -4.274435700669428275e-11 -2.466646732165589869e-11 -1.512496694568957485e-10 -6.398498959073040862e-12 -1.007580047589333597e-10 -1.658277860940316034e-10 -2.201614773878658408e-12 -1.582137166933158756e-11 6.996554922027108966e-11 4.302096884134093678e-11 -4.494488661477509243e-11 1.227654474723761987e-11 1.652238293510051549e-10 -7.998306019170518185e-11 -1.617426106864426519e-10 8.215421362812973523e-11 -3.575560188451759456e-10 1.703228188620287991e-10 1.427943108428019173e-10 5.060695846662079138e-10 -4.696742166751449283e-11 1.356855088758059295e-09 -1.625316349429445002e-11 -4.530715118811066029e-10 4.687160981313911465e-10 3.757436967182848188e-11 3.378210119094325921e-09 -5.302930727826034885e-10 6.270931867193035210e-09 3.202915209178717415e-08 7.826928884036434629e-08 2.353417928062184303e-07 7.007146391098516754e-07 2.211963914767976317e-06 6.985452059484292912e-06 2.303904230045481318e-05 8.079748666671867599e-05 3.068077854876872417e-04 1.332812489935871229e-03
4.265072611298204724e-02 1.324967742265604044e-03 3.071837309288639735e-04 8.089314965283995161e-05 2.304867135588033959e-05 7.086497017484590428e-06 2.206427906550591287e-06 7.175320698918233957e-07 2.498084948893521174e-07 7.908334764496003812e-08 2.747485094924341180e-08 4.388660865346111856e-09 -1.390336334907373234e-09 -1.196333764014869523e-09 1.494443246655264239e-09 3.134033930631111525e-10 -9.420461348716667715e-10 -1.352407355565736780e-10 -7.236152555256627187e-10 8.470884009518937284e-11 -4.768757516551940937e-10 -1.979067339267638324e-11 -2.816099299499646289e-11 2.899482853269197464e-10 3.346047485736702154e-10 -2.701956753705023381e-11 -2.621863164465601689e-11 -1.504070573665167773e-10 -1.615793595093249246e-11 -9.491316310162958985e-11 -1.569784225283878443e-10 -1.387412881399950204e-12 -1.916007347324628941e-11 6.417746209324795433e-11 4.689836875899101171e-11 -4.654552764233805716e-11 1.376211535951697070e-11 1.652560605202966636e-10 -7.732201184878018717e-11 -1.491403705693426853e-10 8.614967162571205521e-11 -3.666938378067747010e-10 2.071712380610916803e-10 1.592820060580073582e-10 5.272400982446950937e-10 -5.884446137605313163e-11 1.300687511389571049e-09 -4.009776432681998178e-11 -4.820940084883461592e-10 5.187664615864773113e-10 3.881713190038014452e-11 3.406208031896322390e-09 -6.519221880214415609e-10 6.339706231629306108e-09 3.209261406559931127e-08 7.809411739112565440e-08 2.357700339959631109e-07 7.005460283456948989e-07 2.213143761452835951e-06 6.983942281224164428e-06 2.305078844512014732e-05 8.078089835055156365e-05 3.068178393316857238e-04 1.332998383455058023e-03
4.265101031531493003e-02 1.325031384118769296e-03 3.072785003109282874e-04 8.090887906316467299e-05 2.305902269621921632e-05 7.086252796930897362e-06 2.210206977550725399e-06 7.166856682762383580e-07 2.505159933182938248e-07 8.010412851196482024e-08 2.739805351895443055e-08 4.570276587958400343e-09 -1.169832678743795575e-09 -1.197532638026408553e-09 1.580929040780891485e-09 2.616443158843867988e-10 -9.904013691184425137e-10 -1.432565746335088652e-10 -7.081244957005697598e-10 1.110384632760658263e-10 -4.763581544433780148e-10 -1.646071163758063858e-11 -7.997731579944728780e-12 2.921275408246417419e-10 3.499147480537607016e-10 -2.912421902231005420e-11 -3.379087495839481997e-11 -1.504329547616535909e-10 -2.156798126398295740e-11 -1.042201087316704624e-10 -1.669990485875486491e-10 8.306378261702225699e-12 -9.775742848416582977e-12 7.087428891401701561e-11 4.742369830124264035e-11 -4.398340277845491063e-11 1.288794648652287455e-11 1.657545352728860409e-10 -6.893860918693151079e-11 -1.540359689033705815e-10 7.826073421859103965e-11 -3.785989157682189108e-10 1.816727044361043158e-10 1.333429198509246124e-10 5.082650605750241780e-10 -7.326314225100539003e-11 1.327204801755217090e-09 -1.350962709271587338e-11 -4.919369985282067738e-10 4.604768878539720769e-10 -5.444567375672456027e-12 3.327353465271190048e-09 -5.584203675670420108e-10 6.004901556064315732e-09 3.157086884906413512e-08 7.774141475966861984e-08 2.355469789849739413e-07 7.003046562309984241e-07 2.210961102040802233e-06 6.985122721440938234e-06 2.304971216045710705e-05 8.077746306011434414e-05 3.067632744345935298e-04 1.332834792721669746e-03
4.264981842786535332e-02 1.325195090666540397e-03 3.072577063124927758e-04 8.092006779300721505e-05 2.305601447971500137e-05 7.086797883935915192e-06 2.206394205837055541e-06 7.166249320444274782e-07 2.501850179459396829e-07 7.972705352001788200e-08 2.743236954135893209e-08 4.263084855696366489e-09 -1.084980269325920876e-09 -1.379738323250943674e-09 1.643228585640060286e-09 3.574101213803502298e-10 -8.369232003307728049e-10 -4.638836952133225118e-11 -6.534115770568432261e-10 1.339224176920493446e-10 -4.389466681433906567e-10 2.006849046893548668e-11 1.693291183604271157e-12 2.938044146576990450e-10 3.399967229328321755e-10 -4.563728458822593037e-11 -3.102942274181389072e-11 -1.636991176869324644e-10 -1.782320162103411038e-11 -1.053263211855189971e-10 -1.591982151461474473e-10 9.861286518491659629e-12 -6.090212150500040965e-12 7.462421333365227513e-11 4.718622046400371047e-11 -4.498059653905294277e-11 2.246782745610197783e-11 1.620923664146020144e-10 -7.174009541664358418e-11 -1.555734137453813273e-10 8.226509087758276938e-11 -3.843254898697666940e-10 2.238363632778837272e-10 1.156639502220394554e-10 5.161434151060364389e-10 -5.772918871554893803e-11 1.326680831947028261e-09 -4.095163129269529039e-11 -5.040183117303423156e-10 5.208280567200077984e-10 7.356647046830282580e-11 3.285420861844964854e-09 -6.724622062806976572e-10 5.993729384052952430e-09 3.159162091095633396e-08 7.764059742828804261e-08 2.344979682298961532e-07 7.008370464817229357e-07 2.212099251014617564e-06 6.985472463973978652e-06 2.305548179618727495e-05 8.076880683044414038e-05 3.067587073630218550e-04 1.333044501500912221e-03
4.265205326070133085e-02 1.324543106922333258e-03 3.071445775753905896e-04 8.088485979673476533e-05 2.304827923457915443e-05 7.087872379004760544e-06 2.207217078802364800e-06 7.159408435485565671e-07 2.499992097129952554e-07 7.948264871520794380e-08 2.738791081917746599e-08 4.366868079184209628e-09 -1.301806834269988025e-09 -1.216505158569703927e-09 1.719430484568610128e-09 3.731042537459234837e-10 -9.429184756318510272e-10 -8.799676169158150959e-12 -7.196644055730574444e-10 1.248418993599055830e-10 -4.683953582584744784e-10 -3.823597421821213682e-12 -2.315925903106156525e-11 2.779164199873511512e-10 3.459791073650667658e-10 -2.144082132469737213e-11 -2.057923188621930108e-11 -1.624466495144823169e-10 -1.518710778133899182e-11 -1.020792219329534971e-10 -1.563139340294124072e-10 4.028932221417338950e-12 -1.365065588758334528e-11 7.231910256176669848e-11 4.607627405030428961e-11 -4.192740027036949807e-11 1.111336271296777040e-11 1.664089672146974698e-10 -7.585860163133651372e-11 -1.523367023949791142e-10 8.806809818781380083e-11 -3.634957013203888212e-10 2.192075610720010503e-10 1.390861603911572855e-10 5.041722004869626798e-10 -1.340419205322736798e-11 1.356929340801135946e-09 -4.675308628172345218e-11 -4.831482266086581357e-10 4.878812014310297436e-10 -3.144325858308397296e-11 3.269610110510809792e-09 -6.723341438515170549e-10 6.100986348560814215e-09 3.179926314748299468e-08 7.820550037242002344e-08 2.352583028394553756e-07 7.017237180519933707e-07 2.212748764215264822e-06 6.988424879613234929e-06 2.305169166039449597e-05 8.080589293066228187e-05 3.067718598505885246e-04 1.332887429667931707e-03
4.264958344029103759e-02 1.324731479752055139e-03 3.072210898094603700e-04 8.090886078344946132e-05 2.304901236842450397e-05 7.086279605708385353e-06 2.208561370617875137e-06 7.159763276475864402e-07 2.502682467509434324e-07 7.957789624987222421e-08 2.729072130689702019e-08 4.391379550511704317e-09 -1.250485976166612781e-09 -1.205542181423688002e-09 1.671665601333679350e-09 2.892125592906669370e-10 -9.618205707900337402e-10 -9.569226333457400967e-11 -6.896741079670482017e-10 7.372389322097983704e-11 -4.634109926192648459e-10 1.605017750431114049e-11 -1.452442548068251589e-11 2.690468359234781678e-10 3.360550389338010067e-10 -3.735339211162188986e-11 -3.014351096485413907e-11 -1.564029602682516485e-10 -1.656991674892142058e-11 -9.733241414473186847e-11 -1.539483148042577235e-10 4.162865583552854352e-12 -1.366973934134000979e-11 6.671611062952860353e-11 4.384890419325952803e-11 -4.767881556155274053e-11 1.829188068211734612e-11 1.529892729263140468e-10 -7.423171208385786898e-11 -1.593131431986762999e-10 7.806465959365135130e-11 -3.649980592359067187e-10 2.005491076073207133e-10 1.185334520284474965e-10 4.996693236849831941e-10 -1.121532237191779288e-10 1.318042984817371022e-09 -4.722138236194085400e-11 -4.213731233570518275e-10 5.071987390916371293e-10 1.389087302887237888e-11 3.357411279333110245e-09 -7.698552725652768023e-10 6.013626197398660152e-09 3.213760103827040590e-08 7.866651131686987576e-08 2.358221717340489865e-07 6.996619405776185039e-07 2.211048061751217265e-06 6.983495448681002350e-06 2.305226196616075481e-05 8.080857600290042222e-05 3.068590066052679657e-04 1.332917667602059441e-03
4.265173946068437361e-02 1.324996194806246598e-03 3.072172123893481162e-04 8.090861715442800408e-05 2.305785131529602491e-05 7.089393287716041997e-06 2.206365617171007335e-06 7.161873665525253456e-07 2.497692516984466679e-07 7.909782468733884266e-08 2.746494891643960920e-08 4.370303245885548518e-09 -1.544186776022355352e-09 -1.215108788702028241e-09 1.697322681043261523e-09 3.531085785638212230e-10 -8.435420012921012823e-10 -1.223522623610508923e-10 -6.951483081933255030e-10 6.806080325927332677e-11 -4.918146294595019152e-10 1.807400027792277331e-11 -2.169210783576334775e-11 2.834408246615202366e-10 3.520085154486693399e-10 -4.085233559991768005e-11 -1.785771937406400920e-11 -1.526557669032006996e-10 -1.314802227460558273e-11 -1.044545652819732729e-10 -1.627491764553920299e-10 2.386113559925040324e-12 -1.514828032616459835e-11 7.116824748661668093e-11 4.999724680221985773e-11 -4.784565171638400716e-11 1.460379942885033037e-11 1.725522753649350671e-10 -6.532936765058633918e-11 -1.513888062255420409e-10 7.812027325709183799e-11 -3.797441287185052912e-10 2.033565977496996930e-10 1.349833980758229606e-10 5.050422739949483070e-10 -3.370994098924763171e-11 1.307861518161122924e-09 2.500325957286027075e-11 -4.549903789194724581e-10 5.070610728650692101e-10 5.793614750035895583e-11 3.414995860431649787e-09 -6.718612626852333291e-10 5.803870865601538319e-09 3.176268201928411040e-08 7.850781695716074144e-08 2.348734644898490040e-07 7.008073274024993942e-07 2.211933960033168434e-06 6.989550363329521654e-06 2.304869649058778226e-05 8.076521549051059797e-05 3.067076562805987430e-04 1.332618030637336025e-03
4.265108062916619230e-02 1.324831608770712064e-03 3.072471460072758440e-04 8.090366369670338434e-05 2.306336762164345650e-05 7.081812028370789217e-06 2.208154241937753367e-06 7.151611048386356619e-07 2.497153716220295294e-07 7.964303109296330905e-08 2.739214643710212929e-08 4.498061551296921338e-09 -1.309427408800996054e-09 -1.279303941352536970e-09 1.622501053805870876e-09 3.057025628461890234e-10 -9.017954406683762890e-10 -5.922191864282626097e-11 -7.169485630162468814e-10 1.161678666038178528e-10 -4.186888712828286692e-10 3.709109933790069607e-12 -8.644199014283762179e-12 2.570081211388287407e-10 3.395041666226941252e-10 -3.355950919160027753e-11 -2.826375232072423388e-11 -1.584601467634649401e-10 -1.764593290420191573e-11 -1.014676688433836437e-10 -1.601102162351434070e-10 1.023390057622910009e-11 -1.563920264067844085e-11 7.216812522516634797e-11 4.578941008003288402e-11 -4.322911696061503890e-11 1.387869537617732719e-11 1.697061451989666824e-10 -6.796654574913870807e-11 -1.551995844786100726e-10 8.628201502896748203e-11 -3.521700336632797342e-10 2.059255183366258719e-10 1.032602552162080541e-10 5.115762969621899173e-10 -3.553367494706852605e-11 1.312824121137737272e-09 -3.824791043895797025e-11 -4.341351841728338296e-10 5.004038704696776205e-10 -1.720930551080749692e-11 3.226946486157919541e-09 -6.175668844579386682e-10 6.185549404784551031e-09 3.190164332500018125e-08 7.773871354493046413e-08 2.347636465798212733e-07 7.001336796386120878e-07 2.209805623156689413e-06 6.982601902804430771e-06 2.304554769075357624e-05 8.081961394284653945e-05 3.068410484809250835e-04 1.332966838228041330e-03
4.265214703656747264e-02 1.324668976446620157e-03 3.071809221750006376e-04 8.088855641062544838e-05 2.304058914693193308e-05 7.080259353328756398e-06 2.204786481621814541e-06 7.151994558197598431e-07 2.496815915433358459e-07 7.964424212418355273e-08 2.708215304476048966e-08 4.016145663807605142e-09 -1.236811779148825423e-09 -1.301875603669147893e-09 1.612490633301153950e-09 3.113189113043236915e-10 -9.254018002425610824e-10 -1.313633547458821063e-10 -7.425259616943989522e-10 9.100930718269357705e-11 -4.720716538014896711e-10 -1.721101619672248396e-11 4.111336230697873273e-13 2.765280408132290547e-10 3.330304424748957334e-10 -3.771780287288502755e-11 -3.706492771154372263e-11 -1.650024915147009827e-10 -1.733993145465686452e-11 -9.777518997933524421e-11 -1.599357774542097639e-10 6.048629287933989758e-12 -1.348508051537797625e-11 7.342309470912354023e-11 5.237941821175426028e-11 -4.246823528907894330e-11 1.059211981029334971e-11 1.654135522850458276e-10 -7.151210659080689720e-11 -1.535888834871804209e-10 9.156810219589715510e-11 -3.768652989032774288e-10 1.955545598328932133e-10 1.299573588971592874e-10 5.159672930913705620e-10 -4.065188274558284848e-11 1.312364700413788058e-09 -1.925643478457203802e-11 -4.436042503327963279e-10 4.500213096272885531e-10 -1.688502563492838989e-11 3.439131748180225020e-09 -6.054406816884544663e-10 6.148948253383030783e-09 3.159699357784785132e-08 7.810922131165279858e-08 2.357390057085020148e-07 7.002232882333959800e-07 2.211800092256548130e-06 6.983552225603620408e-06 2.303946492867707754e-05 8.076910205342910127e-05 3.067335390991205476e-04 1.332252755878298887e-03
4.265047201238507391e-02 1.325009093945170042e-03 3.072177812600326700e-04 8.092123069712620390e-05 2.305179388242779709e-05 7.085511711785461265e-06 2.205649233601862521e-06 7.171141352504196909e-07 2.491824274977926617e-07 7.947355784270530559e-08 2.684663346523127887e-08 4.199589049299641973e-09 -1.269716345054450186e-09 -1.355844061691014255e-09 1.562854271970644312e-09 2.893028471829649788e-10 -9.888112909463278924e-10 -1.247381547121903399e-10 -6.981102784090518756e-10 1.041802596260288184e-10 -4.562808121245716202e-10 -2.716492876568141210e-11 -2.222383437592740147e-11 2.655341631715474545e-10 3.464384635345542968e-10 -4.203387360953786033e-11 -3.108690911329292366e-11 -1.617721286457295380e-10 -1.703994323307837716e-11 -1.065500846894027276e-10 -1.619187461952786614e-10 5.651378170653936773e-12 -1.212411060276181275e-11 7.321856310586029792e-11 4.894855491876000300e-11 -4.889915683904987031e-11 1.109228292896368889e-11 1.620926627701627214e-10 -7.478267839289899782e-11 -1.561913228038062006e-10 7.880019143618127025e-11 -3.642489933809948820e-10 1.720450440616231188e-10 1.444016858522289311e-10 5.472297237949681398e-10 -2.552192389686353589e-13 1.346390284038919596e-09 -6.438722340139899820e-11 -5.112508065295862365e-10 5.316102055200207103e-10 5.499136663802727902e-11 3.348626776091144339e-09 -7.790983511734324399e-10 5.903289244614196798e-09 3.171231451335722221e-08 7.798024967859438818e-08 2.359771155845150067e-07 7.010252312161033933e-07 2.212710964897956113e-06 6.984966228329684632e-06 2.305112253545199324e-05 8.079221292744917266e-05 3.067951826190487953e-04 1.332897479680659114e-03
4.265103294755550473e-02 1.325062814535066680e-03 3.072541403740516527e-04 8.092161758724650007e-05 2.305451967517971624e-05 7.081432004393145392e-06 2.206687732233685326e-06 7.165667503067195570e-07 2.503976509318440973e-07 7.922446671914137968e-08 2.734720739236450743e-08 4.475450170823194037e-09 -1.086734157032082530e-09 -1.162922313912749900e-09 1.730295673283358876e-09 2.738561518290830046e-10 -9.737319667729717624e-10 -4.240852617492246338e-11 -7.408313113542184903e-10 1.232029101921677158e-10 -4.653267545934326169e-10 -1.497987592737138934e-11 -2.529081289613312270e-11 2.586892546522268042e-10 3.476405849835437807e-10 -4.035597276748027163e-11 -3.709178152236653943e-11 -1.595299224695270874e-10 -9.427455056248495962e-12 -1.046750738040679066e-10 -1.581522640720490142e-10 -8.812366925283272387e-13 -1.360058582136557672e-11 7.255432524321163080e-11 3.923288057422235598e-11 -4.972158727987745435e-11 1.882397106980731719e-11 1.717107411742859748e-10 -7.090317287988302076e-11 -1.563768577462536514e-10 6.026408556436586077e-11 -3.705743421705317412e-10 1.641079985402417752e-10 9.480187820412781555e-11 5.212354804212087200e-10 -2.709081593760273433e-12 1.376645259887368995e-09 -4.542800165158129795e-11 -4.097466653338175647e-10 4.547363398039365381e-10 -3.391937765539791437e-11 3.289408813382324144e-09 -5.408288365811713163e-10 6.109715802516813001e-09 3.184007430253303359e-08 7.847808521874907798e-08 2.352480589744929980e-07 7.004375701056951174e-07 2.211439387299630660e-06 6.982610566585520277e-06 2.305042956323438013e-05 8.078721538049609611e-05 3.068525396586905467e-04 1.333055513586960811e-03
4.264996278693012483e-02 1.325123636436977221e-03 3.072275266681568175e-04 8.088539160143131779e-05 2.303874790399082609e-05 7.083672170400995659e-06 2.206372853104400466e-06 7.158935731614841621e-07 2.491159767357678220e-07 7.928909373335848802e-08 2.756830238268882986e-08 4.398349685017973765e-09 -1.283983332632863873e-09 -1.240191149857630625e-09 1.705260851255554937e-09 2.346712885710500775e-10 -9.954498277515154500e-10 -7.922229967018981146e-11 -7.180097494367063479e-10 1.203798501584204736e-10 -4.606888606500524233e-10 6.817568470964633236e-12 -1.512530556041529903e-11 2.752582110292531608e-10 3.460247936417307311e-10 -4.196420821096722175e-11 -3.204716624157564944e-11 -1.611850335583153610e-10 -1.440660258219559517e-11 -1.020025000594190770e-10 -1.620336709407252337e-10 3.366631833723810255e-12 -1.227232414043449544e-11 7.553942780183204118e-11 4.310404181772506406e-11 -3.888506956554730528e-11 1.909809087012062753e-11 1.656613073466401280e-10 -7.373354592102229953e-11 -1.528556685385962278e-10 8.740313132096788927e-11 -3.711377566348704204e-10 2.087165154632326869e-10 1.331937823892300504e-10 5.153045898340573784e-10 -4.132233316336918738e-11 1.311696646083423356e-09 -7.440762978016667749e-11 -3.845210325300158306e-10 5.432340642598241137e-10 6.342808816558279424e-11 3.368435722276099086e-09 -7.885141990286418009e-10 5.958256825306289967e-09 3.172807787219638965e-08 7.825525356783516432e-08 2.351047851327527483e-07 7.011084632848323441e-07 2.211644487035236830e-06 6.981913975284323969e-06 2.304672582461429837e-05 8.078688389240419674e-05 3.068384780715770958e-04 1.332895322756916419e-03
4.265007262207552025e-02 1.324871956778606030e-03 3.072324909857726571e-04 8.089036469250418873e-05 2.304969006137481800e-05 7.081647617589063484e-06 2.206340682010174488e-06 7.163784785214240568e-07 2.496919141369818663e-07 7.942251732845340093e-08 2.734152324863252021e-08 4.307935133148938384e-09 -1.188519159951526314e-09 -1.099843553289072458e-09 1.588005167044335782e-09 3.114838162773149103e-10 -1.048410929478232986e-09 -1.291022008048679864e-10 -7.277062534643458392e-10 7.788247478907236309e-11 -4.449881940823405154e-10 -9.046847401027487246e-12 -8.418028467922271251e-12 2.736401699359015474e-10 3.374919398942056138e-10 -3.983540844985926187e-11 -3.775833923075483850e-11 -1.612989871313865943e-10 -2.193105197397078645e-11 -1.087891899568260358e-10 -1.639644182569152667e-10 5.400322540812736786e-12 -6.455144880724148692e-12 6.913037915476536695e-11 4.791848158452786787e-11 -3.851141096420254887e-11 1.485919596473560588e-11 1.703455621699897992e-10 -7.555762230184928769e-11 -1.592420952379602023e-10 9.151623692622861126e-11 -3.573898387060065787e-10 2.219880629736671709e-10 1.206079954119132979e-10 5.114335557601368763e-10 -4.788331293849721504e-11 1.298645018865011836e-09 -2.768820574077182767e-11 -4.045019910348472755e-10 4.010028128931290920e-10 -7.554648054938629593e-11 3.269610916582835213e-09 -6.419198685690149000e-10 5.922200350859336627e-09 3.175708559351711942e-08 7.835114826647995877e-08 2.356499251350833471e-07 7.013851588544769054e-07 2.211872922184896047e-06 6.984626645810503800e-06 2.304533138772242240e-05 8.080372073455267909e-05 3.068086339202946147e-04 1.332965433440840702e-03
4.265057126316720848e-02 1.324850880569849705e-03 3.072986391678364537e-04 8.090271818580502163e-05 2.305380941087959657e-05 7.084877857108989594e-06 2.207711189920662437e-06 7.165195605299717384e-07 2.498127463946332259e-07 7.912126285616889411e-08 2.679535515839204769e-08 4.048983620439158260e-09 -1.335892711740268586e-09 -1.306004429802545912e-09 1.583225617008964382e-09 2.297247556827155035e-10 -1.033302399808836574e-09 -1.507417166813570422e-10 -6.871722064738021894e-10 1.052587088235163034e-10 -4.932083729678940249e-10 -1.512143132791617928e-12 -4.776927658890358478e-12 2.689206491099726222e-10 3.501729962856237483e-10 -3.279471197078254941e-11 -3.171389017263456110e-11 -1.541544833855926871e-10 -1.629224935820392945e-11 -9.124442003848078326e-11 -1.587561250403700929e-10 1.854792062740775792e-12 -1.360228619213358187e-11 7.123062613038308581e-11 4.895561468669409215e-11 -4.532362697101387063e-11 1.634510563051992962e-11 1.625805282232466286e-10 -7.904829205946444768e-11 -1.606823038567266245e-10 9.390456243893140139e-11 -3.844212974484392394e-10 1.971305769285807467e-10 1.066517040346014589e-10 4.840816423614693472e-10 -2.557657952114921513e-11 1.339535127517540950e-09 -7.220352906538276772e-11 -4.734299483782409329e-10 4.829187885885108005e-10 -6.213527653077912096e-11 3.299085490076342151e-09 -5.694318898355422356e-10 6.406434281213604873e-09 3.216108231567111937e-08 7.825940574121991023e-08 2.352936447221010352e-07 7.010034143038078881e-07 2.211925526280447955e-06 6.984365011793682386e-06 2.304711781579049085e-05 8.081249593948771715e-05 3.068280780129628267e-04 1.332745035563833542e-03
4.265097605095690553e-02 1.324934661884904575e-03 3.072362917604033912e-04 8.089576490141685392e-05 2.304827301790323771e-05 7.084449324348465201e-06 2.206861762153066889e-06 7.162689834729082991e-07 2.500433097608639880e-07 8.011531049287019391e-08 2.762115415348052949e-08 4.295292562985907142e-09 -1.274090562696305950e-09 -1.225161409128449844e-09 1.548599116771459079e-09 3.793766234984660763e-10 -9.397884686803871124e-10 -7.742908048843002462e-11 -6.978305463369816467e-10 1.468858027704116881e-10 -4.330471722848562546e-10 -2.934188485674901806e-11 -2.863910425577871511e-11 2.751575450101862455e-10 3.563061732223933136e-10 -4.367512729773787385e-11 -2.998792391381865792e-11 -1.611011534591907876e-10 -1.791135500859034141e-11 -9.457085149793674652e-11 -1.545505519142014220e-10 2.169303970805767909e-13 -9.876770198715587876e-12 6.705763824551756401e-11 4.759616295000434826e-11 -4.330570795851678981e-11 1.680822795362211181e-11 1.646041604233081304e-10 -7.054071424996318386e-11 -1.593841381648282941e-10 7.744693210299352570e-11 -3.865639081900597527e-10 1.945812191162917724e-10 1.282650959441468519e-10 5.041505728690252040e-10 -5.021222583633121280e-11 1.344566878855217806e-09 -5.841523877314032905e-11 -4.020660192898594896e-10 5.265515776663557951e-10 4.624207429585016930e-11 3.388235458364038080e-09 -6.174173842072243704e-10 6.107655188985707263e-09 3.191773909062518778e-08 7.808497198941804891e-08 2.354106039052495270e-07 6.991008214478599030e-07 2.210094137680877731e-06 6.980557088330504532e-06 2.303940852842505175e-05 8.074297651357565623e-05 3.067667471660848449e-04 1.332595709824533573e-03
4.265057495648111319e-02 1.324581581161086074e-03 3.072635896208853758e-04 8.091003114125002945e-05 2.305393547677833094e-05 7.083472862588853122e-06 2.206677406070280412e-06 7.160889306249761513e-07 2.504462465037766144e-07 7.962720025066253931e-08 2.734129271439719315e-08 4.145732349803125470e-09 -1.391097562625702225e-09 -1.195605601535561559e-09 1.649700209861590045e-09 2.704621340927203485e-10 -1.054916461978904982e-09 -1.075011642182547617e-10 -6.533445968199900152e-10 9.739168940888809309e-11 -4.637428035296442522e-10 2.415504054226422181e-11 -1.372349727878026778e-11 2.841580745073365371e-10 3.514638003187646636e-10 -3.952167293085343216e-11 -2.395009502370905324e-11 -1.542785781658656902e-10 -1.706790138924763997e-11 -1.019424582740408489e-10 -1.601885431859601380e-10 8.271185762773155391e-12 -1.755368851481098556e-11 6.888211994230962722e-11 4.335008113704443962e-11 -4.042953224129887681e-11 1.733072476940851979e-11 1.750200631685161532e-10 -7.355385656617073373e-11 -1.632819119627285559e-10 7.039427133688166580e-11 -3.781544503765147312e-10 2.018328560065997737e-10 1.275980679755806721e-10 4.716039172412839944e-10 -2.787555016578848681e-11 1.326091981437679453e-09 4.293757238806246721e-12 -4.422613605874336756e-10 4.371673411881007009e-10 8.691074956047073811e-11 3.362890987684475194e-09 -6.557070627509389881e-10 6.163100813124432438e-09 3.163689879109691759e-08 7.802941106365232777e-08 2.357850614044184479e-07 7.003644361586162936e-07 2.211389955369368834e-06 6.986758881971065663e-06 2.305164731512314110e-05 8.079912147086892329e-05 3.068529159958736973e-04 1.333090736509415404e-03
4.265030684911129411e-02 1.325060933710253078e-03 3.072080031587973918e-04 8.088529482215636192e-05 2.304375562149121577e-05 7.083982588041132986e-06 2.204397956209502393e-06 7.159976103464904919e-07 2.495826685566692380e-07 7.969461010748296340e-08 2.718884518796410826e-08 4.129481726836864797e-09 -1.380520425685401066e-09 -1.210852861831512844e-09 1.539246402393114704e-09 3.555345191872467978e-10 -9.601496726552561941e-10 -9.818969557907849985e-11 -6.861318261722728679e-10 8.291471480981909488e-11 -4.922308886480201273e-10 1.085669911451389305e-11 -1.965573267897768480e-11 2.721613280742112950e-10 3.299358609556410521e-10 -2.851409591763191647e-11 -2.690306684070267751e-11 -1.534612682305718792e-10 -1.795872714153369872e-11 -1.019784239840390083e-10 -1.540776529687695973e-10 -6.750677049624456753e-13 -1.199531183219361290e-11 6.956870039395801234e-11 5.300699174970508093e-11 -4.284163960507810759e-11 1.851794978405855601e-11 1.652675128386614659e-10 -7.214455804825076685e-11 -1.471790338031346855e-10 1.005243632908485009e-10 -3.586484526000053917e-10 1.808068508875272877e-10 1.125172563597195958e-10 5.086207711253129091e-10 -2.773934260709001818e-11 1.397839723184283464e-09 -1.485344881138782094e-11 -4.920466626962937259e-10 4.331460597293557305e-10 3.786663501849421908e-12 3.218265389706110412e-09 -6.254920479988870506e-10 6.280646007726736067e-09 3.164651471162538947e-08 7.757170146563714771e-08 2.357083829008290865e-07 6.998838847388646677e-07 2.212840512924715410e-06 6.983479135179208820e-06 2.304347515791328627e-05 8.080081347646347607e-05 3.068154047310275509e-04 1.332530231789915342e-03
4.265039853167272577e-02 1.324519219006263125e-03 3.071402594045935801e-04 8.088250019084455649e-05 2.305333845770559883e-05 7.085399249612816572e-06 2.206080371329392043e-06 7.160373454102627924e-07 2.496026184184707835e-07 7.923392041502378475e-08 2.745758437659514953e-08 4.351587205822393431e-09 -1.231315438691133089e-09 -1.180343808795999632e-09 1.577569377802807589e-09 3.092321926673267701e-10 -9.234650183346638061e-10 -1.966260178180045609e-10 -7.353553414582518552e-10 8.399843905377484795e-11 -4.757759293122528292e-10 -6.218156492236129048e-12 -1.827593230285357094e-11 2.679184098187547406e-10 3.383466428885045652e-10 -2.758120786780229128e-11 -3.689688474305223509e-11 -1.568743053231075206e-10 -2.144820888328085513e-11 -1.014274463142399868e-10 -1.535856552938192473e-10 5.023323138013668901e-12 -1.366924541219349396e-11 6.564082430141310222e-11 4.656318324331057036e-11 -4.540698090998950500e-11 1.245475672885094728e-11 1.667426829169877616e-10 -7.564797780992912153e-11 -1.617828487794849635e-10 8.265907175012209730e-11 -3.763008101786828751e-10 1.675879613722632955e-10 1.251901367602686646e-10 5.260020968454653505e-10 -1.974260564179037251e-11 1.367667328344884583e-09 -4.242136977465359922e-11 -4.050562638210194251e-10 5.188955510178892380e-10 -7.150159565803389527e-11 3.195242586414087651e-09 -3.528425145308514140e-10 6.471219025356453233e-09 3.193846862418272282e-08 7.782847056221143323e-08 2.346271167374941414e-07 6.995375063978969381e-07 2.209695046352836891e-06 6.979098359027277315e-06 2.304364879118739627e-05 8.079160245943732446e-05 3.068065938966562625e-04 1.332989747892623618e-03
4.264984924031513941e-02 1.324943922008498280e-03 3.071739256429987684e-04 8.088489270253109852e-05 2.304558937000744228e-05 7.081853012466611951e-06 2.206496488184298630e-06 7.162083169588637541e-07 2.503269349155980286e-07 7.912118952947969472e-08 2.750198566371701691e-08 4.294512426675013690e-09 -1.374718232557499103e-09 -1.242721890611027739e-09 1.606324217977365633e-09 3.176855979259010789e-10 -9.806148032969804847e-10 -5.865045612074606524e-11 -7.011412104372291982e-10 1.257634581277990490e-10 -4.543935595074800235e-10 -2.018308487204932039e-11 4.678446166478664761e-12 2.760585615196766504e-10 3.427878885937364226e-10 -4.737667579430673802e-11 -2.890308421661691959e-11 -1.410576290415086696e-10 -2.659433531462506746e-11 -1.041938849088780078e-10 -1.544945101352459497e-10 4.782672832619038920e-12 -1.759105741610308413e-11 7.219923848029809905e-11 4.956082399171669608e-11 -4.082272149052589818e-11 1.998190852717701091e-11 1.751551644074388413e-10 -6.931516184293874354e-11 -1.505839236209499404e-10 8.357158135576101448e-11 -3.637174281921649134e-10 1.891339109910969125e-10 1.090888334071742668e-10 4.924742527889913950e-10 -7.456678734884876094e-11 1.285917090079925400e-09 -7.499396689893973864e-11 -5.527528996378192511e-10 4.029462594209344106e-10 6.051933677161280914e-11 3.263461258294154689e-09 -5.591654529352583040e-10 6.295681081407142759e-09 3.213946935321635353e-08 7.823685102227551385e-08 2.355201788239280502e-07 7.012237297088624474e-07 2.210891909229609942e-06 6.984286309811515565e-06 2.305154157659325374e-05 8.078548947470889951e-05 3.068579451862638442e-04 1.332893039608130069e-03
4.265011022390899353e-02 1.325191919402358802e-03 3.072541019652022011e-04 8.092704663451517129e-05 2.305065321301290012e-05 7.082765472231897589e-06 2.206397685125527878e-06 7.161447574627884713e-07 2.504847776001416046e-07 7.999682085334186747e-08 2.749422743820242430e-08 4.492783164294770837e-09 -1.343084438575569557e-09 -1.243207966818319614e-09 1.491224661648382180e-09 3.659994575121453279e-10 -1.030370458964445779e-09 -1.646504862603145700e-10 -7.570342514214879944e-10 1.030365995651728289e-10 -4.695779741773028319e-10 -8.097290192218129798e-12 -1.565122768935525830e-11 2.773880098876270351e-10 3.530359057251796896e-10 -5.114272945122117163e-11 -2.004427286937657883e-11 -1.490867623921672371e-10 -1.658817640427128123e-11 -1.026516056914042834e-10 -1.565347809017836390e-10 6.069151452687386493e-12 -9.679758458424461599e-12 7.142141242980150647e-11 5.296588342861988134e-11 -4.532301100949486832e-11 1.646780614801345556e-11 1.681985837397020890e-10 -6.996619443709874562e-11 -1.479888480394572954e-10 9.138190843282009869e-11 -3.676312257206755034e-10 2.130991836732215108e-10 1.180499480662061835e-10 5.346334065688809113e-10 1.673738292847076502e-11 1.422394966029552601e-09 -9.169618355501496945e-11 -4.272740072142546238e-10 4.596640234869143825e-10 -6.087419000401196243e-11 3.310142307174057026e-09 -6.994199446921805685e-10 5.973421910812732523e-09 3.163129422959579270e-08 7.818797440359637304e-08 2.356955698065409805e-07 6.988691365245613101e-07 2.212556398144289327e-06 6.985757821473377370e-06 2.305161658169768281e-05 8.078281265080520992e-05 3.067338294345374971e-04 1.332342440310037160e-03
4.264981953158600986e-02 1.324761125557852347e-03 3.072635251858521119e-04 8.091366588039147821e-05 2.305712739857733717e-05 7.086355536743160550e-06 2.208318778842171645e-06 7.144795621841733139e-07 2.498154105161264195e-07 7.951512892110998411e-08 2.747101798452384189e-08 4.119730352449230413e-09 -1.436389355252452794e-09 -1.251917683942413895e-09 1.746925707188950354e-09 3.368038853027208102e-10 -9.652586180575215196e-10 -1.366856539594620822e-10 -7.152908923634034399e-10 4.024013605538738933e-11 -5.018459312183308987e-10 -1.699397629708205146e-11 -2.483201384201192079e-11 2.627997003967035897e-10 3.328452290451148426e-10 -3.976162634962012739e-11 -5.137064610586346411e-11 -1.592256156158202603e-10 -1.864620245669227734e-11 -9.287822714673215768e-11 -1.597064573052514632e-10 6.760255528727315378e-12 -6.836983125509557799e-12 7.020240069323390193e-11 4.825535905519085353e-11 -4.690547505818705217e-11 1.756956963755327683e-11 1.794752051147264368e-10 -6.770797009551832815e-11 -1.388238619596185531e-10 1.017682479444321111e-10 -3.556950991254452663e-10 1.877079199505474774e-10 1.204985874176311507e-10 5.156171025481759198e-10 -4.584029271339273054e-11 1.340846667316730556e-09 -5.397874746027869789e-11 -3.850041394652274760e-10 4.863793208301428497e-10 1.297880439839697117e-10 3.316425050919158099e-09 -9.703415687948151618e-10 5.840852971053626210e-09 3.211193568298661961e-08 7.841668850203343656e-08 2.364998631355920146e-07 7.000799041010494709e-07 2.210894355778859754e-06 6.984668816712534043e-06 2.305295075473835445e-05 8.079139863411485963e-05 3.068218750191772687e-04 1.332926191731068641e-03
4.264955175040111013e-02 1.324973019122956596e-03 3.072290293349259362e-04 8.092308736882679755e-05 2.305130970282038920e-05 7.083645147884108225e-06 2.208581547087695010e-06 7.180771584168276621e-07 2.505417690321419658e-07 7.956670957059932803e-08 2.710231178536970305e-08 4.120330057629735292e-09 -1.481981523511330863e-09 -1.252694091413394170e-09 1.684860756291487082e-09 3.141875461818237028e-10 -9.266521989575285502e-10 -4.586661963276859767e-11 -7.001508962756357158e-10 1.131122804129168992e-10 -4.918558565088727051e-10 -3.096184884742303021e-11 -2.635551822997301969e-11 2.945823759076670050e-10 3.393811203352220734e-10 -4.793920589909084623e-11 -4.842398250520635964e-11 -1.637696221954251891e-10 -1.549180712849672344e-11 -1.077059093322294086e-10 -1.612701818462831827e-10 9.812131905374385503e-12 -1.066909484722533381e-11 6.652002663200354287e-11 4.747663836932582152e-11 -4.600846238440327267e-11 1.507756714228892288e-11 1.613296569251936653e-10 -7.879029605177527314e-11 -1.434652293337632691e-10 1.087660055522245140e-10 -3.681824788333803419e-10 2.064846150792336686e-10 1.221852128823774657e-10 5.313827410962523164e-10 -3.691195420153230246e-11 1.361765465326256065e-09 -1.132414218263451708e-11 -5.233441395428231800e-10 4.916217437316359097e-10 9.221615492729236489e-11 3.363597311982369003e-09 -7.065512975557791103e-10 6.083262482150766606e-09 3.185296179072738323e-08 7.796276387264048232e-08 2.346981435137966507e-07 7.009558125543582351e-07 2.212643605571783126e-06 6.983554457138403282e-06 2.304731706991329840e-05 8.077344881052905899e-05 3.068297481902440256e-04 1.332946002955013405e-03
4.265045562127052492e-02 1.324411459262889602e-03 3.072646003847758216e-04 8.090115612154007000e-05 2.304712778769937569e-05 7.084751978526334829e-06 2.206685036806762368e-06 7.151840113884038548e-07 2.491551994910008497e-07 7.965997185010886863e-08 2.752472194966704972e-08 4.328372612676943674e-09 -1.281278818253538274e-09 -1.192015152830973627e-09 1.633170736863905227e-09 2.924357049794532691e-10 -9.559525996592245356e-10 -9.568325409656353044e-11 -7.686335965474271932e-10 1.127235602799955446e-10 -4.708928989046011194e-10 -2.397966414034691131e-11 1.138201451294662388e-11 2.737355313321549064e-10 3.419642540764293311e-10 -2.985875677658793277e-11 -3.502237106599606648e-11 -1.608882751471395262e-10 -8.897245949538376232e-12 -9.977113032402989867e-11 -1.587894141141745892e-10 4.663199513167653382e-12 -1.347214278851094838e-11 7.444278985909467960e-11 4.453873663855479441e-11 -4.788287833650930085e-11 1.678302550038044255e-11 1.591600353118473207e-10 -8.251542946059557579e-11 -1.620650410278929334e-10 7.998640152709338998e-11 -3.894217391479193711e-10 1.716525787466723111e-10 1.231210829574881078e-10 5.242657667835456862e-10 -1.836627217792928353e-11 1.307696286359716014e-09 -6.172907529375094356e-11 -4.527758048381230687e-10 4.377819079869907259e-10 3.041543672699596713e-10 3.440747150477976861e-09 -5.172800847095847065e-10 6.184514794135899563e-09 3.165704678412411958e-08 7.820576002501085326e-08 2.353275095964255115e-07 7.018452898897784238e-07 2.209703791254054914e-06 6.982259802789314983e-06 2.303369771286426114e-05 8.078637009630594611e-05 3.068081856595295735e-04 1.332703284567787272e-03
4.264969351812162440e-02 1.324819892325207731e-03 3.072528149722259265e-04 8.090162754597928277e-05 2.304376348398956076e-05 7.083549555976661498e-06 2.208390604606068285e-06 7.177091327250539696e-07 2.500278662091221223e-07 8.015022200313403282e-08 2.777792047240300330e-08 4.585899847019649236e-09 -1.396017940474179868e-09 -1.245212063548406263e-09 1.571626829718006088e-09 2.100959875817180943e-10 -1.061110739614644529e-09 -3.610472562097148186e-11 -7.021285281967358224e-10 9.069307040605805192e-11 -4.879070161355174211e-10 -1.063714440249523814e-11 -1.908632044459168884e-11 2.877648202535601326e-10 3.389920760258892734e-10 -4.122533540360070255e-11 -2.643366160063415348e-11 -1.634138672385788159e-10 -2.300676690568682264e-11 -1.020473860574308292e-10 -1.570127622194413107e-10 8.526925109941003991e-12 -1.527590392021795358e-11 7.623872625005455482e-11 4.770280037397289298e-11 -4.271723452410532774e-11 1.334224242735614046e-11 1.726223416658482832e-10 -8.027955807685993881e-11 -1.542664064286599414e-10 8.045893668929222066e-11 -3.847187986657627603e-10 2.178492341922644201e-10 1.426814308692714430e-10 5.346649350817216744e-10 -5.847165502840005566e-11 1.359478751513149457e-09 1.980442315644979335e-11 -4.385257756363464076e-10 5.414830442636839311e-10 4.044193902901629335e-11 3.271999585768630271e-09 -5.412113432247360198e-10 6.361820297196744411e-09 3.172018467862425649e-08 7.792519160959793497e-08 2.347786524361323369e-07 7.005764175677896004e-07 2.210003841814806176e-06 6.983685509569240442e-06 2.303958066334582690e-05 8.076591108610387600e-05 3.067890886655343530e-04 1.333232956790269576e-03
4.265088485383423250e-02 1.324901683543120616e-03 3.072635523738659964e-04 8.090974138700040999e-05 2.304808055457034202e-05 7.083293108143897768e-06 2.205754148660567776e-06 7.165477144604946630e-07 2.496915025536993530e-07 7.963687373639239483e-08 2.751738394451272863e-08 4.541559048502144953e-09 -1.355968025821618664e-09 -1.276862795574833673e-09 1.556046438858308238e-09 2.996294940519377487e-10 -9.178667057496918421e-10 -9.596691434127549663e-11 -6.977603952105856870e-10 1.015319127450904226e-10 -4.977261230238701716e-10 7.650797214805783810e-12 -1.577144047877679113e-12 2.848990293292873102e-10 3.393773338417399739e-10 -3.826739691691513966e-11 -2.467234266385465869e-11 -1.612692485805166025e-10 -1.504166338922294601e-11 -9.955737123405048702e-11 -1.569922189637496242e-10 3.540481411812300984e-12 -1.707601878608421766e-11 7.904544852369855061e-11 4.802153499572388994e-11 -4.332146914073696846e-11 2.025176353976953657e-11 1.800088626078441181e-10 -7.933509595080727857e-11 -1.429730485891401337e-10 8.218790237849086795e-11 -3.514742821525224945e-10 2.048860039921119248e-10 1.430114708176836884e-10 5.347268692800886740e-10 3.941760639807774781e-11 1.319405766568087477e-09 -5.327231362399471797e-11 -4.524197468858622225e-10 3.842752820240219909e-10 2.178763424590738110e-11 3.349436752131230604e-09 -5.910818214541369166e-10 6.249008637378135919e-09 3.184619766254678180e-08 7.833280803541342419e-08 2.354212797701522207e-07 7.004142618929140302e-07 2.211387189866129012e-06 6.985436474068550405e-06 2.305158099442375445e-05 8.079944343752743050e-05 3.068285468500393559e-04 1.333059838630342841e-03
4.265067558770095635e-02 1.325221226055804625e-03 3.072410573647868385e-04 8.088046342755556516e-05 2.305155039368339510e-05 7.083298970834010539e-06 2.207628879547701336e-06 7.159083084264588142e-07 2.499611178198380793e-07 7.934620407839123177e-08 2.716757232258875716e-08 4.227428810673756418e-09 -1.082722378214616068e-09 -1.127784918807931619e-09 1.550730659258914128e-09 3.430270372159842693e-10 -9.519636716497845383e-10 -1.363134098904670791e-10 -6.963875139622230345e-10 9.773399347638446168e-11 -4.550011837161779862e-10 8.283277390914517485e-12 -2.074956974520510042e-11 2.732479909398714627e-10 3.440286387111789770e-10 -4.258723466547999040e-11 -3.246388129476877243e-11 -1.588563809494031515e-10 -7.895572785994927552e-12 -9.975818202462016223e-11 -1.616238765366116522e-10 5.313676426982558047e-12 -1.511302919081932334e-11 6.588026987497675279e-11 4.261149662256041416e-11 -5.026888723246897352e-11 1.400770589408285149e-11 1.787714901991888793e-10 -6.981258692004062788e-11 -1.593829248897113870e-10 9.031863825450064321e-11 -3.691363435062939303e-10 2.058540890211143478e-10 1.155740423773516288e-10 5.442374942716247489e-10 -8.985429043878243758e-12 1.344029356149422139e-09 -2.282331748530559595e-11 -4.945114882785550484e-10 4.086166443812486638e-10 1.884635700642957090e-10 3.293939483850179226e-09 -7.619761407476060022e-10 6.089211085190646603e-09 3.195671220118899980e-08 7.812886924048656254e-08 2.349281581718012989e-07 6.995818066699478006e-07 2.210958348989677302e-06 6.981837310134558633e-06 2.304784077233813205e-05 8.077745294712577258e-05 3.068362872023416084e-04 1.332952018677620960e-03
4.265017287482997244e-02 1.324541374624972579e-03 3.072755183796978110e-04 8.090105548564003896e-05 2.304906003823152649e-05 7.080541931168462965e-06 2.204325824445824660e-06 7.156653652729570260e-07 2.500334843511893445e-07 7.959587352474062591e-08 2.731054049928520307e-08 4.290947214388290482e-09 -1.385325417034396287e-09 -1.177511598939031980e-09 1.647730101305736120e-09 3.457395620783608153e-10 -9.378407593907300015e-10 -1.228096625093416958e-10 -7.573840422723063260e-10 6.625883911963065465e-11 -4.587157924474298977e-10 -1.086765125262186039e-11 -1.122224861854738475e-11 2.978572506249968315e-10 3.350444512779260469e-10 -3.259074032402936890e-11 -3.086724561897508912e-11 -1.579091154324159421e-10 -2.588987732347154796e-11 -1.020064338979886116e-10 -1.671891460801327903e-10 5.785067539728356613e-12 -1.649400926782565040e-11 7.047556729816605862e-11 5.092891659096329122e-11 -4.413297221280682098e-11 9.154503596345019136e-12 1.686002176818373346e-10 -7.461731914481944060e-11 -1.516004179546081222e-10 7.786457147946408670e-11 -3.648472029906346158e-10 1.784287386395065727e-10 1.581018068777005628e-10 5.343220399592775473e-10 -4.029746843283517174e-11 1.314532923412067283e-09 -4.808153978650480741e-11 -3.465555228667140845e-10 5.770880836504026865e-10 -3.282439197794954106e-11 3.398767427713214289e-09 -7.651476191622985143e-10 6.246253503423138789e-09 3.196729682178679214e-08 7.812616284098660069e-08 2.358915230434660209e-07 7.006514854273281260e-07 2.211504797584925650e-06 6.980420231848220829e-06 2.304156345340698414e-05 8.078847463752650651e-05 3.068178929730925241e-04 1.332933328598207142e-03
4.264980449991001565e-02 1.324847172446428321e-03 3.073101157354525092e-04 8.089965846848987000e-05 2.305788925908289745e-05 7.083793305446764573e-06 2.208392334057424850e-06 7.159366993051832516e-07 2.486143535537532573e-07 7.966704055711086158e-08 2.674570752652567829e-08 4.185747725325701171e-09 -1.257216633317221740e-09 -1.258280555430010682e-09 1.633588730780980579e-09 2.148166334459400760e-10 -9.672368444164290088e-10 -1.170612129096125817e-10 -7.043978353566639847e-10 1.234866214768129735e-10 -4.550098198409889387e-10 1.467009087968744295e-11 -3.103253192583324426e-11 2.715103306263013496e-10 3.234658002895727981e-10 -4.016201980535747721e-11 -2.806478583810308740e-11 -1.651555786862254122e-10 -2.272080633209591345e-11 -1.025301004342866753e-10 -1.613536568547377803e-10 -1.718227353406217202e-13 -1.218904425755930591e-11 7.459555475789489032e-11 4.906682466634759528e-11 -3.733025415512053392e-11 1.908355389891266789e-11 1.692411767582012286e-10 -6.809323024682678935e-11 -1.389576124612923602e-10 9.248024395022026956e-11 -3.637375442687973611e-10 2.112018877545053919e-10 9.630612626719899736e-11 4.942224980830468217e-10 -5.090027620035654504e-11 1.318275971408585970e-09 -9.100858583192690866e-12 -3.794518171495605371e-10 5.482125483139431766e-10 -2.626268206569543274e-11 3.342113951926728401e-09 -7.079943724809884329e-10 6.192090254435736125e-09 3.217041919337979976e-08 7.793903298242455063e-08 2.355214743710334460e-07 7.004418574963649107e-07 2.211367129597434569e-06 6.975334967446517068e-06 2.304467463090015321e-05 8.076728256616231660e-05 3.068391277433035053e-04 1.332920053089441071e-03
4.265118365553061119e-02 1.324438621414013827e-03 3.072244081862067705e-04 8.092318688940814862e-05 2.305599712876212949e-05 7.086175644772588251e-06 2.208030136325048387e-06 7.169301089097709004e-07 2.500005518175752876e-07 7.944685399515569590e-08 2.722868786537751499e-08 4.149978230973862016e-09 -1.264343278885716092e-09 -1.179906073251792345e-09 1.656826320341309508e-09 2.177099187519104417e-10 -9.911442903757085717e-10 -7.432169232361682666e-11 -6.997583875134778471e-10 1.281731769847954643e-10 -4.576999947960690216e-10 -9.618051411519323065e-12 -2.472835891900761288e-11 2.807753017942585466e-10 3.355474007660982282e-10 -3.346597343582781985e-11 -2.793587739924306918e-11 -1.532625947482113926e-10 -1.597146562427051667e-11 -9.827863119761348733e-11 -1.600366034362570788e-10 1.425661884335950475e-11 -7.899517299904312717e-12 7.477891665786817338e-11 4.269455879049524068e-11 -4.506872776260247455e-11 9.826455763348453546e-12 1.628818372436903339e-10 -8.044289793474018145e-11 -1.615959677605187163e-10 8.294310813242975252e-11 -3.680688511768597365e-10 1.671998738373358050e-10 1.295164362492374995e-10 5.029560562342359769e-10 -6.427502179028582225e-11 1.307712669191422192e-09 -2.538125333250872173e-11 -3.983842620334268498e-10 4.858310857137321101e-10 5.776472980317628254e-11 3.255739058019847196e-09 -7.637175617395126585e-10 5.938853775749357377e-09 3.203080539354219261e-08 7.839102472523302207e-08 2.353607593151451576e-07 7.004861886347691214e-07 2.212545172809594467e-06 6.985147040180898927e-06 2.304469325470229289e-05 8.078181401866854985e-05 3.067116115998980977e-04 1.332964049249522279e-03
4.265144138010776992e-02 1.324974614186061415e-03 3.071725365052798513e-04 8.087495062547159555e-05 2.304524182965152592e-05 7.082553236843684568e-06 2.207608868310796111e-06 7.161856537969504998e-07 2.493343544237821126e-07 7.920047596905595480e-08 2.718267424689686718e-08 4.393861813830192785e-09 -1.181226791423729037e-09 -1.187154067382744412e-09 1.755897311485743680e-09 3.501878964211097738e-10 -1.007037962537238472e-09 -1.366328432882319025e-10 -7.294161375001650837e-10 9.762603791402155825e-11 -4.544242547965460363e-10 5.001404789232703480e-12 -9.185929812098793280e-12 2.684883647531275597e-10 3.527005135532985911e-10 -4.253879734233277378e-11 -2.879595147574655306e-11 -1.690495051627777892e-10 -1.890232494067306059e-11 -1.009040168965167140e-10 -1.550744184524161657e-10 7.743261811691368854e-12 -1.898826388740168701e-11 6.589883575566056648e-11 4.173135701503970974e-11 -3.987033061038115279e-11 1.304406165681968551e-11 1.674724884818747439e-10 -7.100521807436334430e-11 -1.599697609681479651e-10 7.937998298480233794e-11 -3.846194288775623402e-10 1.858176230055321990e-10 1.525178840988829543e-10 5.433988450384195710e-10 -1.324252368083136937e-11 1.363204833886303398e-09 -1.308717408518330560e-11 -4.468373486784144790e-10 5.597414122577428986e-10 9.081346929907076959e-11 3.396704487172534963e-09 -6.279552067709588594e-10 6.199367355057946660e-09 3.203373152921019551e-08 7.801866250665034548e-08 2.361029876106312521e-07 7.015565704987772455e-07 2.211421400831344449e-06 6.990889266918767405e-06 2.305327214283327709e-05 8.078561237435758228e-05 3.068459539937024830e-04 1.332788509384378976e-03
4.265068776740867096e-02 1.324796128670305577e-03 3.072219913144195406e-04 8.089652750751810076e-05 2.305748932900916959e-05 7.088014882210946072e-06 2.205648196860027307e-06 7.158616221897776392e-07 2.496989908404236632e-07 7.911179517033485627e-08 2.717170910376832216e-08 4.172558464230035470e-09 -1.361406725393347487e-09 -1.285207387823349601e-09 1.566407014207082047e-09 2.346420908577514323e-10 -1.066574640456989949e-09 -1.523780063805133381e-10 -6.844758790181407982e-10 1.214397245116491220e-10 -4.352616748378314691e-10 8.686054707706473431e-12 -2.127414020904488414e-11 2.569588088812877830e-10 3.250495634861210352e-10 -4.350767893209877076e-11 -3.598978405292311378e-11 -1.556595769773791339e-10 -1.337627828707129492e-11 -9.021277072212313079e-11 -1.646167441376561182e-10 6.407854440840378003e-12 -5.914425942772979894e-12 7.072431595913921584e-11 5.365682607880756672e-11 -4.696238349971817826e-11 1.038286462743575680e-11 1.765043855396321356e-10 -7.177921656237614546e-11 -1.467787321050876367e-10 8.356451133427554384e-11 -3.774087535719685517e-10 1.695450645868925731e-10 1.333021097480008329e-10 5.254143741232991831e-10 -4.539259150796738852e-11 1.333268651021824143e-09 -7.133237714324438827e-11 -4.737359969118278135e-10 4.384381379015856548e-10 -1.382471519723403451e-10 3.343259082680155687e-09 -5.614451932332599385e-10 6.297674856200377255e-09 3.188474756628153370e-08 7.845949385477008002e-08 2.359146071968327576e-07 7.015507784749005051e-07 2.211520071391521060e-06 6.984239487912808195e-06 2.305398814589393097e-05 8.079445797080976621e-05 3.068237098140217008e-04 1.332709811609233009e-03
4.265038969210024900e-02 1.324960323279731136e-03 3.072395190204595355e-04 8.090155988978288231e-05 2.305352066344097859e-05 7.082092909954922850e-06 2.206468859490000276e-06 7.154691451542248564e-07 2.495234824156739595e-07 7.918256970710552632e-08 2.734630373324445965e-08 4.094793161922614756e-09 -1.237501394658797952e-09 -1.267730471424429779e-09 1.595458934357937343e-09 3.195736350740340342e-10 -1.022219861339488937e-09 -1.658711753154141825e-10 -7.084752933611459788e-10 8.695255298367784074e-11 -4.517715858064869947e-10 -1.971699417475725961e-11 -4.670616852406128273e-11 2.651457922851460731e-10 3.623130537181359631e-10 -4.804993685041351814e-11 -3.805929335754958355e-11 -1.624422420841069478e-10 -1.798418845333381398e-11 -1.079858802423130672e-10 -1.624390280254504520e-10 1.206383449632285267e-11 -1.098957350154048333e-11 7.396367664537900420e-11 5.425139573503485476e-11 -4.478478525599618777e-11 1.494918469389614884e-11 1.698534462105665013e-10 -7.042902411317512426e-11 -1.722951934403875714e-10 8.604057496430549902e-11 -3.856792588763260795e-10 1.900085250191790548e-10 1.153282904129926415e-10 5.185059039596723752e-10 -6.267413096605696851e-11 1.359698729950957183e-09 1.512384021738329066e-12 -3.971760487317782134e-10 5.017383778162424455e-10 4.202762904369337041e-11 3.284162106730323008e-09 -8.099663099269106812e-10 6.303954561118540898e-09 3.208502724832524251e-08 7.824086801207007712e-08 2.355305817760212340e-07 7.003503370076153021e-07 2.210928769698871155e-06 6.982865821990306122e-06 2.304343385444867048e-05 8.075997666567683063e-05 3.068293805425054382e-04 1.332931377116290759e-03
4.265100539747187364e-02 1.324588760580638859e-03 3.072074740134286483e-04 8.087725202340142073e-05 2.305573370857067411e-05 7.082501672505818095e-06 2.205325958350001442e-06 7.167444965905444903e-07 2.499988255060383554e-07 7.927271935477883439e-08 2.692236168917802479e-08 4.008397977961429128e-09 -1.262000523257138666e-09 -1.373795272223886837e-09 1.579989659558390166e-09 2.300620973670602792e-10 -1.011886091935216404e-09 -1.809454099321172996e-10 -7.107773153705092225e-10 9.855056859958768620e-11 -4.444400771745582490e-10 1.994087404832985120e-11 -1.818163454593722543e-11 2.856051755609928281e-10 3.318711357295977564e-10 -3.676416831997361670e-11 -3.426114798933153835e-11 -1.566410855600983271e-10 -8.814370076968830188e-12 -9.588481711459008439e-11 -1.590401525494221886e-10 1.079622574377209406e-12 -1.295675988962239091e-11 7.347021590289428355e-11 4.797317753571648829e-11 -4.633256105417181437e-11 2.313345760096265818e-11 1.696890051338643948e-10 -8.174554175937874389e-11 -1.569431085574323754e-10 8.414129120300143971e-11 -3.852446196861860387e-10 2.080861895694543910e-10 1.509765330956318891e-10 4.830427134268034073e-10 -6.341482384756504684e-11 1.304676560859127637e-09 -4.532921821982348149e-11 -5.052398014136642224e-10 4.917671229609156888e-10 -6.949363181591581452e-11 3.189145772139164203e-09 -6.857787755160653759e-10 6.175637796426736617e-09 3.180139417564124945e-08 7.858918392756159238e-08 2.348641629019237626e-07 7.006291834893417287e-07 2.210760909663275125e-06 6.982049412890085422e-06 2.304674935429208748e-05 8.076173408678089980e-05 3.067892674727522458e-04 1.332417170252828565e-03
4.264964830674983914e-02 1.325049729733826986e-03 3.072249053887202521e-04 8.087968198851628807e-05 2.303925177806785072e-05 7.079134259479482045e-06 2.205537914201739099e-06 7.152279644139048258e-07 2.489738171199443795e-07 7.927952100172430963e-08 2.732421890173741246e-08 4.365453570393633784e-09 -1.346757794872139188e-09 -1.185083302863452392e-09 1.521104503690427257e-09 2.085205147615277982e-10 -9.593281512451540090e-10 -7.742683475610941493e-11 -7.190657236361520108e-10 9.803932049743567246e-11 -4.748909058554173533e-10 -1.083003373681633703e-12 -2.432357129469202711e-11 2.666975519216060798e-10 3.456386961522730730e-10 -3.987001701654133475e-11 -3.579927162779259135e-11 -1.510173164715001747e-10 -5.611724902657590999e-12 -1.032965934769336641e-10 -1.549145129740096481e-10 6.992743773122928177e-12 -1.272600989029480918e-11 7.139115523813457050e-11 5.429081979673108135e-11 -4.227282542398535787e-11 2.276268619406672439e-11 1.808111225723706059e-10 -7.629466099895053857e-11 -1.450572328946162723e-10 8.629597761320124018e-11 -3.642539239411005779e-10 2.121471890794723708e-10 1.302722782718109446e-10 5.127939868185013758e-10 -4.049047498035966597e-11 1.301994052100423351e-09 -3.522044593115987216e-11 -4.801930926783900260e-10 4.840417985499238178e-10 2.181421845707338426e-10 3.383805674730444160e-09 -5.356770842582234037e-10 6.322951642874780434e-09 3.219437752706557780e-08 7.873616673014435042e-08 2.355755493818977709e-07 7.013111027556226324e-07 2.211435414385250962e-06 6.985831459726770335e-06 2.304560411330508946e-05 8.078089361055391688e-05 3.067920658993153688e-04 1.332726298438858051e-03
4.265033860790147513e-02 1.324997005370998418e-03 3.072721524677064645e-04 8.092356887607772531e-05 2.305014759490496771e-05 7.086984209452223133e-06 2.209013537895525396e-06 7.166884522003652104e-07 2.506129166168918011e-07 7.963918763629777339e-08 2.765550324952073578e-08 4.332420042618376111e-09 -1.260508634292397281e-09 -1.238538910368068747e-09 1.599206855039315535e-09 2.397208124947411226e-10 -9.587638761559517161e-10 -1.243220561696474682e-10 -7.327717426750192177e-10 6.267992190106182248e-11 -4.511948485016023511e-10 -1.598597942766017668e-11 -2.215299931280463170e-11 2.505441286745076800e-10 3.319288013139764449e-10 -3.751547170961441402e-11 -3.555480017759987271e-11 -1.547454797176543415e-10 -2.141056258737026258e-11 -9.582606777059900753e-11 -1.567200045621504500e-10 2.709437012265916375e-13 -1.121137017459894768e-11 7.616899761183595623e-11 4.896494028239921553e-11 -4.659401460615861969e-11 1.244548274111411846e-11 1.679576605392963242e-10 -8.391119467987091433e-11 -1.688897012972117841e-10 8.690274773080492791e-11 -3.808992767474297192e-10 1.795982537405780838e-10 1.250038262595054345e-10 5.107182311125328444e-10 -5.086088595350756434e-11 1.312026359591413500e-09 2.119122568687192950e-11 -4.533556650445274916e-10 4.385832387171335580e-10 1.094918486255723038e-10 3.281882005980919555e-09 -7.300291229443120841e-10 6.079124047737145734e-09 3.173366365516777543e-08 7.816597461049048497e-08 2.355642356061408101e-07 7.001856719516096383e-07 2.210445170507470355e-06 6.980713050315682024e-06 2.304386735091945265e-05 8.079829994912518379e-05 3.067225660482814846e-04 1.332936369176599290e-03
4.264995034295978454e-02 1.325279763370930440e-03 3.072885972468943723e-04 8.090692199656320416e-05 2.305740300671133212e-05 7.080165674250894746e-06 2.206206464948396419e-06 7.155474050208123225e-07 2.503775858476904273e-07 7.925178786932561908e-08 2.740276309254504419e-08 4.437800138012552087e-09 -1.250886391183502989e-09 -1.273849105238013719e-09 1.659910067940594703e-09 2.793833889192724266e-10 -1.032045924443125584e-09 -1.163091545941753496e-10 -6.830131779820702540e-10 1.147766528563296265e-10 -4.724944352111440514e-10 -1.082501910455511898e-11 -1.542885969418503943e-11 2.761350026386205908e-10 3.270755334797998034e-10 -4.032059920843477324e-11 -3.289050320544210070e-11 -1.602707243498933769e-10 -1.703491845463237520e-11 -9.917253962208889940e-11 -1.634073052316726063e-10 6.457189332535330924e-12 -1.580099895372892659e-11 6.872195835433905102e-11 5.076077437646719193e-11 -4.603288325927056562e-11 1.656349681848311292e-11 1.727716813404045413e-10 -6.180034718003071224e-11 -1.533548769916817522e-10 9.146628613393095537e-11 -3.799076187114206582e-10 1.910905527764957068e-10 1.198206626251784674e-10 5.228014419272292887e-10 -2.753140839784983407e-11 1.280316219994149449e-09 -1.288194013703969097e-10 -5.745053702413123319e-10 4.168209725171783738e-10 3.243541960366511987e-11 3.520306779497013745e-09 -5.877401812325809566e-10 5.880688339859490071e-09 3.194601752455791137e-08 7.824644659594824247e-08 2.347079265768910944e-07 7.004635697356879150e-07 2.209365473122300103e-06 6.981786180166164212e-06 2.304078422609993535e-05 8.076033015191265061e-05 3.068396037176681366e-04 1.332219283731509146e-03
4.265152956136841755e-02 1.325069140343858179e-03 3.072486806939344695e-04 8.087859693692131438e-05 2.304849967926178385e-05 7.081305951834970730e-06 2.205443290642785567e-06 7.152301686860246962e-07 2.494217572887048144e-07 7.964242918727062068e-08 2.745083172463934113e-08 4.352858381647726431e-09 -1.261013886835318781e-09 -1.168968948242793159e-09 1.625458711144570570e-09 3.261671732367473239e-10 -9.837177123918863414e-10 -1.278101873308388546e-10 -6.828195751355369498e-10 7.975427171504874479e-11 -4.737334770004851795e-10 1.119985483444554365e-12 5.096879482579475832e-12 2.704697439251116218e-10 3.367029177390477058e-10 -4.764882588120749924e-11 -3.793987991259514843e-11 -1.590988084719228589e-10 -1.661210971962038588e-11 -1.031370821585712611e-10 -1.602375488303088679e-10 3.574677418198308695e-12 -8.108227827817841276e-12 7.354713450808944272e-11 4.975895769918931831e-11 -3.856305412932975909e-11 1.923580634448312266e-11 1.567867660993410470e-10 -7.613337045455868142e-11 -1.590061811834559043e-10 7.366171829927843426e-11 -3.723070152533933072e-10 1.963044732679588526e-10 1.327117553380995917e-10 5.099037734421231180e-10 -4.766441884824981822e-11 1.301734159966118614e-09 -1.423744223722535338e-10 -5.077013572531719035e-10 4.338053703239001741e-10 -1.208487370430655715e-10 3.245440423521211628e-09 -7.090178897930224613e-10 6.049134413576509534e-09 3.162235151684452211e-08 7.817034500937605780e-08 2.350547354925641653e-07 7.012149109225401513e-07 2.210856706883601637e-06 6.982953668056237861e-06 2.304562679542074239e-05 8.076946913874204009e-05 3.067398877739045118e-04 1.333027170456948336e-03
4.264938231045924816e-02 1.324822012412826214e-03 3.072741013219747490e-04 8.090561147813231456e-05 2.305457093976924740e-05 7.080357297447407464e-06 2.206812261827722815e-06 7.167222234326065058e-07 2.499874276524079247e-07 7.989879166226655601e-08 2.733731237175531798e-08 4.217668383942288821e-09 -1.452729001063077736e-09 -1.225551413639170607e-09 1.533652907033200214e-09 2.335519065618487688e-10 -1.003709463204421917e-09 -1.228475477589321182e-10 -7.286190980615118868e-10 7.733499811851847291e-11 -4.587307188012731506e-10 -1.989972762476661865e-12 1.754482270517516452e-12 2.940022971603461124e-10 3.443076577665111630e-10 -3.427654788880962056e-11 -3.408362863942006862e-11 -1.614939504487288306e-10 -1.822009890213309044e-11 -9.945318094787565061e-11 -1.617421933745527786e-10 5.357301119172394693e-12 -1.521955666368568820e-11 6.872552920697118965e-11 4.942298150463804810e-11 -4.126118756467077559e-11 1.982351479747042247e-11 1.623459830368173193e-10 -8.270610107583630239e-11 -1.674150999068492176e-10 8.237506692007808688e-11 -3.725121801862302861e-10 1.984686812836140937e-10 1.196437869901400670e-10 4.998812711081835923e-10 -5.452318568281771867e-12 1.308419286079156511e-09 -8.062294462967747172e-11 -4.523083483328693848e-10 3.672106683801468405e-10 3.700898406865952411e-11 3.138796214109781349e-09 -7.252736057340651497e-10 6.290455504644797833e-09 3.163606285870138802e-08 7.784276054243133038e-08 2.353341043420203251e-07 7.001573088432674818e-07 2.211987574368163067e-06 6.985622925899724878e-06 2.305356579494669911e-05 8.079267714719784660e-05 3.068159679654930742e-04 1.333032844398761903e-03
4.265092415496751083e-02 1.325244679685063385e-03 3.072737412441170816e-04 8.090448686794542437e-05 2.305149569862666349e-05 7.084899247165772019e-06 2.206976112218901648e-06 7.159591944302471045e-07 2.498439140354146885e-07 7.975895028261481626e-08 2.723618642782213357e-08 4.276711411921766057e-09 -1.347572635771644309e-09 -1.279153261479418438e-09 1.479054892535140704e-09 2.688809947382718783e-10 -9.663597804492800610e-10 -1.462553406796487812e-10 -6.884069211713120813e-10 7.764947047802377508e-11 -4.643580066297163529e-10 -2.770720466647803312e-11 -6.689852533823964187e-12 2.875557711696348994e-10 3.343813398137556429e-10 -4.905457198325621388e-11 -3.931205083097807464e-11 -1.660294714990838226e-10 -1.901026732234331156e-11 -9.585215834570337595e-11 -1.618688529650374110e-10 8.424292673559518250e-13 -9.365770205233114626e-12 7.536404440530745633e-11 4.783503211418703082e-11 -4.340217314358101628e-11 1.443642296115903369e-11 1.692176798754987098e-10 -7.485011716375000695e-11 -1.543018454051140557e-10 8.094487152187168115e-11 -3.678600181731147957e-10 1.966556806002089830e-10 1.512796061360775297e-10 5.155450617197266503e-10 -8.447589066751263475e-12 1.359982866942036170e-09 -8.318564252252799335e-11 -4.442002100072487194e-10 3.891185220569182553e-10 7.735726425759828797e-11 3.417482942454753115e-09 -5.586884713377236928e-10 6.006173645247131949e-09 3.173140417203798113e-08 7.841049294883373107e-08 2.355060842067074372e-07 6.999137582171723643e-07 2.212011666803835883e-06 6.984433923134809440e-06 2.305021036559830446e-05 8.081762127715912212e-05 3.068614686340792033e-04 1.332814550029749702e-03
4.265021632999013712e-02 1.324618799316194025e-03 3.071722010954149300e-04 8.091366431828179724e-05 2.304893776587287272e-05 7.083631181236715810e-06 2.207724527005377583e-06 7.168322050883781459e-07 2.498990801476920848e-07 7.928911348022658917e-08 2.723909705164042680e-08 4.371362200354198291e-09 -1.124314979756911339e-09 -1.296604895791552329e-09 1.547343918829009255e-09 3.013616808859112317e-10 -8.493738533643121113e-10 -9.888183917187030216e-11 -6.536586105740049321e-10 1.243294035302934673e-10 -4.439047014559964243e-10 1.436237988384822900e-11 1.120050678561343333e-11 2.874328931489096670e-10 3.313847120612172362e-10 -4.278184050531247628e-11 -3.158607092282161689e-11 -1.498224035387662595e-10 -1.787464974040229063e-11 -1.061384774015720580e-10 -1.647164556233901702e-10 -1.531966371302475310e-12 -1.061354562991957273e-11 6.997544414382191294e-11 4.603918141176616855e-11 -4.603741324015742442e-11 1.392687128703044691e-11 1.685750301726655919e-10 -7.392053722938061685e-11 -1.544384383091917653e-10 8.832196067516729749e-11 -3.657952663981473745e-10 1.882361465251676642e-10 1.425512731260145488e-10 4.970309457346544230e-10 -5.404723990793985767e-11 1.329690088093587923e-09 -5.291798452289629113e-12 -4.111902357521694615e-10 3.886524874838329244e-10 -2.613613449123055204e-11 3.309630704874935681e-09 -3.906129825494948772e-10 6.081191993879649272e-09 3.160625013243873532e-08 7.803838259962672971e-08 2.354755453197871787e-07 7.011900145441571978e-07 2.211005987987070679e-06 6.982179506566891013e-06 2.305376159875918723e-05 8.081718652330858055e-05 3.067489220036416454e-04 1.332601470264921069e-03
4.264983909329446432e-02 1.324575485137065647e-03 3.071982124341512250e-04 8.088622095512111360e-05 2.304735764807412161e-05 7.077502606015113533e-06 2.206187801372966660e-06 7.152221084281732408e-07 2.502717498037019929e-07 7.955848423523858456e-08 2.708187614779434934e-08 4.538074538672455958e-09 -1.421781681440824616e-09 -1.215125636192253690e-09 1.589593747522639399e-09 2.549721020323725772e-10 -9.563398171595340023e-10 -9.145968638840745142e-11 -6.938586951741233784e-10 1.235101763279734358e-10 -4.601781030743939921e-10 -3.705089864699270492e-11 -1.079469166365698906e-11 2.772586204107790157e-10 3.510615535863751389e-10 -4.944023389595919876e-11 -3.014505270274389806e-11 -1.591243230076117515e-10 -2.304626836438513933e-11 -1.084014729740623292e-10 -1.605198687310819032e-10 4.661502423504209930e-12 -6.999764205472736444e-12 6.635554199377509365e-11 4.809201903999413205e-11 -4.842263006105806432e-11 6.088859894752007039e-12 1.619286557881991405e-10 -7.548267083520608436e-11 -1.440022271916535021e-10 8.351142076657103082e-11 -3.828104372745172128e-10 2.066426376617767375e-10 1.313105241847883769e-10 5.174684274935333584e-10 -2.942832304509339251e-11 1.359120858640711121e-09 3.185936407862582747e-12 -4.541771567919541587e-10 4.804854413449691198e-10 -4.814340089538463908e-11 3.167600256863579707e-09 -6.824315511282013234e-10 6.093886391189533058e-09 3.186171224608550948e-08 7.800532965999600726e-08 2.353976994049946106e-07 7.009623522940676643e-07 2.209895497839555214e-06 6.985297398084233978e-06 2.305110843806120041e-05 8.081295908128144573e-05 3.068030169903854677e-04 1.333097960339874348e-03
4.265035109867845731e-02 1.324747851592550851e-03 3.072075866015496035e-04 8.089096614726125410e-05 2.306030310585394287e-05 7.086469985774235235e-06 2.208421187163994250e-06 7.163988066911139208e-07 2.499346697145707699e-07 7.953356638929465177e-08 2.727610104040080273e-08 4.310094826156350768e-09 -1.359031023933515753e-09 -1.284252281540705791e-09 1.506596404396209810e-09 3.758459702429400377e-10 -1.017245063898691129e-09 -9.760837201452890075e-11 -7.251993032800077254e-10 1.110459033257214048e-10 -4.550199949474188941e-10 -1.856199844801727088e-11 -1.423306605621864994e-11 2.686092921702881527e-10 3.566877685881408110e-10 -3.713307681150335936e-11 -4.714540328331071280e-11 -1.558132973233989133e-10 -1.577780315405535583e-11 -9.972359071305119187e-11 -1.622910019377834157e-10 4.465109027906170630e-12 -1.515209120465154294e-11 7.192379027194471166e-11 5.319419090543290779e-11 -3.810471523956305116e-11 1.347050040078428297e-11 1.716686344899669296e-10 -8.332701543894646858e-11 -1.539858867264601733e-10 8.529243406490687851e-11 -3.978125940614331326e-10 1.942922434151027715e-10 1.532105321458081898e-10 5.248952599907165475e-10 -6.868719674470951085e-11 1.302960451759423456e-09 -9.904327693958315408e-11 -4.749247332284530794e-10 4.573497679055149823e-10 -3.095456055423463931e-11 3.328531924299835531e-09 -6.149147395075116773e-10 6.268351668937819407e-09 3.196622746629653378e-08 7.795322127289684095e-08 2.360258034359209787e-07 7.010714726251178422e-07 2.210948407300256901e-06 6.983436217497513595e-06 2.304745873569000311e-05 8.078007521972973258e-05 3.068389730930341352e-04 1.332529619975442560e-03
4.265093833694223041e-02 1.324591191564757726e-03 3.072007961648847655e-04 8.087705183257994058e-05 2.304309585337546828e-05 7.080204191737765750e-06 2.205946614338251837e-06 7.153651059181779021e-07 2.500739105848724493e-07 7.938732725686560307e-08 2.743363440439951752e-08 4.422110812493121781e-09 -1.257188771038388546e-09 -1.161587366130392212e-09 1.676125508655917880e-09 2.665384652321235564e-10 -1.041052749938827601e-09 -5.946336600616754772e-11 -6.999621958408593747e-10 5.928064100123303175e-11 -4.886276662822012289e-10 -1.115387467720394184e-11 -3.212980698871641632e-15 2.753343564919324026e-10 3.368549660363166048e-10 -3.210886812350461054e-11 -3.500159791380275920e-11 -1.566382855312512943e-10 -1.111834698428066844e-11 -9.919220183186644161e-11 -1.657338092450799678e-10 -2.666266511669517242e-12 -1.504133667987918048e-11 6.865115514209840213e-11 4.549915541418689223e-11 -3.704656460482172449e-11 2.197735902507461207e-11 1.681488112113450351e-10 -7.032328265982568019e-11 -1.557487279469310074e-10 7.659699766681166029e-11 -3.916926482923685356e-10 2.158740562651518298e-10 1.435870358068453526e-10 4.949466943309949250e-10 -5.165067668011054265e-11 1.349035955444338884e-09 1.586990865503850878e-11 -4.281058965188649024e-10 4.772289362055807188e-10 -1.097854222495345253e-10 3.462112587615087239e-09 -9.905729756973899153e-10 6.134059274292026028e-09 3.185136872401171831e-08 7.816879301124346924e-08 2.352726632327696172e-07 7.009489827726065442e-07 2.212370825062610696e-06 6.985664007012700700e-06 2.304126421383297012e-05 8.079324865493306667e-05 3.068117248416739741e-04 1.332602597951975266e-03
4.264973466723048084e-02 1.324933201108691259e-03 3.072483577472044560e-04 8.090554986193750216e-05 2.304746690534100075e-05 7.084179622191218386e-06 2.206746707868175422e-06 7.164083506170911804e-07 2.498830867302172927e-07 7.949437477114582664e-08 2.749861772029290350e-08 4.049728171433941321e-09 -1.472453404734531258e-09 -1.262426748774682419e-09 1.640183968921030696e-09 2.859328645205785840e-10 -9.216092909401507638e-10 -5.218445367502087414e-11 -7.220422756062827764e-10 1.458088409312849513e-10 -4.476390571088013761e-10 9.467702903823855028e-12 -2.282561986451675817e-11 2.622735179147244945e-10 3.394735865521073937e-10 -3.743030344393207377e-11 -3.173760154399494510e-11 -1.449643917997565680e-10 -7.403429895103267713e-12 -1.076845269159949031e-10 -1.594069756486427381e-10 3.369683329750475273e-13 -1.755269470667067354e-11 7.400905412008926209e-11 4.788874138942403641e-11 -4.246958580825709437e-11 1.254888468013760709e-11 1.732135354637052963e-10 -7.843079312499634136e-11 -1.509077754379901316e-10 9.091444999720743443e-11 -3.851557115535632798e-10 2.227328477857891263e-10 1.372219828271075485e-10 5.184173766509562864e-10 -7.800972302255347264e-12 1.390045961762557036e-09 -4.778793252606795981e-11 -4.181913345352963755e-10 5.148336040678272145e-10 1.278794509875242246e-11 3.349495037698646528e-09 -5.612704611048832887e-10 6.083411354268304282e-09 3.188807275155650238e-08 7.852388255396046502e-08 2.356614046618079032e-07 7.010228000813828784e-07 2.211695098121155508e-06 6.980921583389260334e-06 2.304353671961290585e-05 8.077196334028233107e-05 3.067955271752022066e-04 1.332767171773723827e-03
4.265039329591112371e-02 1.324939901287861205e-03 3.072783213590975031e-04 8.091196413490103745e-05 2.305091400201882319e-05 7.086145092999992167e-06 2.207371353993841952e-06 7.150091430532899757e-07 2.491297155951184466e-07 7.921988462512617715e-08 2.714264687601162181e-08 4.423911858011038728e-09 -1.311668110603459625e-09 -1.112513652845899225e-09 1.671366111384220611e-09 2.799346311910786965e-10 -9.030365876887302151e-10 -1.038890764553190212e-10 -7.500561231599398276e-10 8.794398945398372410e-11 -4.892482307034822818e-10 -2.166981157928822691e-11 -9.201474348042919000e-12 2.884921147620151908e-10 3.602730111597598541e-10 -3.387545679476916638e-11 -2.668265730472324106e-11 -1.555165920093213628e-10 -1.222358524539109756e-11 -9.569081824433796182e-11 -1.570596036160687999e-10 5.587092939612035507e-12 -6.862433391761549504e-12 7.020988845875838315e-11 4.368805079948907934e-11 -4.302358301120114110e-11 1.418439087613691654e-11 1.663516796749320941e-10 -7.169703110469337486e-11 -1.476354643356285454e-10 9.957104530908571713e-11 -3.767035309506824109e-10 1.910181840384268193e-10 1.245893322866726068e-10 4.918064214718637340e-10 -5.388358594010305812e-11 1.314684960018049518e-09 -7.071471919738602299e-11 -3.916027864929351923e-10 4.931115489415980499e-10 -2.201448524218986034e-11 3.345302208052487350e-09 -7.558536605559123131e-10 6.202812738269838644e-09 3.186097551713868633e-08 7.813064001500719144e-08 2.349150669437713202e-07 7.007600400482201257e-07 2.210088449263125013e-06 6.984831858034194477e-06 2.304264926682121541e-05 8.079364346103855873e-05 3.067246100170159854e-04 1.332696849242422663e-03
4.265070026101380057e-02 1.324850150279969704e-03 3.072823248769991395e-04 8.089459238860903403e-05 2.305351737876742683e-05 7.079241043903171577e-06 2.205316978326273544e-06 7.168545978488485786e-07 2.496120357721011768e-07 7.904265011255612301e-08 2.734106107536212211e-08 4.264791982374522703e-09 -1.218013889213677741e-09 -1.191642910459633009e-09 1.666096714158371864e-09 3.205510409887395070e-10 -9.288119247705255340e-10 -1.366230050375206915e-10 -7.441399777061813125e-10 7.756433344434375888e-11 -4.886497677463760674e-10 -3.931048936742666560e-12 9.418510507744444060e-12 2.871123489386658338e-10 3.456503265005081549e-10 -4.222682365102938678e-11 -2.611692051550876936e-11 -1.601498853436698300e-10 -1.371382554198188649e-11 -9.780065136438299434e-11 -1.595183542656659611e-10 9.077866001591426113e-12 -1.134429613876937351e-11 6.946598737072608848e-11 5.378245154933645473e-11 -4.140835860502376985e-11 1.413058613474065479e-11 1.726303662460944464e-10 -6.440181435873021998e-11 -1.476812206506620606e-10 7.737402526716344409e-11 -3.776637632658368225e-10 1.802939860569774339e-10 1.182111820595939384e-10 4.889896667244600677e-10 -3.894114276170689877e-11 1.360909896816649776e-09 -3.334681568508473178e-11 -4.304462530067899888e-10 4.628187542285884177e-10 1.302064339284847609e-10 3.258402048933735311e-09 -8.734859343800909310e-10 6.073759855238763821e-09 3.166609339591678549e-08 7.829189425213958943e-08 2.353975666814187777e-07 7.005208005505654524e-07 2.211002349757688372e-06 6.980835634751484691e-06 2.304053077013170294e-05 8.078577151342890132e-05 3.067164620338156756e-04 1.332383131184148532e-03
4.265060544902614381e-02 1.325020573307433098e-03 3.072650312161567007e-04 8.092626511594290214e-05 2.305462568147129737e-05 7.084544179940684253e-06 2.206470704932539226e-06 7.148593020009912330e-07 2.498530532878576763e-07 7.909140858752935676e-08 2.763009714646584465e-08 4.440397696768309345e-09 -1.236664887313735733e-09 -1.274922167360508363e-09 1.582512053918122103e-09 2.934969175079681165e-10 -9.378250550822836388e-10 -1.252612941433681324e-10 -7.218462881647504640e-10 7.406001173996146149e-11 -4.524099199440310442e-10 -1.837836375726391179e-11 1.717299899394418151e-11 2.577437956636699920e-10 3.391465426045548709e-10 -3.095188656049759297e-11 -2.132893541083702726e-11 -1.613173630657197595e-10 -2.193527940777127084e-11 -1.055201790950011968e-10 -1.566245810510551117e-10 4.839900225864760113e-12 -1.663355801889295758e-11 6.552275843130103104e-11 4.690768811748229679e-11 -5.205678377182336271e-11 6.369079351596200681e-12 1.553106607724461467e-10 -8.104138946116983134e-11 -1.586050892828684573e-10 9.462336316335850464e-11 -3.722011552293857586e-10 1.824587440634057281e-10 1.254383106057126475e-10 5.161818464885298332e-10 -5.937354166623083944e-11 1.283848909257457098e-09 -3.460625888094243014e-11 -3.709115245977704863e-10 4.863183173328087378e-10 4.233880472484932711e-12 3.362467591005265245e-09 -6.437832701452458970e-10 6.326322485660490829e-09 3.183164811937156947e-08 7.804036927698610450e-08 2.357388003549001675e-07 7.000066767966786835e-07 2.211942908448268636e-06 6.981194511172401974e-06 2.304419760283182779e-05 8.080103511336482643e-05 3.068224648397059498e-04 1.332774185920118171e-03
4.265078117224161552e-02 1.324642704838736428e-03 3.072394131188484331e-04 8.087480456332024874e-05 2.304631429114768206e-05 7.084623751829141257e-06 2.206347979845617166e-06 7.157960474177200662e-07 2.496160972592818784e-07 7.933407240432625135e-08 2.747169508246830050e-08 4.352038438334001870e-09 -1.244215469775544907e-09 -1.151649672978492952e-09 1.582533271956311929e-09 3.069055883075012802e-10 -9.256265598473702020e-10 -1.107471777940490411e-10 -6.904269267883323433e-10 1.065396042616244634e-10 -4.523979276064986045e-10 -1.641585729023584327e-11 1.836882037537197146e-11 2.910844889061173701e-10 3.494019811311865829e-10 -2.963449321226811712e-11 -3.258076771135779667e-11 -1.564627376478678810e-10 -2.259618843633763875e-11 -1.115791228316187350e-10 -1.566374842097538067e-10 8.838624642742444547e-12 -1.877290294257554731e-11 6.795822711231393208e-11 4.419813699874447272e-11 -4.819606701149157124e-11 1.065233959545873320e-11 1.625669922970213092e-10 -6.603329542271625322e-11 -1.549359332895025207e-10 8.073295057829587203e-11 -3.690074565828474141e-10 2.031116113027237441e-10 9.863495222621979853e-11 5.320555457970979434e-10 -4.301556618561285091e-11 1.368881394247204268e-09 6.059334763277215868e-12 -3.186647486112985077e-10 5.650352861422547742e-10 2.015286676238363411e-10 3.443062915108820736e-09 -5.095606093689206196e-10 6.303675232464166020e-09 3.194866541342715267e-08 7.857932441342676518e-08 2.354675592812313659e-07 7.008165027862226138e-07 2.212896131071291021e-06 6.983907579948748713e-06 2.303747196453220057e-05 8.078265399991764375e-05 3.068232247341375627e-04 1.332653159248417670e-03
4.264976730361414586e-02 1.324960775621254533e-03 3.072031704925458958e-04 8.091203629792908625e-05 2.305710105455315961e-05 7.084261044777550640e-06 2.207079804197286697e-06 7.163306803056652206e-07 2.493670383988777321e-07 7.941983552142670884e-08 2.741468707439317375e-08 4.454592764395291094e-09 -1.177359849726165694e-09 -1.224753456407511009e-09 1.524610412490305545e-09 2.060613562918367305e-10 -1.028150671164467331e-09 -1.700494030436145661e-10 -6.688147167213137439e-10 4.557620215302235563e-11 -4.562819455895662398e-10 -1.563535183778554277e-12 1.763757322788708145e-12 2.982754985686047305e-10 3.346047673192760829e-10 -4.285358811942808746e-11 -2.704989070467331314e-11 -1.564977087990967169e-10 -2.268333675732893483e-11 -1.031276090314817765e-10 -1.581368084824129241e-10 5.702729543823847493e-13 -1.724275421974391610e-11 7.069038734532393118e-11 4.818877716774969706e-11 -5.110412881425525140e-11 1.559977274980423229e-11 1.677362079187765401e-10 -7.659137246224770106e-11 -1.631329219176314515e-10 9.062665293820529289e-11 -3.777831671282940966e-10 1.896861026455040444e-10 1.700588909769233071e-10 5.059939875054233647e-10 -3.794080447437098590e-12 1.339354731297421531e-09 3.672229340398126166e-11 -4.643589772698352698e-10 5.483646992157194613e-10 -9.756457112107278394e-12 3.176902807169648057e-09 -6.769598361030921821e-10 5.901927482629059627e-09 3.206214509660847124e-08 7.816779108101965277e-08 2.351393454466618668e-07 6.995347716936336526e-07 2.208595805336387958e-06 6.975741957931304704e-06 2.303285961261567329e-05 8.077361066621814806e-05 3.068365788647333292e-04 1.332991846608197343e-03
4.265048486804456224e-02 1.325221823914879806e-03 3.072491714477213073e-04 8.089978086931784147e-05 2.305849284580641068e-05 7.083591437185470141e-06 2.207304822046976812e-06 7.156050881520893279e-07 2.499234231112300702e-07 7.956834574068924019e-08 2.752201187972876651e-08 4.361224407399945060e-09 -1.319580028514160318e-09 -1.130394383590979359e-09 1.713562006747611532e-09 3.942181430338093830e-10 -9.050845237581850100e-10 -1.192337423836642171e-10 -7.012993003786239673e-10 7.985347319965972105e-11 -4.659830716118611032e-10 9.426235817242203466e-12 -1.143600208023584701e-12 2.613247720908858209e-10 3.154761757594683843e-10 -3.555389734673058022e-11 -3.020704837319265366e-11 -1.624422392570174662e-10 -1.221883437218086432e-11 -1.022536981631779562e-10 -1.583255944829450454e-10 1.070896957082432756e-11 -1.776207492111756971e-11 7.267554004807047557e-11 4.278993814644398919e-11 -4.372772394765660384e-11 1.476865039638276575e-11 1.715181805000603317e-10 -8.709854913431458703e-11 -1.616077459134533874e-10 8.110281658831192543e-11 -3.905904642183083198e-10 1.793879685242945020e-10 1.091292738162992479e-10 5.078638771233277956e-10 -8.123460557920218132e-11 1.325090423669604840e-09 1.966032005249345397e-11 -3.478617559142116838e-10 5.056045965229822874e-10 3.398422696424158227e-11 3.406191630971114406e-09 -5.095443624544514290e-10 6.051495527202931960e-09 3.194444152326330808e-08 7.815670624463925701e-08 2.352331684483461063e-07 7.004109132235729564e-07 2.211507037244742050e-06 6.980924966514990612e-06 2.304172436833259793e-05 8.076325387979344861e-05 3.068136617446453186e-04 1.332837357869158046e-03
4.265011272695351519e-02 1.325024783845492804e-03 3.072955922685261247e-04 8.089313870204374644e-05 2.304230248764818417e-05 7.084284999945971042e-06 2.206293608278774693e-06 7.164404688395552134e-07 2.494046053455155641e-07 7.958731241692814888e-08 2.771576115302941395e-08 4.326322316779989364e-09 -1.277525176493101480e-09 -1.109677078638122248e-09 1.636829783481094146e-09 3.959022148851519594e-10 -8.980376150499585631e-10 -7.192678648013885744e-11 -6.699404857708523571e-10 8.721526084823597897e-11 -4.831662391157726678e-10 -4.361356445916267919e-11 -1.034609694458364959e-11 2.754536584032046347e-10 3.411680726230564206e-10 -4.317848390201687983e-11 -3.725598688058255156e-11 -1.526442434959812200e-10 -1.347592756494689489e-11 -9.700404694664531681e-11 -1.541197412723992667e-10 8.456710899150006020e-12 -5.112325769802643136e-12 6.940052520661195856e-11 4.567841800598489933e-11 -4.025608454631232711e-11 1.252678018266152714e-11 1.758455535543545042e-10 -6.956275646460651996e-11 -1.422728492700371178e-10 9.795382378315096313e-11 -3.705701540589748415e-10 1.875331580515141443e-10 1.392552507970181214e-10 4.986498832096897120e-10 -8.547433338601663181e-11 1.289519537530985117e-09 -9.717497988207656439e-12 -4.061290198769629848e-10 5.409347953685764512e-10 1.356080655500146344e-11 3.252514232584716483e-09 -7.864734889428334093e-10 5.839623026146397754e-09 3.153699957234579666e-08 7.806807321605170928e-08 2.358776243740413608e-07 7.006041937992202436e-07 2.213743012270518014e-06 6.984022673068147977e-06 2.304721909837062922e-05 8.077829003152957300e-05 3.068102974279761537e-04 1.332608017277741837e-03
4.264991439464905360e-02 1.325232288348797069e-03 3.072760745722579183e-04 8.091361402786287327e-05 2.305551120921753422e-05 7.085966372099179079e-06 2.209170134404721486e-06 7.168560544334599068e-07 2.499353215978911172e-07 7.958165458226239217e-08 2.721731021621819385e-08 4.587124444353465734e-09 -1.187338461982237548e-09 -1.158674495407402744e-09 1.697958611806463826e-09 2.701675428956547259e-10 -9.670060637530395991e-10 -2.345267041301627249e-11 -7.059003229607597140e-10 6.904918483644998952e-11 -5.026978503769858770e-10 -1.457569940253029888e-11 -5.547877165120501680e-12 2.925192733554181854e-10 3.445645606336493968e-10 -3.633110941946005675e-11 -2.993193701441613650e-11 -1.500026054274319818e-10 -1.546625480799028260e-11 -9.668392165577747167e-11 -1.602885655643100474e-10 -1.423956691573278088e-12 -1.642953343542269839e-11 6.837339994380716878e-11 4.337475480630625645e-11 -4.961367903259385783e-11 1.474392632035414298e-12 1.697473405980024411e-10 -8.458470382443997029e-11 -1.563763612476567058e-10 9.973147978475538013e-11 -3.809581319774208931e-10 1.812126025356296160e-10 1.275524193578609985e-10 5.259316711277198936e-10 -2.272836183880094523e-11 1.303423288476046287e-09 2.742182856046374555e-11 -4.499598657115062112e-10 5.006711261997970811e-10 -4.887163372449770787e-11 3.238509309305822424e-09 -5.597118068654546157e-10 5.964070497800063340e-09 3.189192687102405190e-08 7.817593879915595653e-08 2.355425352291707867e-07 7.001460036058790532e-07 2.210176782902397438e-06 6.981116076157752514e-06 2.304221523244539576e-05 8.078385443986136857e-05 3.067993720432202480e-04 1.332564950622398131e-03
4.265006347843347534e-02 1.325165515985010688e-03 3.071728946519754200e-04 8.092111052869307053e-05 2.305327362042174154e-05 7.085414030192331778e-06 2.207292397707842432e-06 7.158068241848763447e-07 2.494461932375005816e-07 7.962699066783564198e-08 2.754219603043998416e-08 4.239101233235875416e-09 -1.275665717865483964e-09 -1.278107375911511919e-09 1.594777926307077415e-09 3.182352729015212362e-10 -9.141158636550703208e-10 -7.481697874580030288e-11 -7.095878864166539345e-10 1.141868125596676917e-10 -4.385159138538971127e-10 8.678275635107584814e-12 -3.074698729541701843e-11 2.803077130071700054e-10 3.182318033743657987e-10 -4.659791774105399092e-11 -2.812460145626640444e-11 -1.531395580343081858e-10 -2.375376291619831242e-11 -9.520106016330195398e-11 -1.591226323489909477e-10 -5.357785094704024527e-14 -1.907841694416656325e-11 6.478003332863120059e-11 4.860309222948082074e-11 -4.570220713400404328e-11 1.413627455874437072e-11 1.717912641005783785e-10 -7.894328997055676475e-11 -1.542358669675300856e-10 1.095789720534358279e-10 -3.689921326114337625e-10 2.080247814507145953e-10 1.350877607846814378e-10 5.467018518094012946e-10 -5.194315747530581604e-11 1.351683353264219784e-09 -9.443125925847666138e-11 -4.712653006647018862e-10 5.127074973890278780e-10 5.211973580210527908e-13 3.369901554776988503e-09 -4.583454555133444552e-10 6.008767553673285521e-09 3.150248271118287288e-08 7.828135626390808897e-08 2.354824612708492622e-07 7.008999738830442792e-07 2.213358471590167745e-06 6.984564917090846519e-06 2.304476208159467979e-05 8.078365452568248885e-05 3.067164431792161533e-04 1.332491304667560595e-03
4.265013296642875679e-02 1.324974864308031209e-03 3.071935440284447819e-04 8.091315779497947817e-05 2.305136838331166857e-05 7.083560434858537007e-06 2.208454494420641646e-06 7.172223162416857603e-07 2.501786577069002197e-07 7.990912124854427545e-08 2.742204638675903592e-08 4.367245181588269725e-09 -1.407785510982337993e-09 -1.310701376051330280e-09 1.517660139922722422e-09 2.495292126142905349e-10 -1.030584937323830066e-09 -1.101639433677466050e-10 -6.998038584338424218e-10 9.439417333483671002e-11 -4.334650887656301145e-10 -7.001953020646644358e-12 8.087789301565759007e-12 2.728992713955486263e-10 3.169224341378587211e-10 -4.987925166358262159e-11 -1.983690322803486858e-11 -1.475698476313403385e-10 -9.422003859948425134e-12 -9.633268218169770715e-11 -1.603662589174870052e-10 5.814410780809788359e-12 -1.412882086886370368e-11 7.135593212200153135e-11 4.824746565704399596e-11 -4.664134238848422358e-11 1.424902743882546046e-11 1.817906004063813599e-10 -6.902904193892463723e-11 -1.369513949665049627e-10 9.026459193414472148e-11 -3.851966351610335841e-10 1.943238820054080415e-10 1.292204959068442081e-10 5.194570018021848714e-10 -2.422915764612666860e-11 1.348803483629177315e-09 -7.045282822823767033e-12 -4.413859370578731107e-10 5.110609627735357948e-10 1.030808074677421843e-11 3.364468530922463063e-09 -7.477862836570574423e-10 6.127794931838259018e-09 3.174990361670385248e-08 7.841294834685627164e-08 2.356846601646658188e-07 7.013998590998606172e-07 2.212490315017042421e-06 6.983638508433557063e-06 2.303601954827219525e-05 8.079111858141184020e-05 3.067319412679733151e-04 1.332468531945619344e-03
4.265065923060786662e-02 1.324573342129580639e-03 3.072522389913565901e-04 8.090475558496446539e-05 2.306126173258671289e-05 7.087861292070118363e-06 2.207264095696147909e-06 7.155388074713104405e-07 2.497467979614627551e-07 7.919289141561157981e-08 2.732079299916813469e-08 4.183249478008922254e-09 -1.303552476082921154e-09 -1.259439839906146078e-09 1.529450886300272336e-09 2.108388844181694694e-10 -9.573726734360001900e-10 -8.939360661904323136e-11 -7.131775225807748985e-10 4.634563262746854787e-11 -4.823333727289354775e-10 -1.235452759667081058e-11 4.251103816230665453e-12 2.884473195435820819e-10 3.378785531868506513e-10 -5.436747314156472127e-11 -2.909321183149342115e-11 -1.539045734602165933e-10 -1.808180346250648248e-11 -1.003109007795933544e-10 -1.520557949678247150e-10 3.567157807100762595e-12 -1.583381989160958072e-11 7.310548544147469849e-11 4.476767178720275766e-11 -4.557920922145536060e-11 2.110638021556241418e-11 1.746859255145659107e-10 -8.043171992716462550e-11 -1.499195752904277445e-10 8.190073551937318798e-11 -3.785357235527291796e-10 1.699869111938511786e-10 1.314484112325487909e-10 5.176141969185318047e-10 -4.713996057853511683e-11 1.348841879975388654e-09 -6.443147265478688069e-11 -4.426572935633688377e-10 5.429282569382638675e-10 -4.066302871395571178e-11 3.379498881062995886e-09 -6.442038044107349380e-10 6.018942029991660413e-09 3.191623378017883790e-08 7.824718780696273270e-08 2.350870057185678650e-07 7.010259849164739408e-07 2.213326238450418815e-06 6.984135311812565960e-06 2.304945993018142625e-05 8.079509326016270964e-05 3.067571091804924504e-04 1.332835962766548222e-03
4.264982406457788755e-02 1.324609138005010227e-03 3.072162505178530653e-04 8.092075690634671311e-05 2.305388452702963507e-05 7.089018650341094993e-06 2.207707502222716254e-06 7.168438338288511067e-07 2.497690631133719007e-07 7.979392413946142899e-08 2.748106435112993157e-08 4.308396476611058986e-09 -1.262608966994626403e-09 -1.185972991712262908e-09 1.524043359320237570e-09 3.255494552028851011e-10 -9.542803519659014784e-10 -9.576734347966690913e-11 -7.031958248947834784e-10 1.136898106015886886e-10 -4.618046145414570601e-10 9.747788950171339688e-12 -2.694656057358898312e-12 2.856724567069967270e-10 3.351329063998693131e-10 -3.383056777456195297e-11 -1.817645434458780799e-11 -1.600740830215158023e-10 -1.682226714486673839e-11 -1.008003539704434548e-10 -1.604326887182351965e-10 2.223753132050429803e-12 -1.358731263935330957e-11 6.906798008897023877e-11 4.997766177777339759e-11 -4.445759168186989731e-11 1.324901545005903822e-11 1.656760329873480602e-10 -7.365656105635132330e-11 -1.652334731814328028e-10 8.947136399103198047e-11 -3.844122819288693750e-10 1.865657051565802274e-10 1.336504648925741852e-10 5.166999952220638348e-10 -3.820711658299873647e-11 1.328732635721311290e-09 -5.250180521487738745e-11 -4.231048199852193505e-10 4.683525332845336633e-10 8.161732488106632876e-11 3.248699291376957212e-09 -7.376905085087322811e-10 5.953581815940759490e-09 3.221685937665070441e-08 7.829340632818033667e-08 2.357589344661589833e-07 7.012373025465604548e-07 2.212246155814847391e-06 6.982421220995066940e-06 2.304607073294851979e-05 8.078255791012315659e-05 3.068012044382073490e-04 1.332705279179655306e-03
4.265071131347310945e-02 1.325037907383082563e-03 3.072503807343890175e-04 8.089471274538062085e-05 2.305107614412687888e-05 7.081379079847241000e-06 2.207095306268296974e-06 7.148474730949605102e-07 2.501926511015574243e-07 7.930077044473307664e-08 2.720967806328210286e-08 4.562531695901844172e-09 -1.103864441528621170e-09 -1.202045572677339950e-09 1.537274819653811857e-09 3.436947337640929331e-10 -9.932238814937150213e-10 -1.619904640564428604e-10 -7.191522748970002400e-10 1.029632121727733230e-10 -4.852167437885812564e-10 -2.344436113489756330e-11 -7.832398943513996671e-12 2.879958268289833445e-10 3.398141222005861565e-10 -4.819394216266562127e-11 -2.775460256838786348e-11 -1.629399726272639234e-10 -1.721953533661129792e-11 -9.883470126101193322e-11 -1.597024806560612538e-10 2.077709542496758342e-12 -1.424221252538510185e-11 7.845003263650504168e-11 5.846744398663087814e-11 -3.823077600745044376e-11 1.343646918439558665e-11 1.727463415734829218e-10 -7.274108501405082445e-11 -1.705739905035206085e-10 7.650782274425264026e-11 -3.848136960357694624e-10 1.996724444258125033e-10 1.374203933478956636e-10 4.881230154680086114e-10 -2.752373690899162879e-11 1.339799086039573528e-09 2.906245849057053369e-11 -5.099658746756678338e-10 4.482509067965542207e-10 2.857132611004119166e-11 3.454154948370337183e-09 -6.041152141901488866e-10 6.052470125037777262e-09 3.186543679405154708e-08 7.811995392979885492e-08 2.357211447975005680e-07 7.003985834925663281e-07 2.211689971992041257e-06 6.987513307205211206e-06 2.304608936868852498e-05 8.079603317800324936e-05 3.068341141242273448e-04 1.333128960936493836e-03
4.264962892045697646e-02 1.325041336387648531e-03 3.072633198481730687e-04 8.089893832310684639e-05 2.305131630797851430e-05 7.082771794956219031e-06 2.205822353052124926e-06 7.159844062506883785e-07 2.497378049649738013e-07 7.943723192915358829e-08 2.726217467784490760e-08 4.623885091919803164e-09 -1.235944933320142934e-09 -1.245198046145186144e-09 1.524228380089539240e-09 2.151951176793899677e-10 -1.007271992391587963e-09 -1.588626558892635119e-10 -6.991719712436498830e-10 1.312976458992410259e-10 -4.802218386669197050e-10 3.970442499674393380e-12 -2.259549012107837383e-11 2.792718425820607591e-10 3.341087317091044781e-10 -5.347145625772689069e-11 -4.095852067976223371e-11 -1.543242909184210879e-10 -1.566998790212112894e-11 -1.119748349071269993e-10 -1.577635604879212665e-10 8.756410606729579359e-12 -7.272561166922023672e-12 7.206817783632452944e-11 5.056103066257791115e-11 -5.049568863031653062e-11 2.072999234590597250e-11 1.677610556788195327e-10 -7.414379145483304011e-11 -1.609620085396214330e-10 1.036038642491423454e-10 -3.854036792767893600e-10 1.817565273363869219e-10 1.337829197919996524e-10 4.982478333702354903e-10 -7.114450044076768641e-11 1.377059068760740746e-09 -6.192489987729574603e-11 -5.071812387189878222e-10 4.342572008533900313e-10 6.104389293566134430e-11 3.341017065306241043e-09 -5.144586076670809200e-10 6.125065438906885555e-09 3.192669121467711505e-08 7.822029735191708334e-08 2.357771694732583099e-07 7.012869079680709959e-07 2.212259387435856617e-06 6.985791028322690917e-06 2.305049590669817027e-05 8.080889295380721301e-05 3.068276918494753551e-04 1.332495288260266515e-03
4.265042112231261229e-02 1.325170298745165188e-03 3.072230637290260941e-04 8.091134241935675638e-05 2.305120274094653882e-05 7.085353323216925288e-06 2.206615202140304716e-06 7.160494301857841367e-07 2.498694068211060787e-07 7.941830062292874848e-08 2.740698334723625953e-08 4.371917810355454708e-09 -1.308216132104026929e-09 -1.177786245776654607e-09 1.847806617004607248e-09 2.788489287167213695e-10 -9.787322980279791885e-10 -1.590181915299962350e-10 -7.740883022368659873e-10 1.758620701476161513e-11 -4.794342438007653937e-10 -9.864343998404693976e-12 7.731149908318957211e-12 2.900897068274932367e-10 3.348583820230758357e-10 -3.035266989030644862e-11 -3.263141485556147349e-11 -1.545572597198125771e-10 -1.992700775628090744e-11 -1.076636227214041065e-10 -1.650810819451441262e-10 2.975839968699358767e-12 -1.374340190627350101e-11 6.737961046022773018e-11 4.746071620477248637e-11 -4.074995168929641477e-11 2.349643390763143192e-11 1.624603657488934972e-10 -7.040441177952712911e-11 -1.504349270303452485e-10 8.509576197257070870e-11 -3.740683426007961356e-10 2.042701615376694583e-10 1.247059852314813801e-10 5.166741949897019206e-10 -1.597651309705977633e-11 1.356317815533115643e-09 -4.509891927968661980e-11 -4.220921718048329124e-10 5.138696289640583473e-10 2.806253214907741978e-11 3.310752632718832967e-09 -4.379379163485932464e-10 6.138549089862619304e-09 3.173175581075913237e-08 7.853750326844133286e-08 2.358150454571790738e-07 7.006526947388529126e-07 2.212869787398832885e-06 6.988015676457151682e-06 2.305358604341887230e-05 8.080428824177598199e-05 3.068429094169614285e-04 1.332824464240929367e-03
4.265024406214159430e-02 1.325069451249573631e-03 3.071926006234922081e-04 8.091443573284286500e-05 2.304643262318355668e-05 7.081274562644206797e-06 2.204043955465740942e-06 7.151621647948259866e-07 2.493307948709701429e-07 7.964462228870926243e-08 2.769996439204639548e-08 4.248883198528423874e-09 -1.397307899947522999e-09 -1.236679174509535105e-09 1.578342977804521816e-09 3.679049183040086235e-10 -9.829085156579795490e-10 -9.840015909212731712e-11 -6.817734187904246971e-10 9.777695413280887181e-11 -4.418589358629087910e-10 -1.098737041210927601e-11 -1.540984764064793080e-11 2.732991634851677348e-10 3.505242224341932195e-10 -4.257916870249847144e-11 -1.585013940510989067e-11 -1.590626810475316926e-10 -1.232049364422343249e-11 -9.965195495887282284e-11 -1.545242319473960824e-10 7.241613451618956290e-12 -1.454696067771905580e-11 6.608875186361512444e-11 4.973629155902922003e-11 -4.847183710388905985e-11 1.674580847723710516e-11 1.688584436982104486e-10 -8.062899077042110313e-11 -1.593927575689892772e-10 7.530519716613407811e-11 -3.876334677439645382e-10 1.856730031862167593e-10 1.385986306078986922e-10 4.963143092443027687e-10 -2.601940547357220337e-11 1.320660782789802716e-09 -9.230887502579319019e-11 -4.185909006455829075e-10 5.490433114641576181e-10 8.013767205610684115e-11 3.321349442538867418e-09 -6.041543656918359073e-10 6.049470513950742192e-09 3.155649174002767454e-08 7.833609343229116653e-08 2.354065805442581053e-07 7.012505083568280866e-07 2.212545812326025679e-06 6.989835770006077808e-06 2.305240808021451302e-05 8.078113928546332861e-05 3.068222986087939933e-04 1.332853720727262756e-03
4.264960703669060105e-02 1.325012897679680134e-03 3.072885858800130320e-04 8.090964591952643664e-05 2.304981489646701224e-05 7.086474724516028609e-06 2.206933374454682349e-06 7.166383476316373683e-07 2.501466606668319890e-07 7.984376755980886453e-08 2.735843936138438697e-08 4.316551401729183827e-09 -1.502517856127639863e-09 -1.199222104497858861e-09 1.706867197419574983e-09 2.930318269344340681e-10 -9.357447793853517728e-10 -1.360894089412290308e-10 -7.153107976662529322e-10 9.400959345833307228e-11 -4.428012798862341030e-10 1.710725090970281076e-12 -3.384754366461314100e-11 2.752350565981139446e-10 3.276977216449532788e-10 -3.652785396613571442e-11 -3.250780349387847056e-11 -1.541804873631426878e-10 -2.315318291384248078e-11 -9.884067289231045349e-11 -1.584264513592120626e-10 8.390042929402886243e-12 -4.923365251809748332e-12 7.232230225320262180e-11 4.314103141670402713e-11 -5.106737062852192289e-11 1.729833575034897808e-11 1.670459997074140153e-10 -6.514815768910243386e-11 -1.448193364871577354e-10 1.056964873767461587e-10 -3.761559050513215725e-10 2.126500901641538866e-10 1.403415274460703151e-10 4.967181150014047553e-10 -5.692217084178334363e-11 1.301525268845003341e-09 -7.164056047290120904e-11 -5.201611980001997353e-10 4.628758360190204581e-10 2.892028175413230305e-10 3.536779878651467450e-09 -4.252509606881090013e-10 6.117679511928070328e-09 3.150071910816228751e-08 7.803740475329855646e-08 2.354831985520098318e-07 6.999036104190858890e-07 2.210026235938308369e-06 6.986056808292894608e-06 2.304190478549480222e-05 8.076837689955882751e-05 3.067966225027953181e-04 1.332816953238551583e-03
4.264978110992868887e-02 1.324863094421716448e-03 3.072484942125493939e-04 8.090202013575174139e-05 2.305138119445813665e-05 7.083395431495876661e-06 2.206828904620445721e-06 7.164234725694995851e-07 2.497773785346529355e-07 7.977651318035437834e-08 2.755391593540752014e-08 4.133239893784957847e-09 -1.393338000084431206e-09 -1.328438832932806059e-09 1.641549004930230827e-09 2.943138759091732206e-10 -1.016580167209553509e-09 -9.708860602696372996e-11 -7.244288313555553695e-10 1.063022543195859016e-10 -4.571293748553188830e-10 -3.162960408053087529e-11 1.066678292268890138e-11 2.863374771448097803e-10 3.498757933129806701e-10 -5.282672812026822715e-11 -4.316162579769196993e-11 -1.523567134942804441e-10 -1.172357728607375974e-11 -1.003780743218608810e-10 -1.561719400674580757e-10 3.071475605416072133e-12 -1.718659290442299798e-11 7.259555239493794360e-11 4.099334725389963681e-11 -3.977519039110456402e-11 2.289167065266594284e-11 1.668838322291903300e-10 -6.679122473916026390e-11 -1.513020772160288287e-10 8.496321104258353783e-11 -3.757086423261567133e-10 1.703523266955851439e-10 1.338962805849223354e-10 4.988638374358467203e-10 -3.865735423526445098e-11 1.363367832366172547e-09 -5.294985217940775291e-11 -4.592685635981482970e-10 4.322511136537751182e-10 -5.763607228142212940e-11 3.451346238746449843e-09 -6.762395159942906839e-10 6.070481998766218475e-09 3.179268004260837389e-08 7.836568943333488105e-08 2.355759580394524896e-07 7.005062873297488096e-07 2.211023545074818688e-06 6.981711615337174907e-06 2.304550892637171811e-05 8.079325942725456449e-05 3.067870473681454189e-04 1.332904295529587554e-03
4.265090111780370924e-02 1.325221812297575465e-03 3.072918473066026568e-04 8.090973071889544720e-05 2.305154054192510045e-05 7.086744129454356670e-06 2.206467618025048060e-06 7.159714977116474913e-07 2.496054428091096470e-07 7.937796449971332045e-08 2.740503046333599129e-08 4.256727641968644234e-09 -1.409044386590305721e-09 -1.152576447311318561e-09 1.596077337202989130e-09 3.331601256450528682e-10 -1.034027684797977598e-09 -5.661884394679103093e-11 -7.122627120913768259e-10 1.051213936187485376e-10 -4.257415901340615448e-10 -2.056719078783938536e-11 -6.111501257826115996e-12 2.545901202886973183e-10 3.072176296022241869e-10 -5.378674190525538112e-11 -3.284903568227483526e-11 -1.702864683804913372e-10 -1.909025853453536191e-11 -1.004360415578237476e-10 -1.616973817249317846e-10 7.396471739696091098e-12 -1.243397707853602609e-11 7.793347077871826770e-11 4.916528372428657654e-11 -4.437377091601846885e-11 1.708271526508479788e-11 1.684327844062726124e-10 -6.377042251164941543e-11 -1.624068461690604012e-10 7.738264333973025326e-11 -3.730767477987182408e-10 1.914275713884463729e-10 1.250450320762987507e-10 5.075210929937532871e-10 -5.773771863294636517e-11 1.331148491941756437e-09 -5.747430156109008121e-11 -4.542958495032767945e-10 4.704847481329539687e-10 3.766456524224460601e-11 3.417345608999014346e-09 -6.125571235313384606e-10 6.136874060528651147e-09 3.182959242979843073e-08 7.858383558800885035e-08 2.358205467624654941e-07 7.011719834951552031e-07 2.210458574935087234e-06 6.985657393497740924e-06 2.303524322276550475e-05 8.076775444200955112e-05 3.067291029269701122e-04 1.332736431821966803e-03
4.265068450198079147e-02 1.324676367850602735e-03 3.072444174339916982e-04 8.087367073925874085e-05 2.305560408254748498e-05 7.083469116405885710e-06 2.208046954467980347e-06 7.153585208667454679e-07 2.497942387207927282e-07 7.949548319750665923e-08 2.734578763255608913e-08 4.501010768084701206e-09 -1.297609437825863517e-09 -1.129330309202928558e-09 1.567886414353527441e-09 3.307590276250982603e-10 -1.057740827328413091e-09 -1.364438135275377897e-10 -7.294067317927675448e-10 1.250497440439639045e-10 -4.531671558611910124e-10 5.978728901612257896e-12 1.288860460641236960e-11 2.736598625905560852e-10 3.459314992345342743e-10 -5.314015430021528543e-11 -2.896662448283194493e-11 -1.653104284777130474e-10 -2.045443050518197271e-11 -1.037746145135267218e-10 -1.595439426044383607e-10 -5.781955510491172462e-12 -1.985415912220845990e-11 6.403707474756367421e-11 4.064797587355008030e-11 -4.941030264735866278e-11 1.618205139477904691e-11 1.589636449521220529e-10 -8.701776381594387597e-11 -1.654658853054969233e-10 8.014927029368471958e-11 -4.042034217982015689e-10 1.726208822870192384e-10 1.307491137804082916e-10 5.020297209117846105e-10 -4.755993383969431253e-11 1.343320881262174487e-09 -3.842625787994356483e-12 -4.364643303265700944e-10 5.404309373480256765e-10 -2.454470424782567482e-11 3.193299634740136095e-09 -5.806187352731907250e-10 6.316266923076304216e-09 3.180365918779915412e-08 7.841889604920627693e-08 2.354132256040443813e-07 7.012216475766965793e-07 2.211813750934226362e-06 6.984832066931615627e-06 2.305425237097112612e-05 8.079620184157176681e-05 3.069325047546268706e-04 1.333064192117784045e-03
4.265061408639566481e-02 1.325079859855974457e-03 3.072849958199745570e-04 8.090501725267400604e-05 2.305170814558870748e-05 7.084840274522046416e-06 2.209036762196360548e-06 7.157882409426254864e-07 2.500164689900553179e-07 7.999041524691816437e-08 2.729617113586386632e-08 4.227182407232297986e-09 -1.268203539523675361e-09 -1.342382973176461509e-09 1.638294071941376633e-09 3.315505858939236221e-10 -9.716989072731655775e-10 -1.861563981363534167e-10 -7.382266050712402239e-10 7.562582839883258700e-11 -4.682489554360716370e-10 1.019269033911039631e-11 -1.824667511438504724e-11 2.862688131307754361e-10 3.461931770433065118e-10 -4.889240011772375787e-11 -2.565437203514925351e-11 -1.631404016075555363e-10 -2.303242533711300061e-11 -1.076977199135301085e-10 -1.573869681592122797e-10 4.992050872672682130e-12 -1.046621240879397344e-11 6.990238368341642638e-11 4.886072657774571295e-11 -3.335573593844689509e-11 1.557059763611806288e-11 1.730549084431473330e-10 -6.513289354691338563e-11 -1.565632235381571726e-10 7.504021878173429185e-11 -3.767682405459606594e-10 1.927336484293915260e-10 1.315220909035439943e-10 4.925114340786399846e-10 -2.417682824771566671e-11 1.340262406362223308e-09 1.286513685109812149e-11 -3.866980087919687813e-10 4.468670668466415130e-10 1.198383375809212697e-11 3.482943900864481466e-09 -6.432676855526321490e-10 6.188841887809376183e-09 3.181280694243644467e-08 7.803530195308527426e-08 2.349311704660722649e-07 7.005445848309880823e-07 2.211207133439444122e-06 6.982205427347372586e-06 2.304782229375856468e-05 8.076577697051134301e-05 3.068396062195848876e-04 1.333002081111617004e-03
4.265034527830514205e-02 1.324689443845639483e-03 3.072558136119772003e-04 8.089747703021023608e-05 2.304616221790197590e-05 7.082737806185354626e-06 2.206407858497872077e-06 7.169831891751283824e-07 2.496205597015926230e-07 7.959182278904074895e-08 2.734891516375173955e-08 4.144031271257385131e-09 -1.208481622906545714e-09 -1.241428266061670132e-09 1.518392928229734010e-09 2.045241256876379622e-10 -9.424176405764216070e-10 -1.110149369329461544e-10 -7.402600475927094108e-10 8.241187023885819547e-11 -4.783480723576982097e-10 1.837403456264586735e-11 2.054652394009055664e-12 2.733023716658927824e-10 3.311369027816521149e-10 -4.523581572694864785e-11 -3.546692711401376573e-11 -1.630859585328054975e-10 -1.558094550434691085e-11 -9.880683885500350729e-11 -1.569747460450769634e-10 7.570396802425669083e-12 -1.274242477537195428e-11 7.591139539627917077e-11 4.918048374369579303e-11 -4.230704773223264256e-11 2.344015913891591719e-11 1.720505818109205253e-10 -7.598052873493372794e-11 -1.499316936447142187e-10 8.998518505776656857e-11 -3.777025947794475187e-10 1.936448217918470246e-10 1.558884647523697608e-10 5.038297606552366180e-10 -6.931433741196501952e-11 1.306137079031594448e-09 -4.620411360665846382e-11 -4.663684346717068741e-10 4.754772861608502780e-10 1.736599016921900734e-10 3.439863320144873708e-09 -6.601366470462812635e-10 6.060597412845779427e-09 3.176019382258605421e-08 7.811202616337472881e-08 2.357513568353216833e-07 7.010898464857167074e-07 2.209890296354706653e-06 6.981942640006399868e-06 2.303553326040368477e-05 8.078760576255786946e-05 3.067460256786291926e-04 1.332809105197460238e-03
4.264966264889302056e-02 1.325049528269726376e-03 3.073053841307812331e-04 8.092107082317022469e-05 2.305836400138858264e-05 7.087027862449815715e-06 2.204719112991209092e-06 7.168297001085900648e-07 2.498839566874180209e-07 7.970569335620319932e-08 2.756008769093758436e-08 4.305221743337818574e-09 -1.369114680855876339e-09 -1.262696113828642516e-09 1.486772768218504382e-09 2.657507447850680750e-10 -9.378985876944321139e-10 -7.868722184790738722e-11 -7.054312023802641006e-10 9.852167566719614367e-11 -4.758308509394017887e-10 5.992655647096529757e-12 -2.160332352633315998e-11 2.793863446375299282e-10 3.416618952597721952e-10 -4.543160296294376230e-11 -1.960463000882694069e-11 -1.541279391440977784e-10 -1.326116688313041675e-11 -1.021617208474299134e-10 -1.554611350319085839e-10 2.383362641295835665e-12 -1.692617482947030811e-11 6.852788886693617011e-11 4.689502663109872675e-11 -4.281398344218590513e-11 1.169256699506807051e-11 1.661919330965356170e-10 -8.998126664304800096e-11 -1.671029071549141278e-10 8.363400890665668141e-11 -3.934443573670130990e-10 2.026855210313062718e-10 1.286581807171342691e-10 5.669338379979808323e-10 -2.798729721948278419e-11 1.352950626195309444e-09 -1.439413989045184312e-11 -4.002844635235204229e-10 5.059598464322690317e-10 1.304505323939621854e-10 3.362048295109238651e-09 -8.124124057862430834e-10 6.025932893676400040e-09 3.178887127900353684e-08 7.805985997039077936e-08 2.350457889788388155e-07 7.005484287754163363e-07 2.209617345210469172e-06 6.977750236554947856e-06 2.303661273199102466e-05 8.077481114833935671e-05 3.067814301283639184e-04 1.333198429412506486e-03
4.265002550021722294e-02 1.324890422611922462e-03 3.072590861815069113e-04 8.092162943217126711e-05 2.305333472211035776e-05 7.085498012913603126e-06 2.208746917759960040e-06 7.163487859946557208e-07 2.504418697289574691e-07 7.924727764313849198e-08 2.714833273678597368e-08 4.371897676260106526e-09 -1.219095022106556467e-09 -1.331765638870526087e-09 1.558229615841330722e-09 2.781871578905489335e-10 -1.065478803137026386e-09 -1.913252330668846946e-10 -7.370595256744834747e-10 7.404878078074528987e-11 -4.441910221091983115e-10 8.474569878803119412e-12 -1.588565269273767796e-11 2.850897488113542995e-10 3.453878879104924965e-10 -4.275518696917094301e-11 -3.591207586319039958e-11 -1.604575170219842010e-10 -1.961514025493381904e-11 -1.016793914856055894e-10 -1.719782525247143792e-10 7.205803807129925320e-13 -1.010423652442453087e-11 6.825180128532478154e-11 4.610815790079954367e-11 -4.144190711598043817e-11 1.671556291234972170e-11 1.670076716504845262e-10 -7.664217462562201136e-11 -1.601622161621213826e-10 8.921080917184673656e-11 -3.884898365335665500e-10 2.048670892954119224e-10 1.190547784883990707e-10 5.258012644524202215e-10 -4.115494664627556651e-11 1.334651340790502711e-09 -8.697305719836877901e-11 -4.535265168873310817e-10 4.827955869930296541e-10 6.877441024313397129e-11 3.275340340756378344e-09 -4.433567367027861780e-10 6.164348851653944495e-09 3.235288321604098530e-08 7.836439917872779422e-08 2.362314201367862466e-07 7.008599950741000029e-07 2.211983314160932861e-06 6.982302118488042068e-06 2.304873645444049479e-05 8.078306767088063367e-05 3.067853486221356197e-04 1.332981394544449204e-03
4.264987705527886058e-02 1.325179359148328379e-03 3.073470756558244568e-04 8.090810434535617270e-05 2.305787235709652228e-05 7.083558740817834105e-06 2.206299329821754894e-06 7.156185646042645998e-07 2.494602813580701804e-07 7.928548356545569375e-08 2.735824054420044378e-08 4.241448888388228534e-09 -1.390078766377313623e-09 -1.221562413459869908e-09 1.576229704416902265e-09 1.712712426088992810e-10 -9.571729538157407633e-10 -1.115257645187837685e-10 -6.631789227080977423e-10 1.112423231239743650e-10 -4.529879205284995413e-10 -5.384948486461172552e-12 -2.597795077452097279e-11 2.628116747588952683e-10 3.443053146643222375e-10 -4.551964621191486872e-11 -3.794446849147276119e-11 -1.654975800083770351e-10 -2.429863712585514350e-11 -9.691876122289426110e-11 -1.609015687543571132e-10 6.029740252933404854e-12 -1.370111725065745401e-11 7.048686945680426596e-11 4.559786944648876607e-11 -5.393679487007538226e-11 2.322421729904296155e-11 1.732258751879992922e-10 -6.861487469841010304e-11 -1.405746298010179647e-10 7.264651325436782167e-11 -3.803925443700521582e-10 1.807204988497263641e-10 1.239125459197814956e-10 4.669133048353620370e-10 -7.422545210101911897e-11 1.298246672747714696e-09 5.204605058663818190e-12 -4.036706043285996956e-10 5.511849829338632306e-10 2.155615137432490427e-10 3.334842659698303547e-09 -4.763486909345243269e-10 6.324058035814988602e-09 3.191657271398125980e-08 7.855672485667231252e-08 2.358186164854673109e-07 7.014656377303390672e-07 2.212378213349242528e-06 6.985158824537584049e-06 2.304267168378142382e-05 8.077735183027594820e-05 3.067620181221472576e-04 1.332876418765343565e-03
4.264980103483119456e-02 1.325024234812129543e-03 3.072501443500435430e-04 8.090633141475421562e-05 2.305415003064832544e-05 7.084601136947678033e-06 2.206569923633844525e-06 7.162540993084105900e-07 2.494376060048290275e-07 7.992817789800181113e-08 2.767089632113832109e-08 4.452577850904228020e-09 -1.009003554626862079e-09 -1.176559886590217839e-09 1.693196461374891486e-09 2.853537692511105272e-10 -9.420942593986270326e-10 -1.082890829001646143e-10 -7.247513640307910135e-10 9.438310569195554661e-11 -4.721653950589837621e-10 3.985367013190801939e-11 -6.386801246156421397e-12 2.839569193588706604e-10 3.438804216454121287e-10 -3.520402699897734312e-11 -2.268770320294552895e-11 -1.576383032324536178e-10 -1.973708663719775590e-11 -1.007061577853936115e-10 -1.540526280651293763e-10 1.057511294217708501e-11 -1.554133129183747696e-11 7.380491844901186210e-11 4.361268894980063799e-11 -4.872525606699331019e-11 2.548549695147868941e-11 1.743371198101604797e-10 -7.958194828459860948e-11 -1.451356388844384986e-10 9.580652686629214279e-11 -3.610897966625251440e-10 1.912983941227917225e-10 1.279446591812917604e-10 5.231544471359148083e-10 -3.467703715795525506e-11 1.292558330613753887e-09 -3.552686120396557800e-11 -4.682664914744164115e-10 5.431754405866252553e-10 1.924877974088934848e-11 3.208598287367721760e-09 -5.295751584463748908e-10 6.106417810000903340e-09 3.203782467567257264e-08 7.873023064907075106e-08 2.350995885513501254e-07 7.001847643280138102e-07 2.212616623058161572e-06 6.985433841203085791e-06 2.304208550336562901e-05 8.077335699605554093e-05 3.067837851893872301e-04 1.332338567651959261e-03
