-1.644179642645462950e-06 5.593540677921029917e-07 2.804620647618473542e-07 8.119725481858069100e-08 1.885555844071470168e-08 5.589552849661654670e-09 3.281672955787917277e-10 7.616691757287668642e-10 5.506490859680348234e-09 3.538417013447545264e-09 1.101491732312312205e-09 5.450041556259327195e-10 1.742404948650803722e-09 1.296104977214400586e-09 1.050278038022610241e-09 2.944128110799631056e-10 -9.579980017750334182e-10 -9.204638205961776068e-10 -1.069069204898883230e-10 3.655197172641248246e-10 8.249117197514094353e-11 2.601535518035027768e-11 1.674210805246008187e-10 1.273834232849963645e-10 7.982226758118153034e-12 2.140628319727182280e-11 4.361794952095452951e-11 1.102188547741622346e-11 -3.631258931044471313e-11 -3.603617951417512329e-11 -2.382292947828568443e-11 -1.959958751944238256e-11 -1.644081608563975479e-12 1.911368033142662143e-11 1.464392836046030150e-11 -1.234283932987722123e-11 3.817533093293941320e-12 1.008254657190520557e-10 7.892435856085773542e-11 1.574164985846543383e-11 8.590835690919029196e-12 6.183604665232314374e-11 1.657876028607212117e-10 2.768874855542870354e-10 3.880863405534904663e-10 6.292336480609811446e-10 6.724433755823400592e-10 3.405114127386473776e-10 -2.870850808176618744e-10 -1.166811215544467403e-09 -1.244571718045671429e-09 3.399863754052019338e-10 3.654325945128645367e-09 5.539258328039294051e-09 4.062292108697320951e-09 1.442845394699168780e-09 2.273680858486305031e-09 9.174635368373530812e-09 1.447852301110977377e-08 1.553776834322964052e-08 6.687979227785650632e-08 2.104338822293006984e-07 4.242386337679027688e-07 8.155251219310457322e-07
-1.301744065392913634e-06 5.207035918685452023e-07 2.695298184886207829e-07 7.764442854002889400e-08 1.675275157079381239e-08 4.091631629894920648e-09 -3.034629511658730376e-10 2.157140695689764305e-10 4.948166219911466445e-09 3.175741933840983965e-09 1.010747432840365319e-09 5.959652434907456669e-10 1.840417963757651102e-09 1.339955370497296895e-09 1.069803851559678776e-09 3.253020258829584124e-10 -9.352621176300111897e-10 -9.101233245228290572e-10 -1.187999289336071467e-10 3.540407362458583548e-10 8.063634282529721322e-11 2.586378049617635092e-11 1.551238394222801772e-10 1.070277811375515760e-10 -4.065321142879371345e-12 1.605755802514671365e-11 3.973691575029275231e-11 6.061995886119502067e-12 -3.927654501925839462e-11 -3.724886380306227821e-11 -2.619062969300051123e-11 -2.180340396481702502e-11 -1.411247118696324160e-12 2.216811989093844621e-11 1.903597899419211780e-11 -7.570875354773805414e-12 3.763731033302620567e-12 9.595369733697786915e-11 7.745960982806136320e-11 2.009687774732165643e-11 1.224954963245530518e-11 6.427849608785597177e-11 1.767604623676299936e-10 2.785783140398677065e-10 3.849408937209867351e-10 6.468726712726761682e-10 7.073138134096531936e-10 3.720835423772266828e-10 -2.669758920741473057e-10 -1.167036526584523465e-09 -1.297517227191994323e-09 3.028995757215453856e-10 3.757515024509251251e-09 5.761170976125364924e-09 4.214201233580069625e-09 1.607222162039961047e-09 2.134449669057093288e-09 8.521447202678825357e-09 1.304047387404271850e-08 1.239025940949182845e-08 5.907328365236573413e-08 1.925666347595919913e-07 3.859153862603699827e-07 7.353539785805017562e-07
-1.347176808908373947e-06 4.963629660223588556e-07 2.511681247141261881e-07 7.050354122096912106e-08 1.586638718703432666e-08 4.803564221023601356e-09 -6.163694324188704280e-11 4.909028892873734400e-10 5.359735928428236282e-09 3.377126616363272869e-09 1.041034943623918542e-09 5.575150391087985909e-10 1.785551115813177071e-09 1.279054574142699109e-09 9.817242969245076613e-10 2.731710441047745289e-10 -9.336734547169560907e-10 -8.993227140109307836e-10 -1.082177041169618344e-10 3.824429107746620489e-10 1.142780937446168814e-10 4.136921519676686861e-11 1.598963660471992304e-10 1.145068863270459914e-10 3.756797419527924421e-12 1.750600624490576892e-11 3.704837783703994386e-11 3.790808117018912527e-12 -3.904131499041022842e-11 -3.604590205479077049e-11 -2.407687063378505689e-11 -2.073242984807030502e-11 -1.936853170117927505e-12 2.030107740677662737e-11 1.663604019911920005e-11 -1.078205178539815134e-11 2.975203287570830535e-12 9.370913712020194921e-11 6.932585471497968128e-11 1.335957584271016100e-11 1.171952249759757019e-11 5.779399530202386946e-11 1.569366515675584892e-10 2.726659049264440061e-10 4.146258562171493148e-10 6.791626290826518313e-10 7.001914931321509856e-10 3.474975817681483074e-10 -2.890966679916879507e-10 -1.158589903654535848e-09 -1.261238369741773917e-09 2.838262930921130651e-10 3.674668976088957812e-09 5.662772867579724994e-09 4.154876709305756466e-09 1.616045536126792339e-09 2.459927727131203864e-09 9.070843367757208126e-09 1.365251870610448075e-08 1.280069096272644821e-08 5.919743388269808974e-08 1.928034794206066771e-07 3.913273101088987184e-07 7.413693347446627092e-07
-1.600764276332972670e-06 4.898807083683781929e-07 2.527085588530540822e-07 7.030334231124949672e-08 1.443064052852252742e-08 3.499942137904361320e-09 -4.401992086534697347e-10 8.078437641648064834e-10 5.573906327132095567e-09 3.480961947021343856e-09 1.053415786354371363e-09 5.798143115415822368e-10 1.807308175464781076e-09 1.350396251174100424e-09 1.089053550621673971e-09 3.210524366189390077e-10 -9.023864137523739025e-10 -8.602199688040023244e-10 -8.468864229299564321e-11 3.692526322643528733e-10 8.030391730212733349e-11 3.112916083068109854e-11 1.721720473040893363e-10 1.203109728692722035e-10 1.887711874522035527e-12 1.801602195755408692e-11 3.617639872248102106e-11 5.076757392961295583e-12 -3.753228685831889606e-11 -3.619036673381870573e-11 -2.373832022957956500e-11 -1.915779865367218012e-11 -2.012450832939439103e-12 1.807279378112746634e-11 1.473059703258190049e-11 -1.046203728801822761e-11 5.969913295769841000e-12 1.011904360392229220e-10 7.498804253050454232e-11 1.095986785059291705e-11 8.713446763845422538e-12 6.530497260098742550e-11 1.674393472211111002e-10 2.725052276733936119e-10 3.990895813402801309e-10 6.405217938096398564e-10 6.664907564547747378e-10 3.451503131498142591e-10 -2.590303130452062501e-10 -1.134858770331509018e-09 -1.221821639396494909e-09 3.550034383281995172e-10 3.743391229223219641e-09 5.653566031277598494e-09 4.035885550635524143e-09 1.392160824118825517e-09 2.003527829545948215e-09 8.507001868727720888e-09 1.335068406420496845e-08 1.269883023595099879e-08 5.763107843378384975e-08 1.851395628535374471e-07 3.690359554794019791e-07 7.050437229021521547e-07
-1.687844645044254315e-06 4.852215110317461878e-07 2.539092038631055522e-07 7.190205501943292623e-08 1.542589502464835923e-08 4.139946246571678403e-09 -5.627437670027289432e-10 3.464582780620574284e-10 5.444600355091966794e-09 3.614926513105167374e-09 1.226108408073938035e-09 6.520238094813605508e-10 1.811094164496840967e-09 1.305868628015043074e-09 1.042122896341907281e-09 2.857075378853711220e-10 -9.602009964931536912e-10 -9.203151990414551472e-10 -1.201041483189628808e-10 3.659593542683903020e-10 8.957617655894614627e-11 3.627538267043075850e-11 1.631597490321796902e-10 1.207824625577651032e-10 6.677097546236270549e-12 1.751624695889609935e-11 3.763553993909586381e-11 5.445591435768403658e-12 -3.923152002998441351e-11 -3.841487557414512243e-11 -2.661852072015725088e-11 -2.180070368552272118e-11 -3.173363058406474466e-12 1.843028860414310194e-11 1.721431224899433343e-11 -7.562381673115118817e-12 6.358627944813773819e-12 9.734399702365470010e-11 7.429067962170828326e-11 1.719839358679649080e-11 1.170216271528959375e-11 5.666344097432799460e-11 1.644780772827733000e-10 2.792475463017706453e-10 3.928147333159594424e-10 6.561066058507134823e-10 6.730049195063515860e-10 2.909594577006036639e-10 -2.872070492482166152e-10 -1.121359257975103586e-09 -1.194656920757250162e-09 4.068421827071180287e-10 3.832537056100038436e-09 5.759622853928062032e-09 4.086674560342308801e-09 1.290902445725066813e-09 1.976304851038114341e-09 8.367255022954660670e-09 1.249592096271614529e-08 1.144474969911046208e-08 5.743312380390478079e-08 1.857349192332966295e-07 3.611593565297165440e-07 6.666421731560811601e-07
-1.480605118102139462e-06 4.853108007336415329e-07 2.527152961451051995e-07 7.331556184377965438e-08 1.658458225920248618e-08 4.340204641793906135e-09 -6.495356617335230453e-10 3.912616476284959933e-10 5.538510468645494188e-09 3.650067771067872576e-09 1.085160999185224111e-09 5.942826065538769397e-10 1.881807622728209458e-09 1.342677753981406059e-09 1.044841187724031373e-09 2.709748994035157762e-10 -9.693830443209019176e-10 -9.364371115864214419e-10 -1.342329372243606893e-10 3.606555120584792579e-10 8.725277595585821327e-11 3.650288376462729549e-11 1.680590934519566741e-10 1.207378567212561975e-10 8.499142058248346633e-12 1.890327463564929439e-11 3.784032959583398719e-11 5.413100349364726327e-12 -3.813520838943335263e-11 -3.838844756923459867e-11 -2.875755895575320665e-11 -2.389181654368758875e-11 -1.760085317510369029e-12 1.928998469741831726e-11 1.451023600063010230e-11 -1.180679754824978148e-11 3.146478489752485180e-12 9.789521974868338779e-11 7.323425626517521162e-11 1.275007118229112968e-11 9.047238322046047531e-12 6.330290848397860938e-11 1.726379424946077348e-10 2.800715538138102269e-10 3.948937923468148436e-10 6.401726559388924002e-10 6.727563265905918328e-10 3.306621184206218778e-10 -2.673597698696993089e-10 -1.109527362217825925e-09 -1.234735829480364366e-09 3.334427638025542693e-10 3.724872599098542479e-09 5.600451603802340541e-09 3.910990539774873575e-09 1.228067175594837788e-09 1.926323086203706624e-09 8.572062518090439004e-09 1.326816690810126169e-08 1.272420290700857111e-08 6.031244564940724730e-08 1.967470355140454784e-07 4.001545055095340226e-07 7.750586608059508596e-07
-1.675447686434216043e-06 6.042824792455199656e-07 3.025490967023144787e-07 9.134882771347500306e-08 2.240432401849777089e-08 6.413395624573552879e-09 7.137468688976686757e-13 1.701171867174406227e-10 5.102327360108340730e-09 3.507184206006176187e-09 1.128314821455456931e-09 6.316760273038312946e-10 1.816346174867866437e-09 1.306798948621230076e-09 9.719933590084558562e-10 2.017263103747943079e-10 -9.698183667156672230e-10 -9.092923726162962605e-10 -1.170152343752327541e-10 3.794117693771634096e-10 1.031100198386307418e-10 3.296556225713225419e-11 1.662239198703122551e-10 1.231285621741145938e-10 6.708408024121246372e-12 1.542520726306981829e-11 3.806925413825560075e-11 7.838684630366954328e-12 -3.630407241802173088e-11 -3.518473741948144385e-11 -2.241829949631816661e-11 -1.648646942726085526e-11 2.488124010779792591e-13 2.013246896489737535e-11 1.389881761006734318e-11 -1.218892797968064460e-11 3.518494157464055632e-12 9.613262986223478928e-11 7.495447469233155598e-11 1.335196789642946489e-11 5.280561252097730218e-12 5.488443761701874165e-11 1.590380470637239179e-10 2.716915281861400631e-10 3.951011622134178679e-10 6.490033209515531486e-10 6.812820129989796120e-10 3.257554435182120658e-10 -3.031352100992444194e-10 -1.157331400755062256e-09 -1.228100877171494276e-09 3.115575641686462269e-10 3.661883353175536866e-09 5.635130576083958502e-09 4.206714356196676305e-09 1.652026678068889193e-09 2.427239821033605613e-09 9.197114804726063112e-09 1.418233427873133346e-08 1.417436998400092626e-08 6.159922099701724183e-08 1.958979779800854592e-07 3.938349629090562734e-07 7.542331957298846319e-07
-2.040834685240316739e-06 5.171212835962312657e-07 2.656026361022446878e-07 7.881181347857873827e-08 1.948346402719171521e-08 5.748629002588819637e-09 5.061510101038249249e-10 9.027408136177468047e-10 5.393864868945171637e-09 3.292326549334526662e-09 9.228429330554938373e-10 5.862454532433987713e-10 1.851888980476174903e-09 1.404673792156100859e-09 1.125615047013335938e-09 3.028718735637100930e-10 -9.588781940110812018e-10 -9.297565427908864964e-10 -1.226968029695276708e-10 3.628777579733883102e-10 9.167135419889061342e-11 3.393889919538057660e-11 1.722183138903141158e-10 1.207853475181377281e-10 -4.989975469996315733e-12 1.130686109736044079e-11 3.277027765473220723e-11 4.847048800617399597e-12 -3.490446976166034551e-11 -3.275732503149852606e-11 -2.275210905961279831e-11 -2.041152381091116944e-11 -1.553234706437007368e-12 1.988108845734952233e-11 1.559307277313499075e-11 -9.039361111577589616e-12 7.766334886394189255e-12 1.004163493383777262e-10 7.179360422267495743e-11 1.088288080607031443e-11 7.327434227005927551e-12 5.950360355324683481e-11 1.680636482350870549e-10 2.720845350474079889e-10 3.871464009082012394e-10 6.512084999010530746e-10 6.996732647285666696e-10 3.584871308738168538e-10 -2.518953341658997947e-10 -1.092152173236951035e-09 -1.127904590311233507e-09 4.572170201202090509e-10 3.824489515495703186e-09 5.667471512822944070e-09 4.023186651779506836e-09 1.489006126068222507e-09 2.293368811232592775e-09 8.884621591301922855e-09 1.384865275712893182e-08 1.334698867468428298e-08 6.064564963641910142e-08 1.927386655405869010e-07 3.801024816911201972e-07 7.121139906415555226e-07
-1.620256184670603031e-06 4.013318635928670425e-07 2.196932521005195388e-07 5.688616839695845496e-08 9.117487982982601752e-09 1.335167769501120801e-09 -1.669640475878603725e-09 -1.699310998274168722e-10 5.077642166013377191e-09 3.500226580540639546e-09 1.135220578502259875e-09 5.826402640391805094e-10 1.863960466696256420e-09 1.391178255040475322e-09 1.095039051237212679e-09 3.050968842887688515e-10 -9.496687763017177018e-10 -9.368280745427537549e-10 -1.238805539536433375e-10 3.661245912565234862e-10 9.290097629938506403e-11 2.910778780424750081e-11 1.646189495275796495e-10 1.264600170298006021e-10 9.302106821050231980e-12 1.425055127607808778e-11 3.550826069007309877e-11 8.581660423358526971e-12 -3.540431680331159750e-11 -3.579596628190019250e-11 -2.537991961995964133e-11 -2.125450637713580821e-11 -2.563616131661384145e-12 1.881354395613191541e-11 1.530992268207483517e-11 -1.108118559071747110e-11 4.495070562775705268e-12 1.001946044922242282e-10 7.681035220132303078e-11 1.783926437310592054e-11 1.088456563282203175e-11 5.281157910466787724e-11 1.569366290207405867e-10 2.662592271405098810e-10 3.771024370614022888e-10 6.302410708021851759e-10 6.783689189302537935e-10 3.401977934612021352e-10 -2.655894967341892562e-10 -1.127597384373512789e-09 -1.240011247331587233e-09 3.399562178125248481e-10 3.731078285380493998e-09 5.588664745191136165e-09 3.795716562389012772e-09 1.109146972597540256e-09 2.051183062215986593e-09 8.944464117183416199e-09 1.347137674268252586e-08 1.188949650602459718e-08 5.678813847496852023e-08 1.839146653644891482e-07 3.576747448333048223e-07 6.618245060384269401e-07
-1.602344876231301662e-06 5.219275363154661693e-07 2.728650789660042505e-07 7.986948889363850865e-08 1.792540531173684109e-08 4.833437584856723327e-09 4.438426737731310553e-11 8.106832584394943904e-10 5.591155706800050221e-09 3.480938203759540456e-09 9.483287133902833004e-10 4.416984421399585486e-10 1.733271425049735053e-09 1.378595398603475271e-09 1.124860237550517010e-09 3.054174766128639390e-10 -9.635347635449536408e-10 -9.317046599878223246e-10 -1.267753923606155433e-10 3.570504515486706638e-10 8.295783831237804669e-11 3.069301463134594603e-11 1.645271436191849729e-10 1.181839457794809794e-10 3.095200504235232959e-13 1.673220033191893236e-11 4.107638378535090447e-11 8.834313940075466821e-12 -3.828558467685147820e-11 -3.680741591285531522e-11 -2.283530631354506339e-11 -1.896008928214998991e-11 -1.063493901714444481e-12 2.062260172717853603e-11 1.754401272563849987e-11 -7.938412011320950415e-12 7.700827499077190548e-12 1.011521780767404386e-10 7.600155982813878271e-11 1.401213711876263214e-11 6.623752365366245117e-12 5.920639851481805551e-11 1.659458355453295843e-10 2.694218669722338317e-10 3.815036473346731588e-10 6.484585787305835421e-10 6.963183333146153217e-10 3.438044816268197740e-10 -2.651363494212676869e-10 -1.128015217334609005e-09 -1.259145282361488777e-09 2.405585003713364029e-10 3.575038459823579599e-09 5.512265460216523698e-09 3.958760943341704764e-09 1.300125424342730688e-09 1.987851297775770804e-09 8.697876385211502721e-09 1.333762230928076010e-08 1.304529888325837527e-08 6.052296414062235236e-08 1.926360894406367404e-07 3.775272030116404940e-07 6.939982123018043173e-07
-1.756070547095503388e-06 4.890643057154307211e-07 2.524580774349431975e-07 6.919886156976998175e-08 1.300130878680175687e-08 2.609282256296397703e-09 -1.088753499695977901e-09 1.753110691927665867e-10 5.258724324926045448e-09 3.375390259245990734e-09 1.126908005104768106e-09 7.101432377084301670e-10 1.903834635190877820e-09 1.315750353609979808e-09 1.012890847936102756e-09 2.852020553119623907e-10 -9.364782046484019413e-10 -9.203452221615956534e-10 -1.168752439996525670e-10 3.752147751918440828e-10 9.553643367616647731e-11 4.114549879717827451e-11 1.720787377865110400e-10 1.191415427425689410e-10 2.981138143212917340e-12 2.018764835578575172e-11 4.159366357464664640e-11 1.090971423455083575e-11 -3.363127677175305337e-11 -3.574468053503840281e-11 -2.440976063557943278e-11 -1.854561672073230907e-11 4.575182330205047160e-13 2.011926538789463818e-11 1.644737216323930243e-11 -8.079352545243006030e-12 4.930777829059921268e-12 9.449028057743933570e-11 7.064140016075458547e-11 1.521120921895037352e-11 8.420111055209806000e-12 5.886614157535741869e-11 1.588243517002415130e-10 2.692948802111786749e-10 3.933275546263925973e-10 6.536060702051670016e-10 6.815162500714499834e-10 3.289399155409068827e-10 -2.913856023975184930e-10 -1.142312761649335947e-09 -1.204955330048752189e-09 4.029710950855065106e-10 3.812471883908355466e-09 5.669665145184784403e-09 4.037979535345193890e-09 1.432709151582940844e-09 2.029751610868536627e-09 8.458551459737722333e-09 1.283183177839639458e-08 1.278213346329803869e-08 6.240631056084826396e-08 1.985982365098679606e-07 3.909972065355783204e-07 7.343931895221891162e-07
-8.803813044975168897e-07 5.528416337134696822e-07 2.829356424649315522e-07 8.574319531744156638e-08 2.120505411881257463e-08 6.609678597008073908e-09 6.814920040357471115e-10 9.470464497174064178e-10 5.448976633754718401e-09 3.404311882896013818e-09 1.092273175414758877e-09 5.997186135463656340e-10 1.824079561801772541e-09 1.375026532856150438e-09 1.074839512598126401e-09 2.733661035255658891e-10 -9.419912597915988751e-10 -9.212604094044242179e-10 -1.182104940299414168e-10 3.708721574519683903e-10 1.076798849163212733e-10 4.167446226029835239e-11 1.649973417313881947e-10 1.224387070865375444e-10 4.364449310002631118e-12 1.553197059828118699e-11 3.967035537480644576e-11 1.049188636291048228e-11 -3.345400662923553310e-11 -3.638799157720997904e-11 -2.626954170588538414e-11 -2.064103500572202735e-11 -2.142291159514588057e-12 1.835373342771823095e-11 1.546278852721363927e-11 -7.013064245298867660e-12 6.040601848744957173e-12 9.242989305248360879e-11 6.739925169765571741e-11 1.109542295506359105e-11 6.543902155974856876e-12 5.178667063746433497e-11 1.618539428573564744e-10 2.772363875207998725e-10 3.908642269200692518e-10 6.438930223588518735e-10 6.800252932532077597e-10 3.359949968950383318e-10 -2.389821673329386993e-10 -1.069743451694668633e-09 -1.164794680699869896e-09 3.259668496472088038e-10 3.674982400681562497e-09 5.558699056011681050e-09 4.037250835335315848e-09 1.432722419493269174e-09 1.984147973320181665e-09 8.526281174987165063e-09 1.355809587434521218e-08 1.396939696278977153e-08 6.160566602749378482e-08 1.945920762538933721e-07 3.908947510546325703e-07 7.478638353116991938e-07
-1.244198324144123231e-06 5.459363575018949704e-07 2.766293174057453718e-07 8.101735601743852683e-08 1.907815032735220970e-08 6.350609586137613189e-09 9.873495770727015917e-10 1.385205010088301239e-09 5.854608168857584812e-09 3.492283631727690890e-09 1.001789152562387420e-09 5.685093748543083082e-10 1.814703791955307397e-09 1.380459103976832436e-09 1.071152751372982107e-09 2.623360835209982512e-10 -9.654364376157428640e-10 -9.059083559937416390e-10 -1.064633700473062074e-10 3.729769525379282047e-10 9.754595435118093045e-11 4.357666811134510407e-11 1.767621133007188917e-10 1.178248440603448594e-10 1.862023416980596380e-12 1.804397382486077728e-11 4.069915028872464582e-11 9.279887489417714162e-12 -3.554811465409312710e-11 -3.453067876874226006e-11 -2.569513895418884838e-11 -2.247194358224224668e-11 -2.853160930622178664e-12 1.897778828336012934e-11 1.603363506588844471e-11 -1.007739420699705995e-11 4.776803096363124110e-12 9.512260953335868276e-11 7.009848210041397321e-11 8.583825632793256379e-12 2.338753665544094124e-12 5.178769172372424275e-11 1.588289496979909660e-10 2.702598931625307172e-10 3.945528643930080842e-10 6.546644529764085984e-10 7.037309144179227748e-10 3.622765219773055863e-10 -2.652571162749444307e-10 -1.133422995066683376e-09 -1.217364240544764907e-09 4.114965337826256237e-10 3.788181239155063733e-09 5.608266482406024948e-09 3.929982537507031336e-09 1.143186999862240859e-09 1.848982040062922955e-09 8.512797193946589444e-09 1.354723159531643043e-08 1.327500119331575379e-08 5.927201342654608265e-08 1.897967823862560158e-07 3.759298945196260642e-07 7.069541729555656683e-07
-1.756955971197258436e-06 5.109166670137918716e-07 2.634305942654335578e-07 7.510183712094069837e-08 1.769030990090696659e-08 5.543498861707513809e-09 1.970556574558278895e-10 4.695968625300618573e-10 5.224568622544816126e-09 3.496338845242127831e-09 1.299591381793098028e-09 7.218015688023162921e-10 1.838262625436730920e-09 1.296173328915339186e-09 1.024847854576389115e-09 2.716173901744465949e-10 -9.614985015638132545e-10 -9.190340053140517696e-10 -1.356189941634037593e-10 3.516984032912561099e-10 8.798385681830331586e-11 3.199447912809167549e-11 1.629232261729462560e-10 1.098946189549972957e-10 -6.020116140293967502e-12 1.369491026638864271e-11 3.869858923608333664e-11 9.318111997966559539e-12 -3.374478838789182988e-11 -3.571508392303481149e-11 -2.643369780958957419e-11 -2.255574925475153008e-11 -2.937242131817285080e-12 1.946017544636867972e-11 1.573317545779843870e-11 -7.916147457490242516e-12 7.063233237697139835e-12 9.772968125289878656e-11 7.706197220667093811e-11 1.884174254129125743e-11 1.162888937227143871e-11 5.936672653079052342e-11 1.706325760659987479e-10 2.916565067105197540e-10 3.997721721359590177e-10 6.376713642055140239e-10 6.846185085241865788e-10 3.351091135022394514e-10 -2.996634336210050049e-10 -1.204448960625736110e-09 -1.279190292056003170e-09 2.810140961819502471e-10 3.620851941009627208e-09 5.581251010187372214e-09 3.897191229028973672e-09 1.169172383538382385e-09 1.945546495316239386e-09 8.930591695178922965e-09 1.427062998141762946e-08 1.434935745738326916e-08 6.101476126352047382e-08 1.929835140974916262e-07 3.844553494466530257e-07 7.293848190867128222e-07
-1.844890976737012676e-06 4.682951321430670953e-07 2.465169328361205172e-07 6.923473433067526898e-08 1.405180385950224742e-08 3.703762913623902226e-09 -4.255352218184385144e-10 3.204388900630494119e-10 5.244305109670959950e-09 3.423786471374033452e-09 1.075121472204126593e-09 6.369038327570314907e-10 1.864501300809112428e-09 1.374428553968817058e-09 1.091780008394534631e-09 2.984546447004449684e-10 -9.616599557645897916e-10 -9.334306009359758906e-10 -1.193544718318088523e-10 3.717751722553490130e-10 9.466616443035634295e-11 3.769403817006169636e-11 1.673772024637255892e-10 1.237768012643381724e-10 1.082975780978956182e-11 2.322816507733886767e-11 4.208802597111937469e-11 9.766130918935732778e-12 -3.782120387346677818e-11 -3.816461081731127437e-11 -2.525671944115576220e-11 -1.921083339149147844e-11 2.678177559428975160e-13 2.138468062728452873e-11 1.755206396131846509e-11 -9.199944032988017316e-12 5.234851837887479091e-12 9.691481926459708784e-11 7.411256211959914534e-11 1.205899514746667682e-11 3.868137759924137798e-12 5.363087688784795304e-11 1.611768204698267803e-10 2.729896526268976311e-10 3.943644704852890593e-10 6.681001186144062124e-10 7.202867919298474951e-10 3.494134501006831314e-10 -2.935483608036301798e-10 -1.116881889440222598e-09 -1.138102152846008464e-09 4.331068874870532864e-10 3.778503060026551375e-09 5.666926080202794395e-09 4.074674506092567927e-09 1.383280508854410895e-09 1.998922068850318084e-09 8.731394274596084496e-09 1.394854558795168468e-08 1.514494923141336628e-08 6.456953363983867138e-08 2.022951652274023949e-07 4.012054103926711898e-07 7.652108818383712684e-07
-1.530588284010736214e-06 4.728545226035956198e-07 2.563283556650139658e-07 7.518319214079727142e-08 1.780413174202091320e-08 5.241850872919337100e-09 1.556670708845460976e-10 5.021115923909783677e-10 5.278774471725595765e-09 3.357646198485383401e-09 1.069118174998338362e-09 6.624644936703654519e-10 1.827656206388044455e-09 1.290607140641508582e-09 1.001343453766865781e-09 2.931334414774603489e-10 -9.106116977295522206e-10 -8.828158574080758946e-10 -1.126566038175554603e-10 3.510587385642163891e-10 8.324202260602736730e-11 2.834897904222808046e-11 1.587623557647119832e-10 1.156202744804940058e-10 2.300297587614081882e-12 1.460819350493106534e-11 3.888307629912846287e-11 8.290454701509317414e-12 -3.533798561038704069e-11 -3.591485830155908534e-11 -2.562604126867344122e-11 -2.128102525415418377e-11 -2.928133325825334668e-12 1.800129782141408602e-11 1.536319654514541051e-11 -1.164805100904290406e-11 2.551009187457828316e-12 9.511119168259625697e-11 7.195082202701312469e-11 1.167332544615207585e-11 6.011680014201647536e-12 5.612127702860068373e-11 1.716960609085206032e-10 2.817499390931261970e-10 3.947738044452996250e-10 6.538073697761206810e-10 6.944779003528763011e-10 3.521037129305950703e-10 -2.479503708812349537e-10 -1.108741129344799240e-09 -1.187513901358057240e-09 3.510129923997676851e-10 3.637203343934066653e-09 5.541674047009930271e-09 3.958764152896511226e-09 1.338360015405839296e-09 2.111043639988148015e-09 8.694236587835249585e-09 1.328706462142704261e-08 1.238685877313402404e-08 5.856376893133421864e-08 1.912386066534947162e-07 3.781502761995067291e-07 7.079956086589929993e-07
-1.472870401432394443e-06 5.024233254245406021e-07 2.581317839073113110e-07 7.460799851454357883e-08 1.748863061198318025e-08 5.134212984430318392e-09 9.311005885048767682e-11 6.817486623149716247e-10 5.503497095363677664e-09 3.598785334456846884e-09 1.191508296889440070e-09 6.544421337635598520e-10 1.867266268155418289e-09 1.375833278528998583e-09 1.059125593308518387e-09 2.783763071736359574e-10 -9.425497754091207886e-10 -8.927446801576755381e-10 -1.099982358664183938e-10 3.507986124144878164e-10 8.140036497133755399e-11 3.563858072297246380e-11 1.661890652647087755e-10 1.237312524155428090e-10 8.607820105065183963e-12 1.882046680304421595e-11 3.732631502206921183e-11 5.450378559916940750e-12 -3.815641007944956953e-11 -3.598981868936886664e-11 -2.435308634861132359e-11 -2.078669232159416409e-11 -1.436400147506096199e-12 2.236361061441633415e-11 1.963562125994264009e-11 -6.604879650379381283e-12 6.117469251101353176e-12 9.700131038446850282e-11 7.447290876635684681e-11 1.369053321627393770e-11 5.622477511707621424e-12 5.370727567206397377e-11 1.671737424964090037e-10 2.746151136159335673e-10 3.792865833878802805e-10 6.409016783446603934e-10 6.948258201042706241e-10 3.314087120304554223e-10 -3.124872235648765523e-10 -1.186732692580130894e-09 -1.252777958255357492e-09 3.822777565378394718e-10 3.834690076886743704e-09 5.762726290215075881e-09 4.058371736886860490e-09 1.184477651297490594e-09 1.832578887205247373e-09 8.429911143277874415e-09 1.355309851804170645e-08 1.403932261632806167e-08 6.222031906255159949e-08 1.975836454708328328e-07 3.898647111148886517e-07 7.353051562643010031e-07
-1.079722946025020111e-06 5.274938859910120095e-07 2.763205180570804932e-07 8.325325288135517097e-08 1.947723833040081104e-08 6.013965981461439076e-09 6.551803473459613437e-10 9.312128951109654577e-10 5.669626334378189209e-09 3.722372054020140864e-09 1.330015268048820259e-09 7.274497844095671427e-10 1.835518418760156639e-09 1.310186509338282564e-09 9.844800940757834557e-10 2.492031505139906444e-10 -9.437095269046740347e-10 -9.161521078363922436e-10 -1.267483413889102552e-10 3.669664500941022698e-10 9.233320649242840763e-11 3.284591020010705471e-11 1.602097418611650510e-10 1.148947535838434253e-10 3.775260437921711924e-12 1.982914612422622258e-11 4.108858605962642429e-11 1.090766530329200014e-11 -3.416221938363921715e-11 -3.408883233113932722e-11 -2.399764715999538719e-11 -2.143873394147447251e-11 -2.661342253558783162e-12 1.954711713797515062e-11 1.452674681295467413e-11 -1.187806509309112549e-11 1.983515321227473322e-12 9.540366407395839640e-11 7.327770865301776006e-11 1.112776782954466711e-11 3.957705911134359714e-12 5.397064459624545241e-11 1.642091255784130483e-10 2.683508514553803137e-10 3.768446007518685388e-10 6.348751889567646305e-10 6.848187495016086195e-10 3.418659604805370046e-10 -2.750911391670776060e-10 -1.120371671564985522e-09 -1.217980528414193694e-09 3.766473186471857000e-10 3.825720688844537326e-09 5.647964916787823178e-09 3.953732223936413278e-09 1.265082387082757769e-09 2.161224726318216494e-09 9.151589873580301017e-09 1.443085291004401221e-08 1.627375320307293768e-08 6.822417229458473604e-08 2.113197312953675812e-07 4.269823776726113628e-07 8.285857433298939746e-07
-1.858151718439410449e-06 4.868098789274104285e-07 2.546257624859200147e-07 7.505046947683007164e-08 1.701954594318620184e-08 4.837625571502313317e-09 -3.128070739559427912e-10 5.078849488636283051e-10 5.614604237373176188e-09 3.643954366191638376e-09 1.140471155897299439e-09 5.854572906850372625e-10 1.776424064795396014e-09 1.296179027832313013e-09 1.039573815794427461e-09 2.862277229499311329e-10 -9.692276923592969713e-10 -9.378491919927640532e-10 -1.255767694386287630e-10 3.736762747771479245e-10 9.439543518668317404e-11 2.847323046305150298e-11 1.599103356432629355e-10 1.182473413429219290e-10 5.462684152364431033e-12 1.806594560061765276e-11 3.732955924082624823e-11 7.360949360024649989e-12 -3.582212464683450490e-11 -3.847307028527110159e-11 -2.851022161004269539e-11 -2.170726090131807419e-11 -1.376807015197929902e-12 1.980887613746737331e-11 1.555336417602787033e-11 -1.055478433309196387e-11 5.001238347374953292e-12 9.863833113209272484e-11 7.410119846991923945e-11 1.463457069417965420e-11 8.354006355992559806e-12 5.579631348450643393e-11 1.596393158414199867e-10 2.655876229501685091e-10 3.797984929037397503e-10 6.454873888957013366e-10 6.843554420474211739e-10 3.277876145020615562e-10 -3.018802313235658424e-10 -1.171323401071441559e-09 -1.220629010394278624e-09 3.753559548347723863e-10 3.804473850788077492e-09 5.708249773418806562e-09 4.114704245876082762e-09 1.360218258767515970e-09 2.203841928455125462e-09 9.162895969687953875e-09 1.381508081561068081e-08 1.378339858919415890e-08 6.217207395509854480e-08 1.977802855038800113e-07 3.951110529698048145e-07 7.509524623710600624e-07
-1.615889864777993550e-06 4.942543653901069800e-07 2.594989796092005115e-07 7.389986666633794670e-08 1.631257482843781964e-08 4.471246612269550995e-09 -3.202425348439123047e-11 9.128198459704228481e-10 5.703320337844044282e-09 3.701509087844727820e-09 1.272825059336857321e-09 7.244095827768304004e-10 1.836469973223544600e-09 1.313816740517067368e-09 1.033738948596330196e-09 2.475026574470823329e-10 -9.844652007672326966e-10 -9.271831092002393869e-10 -1.196393395580552285e-10 3.839710344371276618e-10 1.096837869102079141e-10 4.585925213787470204e-11 1.726262415219706354e-10 1.202964081963389262e-10 5.469063872387893214e-13 1.331541023040269285e-11 3.786060173981076241e-11 1.125221029901987291e-11 -3.211037930740745605e-11 -3.542706886841978729e-11 -2.608442836636216648e-11 -2.136247796061526544e-11 -1.553561712117141872e-12 2.115780999658725665e-11 1.758075186043779961e-11 -7.761597104759109649e-12 7.899596043287326867e-12 1.034279463020402721e-10 7.905513200685991601e-11 1.332646095617992279e-11 -2.742854186549311148e-12 4.572088634014327158e-11 1.547277259708012845e-10 2.614226501007144921e-10 3.705739111649299222e-10 6.482871196057953269e-10 7.369796825327243556e-10 3.896946899200573690e-10 -2.721146829171494864e-10 -1.123744747380880814e-09 -1.194028594261596245e-09 3.685947651268967387e-10 3.760103446862342777e-09 5.704722274529649413e-09 4.106235005165374971e-09 1.402354771263275786e-09 1.963258875984024556e-09 8.344735435163993421e-09 1.281575203619507021e-08 1.194810302496984829e-08 5.848691605765653273e-08 1.872105747776763389e-07 3.690016455844841999e-07 6.846650812223318015e-07
-1.789647431317030019e-06 4.899818769721797093e-07 2.600337560977806357e-07 7.950715868521248008e-08 1.986636878414384344e-08 6.085056094250831775e-09 1.685005577064584794e-10 8.402425964861539088e-10 5.612226894746306692e-09 3.509771954098107702e-09 1.061077214335448185e-09 5.725168487274733412e-10 1.846559346375870977e-09 1.400716814507705191e-09 1.091157255398373965e-09 2.830523595731560758e-10 -9.601668834461191790e-10 -9.183614470388075248e-10 -1.130329595058834404e-10 3.732800615990190018e-10 9.231208124787487617e-11 3.309764335311820498e-11 1.673124090789422691e-10 1.230391430268292918e-10 9.417860184590381822e-12 1.902933002819747764e-11 3.753870061373530814e-11 5.107682985693023558e-12 -3.744508683458404468e-11 -3.470676849099865399e-11 -2.442172856238773968e-11 -2.063443770154191975e-11 -1.232782290577692512e-12 2.110739973716716376e-11 1.757722064517340322e-11 -8.607036532372021896e-12 5.307366794997128455e-12 9.828005036795446618e-11 7.525919212598460196e-11 1.385366274376015066e-11 4.884985155829530119e-12 5.708096879658134188e-11 1.636291920031225876e-10 2.750983453881362848e-10 4.020645590031525991e-10 6.564576872197479128e-10 6.990579523223355549e-10 3.435509707275772583e-10 -2.992893759317367742e-10 -1.173537881422205882e-09 -1.229083646053924532e-09 3.296593980088532659e-10 3.718860167130688971e-09 5.704842937656713322e-09 4.195302014603402217e-09 1.593311451703334452e-09 2.209448152201121288e-09 8.701751242819946602e-09 1.354297697525064376e-08 1.349617154409958319e-08 6.008329798858354943e-08 1.899256008513627491e-07 3.754620313820470746e-07 6.983073392864438776e-07
-1.543090840290308802e-06 4.888616254313243339e-07 2.549047122723397597e-07 7.320961097363963010e-08 1.684625633656612257e-08 5.272159583509741309e-09 6.608856585297446293e-11 5.871383182771326724e-10 5.417982737452112222e-09 3.686043748724753204e-09 1.338379765935081745e-09 7.480083659056487654e-10 1.834831084172001239e-09 1.289145214830718443e-09 1.032785530160011523e-09 2.942114745203104821e-10 -9.549023846171366164e-10 -9.341181839685344759e-10 -1.266487122741189468e-10 3.626762788132244908e-10 9.168882180037802851e-11 2.660512914181361003e-11 1.593374348335288306e-10 1.208392289845668588e-10 5.902462650841319614e-12 1.544125048004207875e-11 3.743083278795191683e-11 7.836432816832121744e-12 -3.684802861448259488e-11 -3.343507756399426093e-11 -2.185282189102217388e-11 -1.941404598788728427e-11 -1.497048222513841776e-12 2.111899222227121793e-11 1.721980848931459621e-11 -9.352516546276350188e-12 6.177195780259411393e-12 9.913095669086343877e-11 7.401170186268946438e-11 1.342988188105861290e-11 1.020472928668648672e-11 6.393272200082799505e-11 1.688443477609804085e-10 2.704606821982432254e-10 3.789435224715850663e-10 6.424942242139560345e-10 6.916448315746792384e-10 3.495790086026041706e-10 -2.689956271255762445e-10 -1.142074065349012709e-09 -1.228780008233227838e-09 3.671647377266120869e-10 3.793406568684260727e-09 5.649822887097744268e-09 3.840264018408629666e-09 1.144710894899666741e-09 1.958157145289862479e-09 8.798268212723414148e-09 1.404319472698856539e-08 1.472125401152558046e-08 6.472096500735301997e-08 2.020530657994871751e-07 4.000898615442938460e-07 7.719460440713210444e-07
-1.561828585162365051e-06 4.399229923141367653e-07 2.361425121934688919e-07 6.530204842894641815e-08 1.271796275443474588e-08 2.477723748009710758e-09 -1.495813258636039629e-09 5.339210945818948597e-11 5.057290315207190415e-09 3.094886026472656347e-09 8.272345486325905718e-10 4.841028294743749099e-10 1.815696141014287022e-09 1.386246835510786830e-09 1.074971340942103332e-09 3.182480272725185735e-10 -9.288475418922923400e-10 -9.100077985506723079e-10 -1.219243870694211684e-10 3.515757618614618898e-10 8.320980907079685288e-11 3.487010090028307180e-11 1.638589900784538567e-10 1.182913768337109245e-10 8.359335406890886226e-12 2.104313977611643837e-11 3.955337080927577960e-11 4.781666807016616426e-12 -3.987701626661660802e-11 -3.684224658246741266e-11 -2.422489565539319035e-11 -1.981235001073478173e-11 -2.688230934028613657e-12 2.009813515221465800e-11 1.929481158070668184e-11 -6.423327197728227868e-12 5.770339144434614275e-12 9.601345682543482649e-11 7.061372753139888306e-11 9.349567895351441770e-12 7.587252060040434577e-12 6.352784487698881041e-11 1.676526397827981227e-10 2.775674917909515849e-10 3.980469694939750845e-10 6.598025103647464804e-10 6.956144910322404277e-10 3.312749942076834006e-10 -2.933130819581736140e-10 -1.130591190537036309e-09 -1.203580813633059332e-09 3.519513230821556089e-10 3.736488997322373219e-09 5.645289667951744085e-09 4.021889610856656961e-09 1.353645947581391641e-09 2.147810207527117249e-09 8.608710699973200959e-09 1.324896404535294830e-08 1.351426761976438097e-08 6.163298119715303692e-08 1.967260453061990904e-07 3.924235214449000620e-07 7.349909380222629974e-07
-1.760686136320522387e-06 4.925405401378102905e-07 2.589982483627944556e-07 7.495339901906577298e-08 1.662386809157361017e-08 4.725734513818489880e-09 -5.932450262481632871e-10 1.705984749245396370e-10 5.544952964435969363e-09 3.711402008552596350e-09 1.095023991784781757e-09 5.901870307300648630e-10 1.865653113234037205e-09 1.388692899116127513e-09 1.085315779940162117e-09 3.165079126200712964e-10 -9.434924491309145947e-10 -9.072444126580853018e-10 -1.014955990130386905e-10 3.762054988770196513e-10 1.011784291672929468e-10 3.411935013476990745e-11 1.590658131222098153e-10 1.079271412875070880e-10 -1.026972062796954603e-11 1.065236562313650554e-11 3.828104954793977348e-11 7.356786929965964308e-12 -3.597309696606387872e-11 -3.478495547530289700e-11 -2.500758180207055847e-11 -2.085245557870126575e-11 -3.107730096278873674e-12 1.799348508976297056e-11 1.668325226770083400e-11 -7.895766437694730709e-12 6.384195363443046026e-12 9.722043929073661726e-11 7.306469000834796869e-11 1.237541423386598847e-11 4.997563689655919515e-12 5.405707627651503783e-11 1.610141153953472245e-10 2.765262791591020948e-10 3.939655087889802769e-10 6.517936554513222812e-10 7.100067935100562282e-10 3.468953685990992334e-10 -2.995353052509499551e-10 -1.185614815181027079e-09 -1.260047212103715498e-09 2.978965542583404877e-10 3.677577320847520245e-09 5.657381773498349041e-09 4.080739360544198564e-09 1.304333900605228187e-09 2.104029834029659664e-09 9.184088190956619361e-09 1.518597897296232886e-08 1.701158601954714223e-08 6.732877339232647456e-08 2.080149204761125886e-07 4.137148441336807108e-07 7.766535559821322551e-07
-1.749553852769800738e-06 5.438380063349537768e-07 2.820710607826854600e-07 8.450822725401356824e-08 2.033998823246902118e-08 5.810394971125116432e-09 -1.119543743946984090e-10 5.840819467705981885e-10 5.692646426701865671e-09 3.754938362125766075e-09 1.276234963047402669e-09 7.839786547629338839e-10 1.933608961122994694e-09 1.361772117391412398e-09 1.078004611802859647e-09 2.740801676365766908e-10 -9.734347664530970637e-10 -9.186970011104244357e-10 -1.049301584625547914e-10 3.773648656727872350e-10 1.021450476290983284e-10 4.065338657890388935e-11 1.673347482828709861e-10 1.249584240371212507e-10 1.130707804595422328e-11 2.309276602255639627e-11 4.132652904562253340e-11 9.041383021978871165e-12 -3.506678574574716300e-11 -3.544653849689873800e-11 -2.549346786050783445e-11 -2.128731317844159067e-11 -8.702352537382080337e-13 2.129252487393966373e-11 1.843135710417666703e-11 -9.312386466978008933e-12 2.929325119352908653e-12 9.598171971260088991e-11 6.981034695360771993e-11 4.915063050253174625e-12 -6.641016118751842870e-13 5.476263551736770994e-11 1.615433222635754770e-10 2.698005791197904284e-10 3.908064960995258145e-10 6.569295963373457858e-10 7.130327165429219689e-10 3.725330952953785857e-10 -2.371363952426015153e-10 -1.144628816825364688e-09 -1.268280779050426899e-09 2.981773270949919865e-10 3.675476157268759699e-09 5.582015767171116440e-09 3.958739411653429384e-09 1.349454651498955869e-09 2.139137244952992720e-09 8.690497009317822333e-09 1.324792876941411777e-08 1.416505346497524914e-08 6.400179008170572340e-08 2.005472417374014760e-07 3.953324425895665870e-07 7.339762315326035688e-07
-2.007804236653140944e-06 3.947048343234551147e-07 2.130503784959541886e-07 5.740866966604544389e-08 1.107015776220114302e-08 3.305931057871732262e-09 -1.535968198955450970e-10 7.708186168247699073e-10 5.485866378886970794e-09 3.445009401317737689e-09 1.065598821357842036e-09 6.283438276135450804e-10 1.866542683583958935e-09 1.370845200042256932e-09 1.077567389362749969e-09 2.774078040468311669e-10 -9.627342989464529026e-10 -9.250413696505523234e-10 -1.090164895440061716e-10 3.815588083037011281e-10 1.033187295618456497e-10 4.235948894184569904e-11 1.742525571119939108e-10 1.258568650316461323e-10 8.462386190452986797e-12 2.081417684292328515e-11 3.953162893237875544e-11 5.066111376289569016e-12 -3.915969832962718683e-11 -3.735300040542936706e-11 -2.347222777753623751e-11 -1.757899907775888684e-11 -1.245902537249287759e-12 1.695755866814034863e-11 1.244931380166122521e-11 -1.112576506012419888e-11 3.733936601724077644e-12 9.598532696311831062e-11 7.553142311218914675e-11 1.467740770234685119e-11 8.463002785787827595e-12 5.927533265085966678e-11 1.658935360025764682e-10 2.717268381002801899e-10 3.839654212516145191e-10 6.527174642708854484e-10 7.123949457213845868e-10 3.486291358999506254e-10 -2.758422898635406521e-10 -1.123815212488570511e-09 -1.190725174309287433e-09 3.772501735478486271e-10 3.761240664218218467e-09 5.702104768182401647e-09 4.157690594583790638e-09 1.431478415656133491e-09 1.823509387763468455e-09 8.195652154722030203e-09 1.237659844966561799e-08 1.119012105396370985e-08 5.575724992912819864e-08 1.831653837342352628e-07 3.611879400778925795e-07 6.847889871196510908e-07
-1.802857388106863516e-06 4.651135399999551509e-07 2.448061882175858985e-07 7.085652456495789076e-08 1.643400180907596865e-08 5.451541620229242100e-09 8.119413517356739132e-10 1.168966562530342316e-09 5.586586560303405939e-09 3.383220357757653337e-09 8.892731775536292321e-10 4.037956769400307463e-10 1.674105132380273983e-09 1.268578006139027168e-09 1.012773391567957675e-09 2.788861287722849199e-10 -9.466286610097458820e-10 -9.173571046699100111e-10 -1.149629634952678333e-10 3.742324310074985707e-10 9.726785628173185570e-11 3.443219392714244622e-11 1.679253327566078912e-10 1.167674730303476374e-10 -1.855068375157740638e-12 1.655712471300609350e-11 3.992109961319587436e-11 1.032433997306582716e-11 -3.452881939902097312e-11 -3.545464786752706917e-11 -2.454880912922660392e-11 -1.965547764486595008e-11 1.497907900398160061e-12 2.207237005401085098e-11 1.781995750664684304e-11 -8.478077347852795281e-12 4.768499100350737113e-12 9.696177578602142763e-11 7.243278471770561739e-11 1.283290433639215399e-11 8.367010102749432403e-12 5.507286645537714144e-11 1.626607241810620957e-10 2.752691115380231702e-10 3.893400710341312997e-10 6.435796245159764526e-10 6.790617709666284323e-10 3.258478069395726971e-10 -2.782886937542467193e-10 -1.113737407109707446e-09 -1.201864986427114446e-09 3.271926396597072619e-10 3.638393323437621373e-09 5.550526241513740585e-09 4.021634073148170863e-09 1.296907156261616764e-09 1.989378446495252218e-09 8.798148940718913521e-09 1.373082410155048141e-08 1.384274634469844691e-08 6.137666610414086157e-08 1.941321890888012185e-07 3.756428805460870237e-07 7.047838933432564246e-07
-1.771654840091029989e-06 5.536930723457968101e-07 2.818899648286667518e-07 8.452154434956493303e-08 2.011277780849743931e-08 5.619786509355457198e-09 -8.333930717938635605e-12 4.036106022728830983e-10 5.298685962597740681e-09 3.347487448129645788e-09 9.283658537207252842e-10 5.551660243163529372e-10 1.849417208443746314e-09 1.325407226320713397e-09 1.036805885248506182e-09 2.965168514526021590e-10 -9.082647865574029806e-10 -8.685809689711157297e-10 -9.863251558900327125e-11 3.759547661662330105e-10 9.733354200198680142e-11 3.633189396593177169e-11 1.631382993996122192e-10 1.056018793298111611e-10 -5.203713945672423383e-12 1.711453083195338065e-11 4.567847903728586898e-11 1.146158526906938636e-11 -3.671706476115525815e-11 -3.724126551277289886e-11 -2.473459959023302676e-11 -1.930126550572166407e-11 7.734924666699711271e-13 2.208556236638217995e-11 1.924194584277095202e-11 -5.782021939946619652e-12 4.615358233470543559e-12 9.162034700045275471e-11 7.046423068855055142e-11 1.967774901128711823e-11 1.776531970175556797e-11 6.161398019816131773e-11 1.638864115323762776e-10 2.646170149396749090e-10 3.842735859149492865e-10 6.486672238826780732e-10 6.901493802099262064e-10 3.428204919062002629e-10 -2.876917786674912719e-10 -1.097372442116374910e-09 -1.122003906131537973e-09 4.229929968942031822e-10 3.775406862777924338e-09 5.695582860038867784e-09 4.047395071128283106e-09 1.250453320433500401e-09 2.016438673351937868e-09 8.538749217225515816e-09 1.347407787013131584e-08 1.455090893175181401e-08 6.428644060425156497e-08 2.028265978533520389e-07 4.037137893587324160e-07 7.676762417427840220e-07
-1.710685340526443217e-06 5.669362008023707522e-07 2.924171504977639460e-07 8.823273528350109191e-08 2.176688908346613030e-08 6.680784306175864754e-09 3.298600245993450346e-10 7.605665930032912819e-10 5.669256692578596866e-09 3.679352435875518470e-09 1.205026645196584405e-09 6.281874094706404115e-10 1.839926969976304605e-09 1.337412523312607400e-09 1.077227257081737411e-09 3.063433136088770944e-10 -9.379228988126902787e-10 -9.183572393817990522e-10 -1.301196167384169953e-10 3.488200095029103956e-10 7.936169721863906288e-11 3.476666881304775578e-11 1.694844299741677220e-10 1.272391919549737840e-10 1.051870457233793954e-11 1.899032714724750511e-11 3.835959701418366973e-11 6.237363681452512934e-12 -3.935086825138422266e-11 -3.763090200435584331e-11 -2.464694314017805235e-11 -1.995743053732046790e-11 -1.549988613785055524e-12 1.940499300518031129e-11 1.758490233005473033e-11 -6.709961417658718579e-12 9.393486975040830798e-12 1.009262173863011150e-10 7.345669952333666049e-11 1.365979074733182870e-11 1.115919554402835799e-11 5.671488215141862080e-11 1.555191460962097207e-10 2.622293246895211952e-10 3.778755185831084123e-10 6.303412721597973119e-10 6.795040325380218778e-10 3.429467733398170213e-10 -2.618163221733454846e-10 -1.136401492899772983e-09 -1.210303801387649885e-09 3.517928498260880274e-10 3.760064252237949607e-09 5.754661566728978191e-09 4.104011563574310393e-09 1.374101217517939620e-09 2.191039041341472485e-09 9.185761672205873274e-09 1.423418929678545477e-08 1.479710480891093756e-08 6.521799858129234922e-08 2.024751421787611457e-07 3.964723967149043427e-07 7.504336952596952065e-07
-1.707203286346612443e-06 4.568660825072551195e-07 2.467758328707671926e-07 6.815807705671348338e-08 1.351748728896051805e-08 3.084457152626716831e-09 -7.996434005805925811e-10 2.635760155964222595e-10 5.150015902232069027e-09 3.337380018680745351e-09 9.650423935652308540e-10 4.972906145069173223e-10 1.790986271637709010e-09 1.329530427324752637e-09 1.009525966370872412e-09 2.798859029401652402e-10 -9.411317017230889325e-10 -9.081808803085572408e-10 -1.163447503119843490e-10 3.639868780274651579e-10 8.466330214115789461e-11 2.250170825158741013e-11 1.611301812075170602e-10 1.202499942576407900e-10 3.955848665340331415e-12 1.533372818911176395e-11 3.624413131558403681e-11 6.397535339400797591e-12 -3.841110899565510471e-11 -3.831678223958399826e-11 -2.798972958957594817e-11 -2.301095826674573081e-11 -3.647233743183881648e-12 1.840135184991155872e-11 1.688074552764923714e-11 -6.799739571496464420e-12 8.237228033514630994e-12 9.897438930784179408e-11 7.139795512918927080e-11 1.104008066781583655e-11 3.738533742114630976e-12 5.296904214233132837e-11 1.583488299052277825e-10 2.672102302403542754e-10 3.811611486606961120e-10 6.451207313607086816e-10 6.887128573207399874e-10 3.240114791496242889e-10 -2.854957708910544369e-10 -1.132991432010852281e-09 -1.181373551077696107e-09 3.820560706872526623e-10 3.724049984975565925e-09 5.661167053603078491e-09 4.007345148354093312e-09 1.272384987807000683e-09 1.998450740905723737e-09 8.637148603790776084e-09 1.335453155772461279e-08 1.326487458351068196e-08 6.007597292297588885e-08 1.900557211089706944e-07 3.763958964228815671e-07 6.977214834796585682e-07
-1.503028644133419532e-06 3.800215009715944089e-07 2.015451516779519238e-07 5.144622142256805203e-08 7.334479684684702564e-09 6.984556839715752314e-10 -1.903191037585069778e-09 -4.689314544520055326e-11 5.043686418507363502e-09 3.111031718807937993e-09 7.699119595251056076e-10 4.255568527577974723e-10 1.792035576662908878e-09 1.400979647382993220e-09 1.107769965099434493e-09 2.922404568364722502e-10 -9.547221863076409245e-10 -9.269182171624736151e-10 -1.225982901010120429e-10 3.602897769824305524e-10 8.856594054946558485e-11 3.604314269356453542e-11 1.667375051492613407e-10 1.195555387163618508e-10 5.610883701028407780e-12 2.318041022566720306e-11 4.637533906483560872e-11 1.426317472495983408e-11 -3.138125851048462923e-11 -3.461217735272874174e-11 -2.474216707022016400e-11 -2.035707040619516924e-11 -3.197291406676826614e-12 1.932335167812343501e-11 1.705304650703768771e-11 -9.425438954593347344e-12 5.147572323479374428e-12 9.441980100336228582e-11 6.955910032948740325e-11 1.261506757218293232e-11 6.384628636768828934e-12 4.853566216278192404e-11 1.490727863264600389e-10 2.685191885276580897e-10 3.970838600096357937e-10 6.609550225371060464e-10 6.904552371161907226e-10 3.283118790643267672e-10 -2.485510657165837969e-10 -1.083662666250886449e-09 -1.196379279464490154e-09 3.654270415748352497e-10 3.796436287259689586e-09 5.604037814043329538e-09 3.782163108330436121e-09 1.068893653629851482e-09 2.149349203760042098e-09 8.964686654691437308e-09 1.369311646643791891e-08 1.357338585003329725e-08 6.266800815602866189e-08 2.003214804563549931e-07 4.035561114025238965e-07 7.652498070415947586e-07
-1.700846586156382707e-06 5.064107467294212042e-07 2.684740338779574184e-07 8.087459502916811011e-08 1.886190616967130733e-08 5.448069716415171878e-09 3.296622237845868849e-10 8.765151357451980480e-10 5.513862977085811540e-09 3.515029280044458174e-09 1.076814855605702738e-09 6.268472472353597477e-10 1.866955034410065791e-09 1.365609087394155541e-09 1.063488321267789923e-09 2.612848456197308236e-10 -9.804975684199404866e-10 -9.157475697542621116e-10 -9.683010626734888381e-11 3.795527018341782236e-10 1.002352826397940486e-10 3.930281948912404034e-11 1.597183336489290383e-10 1.128329047958041226e-10 4.289911126166731880e-12 1.904876585965017484e-11 3.833834033387983333e-11 6.556373838945126995e-12 -3.739007408924535995e-11 -3.632082412225923426e-11 -2.598304631768368799e-11 -2.019068105798560563e-11 2.782226099565797044e-13 2.174556472664307189e-11 1.746590384873490271e-11 -1.048515030461809704e-11 5.688819844164184134e-12 9.849912825178852762e-11 7.440657073331367093e-11 1.696569934454124887e-11 9.447963441919216893e-12 5.986441563939994723e-11 1.743068439378028720e-10 2.862617127738993324e-10 3.944776715708109976e-10 6.287351793183259126e-10 6.742329672807256818e-10 3.261593143290602472e-10 -2.876532186486446048e-10 -1.143782899136360831e-09 -1.187139010180067533e-09 3.671841598615273704e-10 3.738211824404536894e-09 5.664395172728931906e-09 4.051336552866803615e-09 1.242780067325698222e-09 1.912094739022256575e-09 8.522717956215736093e-09 1.368909206545658915e-08 1.488517455535972753e-08 6.581033198206778804e-08 2.076468713297703760e-07 4.172116751941775944e-07 7.868475728778771377e-07
-1.882662890704550623e-06 5.263806035660316690e-07 2.699971974601898294e-07 8.032458179297382397e-08 2.055049976944916526e-08 6.547023465416191405e-09 5.411517245530155537e-10 7.147266967446449212e-10 5.534608955094251209e-09 3.627340687988305829e-09 1.103336663601234243e-09 6.397136455020571283e-10 1.910946382447201752e-09 1.379105906124392050e-09 1.003818834534017557e-09 2.216863225925963740e-10 -9.675098904221074002e-10 -9.055023811204868425e-10 -1.062015414238470066e-10 3.665918850725113182e-10 9.040438147039117842e-11 2.753332784635020867e-11 1.617116022126269159e-10 1.189598609028285466e-10 5.918335970808315259e-12 1.882794818116396587e-11 3.651965201429413955e-11 2.923044044549606725e-12 -3.938796302995787689e-11 -3.818352749292551352e-11 -2.702115801329028869e-11 -2.140361177014831119e-11 -1.115759645005612389e-12 2.121904574672602127e-11 1.736176139397971581e-11 -8.368828012000359544e-12 5.374923413345185355e-12 9.509551378313141072e-11 7.184748320443625743e-11 1.737443837616699463e-11 1.002776132305994888e-11 5.338933098161386639e-11 1.523036044093243481e-10 2.632891345064181759e-10 3.858069064481477871e-10 6.422662843301998985e-10 6.983891066883776305e-10 3.725558856735084719e-10 -2.793299239806947302e-10 -1.214335990111211011e-09 -1.302658730676501657e-09 2.743686661122685690e-10 3.674893382095167920e-09 5.719553711232705026e-09 4.242620435522272275e-09 1.691979903767403563e-09 2.492239014068550298e-09 9.229622724317706546e-09 1.415011518397989015e-08 1.487047799737038984e-08 6.527638595796405004e-08 2.036715247998500285e-07 4.079475957219320120e-07 7.820380832424312730e-07
-1.191943003552758672e-06 5.002383514622599576e-07 2.596523773579640833e-07 7.505630663475818461e-08 1.722795403019266382e-08 4.902127716492867200e-09 3.531626367389529677e-11 8.557802163556076197e-10 5.618960690315526157e-09 3.525188518881119032e-09 1.080344652022445273e-09 6.862793716007047255e-10 1.926982112083440063e-09 1.394743000202157781e-09 1.074265140500378629e-09 2.847464620355539404e-10 -9.682677794118578783e-10 -9.460133300917157909e-10 -1.197749826275800023e-10 3.724650995308481233e-10 9.683994469213198295e-11 3.375361717100070907e-11 1.537644687156875630e-10 1.038503287985650011e-10 -4.662247475421734387e-14 2.069930288696437199e-11 4.462803845189408412e-11 1.009848866706954983e-11 -3.596553063220886661e-11 -3.307214747637619746e-11 -2.420544197036118994e-11 -2.287118939989572926e-11 -3.729693738323418083e-12 1.881258836120528319e-11 1.688023553420792277e-11 -6.945848891967899855e-12 6.503818215861344775e-12 9.774501509647978412e-11 7.317002165894666495e-11 1.087484783014511330e-11 1.086470818940069164e-12 4.871071134125420416e-11 1.530341194399378377e-10 2.690517992098360004e-10 3.892953102821524277e-10 6.507025469360831234e-10 7.146918962050476810e-10 3.724877707446141998e-10 -2.891073201026189424e-10 -1.209716057761086429e-09 -1.261986044131836065e-09 3.634322598054769418e-10 3.735286133501940011e-09 5.564346732321848244e-09 3.801368885073207936e-09 9.754831961477107126e-10 1.798825745697969469e-09 8.911683177089011715e-09 1.442157575091904526e-08 1.501810733190993672e-08 6.366492987784688276e-08 1.993332657188405035e-07 3.953575855934122137e-07 7.616161534262200783e-07
-1.549991358130878211e-06 5.567903866507007376e-07 2.945992098962404200e-07 9.268638890473046740e-08 2.421248404074835374e-08 7.747201431531942472e-09 1.162214631354770479e-09 1.179998112702141101e-09 5.901348877193436639e-09 3.837486189430513793e-09 1.236459773292696134e-09 6.139672813641163508e-10 1.798768169466382374e-09 1.325971496272636256e-09 1.012763394609291425e-09 1.925355755523409357e-10 -1.038168931103532488e-09 -9.590843099618166498e-10 -1.233053554663039667e-10 3.718241002244555401e-10 9.028105510662931202e-11 3.273246277341710310e-11 1.591144886572139052e-10 1.098674206897319146e-10 -9.376758738007009412e-13 1.563331189326407848e-11 3.893309036857878378e-11 7.045332922088695730e-12 -3.823695840122508413e-11 -3.718333958365007397e-11 -2.448586866921205064e-11 -2.070097936051636893e-11 -2.341888891367844032e-12 1.981619464243006759e-11 1.713730430650773013e-11 -9.233327990977372628e-12 2.579342211071925844e-12 9.417238917553800010e-11 7.186853325310169907e-11 1.113316006432245764e-11 4.500274851264381151e-13 4.799859098013412337e-11 1.619079451340550446e-10 2.832220429402276208e-10 4.030805289238671824e-10 6.538430920129673895e-10 6.697392697718453479e-10 3.230560883152058940e-10 -2.744005333817813549e-10 -1.098659067618419012e-09 -1.186609108075471315e-09 3.873069420797425217e-10 3.803787128651367199e-09 5.818047913552711552e-09 4.254760154201161352e-09 1.587594206309272962e-09 2.202146345167882141e-09 8.788766134425984928e-09 1.365255531823027695e-08 1.379356456039293905e-08 6.285119689943333795e-08 1.999527012332444893e-07 3.964440716672959099e-07 7.487694789690361449e-07
-1.342394604664633260e-06 5.429769042902958742e-07 2.782096994787075203e-07 8.043581463245835900e-08 1.840857060030701474e-08 5.399388079013148747e-09 -1.935243323820319062e-10 6.190798665198946566e-10 5.441404083697100110e-09 3.330828490956603214e-09 9.624165870980392531e-10 5.969763885556006725e-10 1.801888550634875205e-09 1.295762806153610345e-09 1.031988127258755104e-09 2.540609647481013319e-10 -9.881750362760242223e-10 -9.423667943781713334e-10 -1.263246510021373954e-10 3.668232467312857768e-10 8.418919645508629677e-11 3.116553702546099688e-11 1.616598516985391496e-10 1.135212307019922667e-10 7.262401602129170316e-13 1.705168324880659422e-11 3.923302932171856775e-11 7.793384245505092563e-12 -3.569823702493412551e-11 -3.623220516638571323e-11 -2.498246371758945720e-11 -1.956105625001413529e-11 -6.870660442326527262e-14 2.136317988699669633e-11 1.692805803443881513e-11 -1.016312048263727245e-11 4.785233659319254560e-12 9.856562394872727042e-11 7.734967220329187631e-11 1.925308733714527238e-11 1.130706443678942421e-11 5.398609818628648496e-11 1.552772907832533205e-10 2.661607419069805580e-10 3.848181286973449743e-10 6.446132814777452824e-10 7.107666107415744627e-10 3.798412516023440641e-10 -2.554155197347790968e-10 -1.101651943211587845e-09 -1.201486110664258907e-09 3.546572443386858240e-10 3.690986536870681634e-09 5.612154254369832648e-09 3.994904639393033807e-09 1.215928660914706852e-09 1.762733520894681794e-09 8.489516701836777758e-09 1.390318344006601437e-08 1.573337168343817028e-08 6.615971047551039834e-08 2.034817011942376474e-07 3.987079215579562498e-07 7.539909403314403517e-07
-1.197664141920840677e-06 4.582785876272300227e-07 2.366213795234164229e-07 6.445413274974186119e-08 1.246211938771129004e-08 3.112780833372563272e-09 -6.572221073472541317e-10 3.539235570761064672e-10 5.362623207341541048e-09 3.533802778632803949e-09 1.104497151628382773e-09 6.112382316985557532e-10 1.812100147395535219e-09 1.326992501646872920e-09 1.081842584037068808e-09 3.307500580432479909e-10 -9.115770136115571889e-10 -8.811334733794237341e-10 -9.993476345949270466e-11 3.780663715564531078e-10 1.012176098147272371e-10 3.365545021221723193e-11 1.582298592022022670e-10 1.106047669508391603e-10 1.009421750447871202e-12 1.922225116368269003e-11 4.050970656847664074e-11 1.079907719746901601e-11 -3.306690970750938303e-11 -3.403573685728276219e-11 -2.424999320110330988e-11 -1.979489922194225937e-11 -9.962981165306948438e-13 2.042214957774607801e-11 1.568915592190871885e-11 -1.022293885923569590e-11 5.009008091132935635e-12 9.690507095622398252e-11 7.324225199003855307e-11 1.133104066616527984e-11 4.174894104201410819e-12 5.397105709131450178e-11 1.613188251854358815e-10 2.723668953180340753e-10 3.921170849991278701e-10 6.515399566317730031e-10 6.999579276585974599e-10 3.488915274969518939e-10 -2.813706143515790951e-10 -1.173674349253236524e-09 -1.218218519699278882e-09 4.324759579320463842e-10 3.824920101563434733e-09 5.648032318859350589e-09 3.886807326082318390e-09 1.257856536510317863e-09 2.056709763913835457e-09 8.485640413344036485e-09 1.333525919672106254e-08 1.378092327373384562e-08 6.246124342886171538e-08 1.957700489820650082e-07 3.905136867592096046e-07 7.390583480374987222e-07
-1.402527132624604291e-06 4.696337980467199719e-07 2.437922256487929981e-07 6.924088617745909460e-08 1.563211005008605007e-08 5.119083042073470858e-09 1.805645078949638684e-10 8.219105653273832408e-10 5.564095289660449136e-09 3.476192941822294227e-09 1.171371801954271907e-09 7.722133057370445020e-10 1.933802360119435625e-09 1.330251870135761523e-09 1.010711855279849480e-09 2.928901735537459531e-10 -9.313627256113125470e-10 -9.076750664513614363e-10 -1.085876202618342447e-10 3.640327375711742669e-10 7.912386425907653664e-11 2.814387112895905479e-11 1.668238437099552651e-10 1.196610021684062182e-10 -8.164731175675011246e-13 1.456066896129432347e-11 3.596245207295445878e-11 7.802255284637098843e-12 -3.719109029155820400e-11 -3.908731475049399494e-11 -2.669181113293793352e-11 -2.038161736950345172e-11 -1.839927894951112306e-12 2.019304959358775692e-11 1.881419121758367243e-11 -4.478331541860222936e-12 9.147159118041983951e-12 9.903096167218976341e-11 7.331691432224391188e-11 9.370558274060244289e-12 2.169571762532416575e-12 5.341272785165465437e-11 1.699309113327967493e-10 2.805990280905802322e-10 3.892399397058322750e-10 6.399288324417224394e-10 6.864889344295605186e-10 3.147663115061381026e-10 -3.554435111826694290e-10 -1.223078864461074139e-09 -1.283150773286709496e-09 2.912683201121958628e-10 3.689817563614632732e-09 5.643606806272381884e-09 3.985165695159421438e-09 1.115746838725881485e-09 1.577422306250368435e-09 8.179076620308033050e-09 1.305957812515705256e-08 1.279379087614656601e-08 5.892640690580064049e-08 1.898103431884244416e-07 3.777620622046237623e-07 7.201030195465616037e-07
-1.377760083498153530e-06 5.011705821079114423e-07 2.540079607348446454e-07 7.179525239920675006e-08 1.552456965313344719e-08 4.705197828273210320e-09 1.371262635654921161e-10 5.997438879071913792e-10 5.356588619883491261e-09 3.537853233312802782e-09 1.165873340637192133e-09 7.464728201901047756e-10 1.887325457597399706e-09 1.315927655863308368e-09 1.033595257662011849e-09 3.042248601339049264e-10 -9.191904323730660542e-10 -8.859937740578145249e-10 -8.315409276207674397e-11 3.858612952450260747e-10 1.002376358851287432e-10 3.031476069885407855e-11 1.559872435370880750e-10 1.126503370010833230e-10 -6.151660982923995883e-13 1.407908908677816316e-11 3.784536798002959696e-11 6.470316892395034802e-12 -3.960376683096432438e-11 -3.915500677191888242e-11 -2.524804426795705102e-11 -1.873469363974942568e-11 3.421242195784675510e-13 2.287902876129574841e-11 1.889076077069814647e-11 -8.577143832905929893e-12 3.572476301692073901e-12 9.371690465885707085e-11 6.968283308659731777e-11 1.002913503244782334e-11 1.915808670775061663e-12 5.482971332957031640e-11 1.605563714543107452e-10 2.702070930746493655e-10 3.887962660331598554e-10 6.545668950191994489e-10 7.099979116864858434e-10 3.692847166561513001e-10 -2.586072746823640502e-10 -1.113883792611638542e-09 -1.194909545319473388e-09 3.394980774463373127e-10 3.751283122152164864e-09 5.734044943867899713e-09 4.022654198291123080e-09 1.099136726857154459e-09 1.809356690530339803e-09 8.498542165197816859e-09 1.308044135089366069e-08 1.333039894306333274e-08 6.162241794196481142e-08 1.978544339219035941e-07 3.980474118320927942e-07 7.594893009799266284e-07
-1.514028276689108000e-06 4.881680887939837063e-07 2.515739611331828458e-07 7.160697870627060350e-08 1.691873295910816272e-08 5.734839499572392978e-09 4.968404683155722460e-10 9.050249761561403924e-10 5.328429053269549741e-09 3.218006810792770511e-09 9.745763739641616733e-10 6.193824331169292045e-10 1.830998254202377825e-09 1.334530352673002355e-09 1.027053144792781263e-09 2.572855297041358372e-10 -9.550264368941072217e-10 -9.091161215957911959e-10 -1.139213985266103571e-10 3.588639898445955927e-10 9.541759563118077993e-11 4.423054309684243071e-11 1.635748053636467033e-10 1.157883231117508758e-10 5.722935175531116484e-12 2.234817342390302970e-11 4.339334488100337088e-11 9.560867174672379344e-12 -3.656976027377040978e-11 -3.689526290711747447e-11 -2.482245604981573156e-11 -1.901573966433376099e-11 7.845101978135321981e-13 2.150382937074151720e-11 1.507818011151167299e-11 -1.282714223300639897e-11 1.881879434660182867e-12 9.461571783003222213e-11 6.841523998423985704e-11 1.044748302039059617e-11 1.084848846749806747e-12 5.054517767026617297e-11 1.730496573343010010e-10 2.860956006824654864e-10 3.927375758174917765e-10 6.521975385728584478e-10 7.123306337024950333e-10 3.592749077879985268e-10 -2.976145411282219109e-10 -1.198592601438693832e-09 -1.291666044039851973e-09 2.981412630733666579e-10 3.691698961269336671e-09 5.642200926521310983e-09 4.050110069330900104e-09 1.530715578056556750e-09 2.439170099990326118e-09 9.245078108934213499e-09 1.434260008791410678e-08 1.491134071908052032e-08 6.356157634656764063e-08 2.010226199326455390e-07 4.034001857337637395e-07 7.683807782923129416e-07
-1.636424806501324816e-06 5.201557514889697924e-07 2.735552930701663507e-07 7.970822370513750128e-08 1.719110940141075655e-08 4.282712420922504923e-09 -6.200269741382425613e-10 2.409707317342415825e-10 5.275450764081309650e-09 3.404349259113257159e-09 9.480781561746478055e-10 6.138593283753095380e-10 1.875612212770001658e-09 1.401660110368211561e-09 1.040381086989046622e-09 2.404455937788615967e-10 -9.701491536252806893e-10 -9.252285668525453625e-10 -1.271939634722774741e-10 3.663794297558624757e-10 9.560989351825524266e-11 3.275463100433160350e-11 1.587257778247906964e-10 1.166110141440213493e-10 4.944203535934081566e-12 1.691391284725753256e-11 3.474177346434866474e-11 6.521167550976290389e-12 -3.809829605213587069e-11 -3.778515878456610530e-11 -2.395446430723857732e-11 -1.881695149924238391e-11 2.250065596781914066e-13 2.104544838768639921e-11 1.651116434628041252e-11 -6.981815070794401130e-12 8.671822090791419202e-12 9.928990868587449781e-11 7.201183395128662692e-11 9.654645598647837729e-12 7.478520845836478890e-12 6.466062513668247629e-11 1.703999786066650675e-10 2.855317386622313926e-10 3.983964481845839644e-10 6.433924843665054798e-10 6.670113669019566858e-10 3.227181617487083300e-10 -2.879632402182056601e-10 -1.166411234264064159e-09 -1.258327132317585098e-09 3.000043831382172805e-10 3.710292009210426818e-09 5.741398494364851498e-09 4.245384596687787978e-09 1.454693969837645097e-09 2.248017338011826314e-09 8.844259165205279058e-09 1.335110541630247298e-08 1.335829980645193683e-08 6.213144095667430503e-08 1.982949097004288857e-07 3.947805349039353205e-07 7.526082155133913784e-07
-1.530736352391778105e-06 4.894054319968910046e-07 2.547254801903522522e-07 7.166304030687378733e-08 1.514094011506367247e-08 4.594422970143019670e-09 1.673406302573877966e-10 8.046384418315541729e-10 5.425482295492234246e-09 3.445908731379355180e-09 1.038760945333395570e-09 5.680771000317031163e-10 1.777516193635387722e-09 1.310174801199946573e-09 1.076568791985412475e-09 3.454081917439551749e-10 -9.288551789001639794e-10 -9.141318408913662643e-10 -1.334996124683572238e-10 3.396181716683791733e-10 7.780833121755449825e-11 3.286308245117615143e-11 1.661469813025491139e-10 1.174738100256958470e-10 7.275236501665503532e-12 2.313029621005532216e-11 3.908955787811549347e-11 6.307158159265670597e-12 -3.826514054570963568e-11 -3.819926267248184540e-11 -2.635299181772757570e-11 -2.067917943506825542e-11 -2.098335822896145817e-12 2.056799564683485591e-11 1.836597820960237323e-11 -8.417779769839850616e-12 5.585152580411697647e-12 9.757458786741710459e-11 7.355906936072020574e-11 1.056562612172190733e-11 8.789906787639710541e-12 6.633355217081463236e-11 1.650629685390942111e-10 2.669692606845750588e-10 3.971829318971690209e-10 6.771216099428145961e-10 7.176359114836759120e-10 3.253851553282841278e-10 -2.947880938547258578e-10 -1.114227157726557109e-09 -1.195435852128747114e-09 3.106127869809980203e-10 3.644305184327896890e-09 5.565869496073395737e-09 4.040369155902830660e-09 1.529885574481807342e-09 2.501735131272571573e-09 9.244640888554021362e-09 1.415340271392070233e-08 1.483645011319029237e-08 6.447785115780580376e-08 2.033664683825077967e-07 4.078821900733887611e-07 7.818312660281738976e-07
-2.256233551870916674e-06 4.568896389472494063e-07 2.486193633038493307e-07 7.435313424004539228e-08 1.631102797816604357e-08 3.910146537899211548e-09 -1.098628197717594662e-09 8.974181888792762689e-11 5.197793295880752958e-09 3.292092722893891446e-09 1.056213716980044484e-09 7.274221264630019981e-10 1.949997948882951990e-09 1.328589663801847615e-09 1.022300423332031661e-09 2.638549729332483019e-10 -9.679151082845901944e-10 -9.113580180040026497e-10 -1.097990404963073851e-10 3.681156043240294320e-10 9.123312880623955376e-11 3.383818802627859474e-11 1.603280094157360497e-10 1.137410431322604421e-10 9.929028724941134692e-13 1.719127400073011896e-11 4.192495044604547128e-11 1.024616612919220904e-11 -3.465541839641863556e-11 -3.473898195340930546e-11 -2.423337289772448291e-11 -2.025244718424211098e-11 -1.450935783980277697e-12 1.937699173331568184e-11 1.632845327328802031e-11 -1.071407409518336339e-11 2.789825335210793581e-12 9.635159252564481602e-11 7.299275304004213735e-11 1.228702125168991202e-11 7.859708140763396320e-12 5.796222017809863057e-11 1.613629160538072738e-10 2.687737005051767612e-10 3.859257745942445702e-10 6.539402361504518230e-10 7.178291562816510647e-10 3.915179694444915181e-10 -2.372388065747352697e-10 -1.093732572059283070e-09 -1.174403155552942622e-09 3.368563486295012473e-10 3.687926299873174768e-09 5.634167828843741551e-09 4.033143289284828707e-09 1.262206409617642856e-09 1.882289067839380990e-09 8.346142024144529926e-09 1.324021761697409820e-08 1.363704591245571514e-08 6.212948674902587785e-08 1.955880334759675907e-07 3.853275612240384313e-07 7.161707668060673230e-07
-1.784369817937371242e-06 4.665335246866801947e-07 2.464606372565226899e-07 7.160324137309022999e-08 1.651514093924606019e-08 4.833568942568890995e-09 -1.978574759840384831e-10 5.601544143403534420e-10 5.409494912373244306e-09 3.314910155792397306e-09 9.981813946175601476e-10 5.829748139801605943e-10 1.811772491761158894e-09 1.372637637086683490e-09 1.093733514852450986e-09 2.859900009231655774e-10 -9.587223429432174511e-10 -9.130164701987327358e-10 -1.142478218199127536e-10 3.692354517528889372e-10 8.832862620119560764e-11 1.985993331752938542e-11 1.532677275526117512e-10 1.115066746898958153e-10 4.695264628225541294e-12 2.199607330261409418e-11 4.239940739899834637e-11 9.284114434842438173e-12 -3.858721374812851847e-11 -3.892946815090190461e-11 -2.634379317890185557e-11 -2.107283757000193434e-11 -2.380457206645420948e-12 1.774991390110096333e-11 1.515152868576554424e-11 -8.208944954180385010e-12 6.696405460379246986e-12 9.765830363891430323e-11 7.336775502389165547e-11 9.506471212131828165e-12 -1.394549466510585445e-12 4.512556651649579081e-11 1.540710690494837610e-10 2.676882001205957245e-10 3.831835850724239635e-10 6.418182363932006171e-10 7.010620233997849641e-10 3.506751728821634137e-10 -2.713473135234235986e-10 -1.177701777263815414e-09 -1.272782497759702487e-09 3.426228169076308795e-10 3.727291386629832555e-09 5.542083591553202435e-09 3.863829362857851039e-09 1.278437315310640560e-09 2.194439638485650852e-09 8.510001510007514196e-09 1.320763960372882844e-08 1.347919397396724317e-08 6.228266802549857954e-08 1.987680391593157066e-07 3.983326855976752286e-07 7.584257277617025903e-07
-1.349007745510201144e-06 4.855215698079843543e-07 2.538691516004842882e-07 7.232554405634130521e-08 1.472280992271893524e-08 3.521136983080786516e-09 -7.060348404046802716e-10 4.061144012410251354e-10 5.464898422966754416e-09 3.620985544356914048e-09 1.181639776920143037e-09 6.326810496129274030e-10 1.778990080190776201e-09 1.283991837945669193e-09 1.051237554812143299e-09 2.651097151876699616e-10 -9.892318944692380808e-10 -9.338642809581067171e-10 -1.235020339823148119e-10 3.718379579179202147e-10 9.170106550022389632e-11 3.284926486842291056e-11 1.618577666765787725e-10 1.210314309410370149e-10 1.324249362943212432e-11 2.293717135703080344e-11 3.973671807030240539e-11 9.021707255672544495e-12 -3.552971742429702564e-11 -3.597791323140280563e-11 -2.744323982976921605e-11 -2.402022702274623255e-11 -2.652883698984823223e-12 1.984273695502723317e-11 1.519796503359701137e-11 -1.102703610961297408e-11 4.310546258000558235e-12 9.635669097369121045e-11 7.126667710597308510e-11 7.746515452161777353e-12 9.117366751019005429e-13 5.181627458059790028e-11 1.575722194308954674e-10 2.671132053731181467e-10 3.831060513229242388e-10 6.550901251646794567e-10 7.166354812275082617e-10 3.745595685577822137e-10 -2.562859134826963486e-10 -1.148710403043638547e-09 -1.235220821892950651e-09 3.547534781939040546e-10 3.746684351062096466e-09 5.682614571200672070e-09 4.039367927616629573e-09 1.342717601050840274e-09 2.130904770232824566e-09 8.827853080266942290e-09 1.333335111051682768e-08 1.265123497113903553e-08 5.931395757849429404e-08 1.925922755546740462e-07 3.838598577128139675e-07 7.182415819836616073e-07
-1.812211779340996665e-06 4.992052660921234765e-07 2.608494077096889663e-07 7.488356288075602557e-08 1.756601738681229806e-08 5.373335506921313616e-09 -1.207457292958352328e-10 5.123443218551875699e-10 5.487785154216033118e-09 3.625928109903031443e-09 1.177766235411228537e-09 6.173587551725239874e-10 1.836279393882765285e-09 1.340683121508062969e-09 1.057892805947084101e-09 2.699151738635154085e-10 -9.474955584786667435e-10 -9.254607494728927601e-10 -1.501664129422121549e-10 3.512857886520299333e-10 9.088661787859600202e-11 4.231339170844591177e-11 1.698822827349633365e-10 1.203480472094176196e-10 5.442679053615507750e-12 2.092352415325899878e-11 3.942370833327979892e-11 6.278054795668559838e-12 -3.892464123846856785e-11 -3.881778571773268385e-11 -2.685605727347111599e-11 -2.022313881559761643e-11 -1.204060420665650395e-12 1.915158766743675430e-11 1.429857969235926733e-11 -8.074596431374249662e-12 8.114475811056744294e-12 9.681632757542812930e-11 7.056549830121914547e-11 1.183129220217905932e-11 8.754830176776531385e-12 6.053312879637670970e-11 1.665361737853809355e-10 2.756012459220472412e-10 3.844992682953524190e-10 6.417775730960723694e-10 7.074426561643341857e-10 3.915931918501914092e-10 -2.529068871882861356e-10 -1.171510341996501206e-09 -1.265227445526451735e-09 3.394792906444576987e-10 3.800575160689264447e-09 5.686834584603301084e-09 3.945318219704777700e-09 1.170730957550838235e-09 1.892648140461196268e-09 8.732111611506619205e-09 1.403605308999681665e-08 1.542322656742691256e-08 6.594470740513163191e-08 2.061274682286993263e-07 4.133181701067386751e-07 7.911458484062878370e-07
-1.900609490952410807e-06 5.137877617383149197e-07 2.660493581294493757e-07 7.698876918241640460e-08 1.748607615135485451e-08 5.154020276995944257e-09 3.516267072116263505e-10 5.446680578464708273e-10 5.286467369902180014e-09 3.464103559277125413e-09 9.909892709015420427e-10 4.602396547292621503e-10 1.715600332053301307e-09 1.297585009922187497e-09 1.093738972494523767e-09 3.362019301086572068e-10 -9.426991430930110722e-10 -9.204332094885292305e-10 -1.266539731028244271e-10 3.497692235119888637e-10 6.281220543903245668e-11 2.373036587265993879e-11 1.641351804208757748e-10 1.170327105307730893e-10 4.788210288140798419e-12 1.771969998409762005e-11 3.503747496024708816e-11 1.546529617439846739e-12 -3.807614193701605942e-11 -3.516966089247047329e-11 -2.527542039788922408e-11 -2.198039215439812885e-11 -2.762515161073096743e-12 1.974402097333837497e-11 1.680832264548207594e-11 -8.421043233912273813e-12 6.808499222204725556e-12 9.731860561059331693e-11 6.893156977458506588e-11 9.665767980820863066e-12 8.029401565653834688e-12 5.928501047359591171e-11 1.624590385650504377e-10 2.744874926950034321e-10 3.953028841745665989e-10 6.525654063195947740e-10 6.911229309366086575e-10 3.443930480308955976e-10 -2.788024445910696081e-10 -1.138637598709072333e-09 -1.205917132199505244e-09 3.302247576807443094e-10 3.747031593945439645e-09 5.707227101278547279e-09 4.145874795716686067e-09 1.551491286827483325e-09 2.354098892758933326e-09 9.079266954719965034e-09 1.385802636707656476e-08 1.429974829384546671e-08 6.376509855275228769e-08 2.006354571555076123e-07 4.001478813513025036e-07 7.631548039521884946e-07
-1.882342283309555313e-06 5.062085667172295593e-07 2.676887162658870678e-07 8.217911912080101239e-08 2.338166714732088389e-08 8.376880274504038027e-09 1.818386787556416792e-09 1.573811719313476877e-09 5.735716403131320137e-09 3.707476355163711552e-09 1.342630785594096860e-09 6.479423090561910468e-10 1.820263681440962620e-09 1.312573441376902067e-09 1.034542708008461658e-09 2.785642815414962120e-10 -9.560922981724383867e-10 -8.869510236924959118e-10 -7.401504291293075682e-11 3.829905642359589336e-10 8.941332963342792034e-11 2.313425329373322938e-11 1.527072194548629602e-10 1.145007813636904651e-10 3.030453976723078355e-12 1.678879519121726784e-11 3.563963715665319276e-11 5.678196591878035779e-12 -3.277950736185142742e-11 -3.182594789372702909e-11 -2.414724346962508822e-11 -2.337396010909639287e-11 -3.442177337755317554e-12 1.850395811750215743e-11 1.528989502695420416e-11 -9.894322813670932115e-12 3.347075515221063279e-12 9.114993996484468912e-11 6.616335081206198934e-11 8.766933700555217320e-12 9.282089711507701454e-12 6.818988131211167403e-11 1.734923530170166252e-10 2.725205254957931040e-10 3.823597729533402957e-10 6.347793064627124311e-10 7.008185865735914525e-10 3.494995754447650910e-10 -2.967355478450594454e-10 -1.150491358906182974e-09 -1.230458910817253631e-09 3.450941020875251667e-10 3.703342453238012269e-09 5.559380612701228513e-09 3.930362165970101384e-09 1.187850873572502837e-09 1.965167853664118000e-09 8.950535778122361023e-09 1.413092874878938864e-08 1.442829727483249785e-08 6.284184276143565931e-08 1.979304534505981568e-07 3.943774086718069066e-07 7.425366701174745969e-07
-1.536035449772015200e-06 4.427600572851803998e-07 2.331726282700068067e-07 6.377999787505546570e-08 1.156885531393375759e-08 2.646739174869178541e-09 -1.145065887665743822e-09 8.851775060031074413e-11 5.276487482742457545e-09 3.552160730326864151e-09 1.173670855921804413e-09 5.211079028596491202e-10 1.702534628867365431e-09 1.216458028859926604e-09 9.444755658171268757e-10 2.390854486941104204e-10 -9.470522144663607594e-10 -9.119943161923083315e-10 -1.083175336316519030e-10 3.786204887437423913e-10 9.835045057071678201e-11 3.287581127375490594e-11 1.638140618790104437e-10 1.210301746559775982e-10 4.482364251959660267e-12 1.738331209941492297e-11 3.930022310413080316e-11 9.427173208151910109e-12 -3.387612992509077472e-11 -3.478742892744808456e-11 -2.420622055134423366e-11 -2.076232605594971445e-11 -2.684661969168393970e-12 1.833389456695802706e-11 1.574947967826168773e-11 -7.969930297131980155e-12 6.540593179763061788e-12 9.489621734013656166e-11 7.098061849337107965e-11 1.238840900942218772e-11 7.918511328046289212e-12 5.687021673645403589e-11 1.588388273752296171e-10 2.669626690061369411e-10 3.904012564157791992e-10 6.458051392088714628e-10 6.956875855831175597e-10 3.583224024742624924e-10 -2.484527094795082635e-10 -1.110935683407588814e-09 -1.197870755625899314e-09 4.224160453269447769e-10 3.856115173973726764e-09 5.743544628735465782e-09 4.057303978544556673e-09 1.231268271909941397e-09 1.869574439365187803e-09 8.505030024489502954e-09 1.352982084932781916e-08 1.450121747108131262e-08 6.497049742084193570e-08 2.017853421740606118e-07 3.968604758995310408e-07 7.461100681212235807e-07
-1.525822129556380137e-06 5.238770128114148052e-07 2.697062881916501832e-07 7.740764141755465415e-08 1.902002699600500840e-08 5.592071508267843276e-09 3.365932196234374599e-11 5.703095920830203860e-10 5.569789904911253804e-09 3.631514278140099741e-09 1.149734785811326698e-09 6.009136908272561380e-10 1.821419292899539201e-09 1.315991228536013381e-09 1.026540619555282809e-09 2.404503274041084598e-10 -9.794498248479754840e-10 -9.082611496892090938e-10 -9.155431656078741304e-11 3.818876723911857181e-10 9.533794206653063258e-11 2.578257613327147369e-11 1.559894590776117722e-10 1.125153275976426455e-10 2.452579500552441792e-13 1.350037918519054224e-11 3.722173326862890774e-11 8.856710408399624878e-12 -3.576390420201384179e-11 -3.604547374896559816e-11 -2.522057857570845752e-11 -1.789022371294899449e-11 1.061137920843983962e-12 1.982922110590571457e-11 1.575334896181532500e-11 -8.194886454207030500e-12 8.829095565112327933e-12 1.004169057366694671e-10 7.841221373344225187e-11 2.285579719515868920e-11 1.606141972049525060e-11 5.687280870949505998e-11 1.605243086440048884e-10 2.693443937012313202e-10 3.836804185068409963e-10 6.389635044014482154e-10 6.883635577397201115e-10 3.456995733020283907e-10 -3.066237449001931695e-10 -1.193195145831620461e-09 -1.236918084131784358e-09 3.230378339493718226e-10 3.614679171920724131e-09 5.506848218649649358e-09 4.008369254142747623e-09 1.476926927281858203e-09 2.280243319364678430e-09 9.091000047102137492e-09 1.429164811014458954e-08 1.484485810229237160e-08 6.325989263110905931e-08 1.992308248661694755e-07 3.932516762649179145e-07 7.426403675258986092e-07
-1.309580940811070919e-06 5.166032947683315607e-07 2.675487283053828284e-07 7.870578790690385490e-08 1.775730002144194866e-08 4.636243508729258498e-09 -2.600915472050305942e-10 6.362674414070158035e-10 5.462523859187659114e-09 3.434236156491126910e-09 1.082146566888019205e-09 6.642969757622473882e-10 1.876992797668874558e-09 1.340353138074800359e-09 1.028569879702722433e-09 2.869014214676053801e-10 -9.366094318514980925e-10 -9.058281568160196292e-10 -1.131621208587415039e-10 3.612406081998272163e-10 8.206658862638635956e-11 3.347768352992547604e-11 1.691132355608281043e-10 1.177865509661758551e-10 -1.556976501572729742e-12 1.509876326879664225e-11 3.820412875807248951e-11 8.386123769302588729e-12 -3.528808423104855470e-11 -3.621585662077498156e-11 -2.707835085758814591e-11 -2.317864231438230158e-11 -2.683721675739952192e-12 1.912153162511114809e-11 1.501416587216178183e-11 -9.977826778150279257e-12 4.790597669030384209e-12 9.941587939848583006e-11 7.671182389156191321e-11 1.762290629122540091e-11 1.116925132154093126e-11 5.815470741917439315e-11 1.591284292741813330e-10 2.758121676750872421e-10 4.050427544370408294e-10 6.626918152591466214e-10 7.039757370125855495e-10 3.487636630107799155e-10 -2.770587743394450422e-10 -1.152194692697685512e-09 -1.251620988117771952e-09 3.138206123094130857e-10 3.727050641757797498e-09 5.680641368211384097e-09 4.028993683124364587e-09 1.211505575280674503e-09 1.898232726930503075e-09 8.876748589403824570e-09 1.426535414398126702e-08 1.599627101174658356e-08 6.705000651562237652e-08 2.063262569559798797e-07 4.093161660089115581e-07 7.784103492786101952e-07
-1.591971161242259744e-06 4.835157674758907725e-07 2.470018750170802609e-07 6.566056362202295720e-08 1.203855806534218705e-08 2.530429857730946918e-09 -9.745347512899482628e-10 2.593035977487416610e-10 5.310771217125897176e-09 3.321435526766783631e-09 8.478635985297486199e-10 4.966523432110908578e-10 1.884047181603595262e-09 1.376081512970901034e-09 1.028306316977903164e-09 2.494278478592776917e-10 -9.742905517810521278e-10 -9.144858274684524548e-10 -1.014368954402110577e-10 3.720648915669960869e-10 8.829248749287699681e-11 2.686257073813914195e-11 1.614174131279220304e-10 1.153989919843979099e-10 3.482503312285035679e-12 1.986564165890695916e-11 3.945557160575337214e-11 7.514026298536523148e-12 -3.617943601883990005e-11 -3.605142976811381497e-11 -2.447346827250687131e-11 -1.771513680054197955e-11 -2.854061724055596772e-13 1.991650857157310937e-11 1.674783973047758648e-11 -7.936462252951781472e-12 6.978359923061693400e-12 9.674681639372951806e-11 7.189809460738811599e-11 1.031554438680543808e-11 5.763146801809513636e-12 5.456363448875953110e-11 1.664775488122860201e-10 2.856754076992322450e-10 3.981876271599785953e-10 6.450000715601154171e-10 6.951587161950748460e-10 3.623378760986462005e-10 -2.589508198764906673e-10 -1.151823614742582772e-09 -1.280852920633522284e-09 2.553363712136878676e-10 3.675087804429749147e-09 5.687672162316548020e-09 4.169187936579055277e-09 1.449092045010422804e-09 2.290249823681478624e-09 9.124787026751451720e-09 1.460059083259374983e-08 1.580383642733957778e-08 6.682991187707404768e-08 2.075934389578401815e-07 4.076490226106786472e-07 7.665324255276328943e-07
-1.432641376157272854e-06 5.219320906666650899e-07 2.723671749844019603e-07 8.008214253466955099e-08 1.945243961331660425e-08 5.646010770858579090e-09 1.501102045733362022e-10 7.506036401577040056e-10 5.464852182436912131e-09 3.622679836096223107e-09 1.358942737521522110e-09 8.071823808166436260e-10 1.924993219176276031e-09 1.371754463520814205e-09 1.050021522683185318e-09 2.894391197982423706e-10 -9.198689671261694229e-10 -8.712181111139012380e-10 -9.184982809977469580e-11 3.778583894797548243e-10 8.910195435684868722e-11 2.892529736364039413e-11 1.657005553984618426e-10 1.205885696915666921e-10 -2.396808280486020833e-13 1.267887342836439885e-11 3.592131146094539257e-11 4.695323134654940580e-12 -3.981111172774634684e-11 -3.716417919681073368e-11 -2.407361663241988142e-11 -2.081707633196799206e-11 -2.384056657183170530e-12 1.836073046552443700e-11 1.607797199719240677e-11 -8.524658442471586162e-12 5.412613279869006591e-12 9.432927130165454373e-11 7.001240659232517170e-11 1.135750418178641876e-11 1.079501854069156627e-11 6.924532733198861940e-11 1.717614179907806983e-10 2.770287146705128561e-10 3.821086375325521594e-10 6.371759284018452128e-10 7.102222417853328722e-10 3.674672356151405773e-10 -2.854489510539613364e-10 -1.180268736562165689e-09 -1.283061127085318664e-09 2.825041446568564938e-10 3.655733797374817134e-09 5.601745240291910703e-09 4.118024864863275598e-09 1.565009374791400935e-09 2.407842504650944384e-09 8.836392818588336539e-09 1.383517058997897746e-08 1.559187940443749926e-08 6.782693220844277182e-08 2.133131496699917159e-07 4.292045782532663870e-07 8.241111985387543966e-07
-1.101885627994456538e-06 5.163675896622013584e-07 2.727229146075555096e-07 8.088855202934717041e-08 1.893037510226962170e-08 5.324614439955201768e-09 -3.339268666434793123e-11 8.919494555023293719e-10 5.730185247548359268e-09 3.626416452931485160e-09 1.130340295870437007e-09 6.163041902148490835e-10 1.890248644067941803e-09 1.372088969713444915e-09 1.058206352794349165e-09 3.091429625503257128e-10 -8.948898859171905840e-10 -8.730560308181979256e-10 -1.164178314315630979e-10 3.689312245617971564e-10 1.018179967457116815e-10 3.499168794745017087e-11 1.633331843899983874e-10 1.185099985560652635e-10 7.397200848261570245e-14 1.944586953749566251e-11 3.988280818862617080e-11 5.872834836371179671e-12 -3.804059724216162937e-11 -3.780325788005167177e-11 -2.615262630213844494e-11 -2.242850868434812619e-11 -3.081815650557669783e-12 2.134846362545071667e-11 1.787332795280061602e-11 -8.178871159898714206e-12 5.966504562527529080e-12 9.497745486135884472e-11 7.247628575358732189e-11 1.446451285712686392e-11 9.811314593575038528e-12 5.981182549246396642e-11 1.671818082659122988e-10 2.798263295585598077e-10 3.908082215864793192e-10 6.423954631368270965e-10 6.859400977232540633e-10 3.484644332254340893e-10 -2.631217371683095213e-10 -1.111452396498330086e-09 -1.181092042604295535e-09 3.625378118957681856e-10 3.743654437654767106e-09 5.740392126055293989e-09 4.235345574772733880e-09 1.465075491538792969e-09 1.943549500973352340e-09 8.483854589211629250e-09 1.286553187910081252e-08 1.117414410442776310e-08 5.606032048876891055e-08 1.848535541506929240e-07 3.602511360041654480e-07 6.629650580546011529e-07
-1.929154141751123909e-06 4.342848074274628154e-07 2.321459876366969305e-07 6.534806101372003470e-08 1.361721587805460861e-08 3.971385902075949757e-09 -1.515344724207116485e-10 8.247635308744883764e-10 5.574516312815396690e-09 3.527178645683602196e-09 1.119069403231852927e-09 6.626316697396146179e-10 1.834147345445685928e-09 1.343147135685320602e-09 1.074571609816892692e-09 3.072277492985861914e-10 -9.361896316180331652e-10 -9.278068094028048395e-10 -1.279295866381673332e-10 3.708288447313930771e-10 9.766358239684146447e-11 4.109811414488610210e-11 1.688384177680871326e-10 1.212771141852558562e-10 6.224693950410606381e-12 1.560797242183049589e-11 3.689540242668196300e-11 1.085944699531794369e-11 -3.399752730717150373e-11 -3.426134743728063169e-11 -2.416984913360308383e-11 -1.937043762965916573e-11 -1.628581922347316053e-13 2.056235762360799183e-11 1.543347142159214359e-11 -1.134096849044037366e-11 4.779684577525812057e-12 9.950090714399745476e-11 7.660743765340748655e-11 1.839133910524072369e-11 1.063166686377503457e-11 5.711114771492759591e-11 1.671330377374979337e-10 2.850678742774844361e-10 3.977513408904084061e-10 6.459509368295472799e-10 6.894053736701920576e-10 3.499156731595689773e-10 -2.714400528647337847e-10 -1.129537469066502804e-09 -1.236561833056097771e-09 2.765906920849466767e-10 3.632035531152678193e-09 5.607083407867552502e-09 3.971446217924495571e-09 1.250149671089983594e-09 1.895140382152229831e-09 8.240183189212661697e-09 1.265555887638550988e-08 1.207741368698973679e-08 5.775360253462612079e-08 1.834012893237917693e-07 3.564403980381723292e-07 6.587062107155188166e-07
-1.295939210374351388e-06 4.760575707628748925e-07 2.473211970093745055e-07 6.826942556505587156e-08 1.441683082114616263e-08 3.738329558535676033e-09 -3.791756854606778597e-10 7.570135195062408170e-10 5.533691736194633804e-09 3.569469839482599137e-09 1.278872480176842772e-09 7.257222108669471898e-10 1.913116941339695644e-09 1.376060014258131349e-09 1.066424586468702582e-09 3.253589085889278497e-10 -9.039539783882093284e-10 -8.958438698821138930e-10 -1.071917769596063717e-10 3.802350124987805129e-10 9.879878880776779084e-11 3.923808582035403759e-11 1.612411803571333293e-10 1.073496638171502872e-10 -7.984405202949833864e-12 1.190581933731544489e-11 3.653308918901095901e-11 7.782221863075052689e-12 -3.596208449117412095e-11 -3.483687809211002517e-11 -2.375695098721871682e-11 -1.784953149625134937e-11 9.227452430471973440e-13 2.152417356161248569e-11 1.764808153957414220e-11 -8.782141932194257044e-12 2.131811834678613988e-12 9.282825548034641679e-11 7.225694195994712313e-11 1.497464230310352896e-11 1.270099895851515586e-11 6.140130229252393659e-11 1.606651740071045690e-10 2.635232358525812335e-10 3.888537897712391534e-10 6.618693799012705545e-10 7.102776048376656326e-10 3.327483110751019271e-10 -3.212627708764135951e-10 -1.219916357590281407e-09 -1.291412328860660686e-09 3.414015401400081403e-10 3.823556157087042770e-09 5.811195536613062181e-09 4.244815785791459200e-09 1.442925739992706693e-09 2.071777140979077167e-09 8.646457868882082943e-09 1.421008089537452397e-08 1.551672299549715660e-08 6.459237098840404891e-08 2.014645936503605695e-07 4.097657036389603354e-07 7.953917016436849074e-07
-1.956748883576789858e-06 5.114746734118820764e-07 2.628586284675030653e-07 7.582668552401867005e-08 1.730495785461236148e-08 5.296287918342275828e-09 3.165295888078684132e-10 6.276183502039123679e-10 5.270595996520501919e-09 3.336305511054087511e-09 1.015377897890342245e-09 5.977529318821833631e-10 1.867789664145528503e-09 1.356602973060443615e-09 1.019611919849334872e-09 2.679798091716513779e-10 -9.458093093589566266e-10 -9.195831321365768419e-10 -1.321331019825158648e-10 3.583264754146962525e-10 8.496283903235457565e-11 2.312958257564936016e-11 1.507138135953660761e-10 1.090856373792328069e-10 6.924487453407638645e-12 2.488070729378798686e-11 4.392076756571989613e-11 9.038945988519821281e-12 -3.719519099398383880e-11 -3.661023819764194585e-11 -2.258232370337836553e-11 -1.762807036450625088e-11 -1.078952315140784894e-12 1.886227975159341415e-11 1.571532185957165340e-11 -9.813555630780655925e-12 6.417960143102510775e-12 9.898804411001822097e-11 7.475586787688211600e-11 1.960232529982597244e-11 8.198456041701133120e-12 5.118862177301626242e-11 1.628614081878237970e-10 2.693368750463082167e-10 3.908761145579026829e-10 6.520957582114712014e-10 6.843888082216868193e-10 3.330139075363191799e-10 -2.838034442828312390e-10 -1.102687252134358208e-09 -1.162813013095227142e-09 3.616503504833047730e-10 3.710385839202403215e-09 5.661210077595628820e-09 4.028163906802654649e-09 1.267564927736561448e-09 1.886638466650556709e-09 8.570776026524670497e-09 1.404836526963244454e-08 1.533343726571457244e-08 6.483432543484302246e-08 2.010245630434848896e-07 4.019528966459897759e-07 7.686449152737919861e-07
-1.425040984844837574e-06 4.650483370848526913e-07 2.482524249895509204e-07 6.862171630230010924e-08 1.434788636581627714e-08 4.275613277198696622e-09 -2.428444354556679689e-10 4.516137622728535823e-10 5.310091630003651832e-09 3.444100644943407618e-09 1.126577930010639542e-09 6.879802080948736380e-10 1.915784080759416481e-09 1.425597900157360846e-09 1.099490256183595464e-09 2.764100207090969261e-10 -9.678634869695353605e-10 -9.299375299421506635e-10 -1.349215171803067114e-10 3.528659152647783873e-10 7.353574005950857066e-11 2.800516934486673395e-11 1.665988811398648085e-10 1.227998698566795022e-10 7.136398031030530202e-12 1.572084500037558680e-11 3.702682439369732566e-11 9.006816081363677705e-12 -3.483075242054025712e-11 -3.588201352393001735e-11 -2.598401659690144508e-11 -2.026658082254499371e-11 -1.475315349485345590e-12 1.867588160925608108e-11 1.532412663047248004e-11 -1.018279665731757683e-11 3.299282069566946106e-12 9.358013974126552182e-11 7.185363746209270253e-11 1.603381669006191421e-11 9.860230397012546048e-12 5.464318192107008967e-11 1.654066679021279799e-10 2.831722563640102634e-10 3.914418433874558501e-10 6.403496221563678633e-10 6.914499689597137732e-10 3.466083599538052610e-10 -2.887661489765460127e-10 -1.186837348968181099e-09 -1.329419451777797228e-09 2.108897865276425644e-10 3.641891936042214651e-09 5.590913741103342505e-09 4.004365835312651166e-09 1.359999356417990414e-09 2.197571529747720546e-09 8.949011637494293902e-09 1.445156367921591667e-08 1.617777741898208398e-08 6.786739790503757058e-08 2.092462037114883676e-07 4.133974375146714094e-07 7.789537536345629171e-07
-1.552739040889419460e-06 4.669741628064042329e-07 2.505127531147265019e-07 7.252291496515683948e-08 1.477016381748463129e-08 3.628793897046683806e-09 -7.548133525178631677e-10 4.144801660977109217e-10 5.318068891935461845e-09 3.470919966235412849e-09 1.095303331987035564e-09 6.251556290782528044e-10 1.812163246510748977e-09 1.300879326025608990e-09 1.019660885693227072e-09 2.769545127894383041e-10 -9.547679294146209111e-10 -9.170346351830354812e-10 -1.173258980853946569e-10 3.631796193369024947e-10 8.547020445112659092e-11 2.775168387400822798e-11 1.575963684802920839e-10 1.135685023296790141e-10 1.680562945423342095e-12 1.633838448806752210e-11 3.880690732851390561e-11 7.177938862125426282e-12 -3.795086732761093532e-11 -3.758687560234425143e-11 -2.537533789660535174e-11 -1.969950237845822078e-11 -3.957452958897347581e-13 1.985742798318647947e-11 1.436589909512116020e-11 -9.753600461664890717e-12 6.073665751155067534e-12 9.900336825362457442e-11 7.861462906669483977e-11 1.720921130987493211e-11 3.369345332272233181e-12 5.190254133600442540e-11 1.627019667939239471e-10 2.752167998565305585e-10 3.756734332415677237e-10 6.306410800858869476e-10 6.934439732820352669e-10 3.699092842058350475e-10 -2.362750947624643365e-10 -1.108123898425871880e-09 -1.155198504131634852e-09 4.002192755450330443e-10 3.691264522398615537e-09 5.584525910175458374e-09 3.975336249213411300e-09 1.229068373819257242e-09 1.932835745803589923e-09 8.446564511689494345e-09 1.279229641660432551e-08 1.254653791252336696e-08 5.964385134511152075e-08 1.882417047307361548e-07 3.635243428696415170e-07 6.756418615077903835e-07
-1.501947210675166696e-06 4.931132127813982216e-07 2.552157716154011902e-07 7.181356188276059122e-08 1.516985488443043387e-08 3.907624435742986657e-09 -5.868423537832708356e-10 4.254431520360837285e-10 5.419797305249119223e-09 3.559766658955304814e-09 1.124560756675937451e-09 5.636760932531008778e-10 1.875855573049996161e-09 1.398411553598472663e-09 1.069190389759709188e-09 2.646742876437704517e-10 -9.781763648754798148e-10 -9.244113987683416619e-10 -1.001177087109045649e-10 3.819203809326961826e-10 1.015909619001540343e-10 3.905792966032125995e-11 1.688511683829858056e-10 1.211936445893120389e-10 5.732759761685402958e-12 1.777736281092298955e-11 4.001308845405456493e-11 9.941064572422624630e-12 -3.340943223894003726e-11 -3.456226949313487552e-11 -2.455851206513265468e-11 -1.838180195656559122e-11 1.943547035838000723e-12 2.191319979757342110e-11 1.879107891687556018e-11 -4.528481807659687156e-12 6.244995831012228350e-12 9.402617118821072191e-11 7.116514745754353831e-11 1.542220681714845026e-11 5.161127594462934233e-12 5.048274076145277143e-11 1.546355518204977614e-10 2.560310207434936523e-10 3.714791299518509489e-10 6.346554581732558849e-10 6.969373399935460415e-10 3.614369215605200923e-10 -2.883768628147502608e-10 -1.150389310567113190e-09 -1.183504117368726320e-09 4.646715599601308044e-10 3.884261106833822036e-09 5.739939891224092950e-09 4.101233650378881639e-09 1.353485591593620161e-09 1.771731119237353400e-09 8.129940622985674942e-09 1.295891891167701859e-08 1.310479265016979682e-08 6.109242692454494436e-08 1.940042698148252252e-07 3.790251312201881664e-07 7.081138419276931050e-07
-1.650919078212337084e-06 5.395216559890717677e-07 2.750943211852848189e-07 8.236877747695830978e-08 1.971603102594768234e-08 5.863201963813077447e-09 1.275522271992578231e-11 5.556142388995845442e-10 5.542485498393350727e-09 3.519368648984653997e-09 1.099289940721264041e-09 6.550163784667683972e-10 1.887364290807991126e-09 1.349516254545652307e-09 1.030570715775364437e-09 2.614373626147114073e-10 -9.471480368721434212e-10 -8.992070967768453990e-10 -9.854598258255774567e-11 3.692068915835665703e-10 8.117914320541289625e-11 1.977234633052285852e-11 1.649418595354445780e-10 1.267823375562572733e-10 5.650684155005091650e-12 1.901136115013761222e-11 3.766390261056539033e-11 8.707919615278351544e-12 -3.201693399420716739e-11 -3.175522839064473638e-11 -2.388173468369221071e-11 -2.014586273600805649e-11 -1.790220727007603934e-12 2.075376310763827664e-11 1.763207457525689878e-11 -9.663744158093640944e-12 4.217326338147591311e-13 9.125397237702561479e-11 6.908791804169029463e-11 9.522788307438168300e-12 2.669287138032889493e-12 5.705635434380174039e-11 1.680535360000603096e-10 2.788368145499933969e-10 3.975308076294720158e-10 6.638292527794670040e-10 7.130877481919833295e-10 3.524742124482208434e-10 -2.799059072894967373e-10 -1.123439695253406973e-09 -1.158551304090416914e-09 3.994402540752340126e-10 3.728920265573682660e-09 5.618696935516251010e-09 4.025884555891919368e-09 1.354359067184839117e-09 2.029662667775051969e-09 8.528964898389130478e-09 1.349444926550793749e-08 1.390006671960832318e-08 6.225457917435623184e-08 1.977296680698779660e-07 3.948907547062750170e-07 7.389070248331734713e-07
-1.365940373807729709e-06 5.763144237274884418e-07 2.949858751451420486e-07 9.121697371295607239e-08 2.406826169551687288e-08 7.602626491780228869e-09 5.498043955049060195e-10 7.296362288163304268e-10 5.455261329004262280e-09 3.596308395011913828e-09 1.227722376103662535e-09 7.751479668158554068e-10 1.979589405697215569e-09 1.406259229225498120e-09 1.042557433456591008e-09 2.622303556633363088e-10 -9.758227424675579893e-10 -9.427613243490636254e-10 -1.438909217757040922e-10 3.467498433734734016e-10 9.381932204549595644e-11 3.704115958760979028e-11 1.600644846839795101e-10 1.186504872479646321e-10 5.810688604761572857e-12 1.846114343453299503e-11 4.106877166489652142e-11 7.802820044401854160e-12 -3.784795531138514869e-11 -3.789687220249032126e-11 -2.540545987348057887e-11 -1.955751102056453328e-11 -6.774882361212659840e-13 2.164775548070977418e-11 1.956328300619695274e-11 -6.974779163890156399e-12 5.781690397081103381e-12 9.606444036550185740e-11 7.114152303324704453e-11 9.591290340764036735e-12 2.131140624155692651e-12 5.402624202533136114e-11 1.640889534568602101e-10 2.775424131309889831e-10 3.949687329275864309e-10 6.588068578059705247e-10 7.181920974512153329e-10 3.689894576169812237e-10 -2.728851547365422531e-10 -1.166064253326069579e-09 -1.236776214209042388e-09 3.570310702239063834e-10 3.668032559035730360e-09 5.598382423116775068e-09 4.071140932221803271e-09 1.376060503020007730e-09 1.987651609520269359e-09 8.446533775509976031e-09 1.308159675872907549e-08 1.289329230860508604e-08 6.088513315738807697e-08 1.952934756988201045e-07 3.922773354915180623e-07 7.412119645900990373e-07
-1.611571509195052463e-06 4.755779992169848222e-07 2.484074418871402423e-07 6.980240261292951250e-08 1.449989980247365910e-08 3.346411760001452746e-09 -1.238238140801536611e-09 -6.683409589689856969e-11 5.010586619923300092e-09 3.370730749601425744e-09 1.071863374980450929e-09 6.247717917758932025e-10 1.788814343766536362e-09 1.240489146410013665e-09 9.614418308231853562e-10 2.337720616846600086e-10 -9.664925921951712868e-10 -9.175850055051629353e-10 -1.047318933650590354e-10 3.847009398846683527e-10 9.874608080260251144e-11 3.447827750534478648e-11 1.627221879514100967e-10 1.215197684375892515e-10 8.598194234184378752e-12 2.208846121246891253e-11 4.255835229743334420e-11 9.631288468043777562e-12 -3.467083042983835252e-11 -3.739765417975409968e-11 -2.690749945384771452e-11 -2.171159280547002299e-11 -9.106821591656643841e-13 1.936353075008101767e-11 1.415854379439511196e-11 -1.175166091809444074e-11 1.857261063068989101e-12 9.651765784863644132e-11 7.738079505978465524e-11 2.022487100876140315e-11 1.489521746334351719e-11 5.794768223164564638e-11 1.627500910071452518e-10 2.707143480598650166e-10 3.862520897550894389e-10 6.476801232026503898e-10 6.913658924868893069e-10 3.290682399076551584e-10 -3.060277038070878793e-10 -1.133118256660839594e-09 -1.206941659489226852e-09 3.114599754993389713e-10 3.663406078559992890e-09 5.634254477522933788e-09 4.114077693874694906e-09 1.373370567432620844e-09 2.064556656905584499e-09 8.450145381576372899e-09 1.269986260512990328e-08 1.222342751556902503e-08 5.901257938391685142e-08 1.874541161208961683e-07 3.707186304002349595e-07 6.989694407571274921e-07
-1.844920775345055161e-06 4.980850017445421260e-07 2.632299872787133998e-07 7.715645374937183016e-08 1.907286776249010447e-08 6.222979831950840353e-09 2.864227929304229254e-10 6.858929414774871207e-10 5.335628576150408127e-09 3.357350606881506571e-09 1.038250468152005753e-09 6.172545428293071510e-10 1.853396552311146112e-09 1.342126337132588569e-09 1.050073489741340736e-09 2.818858142647768135e-10 -9.590370865270312148e-10 -9.320389479223095496e-10 -1.242595642190926918e-10 3.652588289725635080e-10 9.676798120826573485e-11 4.570947689369445536e-11 1.634360431914775034e-10 1.103879328732111599e-10 -3.048386915082541412e-12 1.629480126044048660e-11 4.149832118946411563e-11 1.236062187270892878e-11 -3.192929010642566220e-11 -3.434400873746707319e-11 -2.596640392332734987e-11 -2.200815856470906638e-11 -2.474241303628220669e-12 1.835385257688585392e-11 1.671174987834606764e-11 -7.278753681356332052e-12 4.044236683276277506e-12 9.292648586691427461e-11 6.716233966372787870e-11 5.835593615263403472e-12 -1.240725402071629694e-12 5.576738810866164694e-11 1.705895435354751145e-10 2.799489475133452311e-10 3.830305112141560383e-10 6.392151322788777380e-10 6.968331345359256907e-10 3.525122734414376709e-10 -2.938392527393812305e-10 -1.184541980198316197e-09 -1.245365077778371768e-09 3.407696688839918863e-10 3.691400281591595482e-09 5.590399917694023633e-09 4.000034285597761088e-09 1.286707757667281546e-09 1.908373312867965628e-09 8.462233535692706043e-09 1.330320150186601999e-08 1.265260123148978601e-08 5.878580803702032219e-08 1.873560368831816915e-07 3.670544474810803357e-07 6.975986148773709688e-07
-1.763084349288363244e-06 5.366094880162482966e-07 2.740033492256191011e-07 8.215657886989992868e-08 1.967309306539980767e-08 5.495798197533487445e-09 -6.674395668899780637e-11 3.232812052182940864e-10 5.311720668811303226e-09 3.502164983775730930e-09 1.116331991594741753e-09 6.049835651817148018e-10 1.875269049888858757e-09 1.377466056814229496e-09 1.068564656785860644e-09 2.935079718329724291e-10 -9.576146437975480957e-10 -9.241200918453399585e-10 -1.184609559304924589e-10 3.769320275472711440e-10 1.092584258913297952e-10 4.257443463894102882e-11 1.656627663087222161e-10 1.186005894308735023e-10 2.332177519514968235e-12 1.748760429394160558e-11 3.733524932736865803e-11 6.328797613504544704e-12 -3.598185533471330935e-11 -3.546268252882783922e-11 -2.606907268918060164e-11 -2.227740451969911620e-11 -2.937002281170184351e-12 1.998816677455101803e-11 1.815474427302818508e-11 -7.321713590227537154e-12 6.254408763920111084e-12 9.409033129480864250e-11 6.694761496114574838e-11 1.046069086541331843e-11 4.243341204670589155e-12 5.064372402709491176e-11 1.520493915541406984e-10 2.603367241058142866e-10 3.809662117322002651e-10 6.357508434434146689e-10 6.903186399010487169e-10 3.559629194054838485e-10 -2.665573568973570199e-10 -1.155169824252607574e-09 -1.251137150853382184e-09 3.310336639108030353e-10 3.691808163192448118e-09 5.614036417730067050e-09 4.049746974470548022e-09 1.351932251861103023e-09 2.103494375657658932e-09 8.825111545250573372e-09 1.366257347001437128e-08 1.375556869169088709e-08 6.212990099622514409e-08 1.976239311233036825e-07 3.935286123066439776e-07 7.567506243183958042e-07
-1.511057755527739419e-06 4.719968351917895921e-07 2.503481373749486435e-07 7.171323570224875239e-08 1.491281661330023082e-08 3.804928581144470442e-09 -4.886661963705890949e-10 2.884532496226662852e-10 5.265163163367138005e-09 3.441759502767955357e-09 1.088953137171802873e-09 6.057732369779583186e-10 1.781706906550641677e-09 1.220225855448497407e-09 9.147390424373275357e-10 1.642174377085353990e-10 -1.008130842679493118e-09 -9.335693561661815969e-10 -1.313461864983411633e-10 3.712378612927112773e-10 1.146665122670293526e-10 5.793376232915324825e-11 1.834658906138029176e-10 1.308175497858665283e-10 8.540472849665131083e-12 1.820133386903077810e-11 3.640974086867295367e-11 4.515066807728903252e-12 -3.688996634739505607e-11 -3.427777722438200782e-11 -2.458102493131722380e-11 -2.025165788911216911e-11 1.317747332161762646e-12 2.357017327630373984e-11 1.858873844164004192e-11 -6.259268892292989421e-12 9.508506730494619486e-12 9.855963691222426947e-11 7.260811038011756682e-11 1.426464986343400458e-11 7.269131560220242813e-12 5.346205857304447928e-11 1.570896964747683545e-10 2.634940638522232591e-10 3.871040458125464064e-10 6.505484205159135667e-10 6.891856506925478008e-10 3.294075818702133098e-10 -3.085922605751393035e-10 -1.169288134836624247e-09 -1.232335399547685945e-09 3.376682828115578711e-10 3.721723268376179663e-09 5.770031360391215523e-09 4.282254817492436445e-09 1.412720185762547775e-09 1.838003022117518750e-09 8.218510320575441184e-09 1.250034486463634652e-08 1.181769946835300994e-08 5.833991642867627208e-08 1.866166720231720793e-07 3.601246533511926868e-07 6.636542613128420786e-07
-1.589652105187156598e-06 4.730744914942980664e-07 2.487221737470865147e-07 7.003289006444703170e-08 1.393659818478243466e-08 3.345045622519434230e-09 -6.937397893420341954e-10 5.508740485351280997e-10 5.592290083678867447e-09 3.656148086560406416e-09 1.220190963108987529e-09 7.127520588360465733e-10 1.865853309239373289e-09 1.321163630096789287e-09 1.053201883085872696e-09 2.804283304553477666e-10 -9.483131379107021774e-10 -9.261994276931937708e-10 -1.313913779914432612e-10 3.533282654118934839e-10 8.228608046489292018e-11 2.941146599023818128e-11 1.578217310173588262e-10 1.143657013192759175e-10 -1.575638651569002252e-12 1.540348650510283785e-11 3.881201587149807362e-11 9.681571951389615192e-12 -3.550374685441632683e-11 -3.622110028740375562e-11 -2.361791848866055776e-11 -2.022821490439591030e-11 -1.425985843781644797e-12 2.013324130816953895e-11 1.539134504350564730e-11 -9.287735766143567971e-12 7.025919061503146266e-12 9.819158880770482406e-11 7.194907338195193609e-11 9.728134202565825878e-12 3.247522588833345838e-12 5.279125037359151323e-11 1.615382843238779257e-10 2.705380847107680043e-10 3.875821712382982884e-10 6.465508554106916475e-10 6.866431097809922671e-10 3.349242363535656943e-10 -2.743891499741846842e-10 -1.146770119040840733e-09 -1.203891764855550660e-09 3.743650247358135432e-10 3.710116776682763930e-09 5.636556251587727967e-09 4.044901494853889403e-09 1.337767721810891715e-09 2.033310792744982201e-09 8.691203176765593559e-09 1.318468733377960266e-08 1.254694648284830671e-08 5.861514022910091619e-08 1.876855874155245735e-07 3.739289961043609424e-07 7.072418825602557252e-07
-1.770260919433056628e-06 5.191661210355357523e-07 2.641244931799139851e-07 7.675135847827221554e-08 1.787909706897186330e-08 5.366253082047018715e-09 1.902888037433689766e-10 7.628996862174965017e-10 5.409018455452130972e-09 3.423978217693261206e-09 1.113518778619658525e-09 7.067624512273873463e-10 1.965588129261054925e-09 1.397326801406793911e-09 1.084969802859467803e-09 2.979542977747824768e-10 -9.531782991087956975e-10 -9.217056452758922919e-10 -1.293821719355820789e-10 3.661418903476415037e-10 8.806373487794694968e-11 2.960480136030355639e-11 1.635939604605144907e-10 1.206303082423378096e-10 9.076824919542909468e-12 2.092283371178417468e-11 3.857822903071684427e-11 8.290431890467074769e-12 -3.550210364836506262e-11 -3.469553389675357208e-11 -2.385778917979545338e-11 -2.032758731437693449e-11 -1.842107343650996815e-12 1.960595597419531472e-11 1.677109176912055691e-11 -9.411604596425350528e-12 3.959501034723060207e-12 9.658254101881356783e-11 7.362519100950480102e-11 1.357209213089419319e-11 1.198172506900192927e-11 6.285300437211085337e-11 1.705057930861521104e-10 2.839005631730407221e-10 4.006069052817965404e-10 6.457255591664988731e-10 6.766094373975452334e-10 3.207407283267490363e-10 -2.820371393448323386e-10 -1.152367735002779496e-09 -1.221007481604818740e-09 3.280962593051372364e-10 3.661022552737375799e-09 5.615287683806459729e-09 3.966545132595094024e-09 1.222197708725440110e-09 2.008120184466871121e-09 8.947012334652269671e-09 1.433714554149598328e-08 1.532694875021474096e-08 6.599611332235212964e-08 2.075262154673868649e-07 4.107359214626806408e-07 7.730810752802207533e-07
-1.011344532181699292e-06 5.532719082552431248e-07 2.814909290894460403e-07 8.391096422528053999e-08 1.978098225472007328e-08 5.684842424683053272e-09 1.385912628947570306e-10 7.333647062010018423e-10 5.507531245877786663e-09 3.508906728685622565e-09 1.057749052973119249e-09 6.216012166338031384e-10 1.806081909467619176e-09 1.310373469380915948e-09 1.048191142680603046e-09 2.906418035390833548e-10 -9.785772391212484553e-10 -9.390561176384478917e-10 -1.318933235548632247e-10 3.633169391242311697e-10 1.035027378802774665e-10 4.318339201477464105e-11 1.712056562651430477e-10 1.175639904063048050e-10 -2.863079275144732312e-12 1.423117766762458404e-11 3.914297893612630935e-11 9.708402783365438384e-12 -3.460240647649621076e-11 -3.365904057135282119e-11 -2.316274311900822363e-11 -1.960073586651563874e-11 -9.194669172506450277e-13 2.100525200406130123e-11 1.782575551339480102e-11 -7.435109774630881237e-12 3.903758195457590667e-12 9.448071808058370968e-11 7.102612229065219991e-11 7.579479461494818060e-12 -3.442831973722845364e-12 4.695342694061551241e-11 1.484182872491336072e-10 2.608360724298306616e-10 3.833845336997296816e-10 6.464188118630148465e-10 6.936226521174982505e-10 3.522420393208222696e-10 -2.575787799914988039e-10 -1.107367556522760139e-09 -1.203969484168203318e-09 3.148459107222617294e-10 3.677060001304565277e-09 5.635864486859092602e-09 3.961465672174958837e-09 1.313793428764812599e-09 2.274109712977041500e-09 8.955636768549806582e-09 1.407080435798592464e-08 1.465212594423457667e-08 6.313495675355358560e-08 2.005185822129781921e-07 4.016127232071101820e-07 7.654626541198968442e-07
-1.422106799673543555e-06 4.736498366232151816e-07 2.477011763435783270e-07 6.979974478431031712e-08 1.430080713578605331e-08 3.281307113572317473e-09 -9.628718659104718482e-10 1.500912640944835179e-10 5.272743877671925859e-09 3.689714680844100419e-09 1.369911547106355081e-09 7.844831415862751535e-10 1.948896013430744795e-09 1.385308499583850794e-09 1.061988371395220168e-09 2.945212679919996800e-10 -9.742277460648546662e-10 -9.415597984637113025e-10 -1.194880251829958579e-10 3.774586227449222575e-10 9.929153983750269270e-11 3.398169464274032956e-11 1.603085129263257124e-10 1.210074928625480417e-10 9.567530409086635529e-12 1.904225595650095599e-11 3.731630930319586940e-11 4.651537685695892494e-12 -4.093000765607458566e-11 -3.924856122493172451e-11 -2.657546953069590570e-11 -2.164398002457056244e-11 -2.379376256686188296e-12 2.017421305397157247e-11 1.579625772164529499e-11 -1.058169174702863125e-11 4.262999513051631758e-12 9.605967558699260665e-11 7.286067028651527272e-11 1.588740249190154896e-11 1.409223258034604275e-11 6.395176257625376346e-11 1.587706306300604223e-10 2.678980436692745364e-10 3.812386761292103210e-10 6.347651661169842091e-10 6.810533075685798283e-10 3.233630176066090622e-10 -3.177543575677937969e-10 -1.156021809831919695e-09 -1.158867906363051814e-09 4.364730509216945626e-10 3.777106371928640419e-09 5.561326704251164941e-09 3.787315956946716612e-09 1.139978633016087378e-09 1.882795258764234486e-09 8.417236570715987689e-09 1.314173740439383137e-08 1.312614427383475278e-08 5.994859077599193464e-08 1.906252070948398285e-07 3.772448314637119026e-07 7.223845543567471327e-07
-1.296752523822756197e-06 4.851127707774085037e-07 2.553138416026997668e-07 7.743429705963760040e-08 1.881701799494908443e-08 6.236068024183085676e-09 6.924319947212329490e-10 1.081733645356437037e-09 5.769203061648302412e-09 3.693457523860721474e-09 1.157093474484392944e-09 5.559654831851704326e-10 1.803388275522420166e-09 1.371364279080027246e-09 1.114062537419118652e-09 3.122494536842628232e-10 -9.624388668180830652e-10 -9.418385164695382934e-10 -1.312129988164785922e-10 3.512499696058079814e-10 9.409309976652549431e-11 4.139998948272323844e-11 1.715083199835670979e-10 1.266936669815618933e-10 1.138247668349782786e-11 1.576778296626627307e-11 3.275457929128404349e-11 2.330719348668061112e-12 -4.092084738615282588e-11 -3.969147241497601217e-11 -2.585365828830090202e-11 -1.969686565057874428e-11 3.527537163941408070e-14 1.973640006696248454e-11 1.523843112321877840e-11 -8.696737879667954219e-12 5.900326292666579032e-12 9.730767102136472225e-11 7.510415899289943756e-11 1.852598108930227631e-11 1.509111638046573034e-11 6.182417065506632764e-11 1.626500943076851749e-10 2.681971020410845192e-10 3.847818684063142259e-10 6.534116183135842856e-10 7.302201339648240664e-10 3.934585660027960936e-10 -2.696283923247257562e-10 -1.162768213519740149e-09 -1.184983207666378121e-09 4.727289082591269368e-10 3.898682562097165330e-09 5.775563282992554985e-09 4.061625464851839261e-09 1.235357112097635850e-09 1.699224267758407177e-09 8.119548625848534822e-09 1.251606808229040843e-08 1.169185995391339207e-08 5.723348931085880936e-08 1.843198946563211082e-07 3.612253525332422731e-07 6.680181665584701435e-07
-1.697593903412399450e-06 4.531908374162498995e-07 2.413940511098234834e-07 6.679728085100973627e-08 1.346142493482289131e-08 3.290199236220051777e-09 -6.815529908858081454e-10 5.865336447998750699e-10 5.277515562340675731e-09 3.343360996572069481e-09 1.046425288332599081e-09 6.445584482953994615e-10 1.857888262258945038e-09 1.358385327931863367e-09 1.064688256885271540e-09 2.700988308518601533e-10 -1.007578199182849153e-09 -9.508927071982390593e-10 -1.114905035930682402e-10 3.905064464309093560e-10 1.037940444214538917e-10 3.000897867046162275e-11 1.581346929448692546e-10 1.130746341229272881e-10 3.754139379334227731e-12 1.800561635506015026e-11 3.867840873774744197e-11 7.786371409674383419e-12 -3.629639541687951229e-11 -3.663817195495923403e-11 -2.553828016484100696e-11 -1.997151421740740044e-11 1.437691326867361105e-12 2.290620640229758698e-11 1.733497653899538153e-11 -1.045717867171229888e-11 2.799272768795819090e-12 9.508218476832260530e-11 7.426372893710970166e-11 1.557377275412159478e-11 9.602663718273611141e-12 5.707346496442879725e-11 1.642925718990492694e-10 2.770763658618923970e-10 3.999399206229328362e-10 6.430052201701006372e-10 6.761035621056305487e-10 3.433296800257010845e-10 -2.832882104253591208e-10 -1.166270469969665602e-09 -1.230479787275951523e-09 3.855327054900518478e-10 3.764640281090112321e-09 5.676668882749656693e-09 3.942126481578920645e-09 1.170143436677338600e-09 2.157835558211409009e-09 8.996062431822141084e-09 1.362226764287750966e-08 1.389788475885832707e-08 6.180679795879098747e-08 1.950989820245902463e-07 3.905914011268593358e-07 7.445920449379924029e-07
-1.246832829882682705e-06 4.921992353575458464e-07 2.566720061222054723e-07 7.340989278625056330e-08 1.678719867788797216e-08 5.268307083479237666e-09 2.347471331242808462e-10 8.161503252704863227e-10 5.649747661295988301e-09 3.623303680728483845e-09 1.305335518365622695e-09 7.805432452533040610e-10 1.844776630298612815e-09 1.310008921095857824e-09 1.035888338569435256e-09 2.790657371622261062e-10 -9.649555387936591613e-10 -9.289013815466101072e-10 -1.163753168957831213e-10 3.830914680553599539e-10 1.103277372536137189e-10 5.037087167492231245e-11 1.720153025234324016e-10 1.200367085033161054e-10 7.465304034633395909e-12 1.781040695352095415e-11 3.698672369108843294e-11 8.728212984684979705e-12 -3.682669691039832593e-11 -3.519439036368236184e-11 -2.302451205204346607e-11 -1.929036685447320749e-11 -4.108318371786174996e-12 1.445455610479565465e-11 1.251488651930199201e-11 -9.308513646178568926e-12 6.088817275146591855e-12 9.734031271106361784e-11 7.513719988706150027e-11 1.322529737622980542e-11 -7.455246631034953073e-13 4.356209836297361119e-11 1.541883320776363866e-10 2.694105656302188144e-10 4.022866079689710797e-10 6.878477198572129459e-10 7.316586660102704060e-10 3.673361039712737958e-10 -2.812127061303066429e-10 -1.160087160164837902e-09 -1.253894940883910915e-09 3.977661833288905144e-10 3.785083627576520618e-09 5.604002994462609177e-09 3.868818839534735811e-09 1.202659560454956746e-09 1.918204967336598644e-09 8.444973928081855818e-09 1.357548006546145235e-08 1.425767234721617821e-08 6.412797724517158176e-08 2.047255913689148256e-07 4.079131525289677908e-07 7.674094900779182072e-07
-1.564287235576513245e-06 5.449734930932624111e-07 2.776485030739314946e-07 8.095064083692890211e-08 1.956868826468684865e-08 6.143305038206484441e-09 3.349581998907243171e-10 5.520843461432788325e-10 5.381557007973832559e-09 3.324828882569086870e-09 9.240820401309225974e-10 5.234676615028885021e-10 1.780041293797942236e-09 1.283774892008270110e-09 1.029552461384709263e-09 2.611605531001360637e-10 -9.540106531034930437e-10 -9.221010487700575724e-10 -1.171310992985159717e-10 3.751607271089976795e-10 1.013564407095685053e-10 3.153171826771512766e-11 1.583057008969731429e-10 1.137748581355891048e-10 5.756622774893423905e-12 1.958237288999260249e-11 3.709621644420535909e-11 2.723494194991065701e-12 -3.838708023448361257e-11 -3.596078258461031486e-11 -2.506694702165975566e-11 -2.110744308411162400e-11 -1.671666111966734180e-13 2.252651112854274040e-11 2.057952056080448236e-11 -5.668174416793020317e-12 7.091179180410316574e-12 9.733919673863229597e-11 6.889845058525244875e-11 1.361110016284957602e-12 -7.502354558994250281e-12 4.523889270307663453e-11 1.557069863212817866e-10 2.614704702902082556e-10 3.933976963702501986e-10 6.616139451522710774e-10 7.022151781716213926e-10 3.479980292242074147e-10 -2.710723767032096089e-10 -1.134920745296188723e-09 -1.237961346023087203e-09 2.991118142864212022e-10 3.677467153867478860e-09 5.635363452413769825e-09 4.007837484476203543e-09 1.233303574066045025e-09 2.002852500819864548e-09 8.902704761029362977e-09 1.409401587981713430e-08 1.514147753001570245e-08 6.464856747356366977e-08 2.031749093256196931e-07 4.169914810637200148e-07 8.050461834239065819e-07
-1.527144902840418463e-06 5.225676705202182202e-07 2.635117352930137921e-07 7.755060382178124725e-08 1.878896701779934167e-08 5.746708648459362754e-09 2.205859068480037079e-10 5.255596698150801252e-10 5.244129266968455040e-09 3.463726913727333410e-09 1.105166577314054270e-09 5.617349368598790505e-10 1.861659281822842467e-09 1.372752340722686320e-09 1.042223610855110674e-09 2.445712246039518080e-10 -9.897789433297716135e-10 -9.508046586727638310e-10 -1.441058096195968054e-10 3.717261600803404584e-10 1.088538254503317001e-10 4.492748856966404732e-11 1.704142126877087180e-10 1.174212252733897804e-10 4.553587590174276342e-13 1.637508012031736146e-11 3.749768742249861720e-11 6.393575731137055985e-12 -3.781068396051111860e-11 -3.581064381446604509e-11 -2.336741977098478137e-11 -1.839287168129607707e-11 -8.081373024154883397e-13 2.155924525821532513e-11 1.877679307777183999e-11 -6.736612197284791723e-12 5.496618659029330787e-12 9.322604994719672383e-11 6.692598324313001440e-11 8.272869351216010124e-12 3.223419002521648626e-12 5.212415290967195134e-11 1.541070885690797603e-10 2.604251252476472216e-10 3.643804336183189788e-10 6.174422590731144761e-10 6.896655314280868987e-10 3.761089149813845406e-10 -2.423538876146302696e-10 -1.146174360510927924e-09 -1.230843573665027027e-09 3.864299429121288133e-10 3.801075252072089507e-09 5.752259742143504789e-09 4.025230348582422817e-09 1.085811689292672148e-09 1.719966696147116152e-09 8.444951470921345627e-09 1.334995778438328023e-08 1.369488928325924149e-08 6.366011714795903018e-08 2.017803620319630932e-07 4.033870597472569526e-07 7.770983609293641496e-07
-1.664947307832955592e-06 4.548349173204871441e-07 2.434821202274769130e-07 6.900015114951027615e-08 1.390615569228109190e-08 2.878431950578839648e-09 -6.206146393736330743e-10 4.366340321047285327e-10 5.372574619207759592e-09 3.596367594980844357e-09 1.207059234834920983e-09 6.850216283146737864e-10 1.831415098000047015e-09 1.343098505271911538e-09 1.069330776429858520e-09 3.015280231955130759e-10 -9.365607313446845167e-10 -9.119232849823447016e-10 -1.274519251916828248e-10 3.655458967003277123e-10 1.027617592828484683e-10 5.143836258988368817e-11 1.741594034324192059e-10 1.237646701700256973e-10 8.489870779773347603e-12 2.316827062958917072e-11 4.315720135820367792e-11 9.414134252343140974e-12 -3.587324933287085179e-11 -3.681288711805450551e-11 -2.668540514865266406e-11 -2.238884204474449356e-11 -2.787070071305042971e-12 1.964148298414615232e-11 1.713030115759879542e-11 -6.841530867729433736e-12 7.772636288841032404e-12 1.000384107684560858e-10 7.707951485640289793e-11 1.670355366010347393e-11 1.404835249260132970e-11 6.988698352626282688e-11 1.788318501813434386e-10 2.853405251584970914e-10 3.953614957517707525e-10 6.656507261374849035e-10 7.072155422983605704e-10 3.461235136348668536e-10 -2.483851009127631969e-10 -1.113083288892097884e-09 -1.222532070019802119e-09 3.354392373108795734e-10 3.743832193429024208e-09 5.733719787841169053e-09 4.194005135330909898e-09 1.485083715164417770e-09 2.255899278627740176e-09 8.878941222101062335e-09 1.347233805412424232e-08 1.283241823169676664e-08 5.791300422950395272e-08 1.854642772915360329e-07 3.660861107168879647e-07 6.899950260137039547e-07
-1.448663996279005711e-06 4.474940203578947300e-07 2.368871737385059653e-07 6.646702236431261205e-08 1.358388439761530012e-08 3.139103657062052382e-09 -8.452055311108508941e-10 2.268648293619035717e-11 5.189201107533710971e-09 3.534660878837645456e-09 1.241254163811265849e-09 7.944628238712729033e-10 1.936515390077009881e-09 1.397967403815020348e-09 1.101431266204245250e-09 3.172024398534052557e-10 -9.389031686794024211e-10 -9.033975405798115312e-10 -1.087274151928860945e-10 3.662204385266603228e-10 9.641291310576920790e-11 3.517890309170365477e-11 1.668458997252846681e-10 1.285121231265806267e-10 9.785504979753676017e-12 1.830739110404782997e-11 3.695541413515504668e-11 4.225046494541857265e-12 -3.992003152452961935e-11 -3.625694425358675008e-11 -2.365671160889405334e-11 -1.933112646486937468e-11 -4.524183161686201722e-13 2.240595814509783176e-11 1.934822569282878654e-11 -8.160592863825969010e-12 3.869504947098132929e-12 9.646395693433841463e-11 7.519107053738543117e-11 1.310654136832715338e-11 5.631569278378842557e-12 6.229099753083642365e-11 1.713337710784807804e-10 2.814071025147734249e-10 4.016255963378335426e-10 6.648682153453383003e-10 7.080658290385536541e-10 3.420580709282234547e-10 -2.937109901354962968e-10 -1.188167475220991293e-09 -1.294798895101405576e-09 2.872339859998019550e-10 3.656650948733329721e-09 5.593631849287738368e-09 4.073652223826368205e-09 1.479878898114400354e-09 2.246833407366089298e-09 8.663611170219698829e-09 1.361348898396022469e-08 1.422454627704728412e-08 6.240695595369283793e-08 1.969902065745270942e-07 3.919394845763181819e-07 7.360892806169244872e-07
-1.727188979750590092e-06 5.637180656128499267e-07 2.877540820953007390e-07 8.374876610426344530e-08 2.074000361888309103e-08 7.052441509576608435e-09 5.088934848816430708e-10 4.869618833757248463e-10 5.368641191513159746e-09 3.617908292473585604e-09 1.275337562148552373e-09 7.343845235478519641e-10 1.868331742927054487e-09 1.318133706383581107e-09 1.051452267135231075e-09 2.621737763339291360e-10 -9.830677148900489334e-10 -9.289700072014010656e-10 -1.111107598097806067e-10 3.763101566902626566e-10 9.814040941598073554e-11 3.479690739806800691e-11 1.548954587929839883e-10 1.103598694961436061e-10 3.218835954973877140e-12 2.392447343447926333e-11 4.626798252379379291e-11 9.068523163652945203e-12 -3.602891613201635044e-11 -3.561222923379701126e-11 -2.691922994440562784e-11 -2.311952602863973714e-11 -2.761322277674940433e-12 1.897848583039349170e-11 1.749125307718661274e-11 -5.907393662817428569e-12 7.793217398034188210e-12 9.591487207380028157e-11 7.169771693683172148e-11 1.469605401501431530e-11 8.751544812075388197e-12 5.352952222959725615e-11 1.498109061340277551e-10 2.566664968852196860e-10 3.759852279605976880e-10 6.390679182806330136e-10 7.099491034359609607e-10 3.839435061115921081e-10 -2.596406386703763405e-10 -1.137273193997550370e-09 -1.215911214257793094e-09 3.124169718680590851e-10 3.641819791717214377e-09 5.565797796725848812e-09 3.915384476936474024e-09 1.226252605092003683e-09 1.930828890713030782e-09 8.379171503747520454e-09 1.331127107630702893e-08 1.316307389967637771e-08 5.958027598904516749e-08 1.915863166405552071e-07 3.801125410113798212e-07 7.140366713573175675e-07
-1.707080010754936160e-06 4.968625493277575449e-07 2.659066134178933651e-07 7.856150879731735524e-08 1.919442749054972485e-08 6.345390749387599704e-09 6.879584089076072094e-10 9.814015819192930610e-10 5.664966445267226400e-09 3.531281938899510423e-09 9.547397623507585024e-10 5.382259007627902344e-10 1.871513556984866304e-09 1.372355960594178309e-09 1.094178090645659561e-09 3.303168704211208219e-10 -9.270748373576557370e-10 -9.104186120766796898e-10 -1.154683308090850110e-10 3.629326734469137353e-10 8.586176249261028596e-11 3.055241955205172107e-11 1.565421373782982536e-10 1.108241970503020916e-10 2.220998627249439059e-13 1.640345756450603402e-11 4.175593824136977192e-11 1.186600884781485699e-11 -3.545199632602397760e-11 -3.613495875615038859e-11 -2.374054070847957925e-11 -1.896425915077478362e-11 -2.728621613415346294e-12 1.685058562461463712e-11 1.402699938516679568e-11 -1.035849099601766172e-11 6.307111464848246011e-12 1.005893437332488520e-10 7.657476201318961085e-11 1.497226698196974816e-11 3.297471967209128328e-12 5.602025525695297764e-11 1.678519766355959642e-10 2.838371507698886827e-10 4.002381876878187991e-10 6.464505462699287501e-10 6.708073606834276947e-10 3.189478127805739204e-10 -2.795051458492168413e-10 -1.144146752304958031e-09 -1.188755066488207292e-09 4.339982769491491311e-10 3.819264192866296787e-09 5.651739633104736374e-09 4.032491398522099179e-09 1.258892400483659455e-09 1.933052496243749295e-09 8.629724723157601298e-09 1.367965801289210375e-08 1.440770951185928588e-08 6.391591081764535669e-08 2.012599952105544428e-07 3.933293772903469121e-07 7.301576520564431265e-07
-1.308268206605568953e-06 4.900530371080610515e-07 2.610777280971665073e-07 7.530977181855344352e-08 1.722371477128124964e-08 4.357170972440830632e-09 -4.268636466410935233e-10 7.754561411505759701e-10 5.431278469281103837e-09 3.413504849406889730e-09 1.112904473547641381e-09 6.989244275002062024e-10 1.907896806132367796e-09 1.351365176835262906e-09 1.088456340236475236e-09 2.994723536129227996e-10 -9.471063541084714009e-10 -9.195881220324463816e-10 -1.139598407359207333e-10 3.765357558955311522e-10 9.531287016863663371e-11 3.123084953635205556e-11 1.617448190457439911e-10 1.135283960153879885e-10 -2.357077787123357994e-12 1.795214215946624595e-11 3.936322260131155893e-11 8.782594310675886315e-12 -3.801274304317734806e-11 -3.921437629847751819e-11 -2.719943781734849353e-11 -2.018018673282350209e-11 5.661293734403876841e-13 2.188935547500344620e-11 1.824269199203357825e-11 -7.967399711686917398e-12 6.460973808445043370e-12 9.818461483948297727e-11 7.141073579077611576e-11 9.168887636896008277e-12 3.541624183426733253e-12 5.136513651950538391e-11 1.566302657189478268e-10 2.664549178720658718e-10 3.757568140285899850e-10 6.328959802750936333e-10 6.789229237073617242e-10 3.481234612417124986e-10 -2.731231146311153463e-10 -1.171345692259519038e-09 -1.196914823957170138e-09 4.433561175158446243e-10 3.803921407673770531e-09 5.650573735509104491e-09 3.929711100384095535e-09 1.241124677638754329e-09 2.237237869466743381e-09 9.068587198230406670e-09 1.409288932470107255e-08 1.534403117224548149e-08 6.565863671084253872e-08 2.036123523335511357e-07 4.029918869842293583e-07 7.590305379817415504e-07
-1.533521113809362901e-06 5.507941821867096201e-07 2.785644911513162022e-07 8.291004310964131094e-08 2.007018876959954186e-08 6.616953258818901509e-09 7.967983091059987014e-10 9.617110254738807064e-10 5.646806969399510106e-09 3.547589069595292313e-09 1.088447250098591091e-09 6.631584075544865961e-10 1.870697040611404149e-09 1.333243195724342732e-09 1.033931377226587805e-09 3.048637911707064961e-10 -9.169516841268585258e-10 -8.835057243507883967e-10 -1.114602709640487048e-10 3.623250847177628768e-10 8.628067008440698044e-11 2.968990529730785343e-11 1.475712515870740357e-10 1.063237576227748401e-10 -1.886009576420056980e-13 1.890747425182944568e-11 4.096159177684950351e-11 8.608266434010153668e-12 -3.630104507616840865e-11 -3.667995785473870721e-11 -2.499913240450490084e-11 -1.892537874763070508e-11 -1.094372764993093175e-13 2.033623553615694266e-11 1.598081729639808020e-11 -9.958493609730535871e-12 4.865913092969033845e-12 9.597042893496823767e-11 6.951844308329480860e-11 7.675411995800613098e-12 3.897880868239038907e-12 5.746023447151723517e-11 1.617990934189647438e-10 2.713538377478500210e-10 3.940766507933900416e-10 6.538386886725976744e-10 6.867789158869237383e-10 3.214651308633292800e-10 -2.908288394292719713e-10 -1.163362240368158707e-09 -1.214048038958739995e-09 3.929594539405113554e-10 3.795022207440601145e-09 5.682422224721964944e-09 4.155180860099644887e-09 1.515150903871631432e-09 2.220454925255665023e-09 8.852035398219215954e-09 1.355533872634123744e-08 1.342352446096427877e-08 6.151896609996401494e-08 1.923104928696935841e-07 3.745017074958770391e-07 6.951413708082448299e-07
-1.857513083456756933e-06 5.291985341575031592e-07 2.756017021601632228e-07 8.279082937677070231e-08 1.993041686337944308e-08 5.844386091296062228e-09 5.646980833711454822e-10 6.643104555461228535e-10 5.374386905972091751e-09 3.507972870747092158e-09 1.116477661932377222e-09 6.303927244245103595e-10 1.864185411755048933e-09 1.377192874443535092e-09 1.091724442711048639e-09 3.167178058259497797e-10 -9.111180751187057528e-10 -8.947092711313818247e-10 -1.054859387692297573e-10 3.711043391033943654e-10 9.474934890563932133e-11 3.207480574105101315e-11 1.590098664399135349e-10 1.116514869219696447e-10 -9.596424022212454164e-13 1.637296555292079586e-11 3.759731369079202735e-11 1.041157431397924117e-11 -3.416271256477878223e-11 -3.447667475463846200e-11 -2.365188513002172839e-11 -1.884735359960969567e-11 9.163378793562864106e-13 2.077326005085908150e-11 1.612341703475892730e-11 -1.136076874891805215e-11 1.537722406307745336e-12 9.552242120478142575e-11 7.483333698894643290e-11 1.497598383619101411e-11 4.371784881565205460e-12 4.712591180927545581e-11 1.482721948169200918e-10 2.649535886182484676e-10 3.925678551074475341e-10 6.521870344124014207e-10 6.858337370937971928e-10 3.232224738365786467e-10 -2.822808895577331675e-10 -1.143587080958636980e-09 -1.216803762645099408e-09 3.812401841862928835e-10 3.771595100687990696e-09 5.714355533509590281e-09 4.012591005011207807e-09 1.202659141120464278e-09 2.120213750112962698e-09 9.209772719739703892e-09 1.457636838754844124e-08 1.537754913348086055e-08 6.457286249370388111e-08 2.002092801299421858e-07 3.957845804492840681e-07 7.294796001723147410e-07
-1.511218342647935388e-06 4.819956898074453077e-07 2.519638823989642055e-07 7.086770350000056197e-08 1.512033783880576318e-08 4.325352306570823831e-09 -2.871042408470419308e-10 5.095122706361493621e-10 5.310221872570157849e-09 3.415401229579063412e-09 1.013382949569142897e-09 5.188611732226491850e-10 1.807570078372212716e-09 1.295774241095423736e-09 1.036122191661032613e-09 3.099274061505657914e-10 -9.557279500783035380e-10 -9.230832495535788777e-10 -1.145643314955456187e-10 3.730327734835495409e-10 9.593887606930213942e-11 3.037493136610541259e-11 1.593955842583702750e-10 1.164818822273491523e-10 4.517487908398003644e-12 1.896303595859701860e-11 3.940834838598278402e-11 5.655977244150064734e-12 -3.615064914996836758e-11 -3.489160821534277821e-11 -2.597359425259877593e-11 -2.220356021914335536e-11 -3.729746577103529565e-12 1.888445868826565677e-11 1.806954457769838108e-11 -6.793133965483481354e-12 6.480591606148143970e-12 9.671201491429524932e-11 7.406604113091667828e-11 1.201360001644736811e-11 5.724224813855492923e-13 4.965064435041530591e-11 1.650253694929353123e-10 2.732455757750737639e-10 3.818031674670035187e-10 6.401234661412377092e-10 6.987594765728122931e-10 3.739585363629978738e-10 -2.348627628285118389e-10 -1.089941178244421797e-09 -1.164755869438968911e-09 3.810132230573741429e-10 3.695914516679727816e-09 5.584902083354935148e-09 3.869802360593016310e-09 1.173521105472770072e-09 2.013532775519924612e-09 8.747330177201775581e-09 1.382172667639109256e-08 1.354513259682158573e-08 5.950044553345870618e-08 1.900604115637124217e-07 3.753542256550002114e-07 7.053857262370425404e-07
-1.447755388078685219e-06 4.748489377576115225e-07 2.502875824409507047e-07 7.310689208897916941e-08 1.603213187691049885e-08 3.730759765073435994e-09 -1.011043193878179018e-09 1.470788095393877804e-10 5.375924851652303693e-09 3.632123771737715086e-09 1.216772427928923583e-09 6.716669692804121797e-10 1.883259350195496453e-09 1.333562867527118391e-09 1.044108814620012273e-09 2.777037618805124374e-10 -9.684819702641762967e-10 -9.165770083644099546e-10 -1.089491516260827340e-10 3.724567668644204709e-10 9.252093718569606222e-11 3.345444268023595443e-11 1.628438858595097166e-10 1.172036892687596373e-10 -7.867505821183483852e-12 8.818992537196166644e-12 3.777438495829854942e-11 9.671513027166233335e-12 -3.449115592264833470e-11 -3.412138633058044372e-11 -2.329159725257436445e-11 -1.875037943655864221e-11 3.893001582975751472e-13 2.095096658830678906e-11 1.672309384583221391e-11 -9.854894430257442799e-12 2.226854175298886381e-12 9.635342019641185744e-11 7.687715604373409565e-11 1.650955576367209045e-11 9.181786425584560373e-12 6.160973673302698338e-11 1.637266625850236548e-10 2.665929205279002427e-10 3.821523100454225253e-10 6.444209582546674878e-10 6.854737001349689434e-10 3.550933200961278632e-10 -2.521078485097792825e-10 -1.120699264066778763e-09 -1.225335986612838652e-09 3.119387247126153458e-10 3.740731606018896036e-09 5.735334912864267180e-09 4.157294029097329422e-09 1.422128053065910125e-09 2.256814768751337092e-09 8.864713739525892540e-09 1.372102111087340101e-08 1.396733259202485103e-08 6.121252925834809858e-08 1.920516943477552857e-07 3.745132443478656300e-07 6.948233437859547523e-07
-1.607797948882038548e-06 4.700768033521186185e-07 2.453612215061009189e-07 6.898788425336936380e-08 1.452759346625274550e-08 3.976445515642999576e-09 -7.878864010431675474e-10 9.576107532291972503e-11 5.075784097329761810e-09 3.213998550960732044e-09 9.079222618481416638e-10 5.216852327564251574e-10 1.809684368885612071e-09 1.305111765008941573e-09 1.035115364331179156e-09 2.799061818579864262e-10 -9.641388121269326266e-10 -9.330653083052727320e-10 -1.222385649627067961e-10 3.679515499205815974e-10 9.753736494950216565e-11 3.953300348589384675e-11 1.633225256786091921e-10 1.165849456911981988e-10 3.613635287356567815e-12 1.844907092864989325e-11 3.936577684836955482e-11 1.016211535851491651e-11 -3.316362680505348375e-11 -3.273694843644743011e-11 -2.379200295170033809e-11 -2.091183480391505362e-11 -2.498049415059055999e-12 1.971164963535521611e-11 1.786695359500501936e-11 -7.390823591925265075e-12 7.358373614038325256e-12 9.869398407137915643e-11 7.362195539035706247e-11 1.387872526493194681e-11 1.337370939322849476e-11 6.114808024753805709e-11 1.665930337604514900e-10 2.827054681943919351e-10 3.909198821319997265e-10 6.539410798179626428e-10 7.139620788284913383e-10 3.498496197081137072e-10 -3.023614581161542833e-10 -1.182057032376850917e-09 -1.243249090180123647e-09 3.343475222644594567e-10 3.751807091240547741e-09 5.778161043999280858e-09 4.184985905914271458e-09 1.424690189668070812e-09 1.990713962701799671e-09 8.697410379443886984e-09 1.391613045753295821e-08 1.387598741312010254e-08 6.207419981581792803e-08 1.963420413053976385e-07 3.890842706458251065e-07 7.360443117014765156e-07
-1.579307002051435072e-06 5.327303319820904608e-07 2.781279053245965120e-07 8.248240316191753749e-08 2.004939921850152685e-08 6.194272333984118100e-09 3.071812226400492619e-10 5.201005744369819669e-10 5.276150077627204049e-09 3.407650901722044650e-09 1.155027450823188127e-09 7.320912373190862772e-10 1.902957160449019255e-09 1.359722350269627233e-09 1.117607045329583083e-09 3.508875788796717886e-10 -9.216625734986320266e-10 -9.143531276627609951e-10 -1.062180014483088203e-10 3.831121446988507065e-10 9.411165281913742726e-11 2.534483215101681095e-11 1.529173418020031833e-10 1.083748965605687904e-10 -1.121931957807730096e-12 1.924079451827680062e-11 4.360827126737865174e-11 7.662127985417632824e-12 -3.642028023155205049e-11 -3.498867726094163246e-11 -2.513585081850179335e-11 -2.149394344085397218e-11 -3.020193782885469195e-12 1.853341177273672934e-11 1.601061341296602714e-11 -6.264923229732981830e-12 6.630956772213653826e-12 9.245397325188014191e-11 6.313641822925003204e-11 5.610455673362915292e-12 7.694442325588635343e-12 6.578989137210047272e-11 1.683289705868040610e-10 2.687642362224906471e-10 3.782585082534074907e-10 6.373567536791828949e-10 7.005766231436485420e-10 3.478510664112128092e-10 -2.845140585344268518e-10 -1.143373990369360072e-09 -1.231530258011410561e-09 2.856361581938179048e-10 3.611650440813853418e-09 5.602360791349148620e-09 4.097804233571107944e-09 1.506430112801854928e-09 2.332671896788754743e-09 9.070994325259287265e-09 1.391187493156305217e-08 1.510004208584932670e-08 6.405637628955951209e-08 1.974161682676241886e-07 3.870438019190890086e-07 7.210043593647281460e-07
-1.541520519930926669e-06 5.176454992060119762e-07 2.743049917817793428e-07 8.509465039022758539e-08 2.098017558485463697e-08 6.094338333962457013e-09 3.696909140880785950e-10 7.662376314453543174e-10 5.333898497864232783e-09 3.380595616442785069e-09 1.090371446619465944e-09 5.903271864783892407e-10 1.838631392157607856e-09 1.296427080140178637e-09 1.012834663313598456e-09 3.062667261162426604e-10 -9.088092423352813267e-10 -8.815465520100007644e-10 -1.146363639819311951e-10 3.535987294290749032e-10 7.927166406747784552e-11 2.735387696441728150e-11 1.640071259227294072e-10 1.167917535242592289e-10 8.991453405778045568e-13 1.858652150771836970e-11 3.922297385598799017e-11 8.154770409702363120e-12 -3.530884538960342327e-11 -3.581366114229592306e-11 -2.419159996832694944e-11 -1.951208135176241832e-11 -1.400386358987025304e-12 2.003643864990799900e-11 1.662868717449415067e-11 -9.814136167916658783e-12 3.667680606597567445e-12 9.285746812746041751e-11 6.726611685530154589e-11 1.206276687467193092e-11 1.189025193093253092e-11 6.445736715549603678e-11 1.668768216994985803e-10 2.717859019424667697e-10 3.920065199836483773e-10 6.477857987347570448e-10 7.018961920724914204e-10 3.465839286088994874e-10 -2.910439570601392751e-10 -1.171702606561961552e-09 -1.224178830060550412e-09 3.478625467275231695e-10 3.662835264834085808e-09 5.494599146598310894e-09 3.937039240348328453e-09 1.131962888578097763e-09 1.474995435533528813e-09 7.821644433138069274e-09 1.290026191774738882e-08 1.332641914158600165e-08 6.180208652179588743e-08 1.949167044905807929e-07 3.879725459994975740e-07 7.258057679424610120e-07
-1.619874951883367086e-06 5.473379694562203304e-07 2.847183978346864690e-07 8.813356012136619499e-08 2.277776425423925002e-08 7.054384149970500954e-09 6.556952014446769785e-10 9.186112361739048598e-10 5.568902391018959716e-09 3.527350249220957889e-09 1.107466757482108065e-09 7.021314100847705122e-10 1.926600730681794201e-09 1.291162923272552009e-09 1.008389253455962293e-09 2.907002856798431160e-10 -9.626080147340616359e-10 -9.317469396313310085e-10 -1.007439060835912137e-10 3.932822467514190647e-10 1.104663509168410009e-10 4.584741877176347717e-11 1.664695436723344917e-10 1.183441114983660084e-10 1.944984985868001843e-12 1.408390017133002247e-11 3.655198201678110302e-11 7.941739314857913123e-12 -3.676143705926999828e-11 -3.572760984197688179e-11 -2.423758638560433777e-11 -2.017295539467628484e-11 -1.587330238146365916e-12 2.155475833058684124e-11 1.846813105804091670e-11 -6.836126673499873196e-12 5.785547196537961683e-12 9.806131391776069962e-11 7.664829273563950471e-11 1.458339423573272998e-11 4.918499189212028022e-12 5.740827695541599825e-11 1.688941045490584137e-10 2.746291511124600578e-10 3.748136983938728778e-10 6.202154840412267421e-10 6.720753693299495537e-10 3.286937376090815290e-10 -2.946715269295314865e-10 -1.174810582968973625e-09 -1.266926029621598561e-09 2.847729470271547539e-10 3.676724402692245681e-09 5.677392252008409695e-09 4.125696118861484750e-09 1.398888855637505495e-09 2.007154695225712328e-09 8.393576592097614011e-09 1.305677613564965847e-08 1.288421391169024262e-08 6.054282537578361473e-08 1.938785417348058871e-07 3.836868983740476721e-07 7.252770836775372606e-07
-1.720297477184826744e-06 5.215554469084364473e-07 2.703878624349056270e-07 7.952775358452901935e-08 1.800193359357742232e-08 4.754239028802381786e-09 -1.992039575812575393e-10 5.696408136491328107e-10 5.504154757079137131e-09 3.545413249658674119e-09 1.207846300543984556e-09 7.145128049643003649e-10 1.889086464825615446e-09 1.367053804298392893e-09 1.064803421836846386e-09 2.771638530290044908e-10 -9.361388909792559621e-10 -9.024314111375560766e-10 -1.096033581855135808e-10 3.686068464786538864e-10 8.977111847066278590e-11 3.460451229967138882e-11 1.641898475031738627e-10 1.159512300136249669e-10 6.981029745560385992e-13 1.361130762622264881e-11 3.603957798645056938e-11 8.545643416713090037e-12 -3.468986006955682463e-11 -3.418526374118382000e-11 -2.337426789196116550e-11 -2.077369973900524907e-11 -3.904298101068681352e-12 1.795991892186440655e-11 1.438184691415571104e-11 -1.228490191936069313e-11 2.125472591747430788e-12 9.165690870786266103e-11 7.033695051086115951e-11 1.586507495959778109e-11 9.845378485804769403e-12 5.587517294900524967e-11 1.573989238051580912e-10 2.642630493605697572e-10 3.829206264128050990e-10 6.496734350433491137e-10 7.009305286565565920e-10 3.583796048577500141e-10 -2.520068268119660281e-10 -1.104674164525663324e-09 -1.189889442362909973e-09 3.253140607010821789e-10 3.732491121791012110e-09 5.710169136795042224e-09 4.154812448884520063e-09 1.507848303345110741e-09 2.230068900601894658e-09 8.840969914799622588e-09 1.386620336453246092e-08 1.401564230390217627e-08 6.247027688319140554e-08 1.968224313189025732e-07 3.866139723985108446e-07 7.278075801973643013e-07
-1.611174507034485766e-06 4.907442742698091153e-07 2.536637833139858701e-07 7.404666010187287630e-08 1.698764964143942311e-08 5.357670793082326602e-09 3.414731540532385425e-10 9.710217647683391020e-10 5.524594361149179102e-09 3.581996873714668524e-09 1.165614876951843470e-09 6.043704766436636074e-10 1.831498248166557681e-09 1.371439864623370905e-09 1.054768669995074076e-09 2.808396218516344922e-10 -9.684324429724014082e-10 -9.401132035211103367e-10 -1.306086959125086659e-10 3.638507137328075575e-10 8.912237401113803736e-11 2.828236196603541940e-11 1.642108283133518946e-10 1.155555189832554129e-10 1.457224734415227646e-12 1.333032351213852823e-11 3.966287701129445516e-11 1.054249415388470210e-11 -3.639410533930479020e-11 -3.397451765858621430e-11 -2.195634277653345120e-11 -1.946785065169193662e-11 -8.944914767388388643e-13 2.211623986938448914e-11 1.844997314861178797e-11 -9.917953917160499552e-12 2.345659862020128055e-12 9.345944509595347038e-11 7.273399658624981921e-11 1.556302130543355396e-11 7.601148036323203764e-12 5.235741059792307741e-11 1.581377329206966561e-10 2.705420002994926781e-10 3.811238333812918056e-10 6.366255035112857633e-10 6.815887099066612116e-10 3.473646824489021083e-10 -2.497653856663750720e-10 -1.067305217580670948e-09 -1.149463271652638381e-09 3.785972673245044236e-10 3.739425047489410324e-09 5.650798255982888005e-09 4.036932835177020322e-09 1.268280277205152850e-09 1.776690904366560795e-09 8.331358085963782576e-09 1.293283085436494995e-08 1.318373436092280550e-08 6.125569068219872421e-08 1.928913201300934074e-07 3.786107825377539589e-07 7.066673405279668063e-07
-1.703062744837733590e-06 5.040933183180822344e-07 2.611139152621601919e-07 7.544315095207593576e-08 1.669227082173503266e-08 5.005524303224826509e-09 2.321489624563490843e-10 7.205139760601942397e-10 5.362657428338345622e-09 3.583286303735948414e-09 1.202416906846426810e-09 6.305577876026618614e-10 1.859015388476234460e-09 1.418265534672077861e-09 1.127063668118062617e-09 3.046443972657205202e-10 -9.369339837346052155e-10 -8.877059796239158297e-10 -9.645523877681194335e-11 3.862202729856722312e-10 9.705433126009678750e-11 3.445297350995619340e-11 1.643280616252645081e-10 1.167404848729736645e-10 2.478672479625984750e-12 1.309250119413980632e-11 3.461031844195465255e-11 5.576083385274123758e-12 -3.729027197591750559e-11 -3.604938631037539632e-11 -2.551040220319704063e-11 -2.034122185973383200e-11 -1.974140990941658687e-12 2.095851257569470529e-11 1.755974014948350542e-11 -9.387483808127323435e-12 5.350721672571654804e-12 9.587722886246989388e-11 7.057092639363160111e-11 7.398740859926067307e-12 5.399943541876700401e-12 5.472355543006682952e-11 1.602370288503934952e-10 2.779356404074698827e-10 4.019407170542686613e-10 6.416269002057429074e-10 6.823970994300542017e-10 3.522307991313860959e-10 -2.590970207556339625e-10 -1.152423664239238400e-09 -1.231052485842916493e-09 3.583295308036424824e-10 3.685865542564586011e-09 5.529030758149271017e-09 3.916019075046669532e-09 1.313564763997028815e-09 2.263514967918795573e-09 8.956674106621245704e-09 1.372466807653523743e-08 1.359938076270216529e-08 6.185295189463884485e-08 1.977322556268570412e-07 3.969434055320165995e-07 7.671034613840848548e-07
-1.220424483081890274e-06 5.007044752697969979e-07 2.565639352449818298e-07 7.230197112626883780e-08 1.644065190601444148e-08 4.641034174304155544e-09 -2.052209328611914731e-10 4.626499572554665065e-10 5.148968702362863189e-09 3.423888548831731674e-09 1.201890645006363037e-09 7.888307025668885448e-10 1.918006159260224185e-09 1.302651644131790848e-09 9.850672292210246375e-10 2.353624416145139334e-10 -9.895407390598964801e-10 -9.268433591262620979e-10 -1.060105939152108704e-10 3.768467922765244681e-10 1.033362338003838175e-10 3.933318432538364731e-11 1.648809311696235996e-10 1.174877850828766543e-10 4.620383645236318435e-14 1.766792280584891829e-11 3.832769112241713104e-11 4.597976137136235163e-12 -4.069243080068873587e-11 -3.902690946952377380e-11 -2.676371543115506221e-11 -2.050010103140358281e-11 -1.025065627512464268e-12 2.072241086792884376e-11 1.728979817884243798e-11 -5.991529714676484911e-12 8.053991472164581713e-12 9.656718219219490888e-11 6.834637632687306298e-11 1.139821413195901205e-11 1.418776601802390805e-11 6.884876592833354851e-11 1.722674174132619852e-10 2.654662334318563206e-10 3.662839510435246544e-10 6.212059175422526232e-10 6.826117403885761367e-10 3.614450639882351881e-10 -2.511195563835374227e-10 -1.124772649473333744e-09 -1.139177609618872906e-09 4.174644870508460014e-10 3.738396801073858329e-09 5.661171070407370543e-09 4.053720004067907511e-09 1.352526728032728544e-09 2.128109250280756447e-09 8.765750242892752845e-09 1.428934304223199395e-08 1.650000443320205066e-08 6.766221111549004234e-08 2.094399378301892317e-07 4.142118748225085076e-07 7.800592138057783289e-07
-1.825864611072775605e-06 5.370512007955369639e-07 2.792276361929706693e-07 8.355172397951012480e-08 2.047086288446238440e-08 6.154444100847554238e-09 5.228590174364506178e-10 1.010082339087850746e-09 5.689216669412955481e-09 3.632559263918651652e-09 1.207830349808429998e-09 6.863878499987773048e-10 1.884945825350572071e-09 1.346773770191836973e-09 1.040912567041635222e-09 3.040727169773322021e-10 -9.211522784765782517e-10 -9.078430155508759521e-10 -1.103964979520511793e-10 3.719451647074712596e-10 9.232416900024725614e-11 3.291024516311116195e-11 1.644272651092419815e-10 1.188653065871431808e-10 4.874484342777861568e-12 1.766641025457628242e-11 3.980022824940593744e-11 7.493240107883497480e-12 -3.805127325404755341e-11 -3.763309953646081538e-11 -2.500542948606600781e-11 -1.948630501858357044e-11 -5.689649128682944326e-13 1.878826172412041090e-11 1.480421026550125697e-11 -8.889620452537735288e-12 6.343234623265872055e-12 9.831699285367253038e-11 7.294850978245508886e-11 1.268172423257755867e-11 2.726982723348368427e-12 4.740096286630386966e-11 1.550710250143035597e-10 2.681752037139570624e-10 3.813022569338718425e-10 6.387079432101788571e-10 6.890445306793552142e-10 3.250702678992708253e-10 -2.825002423490973905e-10 -1.088583483842014860e-09 -1.139080183665824939e-09 4.123515703855274201e-10 3.720868624457033445e-09 5.596820768135365360e-09 3.983126671431591074e-09 1.273519272642347835e-09 1.984566346466425848e-09 8.683257097521401234e-09 1.328747324135987643e-08 1.292679595095470789e-08 6.065973793648162571e-08 1.916121870584244405e-07 3.691858423136434266e-07 6.862929440044751118e-07
-1.276919806167766799e-06 5.236797389406881534e-07 2.731533286162390573e-07 8.056659822392412501e-08 1.948536231922346580e-08 6.061076340792733661e-09 -5.277715172714814496e-12 5.648722090762261529e-10 5.362656790893269591e-09 3.571379250002620813e-09 1.115703777029736767e-09 6.127480803199368208e-10 1.789901069662725172e-09 1.305515812683595596e-09 1.033257765557514023e-09 2.759562187821388936e-10 -9.655789908014087023e-10 -9.265591960545283970e-10 -1.276029826767200586e-10 3.548465562653734186e-10 8.704075531435551001e-11 2.929541162681364681e-11 1.582855532620576830e-10 1.162711687239475982e-10 5.469523850235784142e-12 2.092802758536080416e-11 3.976190282584847007e-11 6.430779153908830375e-12 -3.879190564102683111e-11 -3.732313484781620309e-11 -2.269060820228646308e-11 -1.721798343050098823e-11 1.001532654571852908e-13 2.140095033305292334e-11 1.832948220543888179e-11 -7.238254992357693506e-12 6.759679132218924790e-12 9.973544349706231266e-11 7.593829650417574390e-11 1.576702034248897527e-11 6.653186578224614468e-12 5.535073224489539337e-11 1.652325375961147574e-10 2.730631880820842764e-10 3.890700518458603064e-10 6.679932800209529164e-10 7.328349841110764742e-10 3.699846287006928136e-10 -2.717752891245091696e-10 -1.139153326888682225e-09 -1.221497822778833836e-09 3.700796483739266149e-10 3.737054049900300420e-09 5.614615108025473273e-09 4.123320223719439062e-09 1.637842583151825848e-09 2.431265641435945050e-09 8.984374337812969991e-09 1.403087763266479567e-08 1.558649616184238739e-08 6.642581126363468166e-08 2.058352483373373724e-07 4.042316497115098067e-07 7.536773980437304523e-07
-1.687587998421179116e-06 5.750422151153138288e-07 2.872524229459170351e-07 8.547867935241253860e-08 2.162647178046895158e-08 6.406071323903525357e-09 6.060412002960784724e-11 4.168424584220335866e-10 5.417325070444696957e-09 3.507288941980074372e-09 1.093179527251887545e-09 6.663091223706297971e-10 1.880596806269030753e-09 1.318133115610862953e-09 1.065989213971566008e-09 2.938681394566314416e-10 -9.552507836250064812e-10 -9.175260636807788392e-10 -1.125691844399711376e-10 3.639335105002155300e-10 8.099121417059082700e-11 2.652411950718273479e-11 1.692026793969584926e-10 1.200114105616289148e-10 1.539552693969845238e-12 1.156100793666675190e-11 3.232011682682888664e-11 3.498257813662868952e-12 -3.920077670880861102e-11 -3.796805262751327385e-11 -2.574218995491852797e-11 -2.069673099057582160e-11 -2.115119382382362826e-12 1.952179395576908477e-11 1.555072844014524426e-11 -9.400924774004145045e-12 6.398611610392382227e-12 9.755742171184170268e-11 7.084944674477403296e-11 9.753149953392612891e-12 1.083400195038061253e-11 6.322900424695715443e-11 1.726585646351067407e-10 2.911392194876298314e-10 3.936391404035405191e-10 6.471344753164630662e-10 7.009461863003059074e-10 3.382643238618474657e-10 -2.982096091837754637e-10 -1.147266472904599331e-09 -1.202867491811188869e-09 3.690842690252463107e-10 3.734062393576485699e-09 5.690541105500054190e-09 4.112201248992146920e-09 1.467800272234095308e-09 2.174437233093399123e-09 8.572592751383681377e-09 1.346761797823636942e-08 1.421082492033363910e-08 6.299093354905975955e-08 1.987591199221889049e-07 3.944415324447854467e-07 7.451228873848703654e-07
-1.644798251967666340e-06 5.030931137032440257e-07 2.618458225355127221e-07 7.511869646646134339e-08 1.733821604873570376e-08 5.324555953002461741e-09 2.794573349462452510e-11 3.749699557042961133e-10 5.099217275470165382e-09 3.290866093334112743e-09 1.045957615767327477e-09 7.186590824702047217e-10 1.972227204080056645e-09 1.380508127571708706e-09 1.078857724411141323e-09 3.180188168758619937e-10 -9.248926214366204933e-10 -8.954154363670235248e-10 -1.119199719605867661e-10 3.564442950615516630e-10 8.339270368772471968e-11 3.139144526654234561e-11 1.714810273065429927e-10 1.237128467857148304e-10 4.943121069314569403e-12 1.882411472707320759e-11 4.108726707092738635e-11 7.925922554256235703e-12 -3.702353265950729789e-11 -3.646706886065100110e-11 -2.304590836458256952e-11 -1.889976246342794362e-11 -2.136174883695487148e-12 2.024622148448907205e-11 1.709739434091135080e-11 -8.365685306072154944e-12 4.569784476628831011e-12 9.505217405812012551e-11 6.851772253540347240e-11 7.915414886142635479e-12 4.041867680756766193e-12 5.481133492267462412e-11 1.549687761090029661e-10 2.678896712264416387e-10 3.916017436760485123e-10 6.559832856700274589e-10 7.041634323282360642e-10 3.400661289108487771e-10 -2.997098111421941234e-10 -1.145153100032533506e-09 -1.197468575801759452e-09 4.046214604778506953e-10 3.829868990426942634e-09 5.816476185319056406e-09 4.267793948117788795e-09 1.488666625883796730e-09 2.120623029520789164e-09 8.321603833864917648e-09 1.271844090851614706e-08 1.158115652506442277e-08 5.765191577225481573e-08 1.896228700082593735e-07 3.744969077609621990e-07 6.999082272823021574e-07
-1.660616786265538626e-06 5.510916053081504196e-07 2.770901387783552240e-07 8.356928367788766049e-08 2.067354586262702325e-08 5.852973644808673442e-09 -1.681126627575527623e-10 3.442804472572139104e-10 5.221111921428063477e-09 3.440324258093426773e-09 1.142239185445241096e-09 7.064026573092074417e-10 1.839272129975292503e-09 1.380063331101669989e-09 1.117991461100964857e-09 3.014019309859531008e-10 -9.533043177000611350e-10 -9.176765335651292385e-10 -1.156265231086315442e-10 3.830193383972741736e-10 1.150119487568315499e-10 4.553351327145499126e-11 1.648281235924100527e-10 1.122391650258352103e-10 -1.651224293654226743e-12 1.531254593717655612e-11 3.711436636628366774e-11 7.408482722426648294e-12 -3.577192995712583200e-11 -3.527206521612420061e-11 -2.460728043069693099e-11 -2.028135160225951970e-11 -1.103657705921337680e-13 2.280068359367065164e-11 1.911102028663193418e-11 -9.365057462803934179e-12 3.324373479265260587e-12 9.495398678909658980e-11 7.152867019949468202e-11 1.337903249110102661e-11 8.582336243412597566e-12 6.024805903310261407e-11 1.610232931715277498e-10 2.689321567114169438e-10 3.853895441164660431e-10 6.498416389529362386e-10 7.148652320117925676e-10 3.951422131865676368e-10 -2.394322537375479376e-10 -1.147567150441511498e-09 -1.229287663149755831e-09 3.918820040515061990e-10 3.820034973210056040e-09 5.762717794382022805e-09 4.124549234827810976e-09 1.479407601709637799e-09 2.317239376129179664e-09 8.927969103298600092e-09 1.398994485825323393e-08 1.435821784655773359e-08 6.310630955794283110e-08 1.990182476675546977e-07 3.950386128335578872e-07 7.513937931042533992e-07
-1.480374912878725841e-06 5.347457842358760178e-07 2.732938819786286514e-07 7.935861371498109492e-08 1.849816401733939700e-08 5.432713739302731062e-09 3.662001160496765661e-10 1.186823787771327866e-09 5.756911406588774570e-09 3.635063301666958643e-09 1.062245527730874493e-09 6.056572732684586001e-10 1.884802857583344967e-09 1.373779176162418646e-09 1.086540604579262398e-09 2.863918901363904748e-10 -9.792080088537125450e-10 -9.326762739738919427e-10 -1.246669357910585293e-10 3.774596397987303683e-10 9.947151653544621418e-11 3.346594480655035302e-11 1.580543608639115897e-10 1.092785935907074906e-10 1.611792707185870992e-13 1.618918323943914899e-11 3.758398069806268642e-11 8.289725997016343145e-12 -3.524859589771803642e-11 -3.608366101710422737e-11 -2.402506485945874507e-11 -2.011655105543860443e-11 -2.029933445327109688e-12 1.993238735389357401e-11 1.682711553351836061e-11 -7.938840504211897063e-12 6.443716639595309490e-12 9.708468317251323222e-11 7.084622727627283746e-11 9.790606976776035830e-12 4.118412157601548043e-13 5.063562480974573880e-11 1.592188310949477951e-10 2.653644909989837469e-10 3.817538810037927374e-10 6.293040314312363383e-10 6.770478139991919437e-10 3.666982567058993515e-10 -2.391458037289300995e-10 -1.115796280489845178e-09 -1.189317650893064576e-09 4.128032006909558025e-10 3.770156280499620099e-09 5.707667073683162273e-09 4.084280705482852228e-09 1.472003764129211671e-09 2.445474860166494471e-09 9.146852103693311757e-09 1.433947960503043197e-08 1.412171188816550528e-08 6.194983136395789912e-08 1.958559299543877931e-07 3.882725552964662688e-07 7.264041378175250902e-07
-1.527904491227015738e-06 5.177582446495078102e-07 2.680964326599059515e-07 7.848240664954152921e-08 1.919083836314046235e-08 6.359686501601875486e-09 6.434250079001977982e-10 8.845920158139046986e-10 5.595398602497392584e-09 3.637171815358298332e-09 1.133816854804200631e-09 6.277165322565767626e-10 1.875308224455418264e-09 1.340100252864836273e-09 1.019939251720814914e-09 2.739651172287873303e-10 -9.459492112145795085e-10 -8.923182983621786149e-10 -9.190435087122057863e-11 3.817760574641550727e-10 8.428233507959230330e-11 2.377964259085974927e-11 1.643605577663684847e-10 1.248610607465077686e-10 8.013842277597596541e-12 1.753779309046464712e-11 3.438537042941541495e-11 2.377843664104807924e-12 -3.805066166524723231e-11 -3.372487134722892257e-11 -2.196527466682637274e-11 -1.971524107676802518e-11 -4.193924202349715549e-12 1.707593927675736139e-11 1.616120258019611204e-11 -8.181289652615794673e-12 6.209702409274049193e-12 9.896276518298177354e-11 7.559121747052705319e-11 1.667300136133510283e-11 1.023784259523309567e-11 5.990023583706996509e-11 1.648235299736733628e-10 2.740720198210962588e-10 3.869141521333976895e-10 6.469755574071802888e-10 7.094678082632347283e-10 3.761527516377064983e-10 -2.524939192196023057e-10 -1.152925814841053666e-09 -1.267250518500682803e-09 3.466690846518546326e-10 3.822387498563791635e-09 5.865478572160311141e-09 4.253038667956800709e-09 1.418424876767411639e-09 1.881948788355931680e-09 8.435168584589127130e-09 1.258625573545253898e-08 1.116531365786143615e-08 5.545416152340277751e-08 1.826789299239724419e-07 3.617292206830436894e-07 6.695215964060384732e-07
-1.557028897642784064e-06 5.289618631956121756e-07 2.728564605919629439e-07 8.263163634835313708e-08 2.094009776687207058e-08 7.446298754532945037e-09 1.309756437535262436e-09 1.163322883835960837e-09 5.783351012252035243e-09 3.662355949896240644e-09 1.133123638065921854e-09 5.702695948013061417e-10 1.796932574532161443e-09 1.318909246712465282e-09 1.015131706135409031e-09 2.379022200556843408e-10 -9.925220972022694575e-10 -9.391567342847258865e-10 -1.311139408994790413e-10 3.612057044587531148e-10 1.046196830633448330e-10 4.910705713597787472e-11 1.652400463042406258e-10 1.112146977234074057e-10 4.246390635851420767e-13 1.608342540898886593e-11 3.591093912526270129e-11 7.701163036234023913e-12 -3.536758886998832725e-11 -3.519453114440238816e-11 -2.322302759766363935e-11 -1.821054719463984074e-11 2.011884794862494206e-13 1.975395985930011712e-11 1.511678928894653396e-11 -1.000102642057592446e-11 4.820052191585521680e-12 9.790170082813177166e-11 7.613930558365058911e-11 1.825527774613239714e-11 1.236482783123020552e-11 6.193599422649793214e-11 1.667243602504647353e-10 2.785170233438431918e-10 3.993824031573620053e-10 6.604113409772216326e-10 7.068125247623298558e-10 3.510722508157821694e-10 -2.659098889021690354e-10 -1.116232368100124943e-09 -1.205207169025845962e-09 3.748824922131985839e-10 3.714014775874561054e-09 5.573762764158161959e-09 4.042249223866039952e-09 1.352344747459567421e-09 1.973452925084514848e-09 8.883468274399298958e-09 1.373691096906051417e-08 1.374380004686022139e-08 6.109877406296243138e-08 1.908716320933244543e-07 3.708127875210553564e-07 6.855824683980861966e-07
-1.561071148091440936e-06 4.811574528187450878e-07 2.473003361533151328e-07 6.971182817546309397e-08 1.526640635212698130e-08 3.761996436084830806e-09 -9.244625535984410294e-10 3.499318157059224693e-10 5.412386475858773405e-09 3.592827777777852826e-09 1.309358956789854974e-09 6.761541896182476052e-10 1.753377096722362691e-09 1.259008409082471131e-09 1.008254272318154129e-09 2.637394012829789740e-10 -9.437356722556101042e-10 -8.900769292241847856e-10 -1.077248000883978929e-10 3.645507810664032702e-10 8.478295645807343386e-11 3.564474675063756975e-11 1.705542190780212854e-10 1.217774253403289082e-10 1.812730059225607491e-12 1.488662793287938401e-11 3.774473830700212469e-11 8.092620969940257020e-12 -3.617420662717338200e-11 -3.613454597001160356e-11 -2.612542719494854500e-11 -2.014895548710400952e-11 4.613656000182206589e-13 2.180113292582993246e-11 1.656151874141496867e-11 -1.004937004491965706e-11 4.169288842587819558e-12 9.667463840636078911e-11 7.482589179232459290e-11 1.281708856009483166e-11 3.324940152928655428e-12 5.783362028325444084e-11 1.729034011702606380e-10 2.898732986503089576e-10 3.972336561964200061e-10 6.632446769201577426e-10 7.112068437784361892e-10 3.541831078179936107e-10 -2.418078520388983143e-10 -1.085650684690846747e-09 -1.172661680307398513e-09 3.978307870370168814e-10 3.735390732342711159e-09 5.584605614840722051e-09 3.810102301108345315e-09 1.094440224433204746e-09 1.990454835400044415e-09 8.565907272163189264e-09 1.331383940662093335e-08 1.353607232208176293e-08 6.181245351853112396e-08 1.975769052768152334e-07 3.976830773402283489e-07 7.674092313466219531e-07
-1.471562773363374359e-06 5.611934693992905325e-07 2.836363222889367717e-07 8.619826946957953983e-08 2.182671911088083863e-08 5.793665810498224593e-09 -1.595478826937921679e-10 5.146416762328912063e-10 5.304509430468878708e-09 3.337492032277159536e-09 1.102488672368598860e-09 6.958777736964199069e-10 1.900944784645608496e-09 1.415200415937529734e-09 1.095040750551299754e-09 3.172422140030058514e-10 -8.842867839538252874e-10 -8.837136706133778469e-10 -1.266988136556336601e-10 3.539516641094700975e-10 8.028401713915868030e-11 2.041691652204420763e-11 1.518988949586622455e-10 1.131223032699101947e-10 4.584961922361297667e-13 1.497974448235504919e-11 3.941472005707677442e-11 8.788968204139147193e-12 -3.443587187940514574e-11 -3.472479200753780395e-11 -2.379579958187349022e-11 -1.806554994524569569e-11 7.774078135860599380e-13 1.991163328852194966e-11 1.407301752743014267e-11 -1.243490603609034500e-11 7.665109704681074327e-13 9.217078168324784670e-11 7.223333017482096673e-11 1.579944732643179124e-11 7.550818038804937201e-12 5.272696245582361438e-11 1.586816209901329893e-10 2.744828734091771065e-10 3.980397256463374941e-10 6.554758413049784071e-10 6.943949571213171563e-10 3.349653912882759749e-10 -2.853353354807987526e-10 -1.130748460805459691e-09 -1.221587561444088610e-09 3.269932142996548952e-10 3.729656997018332353e-09 5.651328508998481091e-09 4.012765840960564383e-09 1.085662494771709112e-09 1.663468289320993159e-09 8.611448218218928360e-09 1.316437547658777463e-08 1.313505479830695725e-08 6.016324815964076985e-08 1.926478369295874050e-07 3.842982119420148170e-07 7.288865869205683915e-07
-1.706926328293020374e-06 4.479569987560188451e-07 2.387367867004895441e-07 6.696903626898728391e-08 1.284826004847533207e-08 3.367496003240122884e-09 -4.808659914634460152e-10 8.250470839220605162e-10 5.630510862664914062e-09 3.537480717619194670e-09 1.125941506919409255e-09 6.373126784170505084e-10 1.812535283253459230e-09 1.330736669700319651e-09 1.058582266294670769e-09 2.992549827303442011e-10 -9.264717508606599686e-10 -9.093630967785543137e-10 -1.233122041441600204e-10 3.588882019394061995e-10 7.543065815249839418e-11 3.397187849483172583e-11 1.666907986303226679e-10 1.147778963070153517e-10 -2.589271135404834492e-12 1.432496194258731818e-11 3.914693220809072621e-11 9.970717667403067049e-12 -3.471952324802320487e-11 -3.568713071145861276e-11 -2.688776556138265924e-11 -2.303056364175251901e-11 -2.459722554455880396e-12 2.048262849347339177e-11 1.860156146225562164e-11 -4.217876540789279886e-12 1.136555880259197894e-11 1.014418603782081613e-10 7.643223202154258508e-11 1.452905004213579015e-11 6.553040609441568817e-12 5.991860578650633321e-11 1.711385913066268420e-10 2.814852874548237108e-10 3.816841423106400734e-10 6.330534066225313880e-10 6.847152283443887381e-10 3.523087985634691651e-10 -2.454853568335656501e-10 -1.118997243329274240e-09 -1.222807629018909849e-09 3.557827390135132838e-10 3.840936537699228629e-09 5.801431492656197418e-09 4.047857361254050420e-09 1.236884801744078943e-09 1.871827153277562617e-09 8.143384057518910991e-09 1.291108593905814820e-08 1.357108433198366627e-08 6.211283450387855418e-08 1.954386085592386420e-07 3.816664025339983958e-07 7.166782686989366476e-07
-1.771834665645937994e-06 4.613695066460681496e-07 2.443726515473373829e-07 6.756082711760286144e-08 1.306836129962975990e-08 2.845259204565798659e-09 -1.092064753430872330e-09 4.684284383905860981e-10 5.604232671105975526e-09 3.588487710263010985e-09 1.021708133275513965e-09 4.690098890887836716e-10 1.678260657269273308e-09 1.235430564285972398e-09 9.976301096056619824e-10 2.750886113304410089e-10 -9.632676841074928505e-10 -9.259221076462776614e-10 -1.199339206123117186e-10 3.819634209934432712e-10 1.041650950173811129e-10 3.506279556398077352e-11 1.694537171503953558e-10 1.253088079487509540e-10 7.170312879222030025e-12 1.865898110003046347e-11 4.130651832822416567e-11 9.905198675193857010e-12 -3.710569679963634979e-11 -3.554742624516091100e-11 -2.314048388230757140e-11 -1.790738336290806571e-11 1.353502542882267032e-12 2.178491096350842896e-11 1.752397886163179677e-11 -1.005594646013872990e-11 3.647929194928552564e-12 9.585758357031420037e-11 7.262002139128015580e-11 1.098658185873607425e-11 3.711693184982313169e-12 5.034067788540229573e-11 1.568711475875913864e-10 2.743574642659322140e-10 3.920338098475875305e-10 6.404774208279698768e-10 6.833231133573239358e-10 3.295503322111790809e-10 -2.713410745268214090e-10 -1.123440209534086906e-09 -1.209393828362553376e-09 3.329094799024874008e-10 3.730670906471640854e-09 5.746797764925163231e-09 4.179258663552748307e-09 1.536979904526248736e-09 2.209669507758524970e-09 8.796097439764113343e-09 1.390906313987303798e-08 1.456911004924826402e-08 6.231044788004370088e-08 1.941663440921983421e-07 3.819019676807459141e-07 7.225637649052695610e-07
-1.449258999077800470e-06 5.380088236583180334e-07 2.717631781481264551e-07 7.851335198203082076e-08 1.694422748500196888e-08 4.744044847056625425e-09 -4.547185563636256646e-11 8.736116756640320185e-10 5.498019926861743657e-09 3.529593987085380927e-09 1.213764978985615603e-09 6.817105117556512628e-10 1.851187724076181110e-09 1.308020878502965000e-09 1.023002567140823284e-09 2.708229997058599782e-10 -9.536221116316480363e-10 -9.219338180927218895e-10 -1.101072437884751642e-10 3.787916319565459825e-10 8.930104516590375762e-11 2.474835383743237662e-11 1.562893793801383929e-10 1.102934575559192805e-10 1.367133184513085214e-12 1.975770040085276055e-11 4.389177470508384233e-11 1.198795973228933001e-11 -3.520569934000462186e-11 -3.850531487838605942e-11 -2.763870025756274624e-11 -2.009289961799229178e-11 8.754522798096399261e-13 2.217091867890786682e-11 1.903176729395969478e-11 -5.965515314362772299e-12 5.962724441376349295e-12 9.556211069673368128e-11 7.322127984300143880e-11 1.820573347594168475e-11 1.754059760051533113e-11 6.675241382829727328e-11 1.664309673280949699e-10 2.752244592995716040e-10 3.864397820688328029e-10 6.451346951698951966e-10 7.033358011409787932e-10 3.314597525849671599e-10 -2.937350784865395977e-10 -1.122585753039601345e-09 -1.161062523605124608e-09 4.319497300382816387e-10 3.721976004994529743e-09 5.626992110015568692e-09 4.099286769395463425e-09 1.352096446054129089e-09 1.996913053980523413e-09 8.746170605694489166e-09 1.384328156043348370e-08 1.471659702262793357e-08 6.428540064720800644e-08 2.017348681655670657e-07 3.967549344679654874e-07 7.341581518321391637e-07
-1.612928791844747215e-06 5.237342162132941053e-07 2.736417563375997226e-07 8.256772124784228604e-08 2.045071063701219917e-08 6.957865624354495479e-09 7.749918522691479116e-10 5.921675091018537074e-10 5.140604353187506527e-09 3.175475769479181293e-09 8.903627992525719831e-10 5.045505834068888112e-10 1.786166463722863446e-09 1.346144618277920156e-09 1.037035587928419182e-09 2.799573576356474341e-10 -9.746787081842031368e-10 -9.324366637793048267e-10 -1.091949290083449293e-10 3.954817477739670185e-10 1.082915709569068666e-10 2.771783039703959518e-11 1.606490912591212361e-10 1.166813211447136306e-10 1.627855056210044174e-12 1.778385371073021327e-11 4.180196865560714504e-11 8.965239411077483949e-12 -3.676937870534977066e-11 -3.583607036553802941e-11 -2.320066229445655131e-11 -1.937731844436325525e-11 -1.397962532255539897e-12 2.068244625096431331e-11 1.917700092149113710e-11 -7.056604490743670236e-12 6.335534946440740572e-12 9.770693196379083179e-11 7.556190846066523081e-11 1.361270443706652150e-11 5.406315626172951629e-12 5.933772966604356707e-11 1.691259427825611576e-10 2.748188425792505215e-10 4.038264004106262394e-10 6.707928759278198551e-10 7.195698870860062293e-10 3.677662746487297027e-10 -2.705519882924345023e-10 -1.143740436674564487e-09 -1.209270266509759036e-09 3.719951394677542737e-10 3.746726830782818594e-09 5.588332514385451965e-09 3.887034034487752535e-09 1.086994508678604632e-09 1.857278159408502473e-09 8.902302865373903423e-09 1.393518423769366879e-08 1.391625379713849623e-08 6.115269482576085973e-08 1.915684919924922936e-07 3.760322119833676510e-07 7.081762355533346821e-07
-1.626717732117952278e-06 4.690584698666728862e-07 2.468541389071125631e-07 7.202115364523484445e-08 1.692152791133939647e-08 5.383881778014703139e-09 2.852427720215105340e-10 7.464059189106389422e-10 5.385469415106508184e-09 3.241649958635678176e-09 9.938663361736294045e-10 6.768274918361960117e-10 1.853185006979146732e-09 1.339233147920633487e-09 1.093834569716759322e-09 2.817828256233040668e-10 -9.810353985724667302e-10 -9.469856505859219234e-10 -1.294328176409675517e-10 3.628935622082598844e-10 9.285003318555784107e-11 4.497993587802449415e-11 1.758721005442634202e-10 1.232735693410627386e-10 6.290001956048877350e-12 1.917022448789267092e-11 3.721326306432224603e-11 4.411451627715487213e-12 -3.785010647070020021e-11 -3.459646245235762670e-11 -2.408449405683574668e-11 -1.982128023621670548e-11 -1.420635298630989637e-12 1.742994425409686722e-11 1.340809396007333313e-11 -1.254758478163115363e-11 3.095577974781350643e-13 9.353353241654956667e-11 6.981646937509128645e-11 8.014720660079701013e-12 8.797074921073372028e-13 5.325908486130226516e-11 1.634292658753922985e-10 2.710629071381485166e-10 3.795469377195478517e-10 6.403226726410426504e-10 6.981684599373401840e-10 3.592681001873638072e-10 -2.765803166812536396e-10 -1.179456346001002622e-09 -1.230130764762382822e-09 3.580952899013894127e-10 3.722220230475281008e-09 5.726168154216571491e-09 4.162102596937884007e-09 1.423353407939694867e-09 2.179224988316093069e-09 8.679901879598342064e-09 1.341540618861705192e-08 1.353242811676272825e-08 6.168176866892812505e-08 1.934308396370498583e-07 3.773270326427262030e-07 7.149746237818764106e-07
-1.238747232394704134e-06 4.549729379048008757e-07 2.440268779518149950e-07 7.096360621118676702e-08 1.607069063795071174e-08 4.814736926227369470e-09 2.453886155423001788e-10 8.005341512789422072e-10 5.668037104353939712e-09 3.716468587995251906e-09 1.304237973301477475e-09 7.691408206816017114e-10 1.929018377428745301e-09 1.339815035142399288e-09 1.043711501853011513e-09 2.767149799641679050e-10 -9.802427356675965875e-10 -9.446565296943720389e-10 -1.223949509255694082e-10 3.563176499154086243e-10 7.587188699651587893e-11 2.435439624394306848e-11 1.661181434672390805e-10 1.216716070822125589e-10 3.262880339608807832e-12 1.957365596672141297e-11 4.478368901474482038e-11 9.893537919706411102e-12 -3.859120778445401144e-11 -3.884054163627569005e-11 -2.743983692640947353e-11 -2.253484341841320490e-11 -1.992138572836866573e-12 2.076061731357683740e-11 1.624955729476065268e-11 -1.056786934164455969e-11 4.204575747111235504e-12 9.713103040036852693e-11 7.291351873997933431e-11 1.301787055377950541e-11 4.769350368507720171e-12 5.236505891448718632e-11 1.565243995878165209e-10 2.618346482566786517e-10 3.759657368115927194e-10 6.298694580690946057e-10 6.989792405727864112e-10 3.819146162607147193e-10 -2.319446023036584001e-10 -1.102465426634207392e-09 -1.218197112569860677e-09 3.645565845783096492e-10 3.769443975495138929e-09 5.656911233842519428e-09 3.900041739511908434e-09 1.142350286366604340e-09 1.806802367758682183e-09 8.145903128833498991e-09 1.297114066248937191e-08 1.277950684231561296e-08 6.021553807819541451e-08 1.909442190742336691e-07 3.773242649356887120e-07 7.084432217143673059e-07
-1.681634963422101089e-06 4.668788532877302935e-07 2.473104763296212189e-07 7.038337814979785321e-08 1.548310424466132145e-08 4.711924831583412091e-09 8.802816929382714379e-11 7.536206669457527538e-10 5.496628406283704177e-09 3.401149864945057531e-09 1.019731579433380412e-09 6.420431244913795155e-10 1.861712427094356711e-09 1.357861765421835857e-09 1.005639704052495092e-09 2.649238402970931306e-10 -9.368849831702112948e-10 -9.264520618554713892e-10 -1.342131596273316721e-10 3.571775416906798335e-10 8.842421365042061912e-11 3.686716693984677053e-11 1.668108739498180194e-10 1.231323630607894446e-10 5.253046839812110681e-12 1.849963958183525541e-11 4.066453785753778581e-11 7.174750658901094550e-12 -3.742558744149781520e-11 -3.556667229451716383e-11 -2.227807013750415275e-11 -1.877265229178414782e-11 -1.810471860720691814e-13 2.157969115626042838e-11 1.662926536671062441e-11 -9.397891847285927425e-12 6.572921675469706498e-12 9.994342993720857306e-11 7.513783358486652551e-11 8.265018366430299123e-12 6.728897704556460608e-13 5.110398321622456806e-11 1.511439693594601673e-10 2.630543899442004637e-10 3.847087072845019656e-10 6.445397450295889027e-10 7.126550228967200645e-10 3.654876696907897624e-10 -2.598401792443054524e-10 -1.101146096099943361e-09 -1.190156461301667854e-09 3.865484720672451526e-10 3.795861038987196172e-09 5.662753402812525712e-09 3.988277740775996400e-09 1.287499008979323939e-09 1.851224313253966105e-09 8.297952963479078461e-09 1.299160451379284905e-08 1.231755249829099305e-08 5.866827407445585801e-08 1.890501471762382470e-07 3.733484878239162622e-07 7.041192552725179536e-07
-1.450123096664399116e-06 5.819505476518711221e-07 2.934093293065419972e-07 8.725829316170135935e-08 2.171377134503090519e-08 6.852252018125032697e-09 7.342708993735423795e-10 9.103420013450559550e-10 5.530582445431334341e-09 3.509838141426950184e-09 1.030079667404724553e-09 5.953812141593977618e-10 1.842044830447847566e-09 1.294709655072435361e-09 1.024877604411815092e-09 2.815654739312025109e-10 -9.339886917418870191e-10 -8.890410490424669793e-10 -8.288564141179555213e-11 4.055288467007372287e-10 1.068498833582729146e-10 3.440653916428977898e-11 1.636888003162130126e-10 1.144222629958876701e-10 -1.263047474040882981e-12 1.428414122542389135e-11 3.714657907497702565e-11 7.224045858329400724e-12 -3.482693128790782150e-11 -3.501428381971085601e-11 -2.458690670313402619e-11 -1.999169998675255641e-11 1.631014699027322711e-13 2.185635571897911866e-11 1.707691511658648377e-11 -7.611383607526638254e-12 6.355425043693567014e-12 9.631690939843822106e-11 7.273313024469289930e-11 1.574356397762480432e-11 1.220398400505038975e-11 6.678360367188817360e-11 1.700599338169227834e-10 2.644425645082253263e-10 3.751947385006086796e-10 6.462512868357245581e-10 6.861380751789104573e-10 3.386740706394823866e-10 -2.666879312777408962e-10 -1.122541458289990637e-09 -1.200978280342157793e-09 3.372136454040538656e-10 3.711991543888799765e-09 5.651050303161818414e-09 4.051129260010246143e-09 1.473756894613578657e-09 2.235558855637034588e-09 8.636839481086725370e-09 1.338496459159436007e-08 1.370693587344226397e-08 6.297380126019897711e-08 2.008341275840635693e-07 4.012398359756646894e-07 7.638728692609034606e-07
-1.744239157417090901e-06 4.887969014751741189e-07 2.567762560084191615e-07 7.436115982442861013e-08 1.790289213488453106e-08 4.973163482919377233e-09 -6.562332726690348920e-11 5.172139080567776488e-10 5.292179470714170511e-09 3.352822915097279611e-09 1.081222947264705852e-09 6.149252953867540802e-10 1.819771292886149967e-09 1.326367595770729030e-09 1.033486881512048392e-09 2.856803046141240223e-10 -9.538427190550909119e-10 -9.018427314223605570e-10 -1.006459858531628194e-10 3.763104378209314480e-10 9.364161043011206092e-11 3.351688497667655303e-11 1.621050412708433052e-10 1.094940474226091129e-10 2.380994725598033243e-12 2.593825055251874516e-11 4.630284641094760565e-11 9.250974159650681152e-12 -3.599465387547862307e-11 -3.424624287814830892e-11 -2.273870637146491529e-11 -2.001538966404795846e-11 -2.902542812488345031e-12 1.787052951000046891e-11 1.399222961144573309e-11 -1.247294973019383225e-11 1.236453422308873501e-12 9.510136480173088769e-11 7.264950032210151790e-11 1.106125407318372249e-11 2.453048406946782962e-12 5.530048026886281666e-11 1.645493133685054997e-10 2.717779578152598485e-10 3.784793961876007969e-10 6.308740578332543649e-10 6.790323549964970217e-10 3.305261711826788974e-10 -2.885274628240687911e-10 -1.141948533350735406e-09 -1.200459678133198559e-09 3.224649928794706055e-10 3.613788871212054020e-09 5.499730567669725763e-09 3.954244521300386714e-09 1.371861655661592378e-09 2.145766086826683582e-09 8.916375655398231998e-09 1.449818565620738233e-08 1.681525694686918793e-08 6.865528718349341954e-08 2.081836750518444967e-07 4.128853247086788157e-07 7.746944068114619100e-07
-1.385348881684360976e-06 4.644441194539464048e-07 2.408238210042428399e-07 6.690644101893530440e-08 1.410794079969825013e-08 3.503931600482676441e-09 -8.486137014162961318e-10 5.907399385989213860e-10 5.563515358517875402e-09 3.463052999394608507e-09 1.015330310321559208e-09 5.531068173270919598e-10 1.772506176586160529e-09 1.304343579111016267e-09 1.035266219882905551e-09 3.042453624833641356e-10 -9.008823373667765817e-10 -8.856807008523846009e-10 -1.291173856041922859e-10 3.495449559821707490e-10 8.383927849703635255e-11 3.023861312944807036e-11 1.611070021770176733e-10 1.237414967374582846e-10 1.304528161014043100e-11 2.532275788457274092e-11 4.130000154370625879e-11 5.010671900554685166e-12 -4.190912214915783268e-11 -3.953570091339300062e-11 -2.427446927771249613e-11 -1.728042063399560890e-11 -1.869666813513945643e-13 1.953914288974470276e-11 1.608903841699022532e-11 -9.777897456632927385e-12 4.087889008194515721e-12 9.558704228812483186e-11 7.519937767033139230e-11 1.543215650514153451e-11 7.932236942442521678e-12 6.097544144067972565e-11 1.694576643798927237e-10 2.717210122311900107e-10 3.842470236553593649e-10 6.613960354225382588e-10 7.129214528846015165e-10 3.395125549310603967e-10 -2.810614214029429630e-10 -1.145718802586774390e-09 -1.227547700666471058e-09 3.299628196026086978e-10 3.735807822080787673e-09 5.729473979179408308e-09 4.109004873306648872e-09 1.401006666901439077e-09 2.185850241137392873e-09 8.544182086409972203e-09 1.267709043006919052e-08 1.164091899848223488e-08 5.935412551166017807e-08 1.931841049297362364e-07 3.837258883323118521e-07 7.214339192067575634e-07
-1.706527142582590192e-06 4.694263875563027700e-07 2.457559136505112409e-07 6.859352431851108869e-08 1.405107831298661786e-08 3.741462806056709591e-09 -1.142677769890491622e-10 4.496108295547131535e-10 5.080526992351926010e-09 3.268941847191227016e-09 9.776263331614998651e-10 5.517844931892636891e-10 1.806295863675670752e-09 1.375805976343189721e-09 1.091457045026569291e-09 2.670492746773372637e-10 -9.875601725007973431e-10 -9.234444368139003514e-10 -9.834208897132901896e-11 3.919363318070590056e-10 1.125869128303141505e-10 4.399569714617546824e-11 1.655585339709495349e-10 1.164565714084569743e-10 -5.126763252895944270e-14 1.559587262144347331e-11 3.902940836406137496e-11 8.352747548586569796e-12 -3.736605053217324868e-11 -3.891631259210108804e-11 -2.605552485859684449e-11 -1.767988776239308047e-11 2.528663915095262297e-12 2.289887124443238549e-11 1.897736857898668979e-11 -7.590095715839644474e-12 5.147524682735942262e-12 9.633430247352041441e-11 7.193432122553070087e-11 1.773307836124412906e-11 1.611172477227013703e-11 6.419839736839110970e-11 1.683677660677998578e-10 2.775614052535094794e-10 3.733416975006557355e-10 6.261607891571622443e-10 6.948064621511922169e-10 3.485935743294824685e-10 -2.677739475925034049e-10 -1.122070623771299741e-09 -1.172779092885473607e-09 3.986702702228666963e-10 3.739339151571319086e-09 5.569625542461746075e-09 3.940021326901455600e-09 1.191415653855251296e-09 2.070711299702664323e-09 8.957618104564664424e-09 1.372781143987744759e-08 1.354579991462772471e-08 6.228831366152822416e-08 2.000898995828611765e-07 3.955726485331666471e-07 7.444822232515148107e-07
-1.868367070818555018e-06 5.200876658784680809e-07 2.717700210809347668e-07 8.097963631241480580e-08 1.848683527915814964e-08 5.081374903070421343e-09 -2.230950026303127973e-10 5.155819660328418643e-10 5.316303869785468235e-09 3.461022779580794051e-09 1.100603395478877016e-09 5.808060182507438253e-10 1.763770808131788898e-09 1.297337834547538990e-09 1.039433614233629438e-09 2.629379272430310642e-10 -9.620517860395674987e-10 -9.142915959199540108e-10 -1.121769866699241939e-10 3.775995934271094726e-10 1.028865034536996580e-10 3.889991479146162718e-11 1.560079552032855049e-10 1.108614598891749700e-10 3.102434468987011978e-12 1.586645310507926406e-11 3.172298010765468360e-11 3.176184980979625991e-12 -3.912614875577209835e-11 -3.713190258675147305e-11 -2.423969862120208889e-11 -2.051118845467119058e-11 -1.307625893659974442e-12 2.143565502997020591e-11 1.754285766276894002e-11 -9.189769695061430191e-12 3.773240274779378594e-12 9.502217126333845855e-11 6.969407405630226165e-11 8.406727022786303086e-12 6.413483229207798806e-12 5.681881127905459080e-11 1.655719814328763612e-10 2.804419375886358279e-10 3.886802010089340695e-10 6.392871005005271726e-10 6.891143582095013852e-10 3.515939561166269929e-10 -2.431366127186017663e-10 -1.106354006308359397e-09 -1.221576717826258172e-09 3.549092303552101737e-10 3.718436158451316567e-09 5.645961881933648328e-09 3.996882660073967954e-09 1.239424774378301721e-09 2.173843352158588032e-09 9.164938844760594200e-09 1.386094358764164146e-08 1.360328889317684742e-08 6.121136051453228166e-08 1.928459956153598146e-07 3.776170592291833868e-07 6.948202595886429102e-07
-1.756370292868420156e-06 4.855745297005289549e-07 2.546045177817316212e-07 7.277100172197812848e-08 1.667248280952314548e-08 4.449069638363953248e-09 -2.012820849562310144e-10 6.980254783746090638e-10 5.380199056493778709e-09 3.443861250096304629e-09 1.222212253137665382e-09 6.429324550964132240e-10 1.754939865349533501e-09 1.286484851432508058e-09 1.048197413496739363e-09 2.681898881919377163e-10 -9.760463703662558430e-10 -9.409040211014958793e-10 -1.286730725404663926e-10 3.643236618048992123e-10 8.917010481713239342e-11 3.806377332772430822e-11 1.671188049325132956e-10 1.169878585257450816e-10 1.265970812627528563e-12 1.604446908209815565e-11 4.010237550746416164e-11 9.205354679040463083e-12 -3.589723386173590071e-11 -3.580610049527636386e-11 -2.249379561113631807e-11 -1.800232788786794117e-11 -5.142295960400619343e-13 2.004895831356783732e-11 1.582822062132020115e-11 -8.797589442835703859e-12 5.533243017777897873e-12 9.615215206773210799e-11 7.190575876936011341e-11 1.603579228033019230e-11 8.865208668807381803e-12 5.876502414454534438e-11 1.690735531826783340e-10 2.844143457364084722e-10 4.038687685368895737e-10 6.612275593868591832e-10 7.059346498026562073e-10 3.630039781530918954e-10 -2.683619206555522301e-10 -1.131258505178788409e-09 -1.167343958623837900e-09 4.299534178953378657e-10 3.782262978699880697e-09 5.736882295000407109e-09 4.114067226793424333e-09 1.334874063110796591e-09 1.943934345810195851e-09 8.597446405783022334e-09 1.304539169034618300e-08 1.262102597787513811e-08 5.947321646704145546e-08 1.891392611778721321e-07 3.715339769391549428e-07 6.883595081979556428e-07
-1.419840996620111127e-06 5.090157228979751836e-07 2.608788160456979938e-07 7.360429732742980442e-08 1.504567305735529368e-08 4.192360120108248064e-09 -2.909874849991088264e-10 3.124657648096069200e-10 5.132008735632391772e-09 3.303706327202547906e-09 1.010417561984860618e-09 6.424135286153943314e-10 1.848077045874752039e-09 1.277238481897651874e-09 9.890379681248443995e-10 2.336655461464571680e-10 -9.507927975787636044e-10 -9.072730798074463953e-10 -1.262251954613639789e-10 3.399506966509293498e-10 6.937063286889667984e-11 2.988808390363708270e-11 1.749447529276625540e-10 1.261143453952262880e-10 6.865034193961288180e-12 1.872560171280727324e-11 3.815350199577426150e-11 6.674501913836841987e-12 -3.925986585337893630e-11 -3.802571189959213516e-11 -2.469382866635500137e-11 -1.868260687123301334e-11 -6.727529909322927970e-13 1.954742045535366659e-11 1.694487112641504604e-11 -4.876631467147359608e-12 7.875695178136996945e-12 9.355574079663894042e-11 7.009581224270650950e-11 1.242347569265216818e-11 7.613438672695433174e-12 6.154005524443546503e-11 1.592590845138491095e-10 2.678166037037683115e-10 3.914979917670014416e-10 6.508355958836401564e-10 6.916167333051004828e-10 3.392565042752580212e-10 -2.674739896613371072e-10 -1.168845994023110240e-09 -1.290336247689851181e-09 3.034571435395830096e-10 3.713945311468541692e-09 5.642902744991902884e-09 4.008369133819700799e-09 1.286675082893300301e-09 2.065878427839671151e-09 8.899785618752200800e-09 1.418262456732063985e-08 1.536411401146585263e-08 6.508501114184969964e-08 2.025328088297473303e-07 3.988201690554680036e-07 7.428141283832653733e-07
-1.765764038111208531e-06 5.187646013843756456e-07 2.772682635154575518e-07 8.528819234350481246e-08 2.172480843378320711e-08 6.919288990897328265e-09 3.346096321501497111e-10 5.855901422021848962e-10 5.422156806135666821e-09 3.545918976577517570e-09 1.168052774187738385e-09 7.074818520090129394e-10 1.870963207916815885e-09 1.385095246006025662e-09 1.114075952390675938e-09 2.872375785148894476e-10 -9.974476528990020870e-10 -9.505119846780122026e-10 -1.375410201755700850e-10 3.518225890560937490e-10 7.994289134950641958e-11 3.582585339333777547e-11 1.672218573964990726e-10 1.168222744767153259e-10 5.159211241208547644e-13 1.690844687765593369e-11 4.159338631950802908e-11 7.953197760640222928e-12 -3.742987508391451257e-11 -3.598667101660648520e-11 -2.288850611136619666e-11 -1.753169460586035070e-11 1.436841448492264206e-12 2.320523398763389698e-11 1.686296851392030096e-11 -1.064751953553618920e-11 3.322859055291947439e-12 9.513506105313503809e-11 7.413032519243065166e-11 1.920838119591993170e-11 1.401010247147530795e-11 6.097699504517115339e-11 1.624585181740783096e-10 2.676905428597865193e-10 3.831523496652832675e-10 6.441709282714591473e-10 6.971396316243356438e-10 3.419744513257598295e-10 -2.770826670674225186e-10 -1.143683878040498093e-09 -1.221999791731393675e-09 2.922337240330873663e-10 3.622892056160604959e-09 5.599517470218195579e-09 4.114714213946224436e-09 1.421089274157372076e-09 2.080049252960500337e-09 8.609794332204213777e-09 1.295992476186902096e-08 1.180053197855911850e-08 5.821081399942674186e-08 1.895488898548624366e-07 3.768109241678218576e-07 7.117646233717503762e-07
-1.595648008055550430e-06 4.724930404666360430e-07 2.566978791396963244e-07 7.475882410393558617e-08 1.662433139913762146e-08 4.992792709237616123e-09 -9.817569665868918284e-11 6.263927065214417782e-10 5.556386784760580563e-09 3.592245493071769788e-09 1.138239470207607762e-09 6.935226198919450735e-10 1.871757544930275995e-09 1.255835174486573947e-09 9.561774202857846825e-10 2.407301829728255281e-10 -9.670541045201559086e-10 -9.266663238416057579e-10 -1.220850126456956657e-10 3.629482719562028112e-10 8.312053571374528800e-11 2.650457286428727725e-11 1.522990268639560028e-10 1.115160439335726379e-10 1.000699317541066223e-12 1.662652727901812785e-11 4.244335458176817222e-11 1.106220811234452851e-11 -3.629216904277903142e-11 -3.629227410872518102e-11 -2.543372028983470169e-11 -2.105401419307663224e-11 -2.509733235482824253e-12 2.053163865158610911e-11 1.875856344720100293e-11 -8.212035096780934772e-12 3.918199259671354097e-12 9.448926309381933815e-11 6.797684995674775802e-11 7.186709390298598217e-12 2.837487096923031304e-12 5.661324292255362230e-11 1.664485567992314441e-10 2.785016291110871490e-10 3.960450300458162210e-10 6.461853273698082219e-10 6.923201495130818799e-10 3.536727104830655733e-10 -2.605585203369749266e-10 -1.124125615774574338e-09 -1.178757498517060790e-09 4.431790500210638141e-10 3.786333292388427427e-09 5.594760694987715248e-09 3.988320506158776859e-09 1.290831945006696087e-09 1.918483938283416545e-09 8.547347553391889984e-09 1.318017740684746881e-08 1.268915873966408756e-08 5.900438041025951350e-08 1.891686408758250620e-07 3.737103786623658655e-07 7.093466308797765810e-07
-1.699477573967570665e-06 5.045093608426212460e-07 2.641703088993920983e-07 7.739843929615761241e-08 1.748881644280282112e-08 4.392261628343136462e-09 -4.519378675859840859e-10 4.012647359212359262e-10 5.369505888381332542e-09 3.389031952586312567e-09 1.041246871110837401e-09 6.129486739356222753e-10 1.800632648576854608e-09 1.337965545307908666e-09 1.060371155356127523e-09 3.001883389317287292e-10 -9.427102881334847259e-10 -8.972676242562103727e-10 -1.007750847291553469e-10 3.806337063243841653e-10 1.082990978090206045e-10 4.988325141936070782e-11 1.737515257400827746e-10 1.201638026428020663e-10 2.215960638905218045e-12 1.259351068314987787e-11 3.491850879855936735e-11 5.533873287144899205e-12 -3.736075712851539885e-11 -3.578475747512159438e-11 -2.372832390135862501e-11 -1.836384283115699878e-11 -5.595161189396574127e-13 1.992234470697662586e-11 1.380273185812013031e-11 -1.343581840240452102e-11 3.636689668185848218e-12 9.686568305976848426e-11 7.053802956141907753e-11 6.759328098238655555e-12 -3.496147121486060581e-12 5.465525921243114676e-11 1.705962194773389763e-10 2.800798048584965788e-10 4.031000636852970364e-10 6.762773608181880131e-10 7.123203639485227981e-10 3.402353066136663463e-10 -3.105526245026722741e-10 -1.180914969817139133e-09 -1.249639529237628796e-09 2.974817958419611657e-10 3.659979599912518089e-09 5.515346977032902495e-09 3.915318533889184809e-09 1.235127394348941992e-09 2.030175539421383955e-09 8.954763161875778673e-09 1.436301155962543146e-08 1.441878655775642022e-08 6.278036858324932001e-08 1.989417356792938750e-07 3.926614015391369707e-07 7.445366563257494043e-07
-1.826979053575626622e-06 5.314998915898329178e-07 2.709990082405667599e-07 8.244726493962630274e-08 2.072708769303044821e-08 6.438800521015409259e-09 5.686003727527604795e-10 1.074252390631398112e-09 5.796744192600025776e-09 3.710051048702421985e-09 1.279389525882135305e-09 7.188557898996171858e-10 1.893447683181517288e-09 1.321454579782239900e-09 1.033875458113111678e-09 2.962662958406624564e-10 -9.438358938051255431e-10 -9.265521258892057434e-10 -1.189349396934972504e-10 3.835901037672448938e-10 1.054551639089112105e-10 3.187137958565411982e-11 1.533434650696869041e-10 1.104182221922129925e-10 7.919736232966381982e-13 1.700586055526278591e-11 3.974685350589302332e-11 9.190055982977347821e-12 -3.626524221851803535e-11 -3.610851062588447655e-11 -2.457886248054501892e-11 -2.058865679192252014e-11 -2.340499824028682634e-12 1.754446303945243370e-11 1.380319630309378502e-11 -1.123564778022083487e-11 3.896571280087587035e-12 9.757333060502949940e-11 7.532332795884678221e-11 1.600153880520568287e-11 1.181971177657065457e-11 6.286587249126900889e-11 1.697504120837628039e-10 2.780399846609228872e-10 3.873540469418884186e-10 6.410464292244254213e-10 6.759209424800442565e-10 3.305761981031409953e-10 -2.866159553270337255e-10 -1.143404421502060569e-09 -1.159721000703725882e-09 4.856220872073459474e-10 3.841678799717523553e-09 5.754532141469735340e-09 4.025571992028361178e-09 1.126425035728701986e-09 1.993403733616363361e-09 8.981428208479068138e-09 1.390809440581376268e-08 1.354638728880177813e-08 6.074264712349570303e-08 1.934426780635573194e-07 3.861436339612500318e-07 7.462384335684796219e-07
-1.761733490635073058e-06 4.148235567246130093e-07 2.204927220312540982e-07 5.882671361604219784e-08 1.076898493197346435e-08 2.054231436119614737e-09 -1.298230171503196973e-09 -8.743463197333999526e-11 4.955115339087617376e-09 3.282583168907935795e-09 1.035596001183310599e-09 5.532075927754304367e-10 1.828672929255607218e-09 1.248571311790172499e-09 9.509846270789426770e-10 2.465868604580352845e-10 -9.353795429041593192e-10 -8.989654075301101113e-10 -1.113101652237097943e-10 3.720039469813061239e-10 9.440881235875792460e-11 3.018368903192540049e-11 1.601024310354546245e-10 1.175659603850251312e-10 6.756035637028144214e-12 2.307403481606830361e-11 4.236820139035221159e-11 1.238405699089085397e-11 -3.304168972812315791e-11 -3.620822401999349104e-11 -2.690949184183842512e-11 -2.029507599717055895e-11 -7.964146394447109980e-13 2.084887647966220915e-11 1.818357537611571368e-11 -6.270697879085235335e-12 9.534972809708486082e-12 1.010888771268953362e-10 7.493322537217120218e-11 1.234452488194010348e-11 6.119954564662609385e-12 5.197153219107411539e-11 1.558992435586600096e-10 2.736318911295772765e-10 4.022922138225803176e-10 6.664905238495738541e-10 6.895316147242171091e-10 3.341520372244198750e-10 -2.521273611775730927e-10 -1.128893106120435055e-09 -1.247067996826508655e-09 2.322305840085022374e-10 3.613018778253694696e-09 5.636076118380185068e-09 3.921895866991627532e-09 1.099328227267949762e-09 1.997606917880473780e-09 8.815920452644181709e-09 1.358050319722474761e-08 1.355701193578440642e-08 6.141318781556093398e-08 1.970049112042261859e-07 3.943796965432296757e-07 7.500045828405578210e-07
-1.887587386942283202e-06 4.618425889174542369e-07 2.461912705883385079e-07 7.189797485260414564e-08 1.621565389529333067e-08 4.943672613913338533e-09 -1.266389654468593606e-10 3.320367853932024465e-10 5.187188687053319934e-09 3.434049628829179560e-09 1.231096227229045012e-09 7.114809420484265096e-10 1.813168027639209335e-09 1.351960197297798857e-09 1.070772472918858224e-09 2.824427645740301306e-10 -9.532996092720873951e-10 -9.305530773690069192e-10 -1.301447787477007126e-10 3.514410070559742230e-10 8.783433721305344475e-11 3.580548771836168397e-11 1.683789005698517318e-10 1.200474381062864492e-10 5.629023239213517191e-12 1.785333339061923241e-11 4.071530809289913773e-11 9.061759388343700397e-12 -3.654584468336987750e-11 -3.536974720145891963e-11 -2.416931880597828305e-11 -2.100690562876957201e-11 -2.335066023399850804e-12 2.010824405004093077e-11 1.585241142010562151e-11 -1.153435796989794411e-11 3.276419077729687296e-12 9.546751651143054263e-11 7.262466443333241385e-11 1.033759444215267720e-11 4.320668629837777142e-12 5.153924386089387034e-11 1.640503754841015161e-10 2.803584187623307443e-10 3.986943423311777663e-10 6.526034070690544425e-10 6.868081821279422760e-10 3.295131316783399167e-10 -2.793988755689417943e-10 -1.135234097292742991e-09 -1.232952466499443828e-09 2.634117746602000158e-10 3.595776102928614102e-09 5.597188071023373449e-09 4.042286063505501203e-09 1.232440079659538127e-09 1.921447712814584762e-09 8.702560542498919362e-09 1.386210856112446686e-08 1.393094329367031231e-08 6.168413197020933579e-08 1.953484572612498691e-07 3.805867559872050183e-07 7.062381627531943553e-07
-1.378411203458120617e-06 5.013835217297814795e-07 2.648143082485508172e-07 7.675726866594824484e-08 1.723475790182422018e-08 5.017670587245388518e-09 1.489615564161648625e-11 6.771246236068162561e-10 5.552487505768077393e-09 3.548616001307293261e-09 1.019338452057674060e-09 4.546880230448244117e-10 1.694954765727425788e-09 1.280451883686122114e-09 1.044482021528088381e-09 2.972444593061627781e-10 -9.119091259326975682e-10 -8.542134207494984522e-10 -8.744264168989920107e-11 3.656682906377627380e-10 7.651862600952259972e-11 2.203049908695180843e-11 1.581904944404934375e-10 1.111932521230960389e-10 -2.722819543274322522e-12 1.438623965260197305e-11 3.893158075653179094e-11 9.150925368106106150e-12 -3.521263014632091557e-11 -3.710247135886820325e-11 -2.652962756949146839e-11 -2.090348661164883871e-11 -1.321019811797567203e-12 2.023206084029383342e-11 1.598692678962568916e-11 -9.781371684297408414e-12 4.666270898793014423e-12 9.639308786967504658e-11 7.341542824052240943e-11 1.411768874462473712e-11 8.883596494792902316e-12 5.932670030600360116e-11 1.638498832768141037e-10 2.689705284936547695e-10 3.890095297512646277e-10 6.548890444458183394e-10 7.164932987190719352e-10 3.535898645196957001e-10 -2.930285028928422060e-10 -1.141704309791696137e-09 -1.188153323308948664e-09 4.171874739649880409e-10 3.762224693649523207e-09 5.621158243521164426e-09 4.094194011211447138e-09 1.517436792753719884e-09 2.098036653139935514e-09 8.272836576336974802e-09 1.285133765854141869e-08 1.346756095299703590e-08 6.410574379600506125e-08 2.022711946649549972e-07 4.058443376698832550e-07 7.716021838051964333e-07
-1.887005878920401919e-06 5.138695671950700988e-07 2.617955824779434653e-07 7.457430180825437266e-08 1.635128916355820889e-08 4.161702877885604158e-09 -5.753345032450704935e-10 1.542022298501185462e-10 5.033982495724083376e-09 3.419856181290616160e-09 1.120007065166482297e-09 6.503911996852255529e-10 1.798628176758984538e-09 1.318446704037611170e-09 1.015751069504489596e-09 2.491515146169733866e-10 -9.852304431847733792e-10 -9.325239940996411105e-10 -1.200666232122005726e-10 3.623614735310451907e-10 8.374154070150483605e-11 2.452117218253235700e-11 1.602149875905380671e-10 1.216600184695094416e-10 7.624830999842273971e-12 2.293865684549309565e-11 4.498177245812570847e-11 1.154384214487626178e-11 -3.402423601927771412e-11 -3.518953091569052481e-11 -2.579905474333132436e-11 -2.223516445036408315e-11 -2.263478913710143570e-12 2.094863403319919363e-11 1.835418279619394899e-11 -7.205373031116342028e-12 6.255642270010004975e-12 9.671613174256154723e-11 7.348772720423528381e-11 1.072532433111395793e-11 5.072375709626961202e-12 5.794396098984193247e-11 1.682178283855222344e-10 2.730712064690518924e-10 3.887276497696675117e-10 6.546064331763392202e-10 7.065287558118180855e-10 3.571586694632611691e-10 -2.464764934387859916e-10 -1.115685155550775034e-09 -1.180243037017485683e-09 3.549360522082494271e-10 3.689870911678278241e-09 5.512876934931962107e-09 3.915993199553827489e-09 1.264631366758341536e-09 2.060797955351808855e-09 8.796706928477084069e-09 1.396545267400231391e-08 1.420916215115427888e-08 6.034246458799010296e-08 1.892271489674470304e-07 3.679946019688055959e-07 6.845478054130054867e-07
-1.448040010078446075e-06 5.291376596509633127e-07 2.732144485659223372e-07 8.278634281287148061e-08 2.091992817384628114e-08 6.493494396136544006e-09 3.179164164683604920e-10 5.642010260734398204e-10 5.428793401493200462e-09 3.550852332802408335e-09 1.092964749091508756e-09 7.140943240834798441e-10 1.893506697245770413e-09 1.338202049507972936e-09 1.031489787335492860e-09 2.893921014006990193e-10 -9.450772293440386126e-10 -9.254071470638071623e-10 -1.212625642242357750e-10 3.549528598404949396e-10 7.322194705633712573e-11 2.109696672062115751e-11 1.563814632737678881e-10 1.197778476074410426e-10 1.090587848572254750e-11 2.061737573292456021e-11 3.521043642861093692e-11 3.322233570308745439e-13 -4.195568006910641371e-11 -3.877799339000706931e-11 -2.689333512714950536e-11 -2.231297418307080485e-11 -2.357860149898145206e-12 1.932403895233297035e-11 1.546566195157716612e-11 -1.115385981892022027e-11 3.944852623421227653e-12 9.774733241422314753e-11 7.234948311707213197e-11 1.075381516008738552e-11 4.484261407338252549e-12 5.400384462988510866e-11 1.667865023354880519e-10 2.794639078911448837e-10 3.886019608774043066e-10 6.358236413529732795e-10 6.954768325405613853e-10 3.680868723986007816e-10 -2.601297446163459408e-10 -1.184888513299965720e-09 -1.264542680183413864e-09 3.286174958822430338e-10 3.698048767393986676e-09 5.577342840765187076e-09 3.889159268871186420e-09 1.162891289208878114e-09 1.999842633692235563e-09 8.544983565296755237e-09 1.334929040940706276e-08 1.262886714485596060e-08 5.787229260280204551e-08 1.850970777159280175e-07 3.626125425160170760e-07 6.833973584188032017e-07
-1.211446192454869202e-06 5.255819324210190953e-07 2.695730391586053415e-07 7.950271687890615788e-08 1.901639174157333705e-08 4.950169262835323357e-09 -5.553548853302507184e-10 4.226681166458183397e-10 5.420348542433985066e-09 3.398839579536445515e-09 1.063061207346900966e-09 6.159944422987347037e-10 1.861113783732713397e-09 1.439339891688894404e-09 1.118643921931378909e-09 3.154194598087195561e-10 -9.513577039203029872e-10 -9.291234005444846497e-10 -1.390807402468575137e-10 3.599175238775745051e-10 1.020007849047847559e-10 4.059224474869534617e-11 1.695839945313602132e-10 1.227016177828975209e-10 3.806022041215633049e-12 1.548318204878990690e-11 3.967241918463478190e-11 9.885560566707087505e-12 -3.576113374861336545e-11 -3.658072748120946263e-11 -2.710690269679738556e-11 -2.258019925584795188e-11 -1.388013367056508028e-12 2.110691016796913875e-11 1.653917426259538076e-11 -9.758526201556868062e-12 5.027373593936095916e-12 9.810204951507058424e-11 7.436329427418032695e-11 1.400163555990555484e-11 1.014834572120233548e-11 5.673921514213636577e-11 1.580694462055542595e-10 2.679641247678168073e-10 3.811907961763898274e-10 6.388822970901815532e-10 7.108063922640644701e-10 3.703742952605988971e-10 -2.751127184281045593e-10 -1.161141460433324431e-09 -1.243982579285011336e-09 3.552912945453669559e-10 3.754507827601929108e-09 5.796237220210894926e-09 4.316966188285484566e-09 1.688357569724149617e-09 2.357466580442147262e-09 8.892245681409832124e-09 1.387822653549076619e-08 1.450870832597416680e-08 6.282924794816111971e-08 1.953841046784742423e-07 3.909730077816324898e-07 7.485231776646563961e-07
-1.707264815646078509e-06 4.905288455837175403e-07 2.536315692793356926e-07 7.456493507040172123e-08 1.743984660432677671e-08 4.719929992752430680e-09 -3.982937270934415933e-10 4.991276436168318681e-10 5.413956152748118781e-09 3.511083387440623613e-09 1.066154128501598590e-09 6.126910731870712626e-10 1.865604507648712101e-09 1.356571705136085527e-09 1.025513321491988785e-09 2.680031582809314022e-10 -9.329411920782307116e-10 -8.952041581767271422e-10 -1.064014719991652444e-10 3.648902402758625137e-10 9.310603830878595663e-11 4.041231365994070963e-11 1.714451997038821957e-10 1.238180852995866376e-10 5.205561580666689629e-12 1.432057479101975829e-11 3.537451944103135186e-11 7.638440371649946922e-12 -3.597957313066701410e-11 -3.535647349607191748e-11 -2.347113441418771431e-11 -1.932908399976759189e-11 -7.916171801887617083e-13 1.952522698103640330e-11 1.602167415556852687e-11 -9.852538475513103475e-12 4.761468978233394610e-12 9.433107578645498812e-11 6.992188124673263138e-11 1.135803875586856253e-11 4.152174505067692780e-12 5.402691712406535349e-11 1.644424887149719514e-10 2.753974474339842180e-10 3.787168712429639051e-10 6.227763383298077019e-10 6.895641283687048493e-10 3.778886905064745528e-10 -2.336171190534082744e-10 -1.141114081913933582e-09 -1.244965884622110462e-09 3.102483951252392538e-10 3.671889335866380142e-09 5.588868784145201710e-09 4.005904262242156125e-09 1.400856376130359411e-09 2.184619730494227271e-09 8.957549615695505857e-09 1.415015537598507827e-08 1.545252643528165596e-08 6.591414957929349728e-08 2.016493089251353541e-07 3.947061623501326819e-07 7.486213460300994762e-07
-1.569488261461755404e-06 3.645755116815025076e-07 2.122279573826798662e-07 5.831709243723575533e-08 1.097632957369926236e-08 2.701045248221671729e-09 -8.512959812494712330e-10 4.182626050461057903e-10 5.621862647546358840e-09 3.849203901239464704e-09 1.243109083181143177e-09 6.002630130385959932e-10 1.799027306503471932e-09 1.277701228092031757e-09 1.005864173708627719e-09 2.701951186313084254e-10 -9.591802792771750427e-10 -9.091102909583488407e-10 -1.033106614021960647e-10 3.864185336139123525e-10 9.854211755864541304e-11 2.893805329145688162e-11 1.627278451399757164e-10 1.167609808321382319e-10 -2.438861534726525656e-12 1.182104080900615423e-11 3.466508442590181759e-11 7.578460781465882274e-12 -3.394128092693889507e-11 -3.403327744923242920e-11 -2.302359029116352983e-11 -1.960896393007780927e-11 -1.456914784156538828e-12 2.046532240613674235e-11 1.614515453651553422e-11 -1.081509021114582964e-11 2.682002541196680995e-12 9.565901586966016514e-11 7.255358662268857555e-11 1.259718841687581680e-11 5.946922210874076676e-12 5.781730922311070706e-11 1.706255253972946461e-10 2.820191095018367210e-10 3.953582391612774106e-10 6.600630061492170590e-10 7.359436592420187455e-10 3.864753142929596258e-10 -2.524405011020015618e-10 -1.134354333246220033e-09 -1.219714744115362866e-09 3.468497774156699581e-10 3.717411365794238629e-09 5.591689290197599483e-09 3.896161132462467243e-09 1.180076567039407621e-09 1.993009459489189916e-09 8.795792812521206583e-09 1.375878815000984390e-08 1.372761926747005533e-08 6.196691916673483471e-08 1.969567397123573168e-07 3.905734234468848540e-07 7.323189797354844101e-07
-2.060409530367335585e-06 4.388518949444367372e-07 2.330014207045141991e-07 6.588346387210894118e-08 1.458509998884576063e-08 4.078175806130994850e-09 -9.471488310507697459e-10 -3.374289214936367121e-10 4.811600117252622091e-09 3.266100221665193434e-09 1.063096668912629967e-09 6.041481710162173799e-10 1.816211579698328145e-09 1.330608104345750960e-09 1.063725521272196239e-09 2.823749438136605976e-10 -9.757312278304214716e-10 -9.519804859711243536e-10 -1.337746545422672514e-10 3.677131703211386269e-10 9.218190898502842711e-11 3.251865439770384991e-11 1.648292349532853551e-10 1.119745859948283504e-10 -1.265445139797057584e-12 1.559504615514201124e-11 3.768793485376225301e-11 6.839184536201136344e-12 -3.765842069290782956e-11 -3.519616576572802856e-11 -2.422847101012208579e-11 -2.004778478652490346e-11 -4.401767379682900308e-13 2.200376331404273772e-11 1.862616472613103355e-11 -7.424883358271303757e-12 6.620045056094154429e-12 1.003731531544880276e-10 7.655453995166909723e-11 1.166517129844099356e-11 2.383209968378264591e-13 5.040535663539012609e-11 1.648018908868153275e-10 2.791030692023064369e-10 3.922376670328423902e-10 6.449810666448087038e-10 6.981367827944615313e-10 3.556097597365421905e-10 -2.596923227418556332e-10 -1.143910484168203949e-09 -1.251664172706511765e-09 2.504148143360370748e-10 3.638408460088727753e-09 5.839721078829886462e-09 4.335501004948331404e-09 1.564031726150386710e-09 2.304929911227171690e-09 8.771376085244327432e-09 1.328844751753986691e-08 1.315908551738036966e-08 6.176306192912582357e-08 1.974368295172001024e-07 3.915260904176342173e-07 7.348510761105855822e-07
-1.715768877499902348e-06 5.072357093450881378e-07 2.653324409259530893e-07 7.655007968019865386e-08 1.702578246792593431e-08 5.061076076793648153e-09 -1.117339293069125431e-10 6.375350221935769993e-10 5.493756388212478937e-09 3.479844356593283773e-09 1.130631814840504040e-09 6.311794770789784943e-10 1.836834672102012631e-09 1.360157733392524951e-09 1.049086852972166205e-09 2.564065039027212282e-10 -9.772499138732700372e-10 -9.120089894254976140e-10 -9.764466497193205225e-11 3.774564374417979788e-10 9.121845947760102374e-11 3.402941834381489881e-11 1.596620790621575428e-10 1.148608883675080616e-10 1.946323006111799495e-12 1.636507168913768637e-11 4.078185163517574212e-11 1.088073493800201326e-11 -3.520505979864840478e-11 -3.668578366147811217e-11 -2.483126547431554448e-11 -2.112381013386259272e-11 -1.289811879650631149e-12 2.081311069938744969e-11 1.681703316872432983e-11 -1.036225569369171573e-11 2.727151804121622864e-12 9.661322694929602381e-11 7.327152194621821172e-11 9.135111769148986458e-12 -7.900561471172672015e-14 4.610780542792739723e-11 1.582139347590247025e-10 2.776750995612368361e-10 3.925485281374276651e-10 6.589975218307600907e-10 7.175243143751220296e-10 3.728536613747376044e-10 -2.723350528380458108e-10 -1.147663861074448447e-09 -1.259931669130681159e-09 3.133930491291164689e-10 3.698986503280338558e-09 5.617524576671670460e-09 4.039573531370913879e-09 1.243009446072283266e-09 1.997966800182285059e-09 9.267273984876500548e-09 1.520540275879709692e-08 1.710799361646709607e-08 6.760494078299966149e-08 2.083108319012553253e-07 4.249464920575805953e-07 8.433935685267687405e-07
-1.439185959239482807e-06 5.174122359637743434e-07 2.681675582172151747e-07 8.015355468348255935e-08 1.920316946357564376e-08 5.495442189367884534e-09 7.931552064851907655e-11 6.245939375367029601e-10 5.394714573503305279e-09 3.472840407889613007e-09 1.069917909141154043e-09 5.332386697371309773e-10 1.709925943357490141e-09 1.209390324011218486e-09 9.807228667176224928e-10 2.679369983888104501e-10 -9.728288876323535478e-10 -9.524059379057574950e-10 -1.416236319919240297e-10 3.686841394359317357e-10 1.087192488331591308e-10 4.268531284381643438e-11 1.577929588334595275e-10 1.122150525453797472e-10 5.687546990155089229e-13 1.868462843194064878e-11 4.178657587330413787e-11 9.960491342106366949e-12 -3.644590317317085673e-11 -3.927218102723941558e-11 -2.671640165764602913e-11 -2.006212557402708669e-11 -4.208105324170944455e-13 2.016484822403649073e-11 1.614269684806534053e-11 -1.023619308590333300e-11 2.675862346142597516e-12 9.822323419283513975e-11 7.553301692416572275e-11 1.416972002345149077e-11 3.890443861696327330e-12 5.216536752760556691e-11 1.608852384916882831e-10 2.679385305775186067e-10 3.811617203675915837e-10 6.454364716470188475e-10 6.947023826910362296e-10 3.508189462145448877e-10 -2.667318964819081113e-10 -1.137040811209673399e-09 -1.199812888553307914e-09 3.943184085309093328e-10 3.803148306925742889e-09 5.722859319197032303e-09 4.097246386456646464e-09 1.474596653444361689e-09 2.171384387168783601e-09 8.921147647196583188e-09 1.368470169650798987e-08 1.365523348116870115e-08 6.204485446168999581e-08 1.980569978449223532e-07 3.980935113370111336e-07 7.565713172213925127e-07
-1.441986395502631901e-06 4.906930934084640151e-07 2.514275373961636435e-07 7.203225592821134544e-08 1.578346785980331865e-08 4.738007298767673589e-09 2.162613057415523250e-11 9.185205274601202485e-10 5.750865475363691690e-09 3.699233078008036510e-09 1.221552308612554591e-09 6.523988376922568156e-10 1.833292064879710755e-09 1.289535830552505684e-09 1.055989644143462087e-09 3.003895155617084144e-10 -9.624516642053143444e-10 -9.280491737741705078e-10 -1.244942589883097255e-10 3.562758729704465157e-10 8.536935624754320887e-11 3.289518515276518576e-11 1.682595576260428242e-10 1.249238572366086200e-10 4.685982497210519602e-12 1.511772706161239437e-11 3.818028787222395911e-11 8.478103129176545358e-12 -3.505073315914959605e-11 -3.483497244892687891e-11 -2.343572337523074720e-11 -1.936828241168840831e-11 -2.354507099895941419e-12 1.888307787423983145e-11 1.521477953314340941e-11 -9.401324363548360414e-12 5.108638135754921200e-12 9.520840348391825110e-11 7.198319365886989007e-11 1.211935004042205355e-11 5.539503088496081098e-12 5.723143644750017568e-11 1.628126780961390273e-10 2.759236313130150161e-10 4.047646768508321276e-10 6.604506788714487033e-10 7.125120073120937770e-10 3.580248381013573189e-10 -2.664506782748452199e-10 -1.117271261345143160e-09 -1.186418002130182714e-09 3.336472605379346560e-10 3.617841157305910575e-09 5.600018987617442019e-09 4.025927789172908984e-09 1.181590334196984636e-09 1.887976296314651451e-09 8.558754863849405107e-09 1.264076005240864996e-08 1.132764546178939092e-08 5.831253768714305297e-08 1.922712481380181040e-07 3.879677782419624646e-07 7.353325146210682422e-07
-1.791286383422050845e-06 4.695279798271437375e-07 2.489080062209453048e-07 7.072361927538999831e-08 1.469869980401772383e-08 3.573213906930224960e-09 -6.006597788731349784e-10 6.825449063549729576e-10 5.608228766690648354e-09 3.555484725930123722e-09 1.200876991317029036e-09 7.164117205570419540e-10 1.868110016424151317e-09 1.347072216396103883e-09 1.036073131627049382e-09 2.924479464286486631e-10 -9.354164887583842607e-10 -8.938339495079352981e-10 -9.554170727507774657e-11 3.790277382597426303e-10 9.216557888100517424e-11 3.064552155911801850e-11 1.647242288184759442e-10 1.165326238995093685e-10 3.595319384044696260e-12 1.756031953899823349e-11 3.859710977596520747e-11 7.395000526731369997e-12 -3.690041837777812796e-11 -3.672180025271670088e-11 -2.621228977657994753e-11 -2.124365943802070904e-11 -2.203366902908929620e-12 1.815094212294489584e-11 1.384674350173276570e-11 -1.243490919290152970e-11 2.674138822661331279e-12 9.448000600345953744e-11 7.429165396170506072e-11 1.591946934405959985e-11 1.137332243786678275e-11 6.074347549273468670e-11 1.713270350486919275e-10 2.811820086749544879e-10 3.850168609370498456e-10 6.298820112244786248e-10 6.942678411515756367e-10 3.621031231244805963e-10 -2.545855864130838855e-10 -1.123537021993435990e-09 -1.243624159319641273e-09 3.143531108345615492e-10 3.795891262570762819e-09 5.768765110120824263e-09 4.120190952539010531e-09 1.390289155499549285e-09 2.335330630215130811e-09 9.337943358865857409e-09 1.474070888867806724e-08 1.683374711046463630e-08 6.952371817802015069e-08 2.101684996733399905e-07 4.057471614117929704e-07 7.522883779861194205e-07
-2.091987538922654298e-06 4.482236915889347238e-07 2.426057373190096223e-07 7.036430554045739423e-08 1.649013445482997850e-08 5.995767318383298158e-09 5.115460445387426016e-10 9.893796124887046732e-10 5.527284860729868710e-09 3.390899573710718055e-09 9.692327344309823069e-10 5.642559019873519929e-10 1.874988333119966617e-09 1.393783203017062605e-09 1.083832935808835312e-09 2.837914741514711110e-10 -9.654049892217683112e-10 -9.301311507126596561e-10 -1.271418129836679064e-10 3.685803717411561257e-10 9.123245685069366141e-11 2.786430596710717158e-11 1.552471854317213853e-10 1.114552398274114672e-10 -9.509050704610305844e-13 1.509031525549408753e-11 3.626506529455746741e-11 8.224209584584777137e-12 -3.572383011636373088e-11 -3.507543239431163068e-11 -2.417081911849624325e-11 -1.943753363779537573e-11 -1.393735150196300000e-12 1.941990234121991989e-11 1.568854511099277134e-11 -9.315798615792228068e-12 2.585100935531737967e-12 9.322306454315207121e-11 6.986208311035238074e-11 1.009173302356861442e-11 7.841445742742297762e-12 6.129591266040284492e-11 1.662340054836547361e-10 2.760971569915075842e-10 4.037163614538016132e-10 6.687040217380497719e-10 7.117100578971941532e-10 3.552377454284256255e-10 -2.835630471800905146e-10 -1.141909315081089951e-09 -1.240273677262691387e-09 2.719937205171524768e-10 3.636620223566365997e-09 5.532442212207292273e-09 3.888060886861279241e-09 1.291355557597802615e-09 2.136408642494839809e-09 8.622158378420765544e-09 1.337488653596112875e-08 1.359999103587997795e-08 6.317153451309063975e-08 2.001677537551581953e-07 3.886261180644978596e-07 7.218810573431045908e-07
-1.508083944138412809e-06 4.884958912903926304e-07 2.551836994541069202e-07 7.530876432120933992e-08 1.758273482965524968e-08 4.604354468467299244e-09 -4.780138156237206751e-10 4.220484721794591628e-10 5.416104187809513028e-09 3.479765886278544577e-09 1.132427253102813145e-09 6.235109885918722617e-10 1.806139532935688918e-09 1.302681619324227843e-09 1.020942764298355010e-09 2.888929365944541344e-10 -9.266738690247157379e-10 -8.937308433061091727e-10 -1.129747777849488903e-10 3.541701990694413425e-10 7.658756442828071725e-11 2.595603466254162872e-11 1.640711694209121259e-10 1.246118709656299969e-10 6.188318005790740973e-12 1.691889306618979277e-11 3.746037455156481615e-11 5.293914571235890210e-12 -3.873885688075147747e-11 -3.516716553241425018e-11 -2.328276544469161805e-11 -1.867568753981288681e-11 -7.563627546880012057e-14 2.153087023690879937e-11 1.920731008743306716e-11 -6.443685912487481264e-12 6.178102240578649290e-12 9.507646022896205043e-11 7.165269442056110956e-11 1.276123609217434879e-11 8.583059490404420244e-12 6.206873606506140564e-11 1.684228867428544318e-10 2.685390562484666596e-10 3.753831600133472980e-10 6.373934558808912007e-10 7.023076973336436986e-10 3.458234820962788939e-10 -2.966143478586426138e-10 -1.122019286176453530e-09 -1.201169404506700953e-09 3.246419139422462846e-10 3.676482432826965404e-09 5.628653077755259361e-09 4.032998226774847819e-09 1.483367345946903300e-09 2.472496608315918886e-09 9.461464922983389126e-09 1.474306695274272484e-08 1.497838169744669637e-08 6.344873436768435232e-08 2.025360661712813471e-07 4.130679815800884102e-07 7.952044833939456898e-07
-1.336061894965293413e-06 5.030546890992153619e-07 2.641477923176176920e-07 7.776194543947048884e-08 1.808872838016158525e-08 5.154535560160690937e-09 -1.444748828218664492e-10 4.001164910151041959e-10 5.277121961007228587e-09 3.489022638574006165e-09 1.046743937593318236e-09 6.050506523760985345e-10 1.797759705656740909e-09 1.268584119103582641e-09 9.614020673221259416e-10 2.383494216667032356e-10 -9.713376864206566503e-10 -8.982052580519457361e-10 -8.205014550980274976e-11 3.766619225314200965e-10 8.330708394213577374e-11 2.617705100144754748e-11 1.600095392894292530e-10 1.214665096952905052e-10 5.916882828031538733e-12 1.968030464104229951e-11 3.955352370579408696e-11 8.776964816043990454e-12 -3.657596500906703208e-11 -3.570537910280562554e-11 -2.491139000257376494e-11 -2.113527128271359391e-11 -2.591946165944816161e-12 1.982995597204970419e-11 1.710796820172412513e-11 -8.035409186222751066e-12 5.069348341539307767e-12 9.475920157020041340e-11 7.214251998346857882e-11 1.376499850238851265e-11 6.679437143782826942e-12 4.924107928634316614e-11 1.521710785805452018e-10 2.621983213225123862e-10 3.623184962424885717e-10 6.292694991854728574e-10 7.005460007434489367e-10 3.571468412974460133e-10 -2.551022915550826399e-10 -1.131742140502735852e-09 -1.210954147615206779e-09 3.755390899665932845e-10 3.767030284674314070e-09 5.653459087156313027e-09 4.025946070401729165e-09 1.369701557024081113e-09 2.126840196205706949e-09 8.216210504687868957e-09 1.222219449804877125e-08 1.146657860468203323e-08 5.731007333030004294e-08 1.825679542756383276e-07 3.518965150830076195e-07 6.577517742901044963e-07
-1.481114377932218470e-06 5.024622066026156305e-07 2.600933228439341584e-07 7.401857784732943203e-08 1.656272255089334601e-08 4.768060974743271339e-09 -5.053297821249055568e-11 5.850147993242121638e-10 5.414835427404456956e-09 3.508962800961298345e-09 1.079447714197628484e-09 6.227115326798362676e-10 1.844966023165374472e-09 1.306369243943837343e-09 1.017781254360266043e-09 2.433132012257545890e-10 -9.753408527781840323e-10 -9.032257605094509494e-10 -1.146613159286305644e-10 3.786048598609793774e-10 1.048455775771964770e-10 4.662696003510747206e-11 1.760148827011481777e-10 1.206614251906361947e-10 2.995570868517566918e-12 1.589971149578184696e-11 3.426519181018545450e-11 5.770664649653065415e-12 -3.753199994551072076e-11 -3.675034481358416786e-11 -2.569979654707629745e-11 -2.097147600652868326e-11 -1.713833275144626806e-12 2.064415113189031805e-11 1.793914363028951377e-11 -8.101682345121910759e-12 6.419407448564233520e-12 9.851177117484287109e-11 7.189846782762999678e-11 1.177381491634295501e-11 9.380414959387856588e-12 5.800959140139980791e-11 1.584697597629183657e-10 2.791166766652255070e-10 4.002529483090948637e-10 6.490288485279748455e-10 7.025055783978523219e-10 3.396757401981560335e-10 -3.036627270761072778e-10 -1.159792574340115816e-09 -1.192204743958932010e-09 4.066390695886501612e-10 3.785923656711275737e-09 5.676031185014707372e-09 3.975327309891846107e-09 1.182087169997769928e-09 1.879455124639859353e-09 8.538896914034341454e-09 1.304845564329022613e-08 1.314898288059621093e-08 6.149999022579611873e-08 1.950177653482988106e-07 3.871351283652991777e-07 7.363032389317505774e-07
-1.421508572609900392e-06 4.605151164445601224e-07 2.429044090792887330e-07 6.669738441527592328e-08 1.324852664336404995e-08 3.216781194486573315e-09 -1.196635228096169131e-09 -4.604892746048278064e-12 5.211527820721379561e-09 3.461102785693755004e-09 1.126238437392981594e-09 5.994784001734124066e-10 1.763724346815360977e-09 1.321068257731081395e-09 1.057816394201701372e-09 2.654453242839444410e-10 -9.737495728052438954e-10 -9.328199966621848741e-10 -1.070464499342398656e-10 3.919363532239019727e-10 1.083433805532906528e-10 3.874293483238922092e-11 1.663385674384060324e-10 1.149298141816098365e-10 4.699923989035660717e-12 1.943978772572112601e-11 4.037026149171853684e-11 1.046823463671009539e-11 -3.508888246671021606e-11 -3.725824511319965778e-11 -2.655099882931156139e-11 -2.166504960950475097e-11 -1.254235109410692984e-12 2.221954384810104722e-11 1.834027557951225707e-11 -8.020544848046853347e-12 3.953493467465633808e-12 9.264755444732805144e-11 6.643580506015143088e-11 9.018586644794700969e-12 1.138722331748516220e-11 6.524078602841966448e-11 1.721710286599899985e-10 2.886618353754593683e-10 3.971919123452402874e-10 6.434767056874989022e-10 7.091906499552550181e-10 3.934092263558975031e-10 -2.404490734392822343e-10 -1.138477713202078930e-09 -1.272897083404312929e-09 3.137094656028435853e-10 3.758565424803035028e-09 5.709561976397109800e-09 3.996342290268869207e-09 1.290393188892839503e-09 2.181465041468807808e-09 8.795933784781298047e-09 1.349494489067105213e-08 1.409949685937338880e-08 6.403713797512762256e-08 2.006661177600910033e-07 3.985899661030293887e-07 7.516082985923658859e-07
-1.572338695806109861e-06 4.837285435102451431e-07 2.512733655916499494e-07 7.256095566137787624e-08 1.700420144989203982e-08 4.942663855537569252e-09 6.088263670979274659e-11 6.047496603239897306e-10 5.613781828896370777e-09 3.759711285547279519e-09 1.259407596174585753e-09 6.335787891432493194e-10 1.825765550825920425e-09 1.314842934998927277e-09 1.018611538026119683e-09 2.348457219247279806e-10 -9.843494912981599035e-10 -9.345063958265253620e-10 -1.242045979378166196e-10 3.716311458734705918e-10 9.192685733641218481e-11 3.664804139435131710e-11 1.727896033397035246e-10 1.232606801867780037e-10 2.846234728137291673e-12 1.689811703333294862e-11 4.093263231773408545e-11 1.104017859220050705e-11 -3.528051421093247728e-11 -3.623572097098960056e-11 -2.313925294902120024e-11 -1.675302252246141772e-11 1.650800121101944953e-12 2.017875907759121780e-11 1.624945388257217067e-11 -9.039302248551667889e-12 3.472061874604758646e-12 9.533499244339165416e-11 7.195248627868913745e-11 1.053459993815690695e-11 4.749717602227693425e-12 5.948330554245577795e-11 1.692496751061319612e-10 2.820901607393143283e-10 3.944051448612283744e-10 6.475961510500696297e-10 6.910037747799320681e-10 3.411166902093149482e-10 -2.828613287161458167e-10 -1.152649738020893069e-09 -1.169403635835584845e-09 4.466324580453280471e-10 3.838211688547505591e-09 5.719403252291026551e-09 4.090095035295902026e-09 1.369851054089521085e-09 2.165307905442316547e-09 8.973370097261286917e-09 1.433043920390804556e-08 1.531508168636864226e-08 6.370617745225848033e-08 1.995108326164926995e-07 3.937679856450632427e-07 7.452218196983934148e-07
-1.691392950671889682e-06 4.949774040367491685e-07 2.600541293968410754e-07 7.700798611159794003e-08 1.867986909871407376e-08 5.717852651067333970e-09 1.501582489517617142e-10 4.087450138702409928e-10 5.067179608498966618e-09 3.380439971474023478e-09 1.260423093157009863e-09 7.940789696989516221e-10 1.881959753553003263e-09 1.318697242488954529e-09 1.071922793199034347e-09 2.893510259712385154e-10 -9.753772743302251954e-10 -9.403801511564986468e-10 -1.519793079296187069e-10 3.481803090359336279e-10 8.655008231149032713e-11 4.107623808402296606e-11 1.810818984655628462e-10 1.326651082690785050e-10 1.170805657629216369e-11 1.800280062551471268e-11 3.389532040980583886e-11 4.530219386890770681e-12 -3.836842707907959970e-11 -3.766366464228401052e-11 -2.582519569045247639e-11 -1.980768875644961374e-11 2.374388769443846650e-13 2.251269334271972553e-11 1.782649420543840265e-11 -1.052818374319145843e-11 3.295604261024066086e-12 9.444167527457421930e-11 6.906718827543291281e-11 1.098207998879689115e-11 1.105256204047562340e-11 6.500184341102289855e-11 1.727027816993086276e-10 2.778523659094632316e-10 3.835897856592433953e-10 6.401958380294314075e-10 6.917512662799195830e-10 3.319234418684377369e-10 -2.863774585806811166e-10 -1.133580338211949217e-09 -1.199118530100678590e-09 3.914350977968965492e-10 3.760331972683942043e-09 5.585047981149470817e-09 3.845223694139293037e-09 1.141103774236856074e-09 1.992146173143554015e-09 8.755801450440054652e-09 1.365108095368827868e-08 1.266443356029932359e-08 5.729896003801974510e-08 1.838390534203071349e-07 3.553757772129847707e-07 6.546824719346853991e-07
-1.876290526795069465e-06 4.683225420236520819e-07 2.484357573671071835e-07 7.167368404336123351e-08 1.558743883878535423e-08 4.380309806621225614e-09 1.301902723715507067e-10 6.292886515875043408e-10 5.365061868182259785e-09 3.519958312787676451e-09 1.093000154179415344e-09 5.932353920633319856e-10 1.808591471948131721e-09 1.341656753455642026e-09 1.059891588580510296e-09 3.363879865954907109e-10 -9.217483701846443152e-10 -9.321056558298066840e-10 -1.346600610354006482e-10 3.679541572660210738e-10 9.386099547196095118e-11 2.859026713809464378e-11 1.591203676166301119e-10 1.198333031229867273e-10 7.511993784829261144e-12 2.087820860163754594e-11 3.971106044134124226e-11 1.032498923131355778e-11 -3.333626779807814483e-11 -3.376367389767753482e-11 -2.392976650123804959e-11 -2.037930232295830049e-11 -1.638609569161068754e-12 2.041564091259047061e-11 1.733121233827227545e-11 -9.453520309616460976e-12 3.979190311963589841e-12 9.721690658644800847e-11 7.439643786801568998e-11 1.567023776776286920e-11 8.661831121686275997e-12 5.230831901314509914e-11 1.488912632393131493e-10 2.577852460773378246e-10 3.718680942747215473e-10 6.377843146010818453e-10 6.911023781467087400e-10 3.605270412264880867e-10 -2.499945697355522410e-10 -1.119819634806977087e-09 -1.194010261335222139e-09 3.595529525873896511e-10 3.694274398785675761e-09 5.606117679800872478e-09 4.035388719260992441e-09 1.443697022997019133e-09 2.329086103964327467e-09 9.050932345677246986e-09 1.343343504507236511e-08 1.224933908853844640e-08 5.706019762953056578e-08 1.841652325988784222e-07 3.608201875694395124e-07 6.796999803174494845e-07
-1.581179120973017516e-06 5.369661052260587760e-07 2.723299937428045159e-07 7.746131318083518655e-08 1.730351939598363078e-08 5.448344576697784522e-09 1.534542530713772762e-10 7.834227541068991299e-10 5.474410793184677953e-09 3.488792288984771426e-09 1.027178274831162957e-09 6.418851634279823432e-10 1.921371065060391673e-09 1.453413026053452748e-09 1.123911829932686300e-09 2.933345761492881240e-10 -9.861238305144418244e-10 -9.332579384653562796e-10 -1.042761955693879860e-10 3.895472154245799336e-10 1.094193087570081507e-10 3.740407335403861452e-11 1.662703639091030239e-10 1.197888381723589218e-10 5.916884704754425361e-12 1.932432551211502310e-11 3.871530035584819221e-11 5.400472767524038050e-12 -3.892862157813816641e-11 -3.970232113564117840e-11 -2.723122702014981272e-11 -2.032396466171298413e-11 -7.529638566917873092e-13 2.121744597328421610e-11 1.690405181239569314e-11 -9.022498886632930682e-12 6.884756588764055859e-12 9.819405415089220637e-11 7.321129443133483840e-11 1.474633589264711278e-11 7.893335085183709664e-12 5.275632231040921541e-11 1.574913584683536816e-10 2.662315670196860207e-10 3.909687294157361466e-10 6.647085112328525811e-10 7.211081402374892317e-10 3.635997536376015917e-10 -2.904785719610520371e-10 -1.165924451811391966e-09 -1.206406736417634135e-09 4.228161866985578551e-10 3.810163789076805361e-09 5.745193816735902028e-09 4.146827902005154039e-09 1.310892618945414509e-09 2.005236931934474533e-09 8.821523346774394919e-09 1.401722155002288746e-08 1.466492357754564933e-08 6.406864681462707058e-08 2.018706573885824739e-07 4.029186736818754072e-07 7.822202703441048576e-07
-1.797927195549380113e-06 5.448453336662785215e-07 2.806980382996690820e-07 8.530490983956920658e-08 2.171436498592425361e-08 6.934656707978027451e-09 7.928187940172103429e-10 1.051504681014373758e-09 5.570483466961722938e-09 3.520403236365300065e-09 1.180501372392371261e-09 6.637842207404613113e-10 1.812000194087031130e-09 1.297137047210664277e-09 1.032110502491274052e-09 2.789479187065840418e-10 -9.527472951951235200e-10 -9.533316175037416210e-10 -1.467737571180578713e-10 3.582149233206103213e-10 8.590454746944916985e-11 2.765319576285238755e-11 1.606692370825183924e-10 1.125248032393204924e-10 1.884154660187883644e-12 1.961823330347389724e-11 4.170503481953776091e-11 1.285565875732083383e-11 -3.273853456092846191e-11 -3.644716452939429821e-11 -2.849622879953416742e-11 -2.276205380536403091e-11 -2.656789827209123082e-12 1.919997549988771444e-11 1.678775901099940166e-11 -6.328914849181361312e-12 6.427374532088952888e-12 9.533011853703735692e-11 7.066741983557269877e-11 1.323205992355894638e-11 1.092376095771085250e-11 5.608667293266433388e-11 1.615445390278440449e-10 2.718717642107828077e-10 3.840060946783535346e-10 6.377884137469825670e-10 6.947470406188437521e-10 3.585534356738832275e-10 -2.683765554186860652e-10 -1.149231342001122725e-09 -1.241917957670339896e-09 3.042297415116320612e-10 3.678495524191250093e-09 5.619134976902881174e-09 4.040599185138537320e-09 1.264627832440195273e-09 1.804462398476973065e-09 8.306686214572232829e-09 1.285380588848005727e-08 1.240916609882971693e-08 6.002913673691459247e-08 1.927602409032434142e-07 3.777575511082325194e-07 7.159344306714785481e-07
-1.459275615821178435e-06 5.020882751162077926e-07 2.638279036366412035e-07 7.582434836848663197e-08 1.454342062052374562e-08 3.310898421983602896e-09 -6.750000225644721036e-10 3.907673292540687200e-10 5.444458958392732188e-09 3.629194665371590577e-09 1.261229115108813628e-09 7.640664414238868809e-10 1.941537505874643666e-09 1.336911679599863710e-09 1.021121192695660654e-09 2.562056577542831046e-10 -9.500004994544509989e-10 -9.168283973272674961e-10 -1.301295750039576078e-10 3.632665209122670314e-10 8.778656220815420507e-11 3.396134796383019742e-11 1.636763895840606501e-10 1.069987087868096195e-10 -7.525147911345056043e-12 1.120679434951735974e-11 3.834732845990421097e-11 9.491844808287354150e-12 -3.340643128493671369e-11 -3.300857374000329280e-11 -2.417542064368104004e-11 -2.128110304499824079e-11 -2.972780673776984956e-12 1.851356604302554385e-11 1.578814810822520133e-11 -8.628809328172310631e-12 4.298103515635164004e-12 9.635412018165955992e-11 7.230391742423475502e-11 1.070740106657170569e-11 2.380240772737095172e-12 4.803078180233621015e-11 1.501681655279392410e-10 2.662383882361315042e-10 3.812206805163844881e-10 6.331744873865895881e-10 6.910310639589900242e-10 3.523176690131709350e-10 -2.770415027652140394e-10 -1.173086516448295867e-09 -1.249096225644383824e-09 3.661093695344720840e-10 3.836228388431617335e-09 5.790816705120984853e-09 4.111659477519646827e-09 1.353735338561775945e-09 2.048736741865628173e-09 8.805198557101561976e-09 1.410463809953829427e-08 1.479662567317196505e-08 6.333873347429136718e-08 1.995646768736616943e-07 3.915959014431101916e-07 7.317278741541532389e-07
-1.974939650794332227e-06 5.101007396677658643e-07 2.729665104283552893e-07 8.526415460150556270e-08 2.285585787408823877e-08 8.087358480654478876e-09 1.712234326825465938e-09 1.518005084231902560e-09 5.804560538621538653e-09 3.740857857465357535e-09 1.204043099553301238e-09 6.595494131641091731e-10 1.857564389698738813e-09 1.323052865249133090e-09 1.037959769012262401e-09 2.563094875007647378e-10 -9.484567563922237288e-10 -9.028474509167059086e-10 -1.262538891498414346e-10 3.498749071554195064e-10 8.302083621654799303e-11 3.632444189400123344e-11 1.750279429415278663e-10 1.252762965573205764e-10 6.137284688883768310e-12 1.900177667036259076e-11 3.907010661536101930e-11 7.301077153596416308e-12 -3.664444994066027200e-11 -3.630532214090465587e-11 -2.569048926829795923e-11 -2.110461432699949320e-11 -8.996010071922216236e-13 2.200345736508766665e-11 1.806532372136208202e-11 -7.719261221952176563e-12 5.944808023348263358e-12 9.672169915950218240e-11 7.242255385498533316e-11 1.229127935370740789e-11 9.887929574899661146e-12 6.485518778308152345e-11 1.720001684766012489e-10 2.767712292124361336e-10 4.062665356226618149e-10 6.729145106254423620e-10 7.021882421912828675e-10 3.687854726941339333e-10 -2.582352171243403969e-10 -1.135041987121886285e-09 -1.184943358486912249e-09 3.835000783597521965e-10 3.723925805091522787e-09 5.678257636258841615e-09 4.086706264165225924e-09 1.458955498689160998e-09 2.448701320128759471e-09 9.278196280023892746e-09 1.397636252010402124e-08 1.426639951545016729e-08 6.320318066219363393e-08 1.989863803868044324e-07 3.959267085622922823e-07 7.528773710645101300e-07
-1.595329649613988008e-06 5.460346839749998993e-07 2.761093910735612280e-07 8.113783188350605766e-08 2.014613564184803739e-08 6.446179942567726516e-09 5.055226252992521669e-10 9.571940780664875053e-10 5.435492436652366484e-09 3.347881788643628248e-09 8.993195166524294099e-10 5.269803753213722718e-10 1.825549172510932798e-09 1.375853559975478538e-09 1.071042449248008668e-09 2.572334731541968914e-10 -1.005552532694943276e-09 -9.724176176714226600e-10 -1.409470741764147667e-10 3.715010025128760261e-10 9.139181767662116788e-11 3.088884404696845999e-11 1.685568797505260942e-10 1.178763101702346362e-10 -5.655237760356749147e-12 7.908545622286992752e-12 3.228998310443293752e-11 5.463927009132246839e-12 -3.570921668697046637e-11 -3.539060646248607118e-11 -2.420451390877940670e-11 -1.838479410648383302e-11 -2.158831751395702445e-13 2.042177068432127307e-11 1.683878200997847179e-11 -8.940355541497383362e-12 5.392381451466660009e-12 9.655586297694704200e-11 7.285619775299753291e-11 1.163501993799005544e-11 7.985495054404940550e-12 5.963659693022176462e-11 1.686895467263359714e-10 2.799397402563343764e-10 3.814055112594855544e-10 6.246849077890591446e-10 6.749965863244432703e-10 3.515745858730369315e-10 -2.805307546034257449e-10 -1.141796229426437186e-09 -1.193894524033131634e-09 3.931171537551293424e-10 3.786908771913462117e-09 5.695114857652401793e-09 4.105658220371647697e-09 1.432934723901094061e-09 2.267201461709106187e-09 9.054401897773228412e-09 1.381686572211136904e-08 1.387934527408352544e-08 6.336453902745503169e-08 2.035785764180825685e-07 4.192564974777484548e-07 8.086758881216493617e-07
-1.148278302028517208e-06 5.758211641030026650e-07 2.897500663679589854e-07 8.556487203334350271e-08 2.054864123488676487e-08 5.971724113105564451e-09 5.299315420445619490e-10 1.146381598627024959e-09 5.851313426289104723e-09 3.632104801534740341e-09 1.050478439765081073e-09 5.907579147172131621e-10 1.830938176810506584e-09 1.414416204083399004e-09 1.137195609045993004e-09 3.515243167503299260e-10 -9.193826739322924378e-10 -9.258128208993453799e-10 -1.418145936422201918e-10 3.565455291337776683e-10 9.255433219821487269e-11 4.404688697227333099e-11 1.726164682004309523e-10 1.216951133325429109e-10 5.140246322193046938e-12 2.093970606035527132e-11 4.321336282074546475e-11 9.795752757799143602e-12 -3.472810436793644093e-11 -3.470784434433319257e-11 -2.332746680472494606e-11 -1.969438836330332639e-11 -2.491331484331188706e-12 1.936871893947258754e-11 1.736433728845169104e-11 -8.578269909580206231e-12 5.214869176042467596e-12 9.466557293009199840e-11 7.246505213003190981e-11 1.552156381556390055e-11 8.138837890074900635e-12 5.585425602077202470e-11 1.627250972942456925e-10 2.797168328154717915e-10 3.968490937961493372e-10 6.628245045393963679e-10 7.255625272747797751e-10 3.613420450206788181e-10 -2.742189992458075836e-10 -1.139462518074285452e-09 -1.187455813715624071e-09 3.835960624462512875e-10 3.714570176139172852e-09 5.490437936570915161e-09 3.897347324623812696e-09 1.270704252056076192e-09 1.994474393634304413e-09 8.917700528623375430e-09 1.400771380027887917e-08 1.457448858353257332e-08 6.359486381015613774e-08 2.017402724242927389e-07 4.099060990243954287e-07 7.887649649627614021e-07
-1.605253655702481509e-06 4.058414262943924131e-07 2.287730930516291725e-07 6.702073426999630770e-08 1.417986859887213399e-08 3.488353018957915864e-09 -7.417154568224916999e-10 1.301941108773138194e-12 4.956225286439671401e-09 3.177735272222110753e-09 1.044314758291915661e-09 6.512332500535023894e-10 1.870969176260105385e-09 1.330951260764609226e-09 1.040548788461547744e-09 2.749976620813795163e-10 -9.403037550760640418e-10 -9.067764617923519025e-10 -1.148745012305784895e-10 3.691399815682504753e-10 8.419851640162233435e-11 1.891197428292995989e-11 1.533563641389320882e-10 1.177185326853281727e-10 6.683942750048667406e-12 1.811029377944316363e-11 3.785133290739210690e-11 9.749149092416768622e-12 -3.370203658200524487e-11 -3.380272627681155782e-11 -2.412628540051837037e-11 -2.142239007272176325e-11 -3.016729385860863119e-12 1.979032775098486561e-11 1.788198604472894499e-11 -8.177195966663835781e-12 6.174481321947808672e-12 9.888664953201088342e-11 7.246464609168677464e-11 7.078966241141427907e-12 -2.595440297651778702e-12 5.267750756122243366e-11 1.664756979180668181e-10 2.806286559121522727e-10 3.918181349854469591e-10 6.429494764761448270e-10 6.661200520147871721e-10 2.949406420561264409e-10 -3.195299012082992212e-10 -1.133074205357732157e-09 -1.165368634284716139e-09 4.573248281002126201e-10 3.834846788274910922e-09 5.672923475845703421e-09 4.022314714043868085e-09 1.417999895306157652e-09 2.262928630462792311e-09 8.624563429457517192e-09 1.301084088459751028e-08 1.297484080760730308e-08 6.150501386223131371e-08 1.984236259104263159e-07 3.970164775744499324e-07 7.472233619205792889e-07
-1.734684858897397963e-06 4.890291413406393155e-07 2.604074154874184726e-07 7.768554145914778892e-08 1.830465248136164635e-08 5.112600419203179930e-09 1.719468533647259790e-10 7.584065926116722153e-10 5.613669667503783245e-09 3.626478614323543902e-09 1.118988636801182577e-09 6.080466907463325211e-10 1.830553807206083192e-09 1.352040953545061506e-09 1.061539653561676896e-09 2.712652727357536789e-10 -9.627734463213793776e-10 -8.989897792829699288e-10 -8.421444331178828203e-11 3.884617331749599770e-10 1.001125639578692979e-10 3.222430264607774242e-11 1.543981880568768280e-10 1.140433926994819894e-10 3.313325661903668512e-12 1.809498900883804362e-11 4.007364953468690165e-11 8.667474659953223872e-12 -3.847181793367767954e-11 -3.793823896479932736e-11 -2.635455426506091872e-11 -2.240661784106774273e-11 -4.223723521593175984e-12 1.841614905194894849e-11 1.638982777689951948e-11 -7.498402863510990882e-12 8.219016881986815440e-12 9.670328695543615209e-11 6.810121798656536683e-11 2.683844772362915827e-12 -2.721306551890338598e-12 6.005554542565722114e-11 1.752983913686172848e-10 2.852207497842191370e-10 3.889513310752449087e-10 6.289329472703601524e-10 6.855461664079148106e-10 3.577010107506841042e-10 -2.837221938056441862e-10 -1.187870669068006753e-09 -1.282447022503650114e-09 3.057731273531050730e-10 3.679488197121456057e-09 5.636755773207821158e-09 4.079953766701588151e-09 1.483025112855842852e-09 2.440109690298544608e-09 9.152764942888868549e-09 1.392120951924394832e-08 1.470303558222267679e-08 6.284543657554378461e-08 1.953495941141088064e-07 3.840766456896265264e-07 7.332191512053696375e-07
-1.826741034601409066e-06 5.436536977816631182e-07 2.804047883251192507e-07 8.387848337505481715e-08 2.059865808424651056e-08 6.047695646135311646e-09 2.032804640743062849e-10 4.677795117825952104e-10 5.111018831251880736e-09 3.314163346837503946e-09 1.007436070407487632e-09 6.001370492417008348e-10 1.824589753163688868e-09 1.295480245671785339e-09 9.928267561092590167e-10 2.521652517598661005e-10 -9.605735761398925468e-10 -9.272311575105330585e-10 -1.172013742099763069e-10 3.714448080805867743e-10 8.650103756172294393e-11 3.137680164278031541e-11 1.647818267185366229e-10 1.153309447477005817e-10 2.800148293046975606e-12 2.019697675988822042e-11 3.921442098926291030e-11 8.416143033661525175e-12 -3.841885796731447649e-11 -3.951074120928838122e-11 -2.724457088419210979e-11 -2.158713945113718404e-11 -3.207934445978824412e-12 1.848472512983075755e-11 1.703418128020601543e-11 -8.938962297112489212e-12 4.678646883120530902e-12 9.752577008342168091e-11 7.837797918697923523e-11 2.107731882327055177e-11 1.138765053671241112e-11 5.173070603025597825e-11 1.550655789524078027e-10 2.662138164022667562e-10 3.711946452681146717e-10 6.153581604021842152e-10 6.686180701054205480e-10 3.242563705502845763e-10 -2.913156076296358065e-10 -1.136369490395648013e-09 -1.156471479125456902e-09 4.625726292617493341e-10 3.766112173698012965e-09 5.648433946433806544e-09 4.031489563421832996e-09 1.353149238471636116e-09 2.180232515230365420e-09 8.812764968613133359e-09 1.373951659715812410e-08 1.336865228362628946e-08 5.952906543372821095e-08 1.913526879683845079e-07 3.808384013885098037e-07 7.264692178545246209e-07
-1.611610037513397090e-06 5.255625969215525198e-07 2.702088582771867894e-07 7.766478470647267190e-08 1.786615902649726883e-08 4.897802269265821540e-09 -2.237383876738365269e-10 4.945472567235293307e-10 5.314453379048210985e-09 3.505620550688569448e-09 1.214288298697550801e-09 7.090656923738225982e-10 1.822833422202280426e-09 1.297625715017124535e-09 1.030597122081716985e-09 2.895748643127188147e-10 -9.394984470943331262e-10 -9.241370527719615036e-10 -1.245468564967908917e-10 3.650360449032999224e-10 8.322706059980298494e-11 2.971154376215489664e-11 1.627213486758693333e-10 1.174469330482013903e-10 1.323540622848351553e-12 9.850123486328944121e-12 3.513164688803251557e-11 9.754981254423978420e-12 -3.224197373221749771e-11 -3.298760775191762210e-11 -2.425823613614601725e-11 -2.120254766040363537e-11 -3.638313230774817172e-12 1.654903314242246298e-11 1.306571059322887279e-11 -1.099404470639642386e-11 7.294847932383394130e-12 1.002432391647680545e-10 7.296828642592512056e-11 7.180043426601425429e-12 1.438810324145349147e-12 5.896425478466198698e-11 1.666532672407582261e-10 2.726097137055758457e-10 3.772260758001702591e-10 6.347902569164941776e-10 7.071219816924506846e-10 3.757197066215706485e-10 -2.418895577769089182e-10 -1.102123385136730059e-09 -1.188948698602197851e-09 3.038373228643249508e-10 3.645283997601914568e-09 5.614864230899422648e-09 4.058575700281126982e-09 1.363414365105367358e-09 1.840751744011203284e-09 8.281095373104323769e-09 1.307673742690744176e-08 1.264236798258092774e-08 6.071865764567597308e-08 1.966460373567171538e-07 3.888960588190375975e-07 7.314182127372272951e-07
-1.595715475666071711e-06 4.584192843477929936e-07 2.428489444036928470e-07 6.933926898212963581e-08 1.515727124638966362e-08 4.125693826045886781e-09 -6.348018805925233482e-10 2.563813989865895774e-10 5.247109175191255153e-09 3.416642408588665353e-09 1.034093160191393782e-09 5.683589277995816766e-10 1.789525694882723651e-09 1.295339141573168372e-09 1.076929782069322557e-09 3.757133344435056158e-10 -8.650475947731936568e-10 -8.631097280439484974e-10 -9.732763432841807047e-11 3.660061525239517740e-10 7.761367484520655054e-11 2.423315235950444634e-11 1.626065008767000031e-10 1.182064107177699824e-10 7.061986761741824780e-12 2.216342054165289095e-11 4.236332771309037359e-11 8.495619557947839956e-12 -3.702900212181056468e-11 -3.438909629025686780e-11 -2.129571592747808582e-11 -1.805657939642471844e-11 -8.909481834404288037e-13 2.002190924584025514e-11 1.642560003663020204e-11 -9.440641676859290180e-12 5.895762981558579785e-12 9.902302269027472223e-11 7.541742662046144067e-11 1.532419719469247766e-11 1.144292749060070930e-11 5.834552141873387380e-11 1.613432850202806446e-10 2.709727256646171706e-10 3.875969372987617339e-10 6.557409245157440026e-10 6.988746811178778841e-10 3.217706216623118137e-10 -3.342675461855924896e-10 -1.226798144029907446e-09 -1.270153807086480683e-09 3.494179325498200663e-10 3.705342401878368236e-09 5.648525712976502575e-09 4.045138845515318297e-09 1.272332651235065964e-09 2.095981032402425601e-09 8.811386303420723706e-09 1.424910447380085831e-08 1.511942253001411810e-08 6.442563565373265366e-08 2.023704192343003671e-07 3.992503191249297074e-07 7.626595619901945091e-07
-1.723422305620046547e-06 5.260242299866879637e-07 2.729548256317439050e-07 8.289769330977725042e-08 2.048514532132829900e-08 6.257629425360497980e-09 2.507214432769494530e-10 8.379198819106588165e-10 5.732160643159011591e-09 3.723799501917709630e-09 1.274743495712552242e-09 7.607174967346295321e-10 1.975286433537038082e-09 1.430922464821802318e-09 1.049873424885028792e-09 2.634367937384732213e-10 -9.498711741867316460e-10 -9.152085012664673093e-10 -1.225901973339067481e-10 3.589252043786438048e-10 8.879012020910116721e-11 4.236232152428318787e-11 1.755282111563974375e-10 1.244276065113324535e-10 3.151053153158065102e-12 1.531752802628862353e-11 3.599449242621126487e-11 5.702793815618217623e-12 -3.704065899443109179e-11 -3.431439227825541339e-11 -2.356288679617147506e-11 -2.120699135151340798e-11 -1.768500475013287254e-12 2.064634667587463007e-11 1.673638781231739855e-11 -8.043026200907479471e-12 7.323504878153008964e-12 9.778010347610548784e-11 7.387191732258812248e-11 1.544239954214940436e-11 8.846197601994658238e-12 5.908170929084519704e-11 1.613965291353899881e-10 2.702105348803788737e-10 3.995687980541069054e-10 6.807524991059636748e-10 7.176052177350407984e-10 3.393690807353969867e-10 -2.899868790304781545e-10 -1.123620106354867504e-09 -1.182864787736553869e-09 3.832403988750979413e-10 3.754887359069449803e-09 5.612818706044624456e-09 3.935814577566799022e-09 1.220978281629280122e-09 1.852846950424878144e-09 8.271323282883195166e-09 1.281751399205478459e-08 1.272787573730318373e-08 6.061104522902181750e-08 1.939818140540536819e-07 3.797689606177673910e-07 7.032528517139773786e-07
-1.491691711375223894e-06 4.751791168218932940e-07 2.507724149585218955e-07 7.260615764398621488e-08 1.623424451237934533e-08 4.796986487632004288e-09 5.832545281777295050e-11 8.844017720794735287e-10 5.657690701153001211e-09 3.483337030587071063e-09 1.030415026713405078e-09 6.399154285962235357e-10 1.818471088502228949e-09 1.278110902190110104e-09 1.026735628538336171e-09 2.552690570339590271e-10 -9.647428121790543226e-10 -8.958756184594729323e-10 -1.035775080972469865e-10 3.718718896439593597e-10 8.325378101344907957e-11 2.124636306746865554e-11 1.540056982946698111e-10 1.103670321433346014e-10 2.389598429192121997e-12 1.853879341076713817e-11 4.043875437257790574e-11 9.619313246605101316e-12 -3.648445399924697362e-11 -3.750015349259692204e-11 -2.638134448215057422e-11 -2.081001996140174830e-11 -9.475161606214003210e-13 2.095691743245246884e-11 1.686281181504334083e-11 -7.889728513128328591e-12 6.197702943922432442e-12 9.732511510923778748e-11 7.395259487398749217e-11 1.974698835840732916e-11 1.407919714673930411e-11 6.665322942383012386e-11 1.757946965205084325e-10 2.782594821076348372e-10 3.883779126236693573e-10 6.508509993417188010e-10 6.991206022617917396e-10 3.402067573921790618e-10 -2.863481868708078483e-10 -1.179414712198803084e-09 -1.245260188344332365e-09 3.819673885201477563e-10 3.821963999937041977e-09 5.730691460614525793e-09 4.125972352354843716e-09 1.343866332698038807e-09 2.085679498605750293e-09 8.931043000945420631e-09 1.414697798312287728e-08 1.485044774336924105e-08 6.474188248414294327e-08 2.043701641175273126e-07 4.139412147810234805e-07 7.951049518395786133e-07
-1.524288705424168861e-06 5.425886411208043521e-07 2.785116159469728352e-07 8.314625196522431768e-08 1.982077694635465489e-08 5.871114937755737907e-09 4.060310175797660363e-10 6.304680370851689128e-10 5.264604312629331474e-09 3.335274863614896675e-09 1.067365503030570167e-09 7.177628758004146994e-10 1.879799682827613406e-09 1.339556214811776569e-09 1.019766743275125104e-09 2.604298765746758775e-10 -9.233605171247795870e-10 -8.758332840186182561e-10 -9.209958999702114788e-11 3.820817931263321752e-10 1.077804046777304426e-10 4.624010977446041614e-11 1.718716035811248290e-10 1.212641159625057908e-10 6.601738696236481447e-12 2.114612768757222519e-11 3.758382283316169428e-11 2.596803006523864961e-12 -4.043230048707216503e-11 -3.586487203719333692e-11 -2.362654457532433864e-11 -2.151926248294731418e-11 -2.645602710092492348e-12 1.944729029158127339e-11 1.615256010102234843e-11 -8.149390477359746101e-12 7.443961489885433961e-12 9.882543936964031983e-11 7.354816881695775523e-11 9.669648577314558473e-12 4.859478139290892216e-13 5.338084756666961561e-11 1.606326522517294115e-10 2.759347115536430308e-10 4.060641489830149080e-10 6.700046397803490672e-10 7.248511117829747992e-10 3.630579221847789789e-10 -2.553211508825146092e-10 -1.129762669440749741e-09 -1.256863167444988392e-09 2.984724807517222386e-10 3.728760402837078518e-09 5.608306749402446215e-09 4.012550068255845285e-09 1.354961662177655114e-09 1.983886444337652129e-09 8.423449556375503426e-09 1.281256205437311250e-08 1.233477734642354923e-08 6.025186150220341360e-08 1.959543706998340804e-07 3.902037686229199905e-07 7.478694128789707187e-07
-1.198029505913488180e-06 4.877460747619560672e-07 2.557063279658969966e-07 7.374831834551642077e-08 1.675550367100820320e-08 4.667073020823841600e-09 -3.218703205208147044e-10 4.470688294507492786e-10 5.218213189486784328e-09 3.337142651357701102e-09 1.108780760435093327e-09 6.526404956471226923e-10 1.840081815340371627e-09 1.303112430881929143e-09 1.006487718031882223e-09 2.691752776847268523e-10 -9.697729572950521934e-10 -9.268592313282614246e-10 -1.085109817639185497e-10 3.773140424463208681e-10 8.651069686016310322e-11 2.572243699695580479e-11 1.630657968530853133e-10 1.210521898133739616e-10 1.386927868797207718e-13 1.100131457182894286e-11 3.373850219157504200e-11 2.962080611079435828e-12 -4.212496897532578860e-11 -4.082952304332028111e-11 -2.486395180184276324e-11 -1.707733976767100275e-11 1.607670982026877203e-12 2.150353423751890417e-11 1.546655179199218646e-11 -1.157904738389979022e-11 4.097007841532924016e-12 9.875504043687113299e-11 7.548558922244902509e-11 1.170572607435870379e-11 2.468827713701339268e-12 5.351222996482904864e-11 1.686626477444365714e-10 2.794356047687282456e-10 3.960474287718865161e-10 6.537180347992020375e-10 7.015926454913984812e-10 3.418758006972335548e-10 -2.983979971795831587e-10 -1.175106054721839418e-09 -1.261329313687501743e-09 2.830263758722293197e-10 3.591122476530507333e-09 5.558615440003280945e-09 3.985336937139636561e-09 1.275187304000929506e-09 1.992022949686320727e-09 8.572304696478680665e-09 1.329091929488708458e-08 1.391460935127563285e-08 6.287388717160093230e-08 1.966827564131967040e-07 3.894117694747260233e-07 7.306153715564265347e-07
-1.483749328876704597e-06 4.689500422441070808e-07 2.483017309666656528e-07 7.068923785688686998e-08 1.576309237723638322e-08 5.074996043916172966e-09 2.227088222115045550e-10 7.884494238486480545e-10 5.690978966471259801e-09 3.796794653720471360e-09 1.220823369126038030e-09 6.176757689865851081e-10 1.820591799043080215e-09 1.326202615321662620e-09 1.039689097101434930e-09 2.961403068011972992e-10 -9.155855374839200880e-10 -9.134992424382327544e-10 -1.259027572918273116e-10 3.552358790550409713e-10 7.298274414083454038e-11 1.795666590618570480e-11 1.539137603332826371e-10 1.113905496745402015e-10 5.504128849595029393e-14 1.885385805494918062e-11 3.950228656994350160e-11 6.268724979011713299e-12 -3.672930949489083902e-11 -3.573608612410639213e-11 -2.648124291442475237e-11 -2.115915399900100235e-11 4.781038327169432653e-13 2.182340332835085493e-11 1.738855484153975364e-11 -9.879313645695072923e-12 4.319808396145514680e-12 9.672480461164828410e-11 7.198793398534566633e-11 1.158781868720315388e-11 7.920187393455910949e-12 6.417834256335921853e-11 1.690436174242774338e-10 2.797019416110636284e-10 3.951542293232237764e-10 6.452050276826530754e-10 7.035791064887296897e-10 3.701899241917075062e-10 -2.763806579986657430e-10 -1.164009816962563033e-09 -1.230738652740617717e-09 3.509695938704784980e-10 3.700368188896608183e-09 5.536761856562273181e-09 3.804273932053186013e-09 9.393796977726340392e-10 1.887953863680776823e-09 8.970576357847139384e-09 1.418785388697135856e-08 1.512950738705419225e-08 6.494072298883209560e-08 2.007562193788646304e-07 3.979004430073285308e-07 7.637490293881882825e-07
-1.606771262528656085e-06 4.812931307024507914e-07 2.485270756355184376e-07 7.069664640598354080e-08 1.518956205973346989e-08 4.146555972895411976e-09 -3.858743740868363731e-10 5.257017625422167111e-10 5.599382591797199509e-09 3.791340965765412469e-09 1.318043614296767857e-09 6.597751548957118568e-10 1.777331409897676081e-09 1.291726492586312454e-09 1.033097105074497858e-09 2.547160987598490768e-10 -9.811061803228250997e-10 -9.334905202931917793e-10 -1.160080274748612160e-10 3.793769441404885422e-10 1.017690070928376756e-10 3.677376322361658854e-11 1.620732169013368222e-10 1.122819046123499162e-10 -1.486054608596483547e-12 2.032773284788975309e-11 4.394182706268289406e-11 1.075516838870909247e-11 -3.587019304506889970e-11 -3.681153139106978917e-11 -2.426944364632570988e-11 -1.970667819984052294e-11 -8.933198187020408624e-13 2.092046076289026237e-11 1.791315903392413479e-11 -9.697635114278703950e-12 4.799321446698946560e-12 9.863830889058675991e-11 7.365967423969484027e-11 1.203643638354183847e-11 3.558093624134075498e-12 5.351579794762873072e-11 1.667715203762700187e-10 2.809254830350613843e-10 3.929330129332054319e-10 6.422784074099992007e-10 6.778678855618472782e-10 3.337478132713867487e-10 -3.072317876803551355e-10 -1.186914438038409955e-09 -1.268939271554102405e-09 3.247500038299051628e-10 3.717460230178790637e-09 5.641264543794721642e-09 4.096665987877455999e-09 1.466807391532650055e-09 2.206603745897506934e-09 8.869315742457271305e-09 1.438719301629607220e-08 1.521530433565140861e-08 6.410822775095640578e-08 2.025603537280260808e-07 4.013816692968662322e-07 7.493578010815257550e-07
-1.501719895520725594e-06 5.138304283239933913e-07 2.615243226636581325e-07 7.555237031801602459e-08 1.735174289433174939e-08 5.526056067377006463e-09 5.770702505870720329e-10 1.016713259078792881e-09 5.586014662562721243e-09 3.341179233789995071e-09 9.500734889478403683e-10 6.366791556602197657e-10 1.850562770191534706e-09 1.335606311931461772e-09 1.047108994273469366e-09 2.784796277531928501e-10 -9.390322545126804264e-10 -9.147414537957454403e-10 -9.956677447714297779e-11 3.770409406460770405e-10 8.809373271203146079e-11 2.404066156658630652e-11 1.635800324050921738e-10 1.234136322494076401e-10 8.974280261948412052e-12 1.991667947956579869e-11 3.740117255585439150e-11 4.747902130794873971e-12 -3.790484112700577255e-11 -3.496101088548574613e-11 -2.379334205091551571e-11 -1.895051430751520997e-11 -3.180501858226743145e-13 2.041794829047767822e-11 1.839931780200379610e-11 -4.473588018642322321e-12 1.088992767114635142e-11 1.000850337530387427e-10 7.225521784314069033e-11 1.044732174479219865e-11 4.568112005883759076e-12 5.542322760253340515e-11 1.623341762164663972e-10 2.701314135459192325e-10 3.918831588474971722e-10 6.584440754611568200e-10 7.201330068743544796e-10 3.653678009994083247e-10 -3.016812908257959062e-10 -1.221292694007664237e-09 -1.307081450391215532e-09 3.053576932639849720e-10 3.711238076412937711e-09 5.678594973510003973e-09 4.118151195827997391e-09 1.352549323109087495e-09 1.998304086166041681e-09 9.006181435944742724e-09 1.458408182146714978e-08 1.636541739575720073e-08 6.817284648768801556e-08 2.123355430135934357e-07 4.242216046652504832e-07 7.990181795386909077e-07
-1.871623031855225883e-06 4.510916304379399969e-07 2.406371292883387809e-07 6.863569626668344209e-08 1.506412341082988340e-08 4.368064984107942874e-09 -1.666080226456653550e-10 3.215083839626514584e-10 5.336873890291025876e-09 3.458718766996124548e-09 1.071330381676264449e-09 5.886940826555794379e-10 1.876159241479322143e-09 1.376588456386015297e-09 1.076681789645929433e-09 2.909954212662983806e-10 -9.668343516961510112e-10 -9.400223833798948075e-10 -1.290478207400367389e-10 3.669753328351722911e-10 9.311841614299477780e-11 4.191602177200559080e-11 1.694878102769749821e-10 1.159988743245434308e-10 7.314945423553013349e-13 1.400118015318287913e-11 3.815960997406162740e-11 8.235024091056459126e-12 -3.800842985028696357e-11 -3.865318321641446153e-11 -2.717880654131241062e-11 -2.097687342585421142e-11 -5.185819173697632134e-13 2.007994210291334199e-11 1.621171990301056489e-11 -1.113762006867370652e-11 3.804818348364172987e-12 9.868249946201908506e-11 7.475876867313670113e-11 1.602428612716955415e-11 1.066266509695048623e-11 6.021829651398444023e-11 1.617824295511310122e-10 2.673985405518214271e-10 3.895399192538262047e-10 6.515807003756904971e-10 7.027044237124054135e-10 3.562168919537365908e-10 -2.668476458346814530e-10 -1.187190329868633104e-09 -1.298715660359654553e-09 2.887515372812773001e-10 3.736210344674324570e-09 5.732099336235344739e-09 4.146811621878498068e-09 1.418616842154546789e-09 2.234852306548067505e-09 8.696926323519189684e-09 1.296427738075866414e-08 1.258856394509832148e-08 6.096270996070607033e-08 1.965715352552857534e-07 3.894454222988268708e-07 7.410880556795032367e-07
-1.715527799227727210e-06 4.717171859342545742e-07 2.511795540407332586e-07 7.353982984642940699e-08 1.663377595570486861e-08 5.077946255961998842e-09 1.709964813773594160e-10 6.903044182867397177e-10 5.544638028373351917e-09 3.589137613517562578e-09 1.131991912293916766e-09 6.316897129278207376e-10 1.815397425332414899e-09 1.330134311168942076e-09 1.070629593834764328e-09 2.796550736201446847e-10 -9.586061584805663233e-10 -9.267732961795500323e-10 -1.286622432616128071e-10 3.701675549784582946e-10 9.579844480775855533e-11 4.348566256349508513e-11 1.755431522463780776e-10 1.215128588154950168e-10 1.025324556530759683e-12 1.865980018079428247e-11 4.211275836974959127e-11 1.028527765174484241e-11 -3.428828396771386445e-11 -3.558595370926890486e-11 -2.549464547219613362e-11 -2.116762877401240294e-11 -1.914541420744486594e-13 2.095528951513992813e-11 1.842458302051243649e-11 -6.360796472508428297e-12 7.528961314717648413e-12 9.770885419236988774e-11 7.110457305192568329e-11 9.610860951045493941e-12 6.183238008225914436e-12 5.700314128637134409e-11 1.603486279259726896e-10 2.710006863965162028e-10 3.920738272215349320e-10 6.483641398560938989e-10 6.679018580023083139e-10 3.012838201618056015e-10 -3.037067311786977249e-10 -1.139476815478470276e-09 -1.166672755966203239e-09 4.488464563508907162e-10 3.826589881630136000e-09 5.683382695419697364e-09 4.094173242718373673e-09 1.264683595337191293e-09 1.730207738774192807e-09 8.223312476750610485e-09 1.288683112396249982e-08 1.171976001159773855e-08 5.728282818831814410e-08 1.851802811445285781e-07 3.595942355336108673e-07 6.656818349032817564e-07
-1.582107410187682224e-06 4.938017554245294736e-07 2.578756799332590213e-07 7.514584400016351038e-08 1.613559569870205918e-08 3.466757777377923656e-09 -3.432313335600704225e-10 6.012649641872062717e-10 5.322160064183327821e-09 3.475605277822947296e-09 1.151922718412737813e-09 5.349254608406002457e-10 1.690770227083671493e-09 1.235931251053650543e-09 1.008107685092755973e-09 2.548862766523324481e-10 -9.681752348527726369e-10 -9.178989383061767151e-10 -1.161908182294007411e-10 3.634118723776687830e-10 9.605527711762832369e-11 4.086551874968258541e-11 1.661275249219247082e-10 1.092269772409752385e-10 -6.876666462136512481e-13 1.839868772315751348e-11 3.781231732383020086e-11 6.392555924524916859e-12 -3.495156723347873243e-11 -3.503372723639806701e-11 -2.342665982984940467e-11 -1.980457803417337249e-11 -1.554235051947853044e-12 1.990137436562831806e-11 1.693802051840027371e-11 -8.980198901374943224e-12 6.101602604169949601e-12 9.751883513510679173e-11 7.385718187760700188e-11 1.477477678072081982e-11 8.299323350130728602e-12 5.888360948279473441e-11 1.588915520222411525e-10 2.562232267806906931e-10 3.668926810784909121e-10 6.218729011992322227e-10 6.786026404291605209e-10 3.699794587673544989e-10 -2.262457333161221215e-10 -1.124000054745162593e-09 -1.246030557668878579e-09 3.346719520666761165e-10 3.684385359533446913e-09 5.630657989952790748e-09 4.051116095719587620e-09 1.420281050324411865e-09 2.463102212217431779e-09 9.192352475187897352e-09 1.394946248949904625e-08 1.371827317424407749e-08 6.094641631785411181e-08 1.918008440246434455e-07 3.770267872707422497e-07 7.153839626091779594e-07
-1.605232042550887231e-06 5.423209423638728910e-07 2.815352140877988509e-07 8.698509539109477371e-08 2.233301682327095729e-08 6.846359097552080620e-09 6.094285712434367904e-10 6.521137780216925343e-10 5.455087240364213142e-09 3.513044160083416224e-09 1.129750005927375008e-09 6.298813528873078596e-10 1.835704399359458771e-09 1.366224801033237241e-09 1.045132647420435508e-09 2.666928827728032406e-10 -9.592846274326366928e-10 -9.122918655028615975e-10 -1.080103598991719807e-10 3.741417502311977587e-10 1.022542398173128973e-10 4.031556783216041061e-11 1.637257783729729388e-10 1.158713959046459286e-10 4.941678486461108344e-12 1.725865556735097097e-11 3.593814067241442825e-11 5.042874326627416838e-12 -3.808245317737370238e-11 -3.620060158544125930e-11 -2.412238859076908661e-11 -2.072667739618515328e-11 -3.393537023909553402e-12 1.780499514407600285e-11 1.600358082692249823e-11 -7.526079006692759135e-12 6.688328095595412832e-12 9.775920340179540122e-11 7.699743063875478389e-11 1.870535080693695363e-11 7.297973163528326926e-12 5.455116521949402549e-11 1.610345039336172315e-10 2.631629202879485292e-10 3.752430331783798198e-10 6.419100328495485349e-10 7.118257560859255236e-10 3.695421032424125972e-10 -2.606960740834852557e-10 -1.123794246659145940e-09 -1.219850140322327143e-09 3.600325761805347896e-10 3.678291349925405409e-09 5.511450519206043788e-09 3.900222477299563306e-09 1.305581142189747120e-09 2.159764695043258984e-09 8.760522788424943970e-09 1.300609608758853706e-08 1.258660330318046950e-08 6.038945603850664594e-08 1.934050313346824212e-07 3.861986111721601293e-07 7.324280398927629143e-07
-1.690463329393728247e-06 5.180642196949661543e-07 2.729966449245318810e-07 8.157851046787609343e-08 1.896894954339551433e-08 6.124324106557691716e-09 7.797377656587595145e-10 8.910292107266569402e-10 5.561226744851073278e-09 3.708742544440092424e-09 1.252222640174655482e-09 6.855130065538263035e-10 1.855397290963158298e-09 1.349663439880738227e-09 1.074455634505801278e-09 2.826159756088729780e-10 -9.639763278803374826e-10 -9.006751348140544265e-10 -9.574472480334713216e-11 3.706565603338088081e-10 7.863025745290206864e-11 2.887511657541356516e-11 1.700790847735253452e-10 1.256376327430482227e-10 5.230694171310246360e-12 1.429138439173511278e-11 3.313055575219787595e-11 4.980106768281227522e-12 -3.752393830499518739e-11 -3.499108267134450056e-11 -2.319249229433408460e-11 -1.960908785249885041e-11 -7.802030665792391697e-13 2.030601623955717253e-11 1.556554388698344444e-11 -1.078386488259361944e-11 6.911109594510013779e-12 1.011029765948288136e-10 7.310799118220200436e-11 9.987159657489505945e-12 1.898847637876992392e-12 5.378402632618490158e-11 1.648204124901225926e-10 2.773972820779371782e-10 3.941515317456785736e-10 6.564314826784609226e-10 7.163343065286516859e-10 3.582844065000995429e-10 -2.463185611371094503e-10 -1.078075887839191609e-09 -1.172386109114480988e-09 4.111649594070324491e-10 3.784364672628020086e-09 5.730482815328573172e-09 4.124276333766213856e-09 1.450267058099045823e-09 2.256552183728156189e-09 9.062182842420343773e-09 1.326277448675964614e-08 1.207590486212751368e-08 5.770429159646402000e-08 1.862777245547598880e-07 3.666313059992708841e-07 6.770484816050250859e-07
-1.451177933167071182e-06 5.244583441099042197e-07 2.668145007282763440e-07 7.544261391622576676e-08 1.801041824550236982e-08 5.860806601282304382e-09 3.854351425977676170e-10 4.545455263601936384e-10 5.281855477978023502e-09 3.341439268624824068e-09 1.033560842849024595e-09 6.117960527476112842e-10 1.844162367018254787e-09 1.358039541155268169e-09 1.034230811478395243e-09 2.749620243674586293e-10 -9.203963844742309452e-10 -8.855458761062132788e-10 -8.556591579930776229e-11 3.915402219188775296e-10 1.013943943300028152e-10 2.548711903338366695e-11 1.525652226352517990e-10 1.101826508024195353e-10 -6.755621015165995061e-13 1.478874869134861130e-11 3.652079836260543514e-11 7.314699058650150964e-12 -3.479843675222573890e-11 -3.570691850845653905e-11 -2.685552292515001487e-11 -2.133135513197963218e-11 -1.094316108713724840e-12 1.879742911390516590e-11 1.470934830687403442e-11 -1.111337077709042190e-11 3.240333907981821177e-12 9.695967901729333124e-11 7.506167667278447731e-11 1.228143168178631118e-11 4.553181677550171524e-12 4.962116711475652472e-11 1.544436720907356761e-10 2.618215619909843425e-10 3.912787077773067673e-10 6.640753989108056146e-10 7.080140419680142829e-10 3.377893828036365153e-10 -2.825556593229315820e-10 -1.127290524441454050e-09 -1.256578356265131833e-09 3.088983684847239897e-10 3.664373139080102947e-09 5.529296513524785632e-09 3.875731654131376652e-09 1.322938990792365648e-09 2.011806675204266130e-09 8.593482005333731107e-09 1.312327657626241445e-08 1.308511351189314742e-08 6.118022347401981803e-08 1.939520291603418426e-07 3.876503198207769371e-07 7.374464373194422981e-07
-1.304741116054339540e-06 5.279330855840578150e-07 2.700209092915001358e-07 8.004088917570012651e-08 1.895679314866202380e-08 5.808470167409945750e-09 4.185874069590835189e-10 1.170063638927771755e-09 5.885662091630223811e-09 3.679481693976551760e-09 1.204414932433145796e-09 6.254993491503728702e-10 1.800781702847578961e-09 1.327640320079687020e-09 1.052025127827833383e-09 2.671062483256111449e-10 -9.624415956774673421e-10 -9.220113119245338686e-10 -1.299551966183383186e-10 3.566479231908146705e-10 9.843545987572145197e-11 5.101775988903816177e-11 1.770658080713175988e-10 1.263699739609552625e-10 8.265520166142245265e-12 2.116389112001627644e-11 3.828912465198263700e-11 3.839100806336593784e-12 -4.038602899314464127e-11 -3.793084299928276381e-11 -2.555748281355607929e-11 -2.125616956521503744e-11 -9.728270067864711510e-13 2.113655636765880850e-11 1.709581476205748902e-11 -9.058343054421162937e-12 2.663752585724389479e-12 9.263199605021338800e-11 7.015736325691039741e-11 1.100033835818322733e-11 6.661229804795508684e-12 5.429522938140891048e-11 1.505198776600448287e-10 2.648732861494280409e-10 3.938328563449894969e-10 6.472847680722082396e-10 6.767630971785879536e-10 3.483376201051932873e-10 -2.522341999127795031e-10 -1.116840219591668070e-09 -1.199967645678169916e-09 3.335976687034431702e-10 3.630654305812837008e-09 5.518718003465957003e-09 3.992354726898860540e-09 1.319048212347971192e-09 2.160094407954200502e-09 9.378509162324677469e-09 1.503699370810789919e-08 1.577411156668769503e-08 6.612184158772534502e-08 2.040143957324031511e-07 4.007907132138472548e-07 7.600855194316308605e-07
-1.608836835104388823e-06 5.338878696675438307e-07 2.698556749527725565e-07 7.843753556023803165e-08 1.726523112802619467e-08 4.534093931401786522e-09 -6.238516188396739994e-10 3.301459897317877370e-10 5.427604551637672397e-09 3.544584348542900172e-09 1.091873374980559720e-09 6.748555195523463785e-10 1.941149366675793916e-09 1.439158900314291495e-09 1.095418378495151617e-09 2.757730199662636259e-10 -9.762815693765899831e-10 -9.410858643767355273e-10 -1.246054037952293775e-10 3.680738843013373427e-10 8.988773211766930684e-11 3.387367256996226940e-11 1.638741804334999309e-10 1.108494675911416841e-10 -2.302809215892955437e-12 1.417415722039932753e-11 3.616436776921977784e-11 5.212046038843649413e-12 -3.821820091525476487e-11 -3.791643375243905954e-11 -2.564749032402996068e-11 -2.006552413857318271e-11 -1.213778083000048621e-12 1.876469631371830749e-11 1.390560116153523629e-11 -1.048626347646388812e-11 5.031780411193403627e-12 9.935260847733629955e-11 7.780500244261713149e-11 1.229318147170101709e-11 6.280481613373101894e-13 5.364748352770355980e-11 1.643640502367174685e-10 2.767059679926707329e-10 3.920561833655429143e-10 6.571869807716559806e-10 6.806529247998566441e-10 3.157337666209029328e-10 -3.017398926855648091e-10 -1.149410300277398489e-09 -1.230800702930260173e-09 3.386704264406039626e-10 3.766523464319130231e-09 5.696348346077471042e-09 4.091286727236613693e-09 1.326633986651893401e-09 1.949217837866537739e-09 8.786851180007636938e-09 1.396285665204195539e-08 1.435552159535539344e-08 6.237936808108096207e-08 1.936576422242838137e-07 3.807540925616162346e-07 7.183697313323404411e-07
-1.401039170213343682e-06 5.176963984020588991e-07 2.687365893030033499e-07 7.856956874722467550e-08 1.782922654948762675e-08 5.295000456768070928e-09 9.977528077372068498e-11 8.569256709650942669e-10 5.506688985983424756e-09 3.579339210506471692e-09 1.233815787493502999e-09 7.185396465812877308e-10 1.852800088207965770e-09 1.330904804057438059e-09 1.049903309516046530e-09 2.726734436495941414e-10 -9.575723830242385836e-10 -9.060416643946429434e-10 -9.552572484811384502e-11 3.950897609590722281e-10 1.057160768184416636e-10 3.531337901322547189e-11 1.683568088091571676e-10 1.244080899391297005e-10 5.498160004639192857e-12 1.392392500618746241e-11 3.321271608921326920e-11 6.353160713521948900e-12 -3.417637962455818055e-11 -3.317898028624006198e-11 -2.377674893475955894e-11 -2.050534828074450064e-11 -4.088135692238340885e-12 1.789086571754093804e-11 1.667550295652686970e-11 -7.326951414028317563e-12 8.989733660620591121e-12 9.879035228657478305e-11 6.877672942371703841e-11 6.417606318146177793e-12 2.036783536715899173e-12 5.174303760363716752e-11 1.652398047105286099e-10 2.789067045711280237e-10 3.855625872089444123e-10 6.438232604685574928e-10 6.797241773551863730e-10 3.153582986952944415e-10 -3.127559876968321519e-10 -1.181114373766325275e-09 -1.285627986657603622e-09 3.346982874889402480e-10 3.703138497065501123e-09 5.531614077331975325e-09 3.822505036681790716e-09 1.033530409597473042e-09 1.807342316085732415e-09 8.550911723180669520e-09 1.354959618964949650e-08 1.385598990706565955e-08 6.191788335392180954e-08 1.951667144757791854e-07 3.818715003683940105e-07 7.130620677063453683e-07
-1.573627479520347907e-06 5.285722061861919066e-07 2.737779210099935953e-07 8.243161664412843142e-08 2.120479052030400312e-08 7.353715052156822359e-09 1.380535773082254096e-09 1.258147801423392096e-09 5.484279913994446307e-09 3.355658570876179080e-09 1.060215395658964073e-09 6.153762675486230909e-10 1.817185597649092368e-09 1.296977207002707930e-09 1.034841448554505977e-09 3.298563720830009941e-10 -9.188421470432979763e-10 -8.990452461813832039e-10 -1.135045897740164368e-10 3.666809260710589493e-10 8.604171199438745076e-11 2.542602555691464297e-11 1.554174330631749396e-10 1.137875944130700057e-10 9.147128020310995120e-12 2.776779655602465136e-11 4.521354992010465274e-11 9.502360040642074975e-12 -3.635150377094219655e-11 -3.715912462770895061e-11 -2.846923316997225131e-11 -2.310834138043147273e-11 -3.044409039933701677e-12 1.965544395625450483e-11 1.678458260850818090e-11 -7.572541432258007808e-12 8.863583079064271403e-12 1.005358262162753702e-10 7.683310867125815803e-11 1.757432388532906529e-11 1.826542851731018047e-12 4.960172858860201795e-11 1.696673249223143450e-10 2.826959774064596615e-10 3.878778116903684214e-10 6.351136261388899877e-10 6.976325548217249040e-10 3.724695960737659575e-10 -2.671119167293314178e-10 -1.136240932760945048e-09 -1.212022446051623201e-09 3.106871415283864957e-10 3.632274085643291962e-09 5.661104824359158479e-09 4.188718175657770119e-09 1.500938419419659370e-09 2.249067068521912976e-09 9.069939679767258292e-09 1.410630241003615706e-08 1.439948630050795004e-08 6.378973119227901457e-08 1.990196724962057899e-07 3.926660917235714792e-07 7.339874508943067935e-07
-1.432767483544390576e-06 5.507073227593572677e-07 2.784846714928868768e-07 8.441356999800758589e-08 2.233556914672588986e-08 8.081505641885635712e-09 1.571923201637737658e-09 1.210220920368585630e-09 5.460702603302258421e-09 3.372576569689893476e-09 1.038902203577342818e-09 6.049724471236757572e-10 1.854412883844916038e-09 1.380019576554147287e-09 1.056810162144176104e-09 2.751101470111509194e-10 -9.680774858538833422e-10 -9.357384164593815076e-10 -1.433319527167175436e-10 3.446331744789930604e-10 7.391333443119324481e-11 3.176292373665040177e-11 1.740407779944142536e-10 1.213433973106859434e-10 1.230441615861699650e-12 2.077328338043763255e-11 4.361323256065144824e-11 1.059260861405608389e-11 -3.651789541635211378e-11 -3.828789249517251515e-11 -2.616488883213351889e-11 -1.934487414993779557e-11 -1.548333165510778734e-13 2.173712448339445739e-11 1.794069495875031435e-11 -7.828252218157481560e-12 6.986733426569492429e-12 9.741089618962890954e-11 7.242862930318371087e-11 1.093043557014401672e-11 4.199874190793653414e-12 4.637643688273491871e-11 1.445429836171310940e-10 2.619972884079184952e-10 3.916438869953775910e-10 6.704033074755644444e-10 7.320578787563195969e-10 3.956672119756155510e-10 -2.234863705618907946e-10 -1.092323825192206776e-09 -1.172483723457335265e-09 3.945908256469101778e-10 3.728567140901204340e-09 5.695649428877959709e-09 4.087990019640545925e-09 1.371400223512094304e-09 2.023349920386735167e-09 8.486949130697303322e-09 1.343793321453889819e-08 1.424586384622278173e-08 6.385649655877011112e-08 2.020957226610851635e-07 4.044027995458177977e-07 7.700051821157958530e-07
-1.510931274417603714e-06 4.880062593372801244e-07 2.627285887549832669e-07 7.727703595823783061e-08 1.754568961595633791e-08 4.941154454654138969e-09 -3.827249078773180133e-10 2.418232021758395974e-10 5.321024836348440910e-09 3.620287604695942984e-09 1.252378714431155270e-09 6.925889880052152124e-10 1.823092116943112162e-09 1.333390538999978768e-09 1.033599810209998420e-09 2.465309852523842503e-10 -9.800541097122416999e-10 -9.133023380971563257e-10 -9.531015212018676018e-11 3.802856650515457190e-10 9.885554776354172078e-11 4.287277313073598730e-11 1.716092380451294253e-10 1.180635497868559494e-10 1.326222372727644521e-12 1.634795092612682937e-11 3.589802378926367055e-11 5.016843679292666268e-12 -3.624703553809508785e-11 -3.341542373676106714e-11 -2.227013180816319946e-11 -1.900455668430617615e-11 -6.040377633880643568e-13 1.979422501427536962e-11 1.754732206340447189e-11 -7.866852512319268694e-12 6.457070008428416771e-12 9.691166640455952003e-11 7.091717189251765851e-11 9.510665358752581477e-12 2.299955449084148317e-12 5.478386741383409836e-11 1.744653954606622894e-10 2.937106995270125711e-10 3.979287104853060199e-10 6.454779272041534248e-10 6.846180602495116920e-10 3.306261575080383552e-10 -2.782934245328258472e-10 -1.117602112728283650e-09 -1.211156592941306495e-09 3.400768857640775450e-10 3.723710185021113427e-09 5.642810054589659908e-09 3.992254909916618018e-09 1.262270308366546552e-09 1.847185644758571669e-09 8.481907925333185337e-09 1.342003215749682215e-08 1.358590486492834388e-08 6.073448194433755533e-08 1.906185795499626134e-07 3.731697307138241245e-07 6.876562080636004883e-07
-1.442972501554367053e-06 4.774333539226334380e-07 2.525991595652905110e-07 7.319850336731893745e-08 1.583948590750646368e-08 3.805992417434838507e-09 -6.920192140383636323e-10 -6.553066806727398203e-11 5.093097750080282249e-09 3.455088196473279221e-09 1.124620562178968271e-09 5.834953522035519396e-10 1.748259078330512697e-09 1.247337088588441740e-09 9.661033786697181770e-10 2.095186022716140840e-10 -9.995423929494642003e-10 -9.375094893572552331e-10 -1.198951084828628707e-10 3.755606186675232009e-10 9.694509724983237051e-11 3.797351381443315623e-11 1.651004500396705661e-10 1.204239110412324964e-10 5.131761213154280709e-12 1.920489154276853854e-11 3.963963452125839691e-11 8.734523881444232998e-12 -3.574985813847581325e-11 -3.642674418513059317e-11 -2.546566982142996358e-11 -2.066093229534385345e-11 -1.662949736960956069e-12 1.990659863303156754e-11 1.701436704034654400e-11 -9.515589485946522856e-12 3.720908858441916836e-12 9.752918017959427819e-11 7.208155874586078959e-11 1.078397086050380784e-11 5.562102239654379362e-12 4.975404872304540422e-11 1.566943891130332462e-10 2.698502969436359785e-10 3.864878406136468535e-10 6.490852254628679442e-10 6.800552275206103583e-10 3.159550569053275213e-10 -2.918209943471295223e-10 -1.132185175105962362e-09 -1.191553473446666641e-09 3.644568586116248765e-10 3.753770298733825172e-09 5.692594495919355779e-09 4.056578576347292371e-09 1.321977691523557983e-09 1.851849754068865961e-09 8.106838705371536462e-09 1.287794801124369025e-08 1.366149348941455070e-08 6.212553050495505089e-08 1.971757948899788002e-07 3.850804954195617299e-07 7.032483255256978295e-07
-1.746650422446393651e-06 4.989590968378488524e-07 2.580863310845721985e-07 7.502534053019745529e-08 1.868775622386851167e-08 6.064554825053633562e-09 4.045647586858568729e-10 7.043998173722699040e-10 5.302248819787945305e-09 3.291437335768825272e-09 9.451895680416497630e-10 5.184122249077600121e-10 1.777612685507464443e-09 1.311398405719515268e-09 1.046723606404946740e-09 2.821324251086222400e-10 -9.598716591878784866e-10 -9.202191405288924052e-10 -1.240684733746567583e-10 3.724272304478838612e-10 9.895245367250521054e-11 3.908499510157758889e-11 1.644260819372981792e-10 1.147235687446341756e-10 4.921894740203263048e-12 2.102490698123236183e-11 3.997939307392613207e-11 9.223191027595674373e-12 -3.449443377681754181e-11 -3.493046046809328508e-11 -2.430431655326398847e-11 -1.980221535523991428e-11 -6.676820497897864770e-13 2.007369159197069025e-11 1.624248686317395590e-11 -9.579528611720149308e-12 4.857093272455892661e-12 9.893963816466325867e-11 7.709988838880947178e-11 1.651895087619073064e-11 9.157957022724380682e-12 6.106876145723826618e-11 1.674524964986813877e-10 2.738578161938588280e-10 3.942604752777797998e-10 6.596120877593914361e-10 6.955798218948114782e-10 3.425144048724954513e-10 -2.952801769643336578e-10 -1.158322680220478513e-09 -1.214746635940089909e-09 3.965292378172085030e-10 3.790928936410843151e-09 5.706150118139711649e-09 4.066280838903982548e-09 1.358924549701039660e-09 2.083293917714330228e-09 8.611501548479402532e-09 1.317675398108989562e-08 1.400425072906825140e-08 6.421346936554461355e-08 2.031873217560653720e-07 4.042894475938910975e-07 7.672708317864647027e-07
-1.710137666483011422e-06 5.278264723183344064e-07 2.680509150864511525e-07 7.926957150027377874e-08 1.977920583986903752e-08 6.323930206299920207e-09 4.218814949315751399e-10 8.139683796829269402e-10 5.456607342326174550e-09 3.353554002233073220e-09 9.835179180588481945e-10 5.715784957061158241e-10 1.824044481343240752e-09 1.364573655754552108e-09 1.031720825795162813e-09 2.905932669710977218e-10 -9.115257503966062663e-10 -8.925745270776750861e-10 -1.212634463838563835e-10 3.450343067193574524e-10 7.916989133357794452e-11 3.094249358884089755e-11 1.608048166280745082e-10 1.153446735525244946e-10 -1.040742308487710142e-12 1.462383864714955625e-11 4.099398400666641462e-11 1.052691533092667504e-11 -3.409774661036558952e-11 -3.289748233271531130e-11 -2.330129853262222583e-11 -2.117750921736202491e-11 -1.244058846302325548e-12 2.129598096804599039e-11 1.794368410013576312e-11 -8.755146301175701727e-12 3.341392533610132292e-12 9.387539452269838257e-11 7.022601233046163821e-11 8.899183342256305042e-12 1.959612538333518377e-12 5.358253557265269879e-11 1.638683505688845638e-10 2.803063899223240015e-10 3.988726545909853750e-10 6.568789402875308175e-10 6.909485878916186748e-10 3.561332339105736928e-10 -2.733509721933295934e-10 -1.184219239950605320e-09 -1.235860038307731448e-09 4.243763889755758788e-10 3.798645291248959403e-09 5.612638125916818442e-09 3.988671352909192204e-09 1.389864122714553598e-09 2.341112651634351738e-09 9.376885000690283802e-09 1.498887988460422246e-08 1.644427926113701622e-08 6.618320307895584494e-08 2.044394183991161305e-07 4.052999890719701357e-07 7.709889183870053729e-07
-1.550140740946757280e-06 4.622254224907326080e-07 2.454768798413062695e-07 7.106640595025584573e-08 1.567422390072922142e-08 4.161466613555150822e-09 -4.575043300239414266e-10 3.615368084744160942e-10 5.209037932710786380e-09 3.313803332787171445e-09 1.035229269927630802e-09 5.928393122801590507e-10 1.846388141090581035e-09 1.374122058124931562e-09 1.029942906384400987e-09 2.560446921737798638e-10 -9.567569733402813122e-10 -9.082415181233993401e-10 -1.146972601256554788e-10 3.655650030011736675e-10 9.485449622979053979e-11 3.300579598570194470e-11 1.568503022401268480e-10 1.143771557369807956e-10 3.060832872870116994e-12 1.645897156906006024e-11 4.027481816835797272e-11 9.906210063029706279e-12 -3.730974240700816969e-11 -3.598503434747536832e-11 -2.373929963061724684e-11 -1.867553818582783700e-11 -1.369678359212038592e-12 1.871992061005196707e-11 1.470862672270495006e-11 -9.612215046079779820e-12 4.584919615835620759e-12 9.387412123315118454e-11 6.939226604627380991e-11 1.072327722050592969e-11 7.444213594940087626e-12 6.426229380580406038e-11 1.717458014045393228e-10 2.745585147690322856e-10 3.867992383881146274e-10 6.643549217062137481e-10 7.321338550831006761e-10 3.746774264536153459e-10 -2.664433448317278096e-10 -1.104657398290466849e-09 -1.197030519241767157e-09 2.749647682955803894e-10 3.627804095005301779e-09 5.552838163179799424e-09 4.011339653144175771e-09 1.465378592001361512e-09 2.120718391948457596e-09 8.643924053254686997e-09 1.367017067635083264e-08 1.422243598312105195e-08 6.392646739140374675e-08 2.005731012350818461e-07 3.960987454840416432e-07 7.544205750800145667e-07
-1.759543639992060509e-06 5.007115145921211093e-07 2.573608868048180502e-07 7.493616044058706099e-08 1.736032270835765745e-08 5.203633392075388459e-09 7.019223584657926105e-11 6.401491327914505951e-10 5.270532122073983260e-09 3.487962620173971082e-09 1.161628294629853223e-09 6.564859799386703014e-10 1.856304595427223677e-09 1.352326644053995583e-09 1.034787925696687144e-09 2.519053875894013597e-10 -9.689486211646400106e-10 -9.069921605913302170e-10 -1.060218656039061055e-10 3.616690670869653374e-10 8.421823284560646928e-11 3.453181951451737143e-11 1.700120291568352451e-10 1.190083351050920687e-10 -7.366959940820431325e-13 1.265375525308494352e-11 3.593909766587809543e-11 4.366361852448246449e-12 -3.888479094317448736e-11 -3.673465143350179263e-11 -2.558163114193796512e-11 -2.041608321747589954e-11 -7.881071922707545432e-13 1.899527853704753966e-11 1.514212479482973429e-11 -1.134558229582574524e-11 3.132734661144209765e-12 9.658993717265549174e-11 7.851832265846264263e-11 2.173215059532804471e-11 1.115547060673641458e-11 6.012149769309953344e-11 1.661200602281332849e-10 2.677595225029846812e-10 3.786746838928023933e-10 6.403871533481107433e-10 6.985970282874838949e-10 3.586632079018243848e-10 -2.794809518766755206e-10 -1.162468834040707373e-09 -1.244689390448853783e-09 3.394882202788198519e-10 3.749782641156419201e-09 5.711764016974649622e-09 4.069419392426397601e-09 1.497996227053401459e-09 2.451485353334183427e-09 9.377650530858302724e-09 1.453887334525824886e-08 1.529841204306818567e-08 6.541000411641082434e-08 2.035879971462872738e-07 3.997005699380965711e-07 7.417997172010172942e-07
-1.752167529062746913e-06 4.910271149494457257e-07 2.531066460181777812e-07 7.143474929773489352e-08 1.462750244807989848e-08 3.808205641511075800e-09 -4.948989570255555419e-10 3.295785290851006369e-10 5.249848989749582516e-09 3.315312805165310583e-09 9.609061975509948695e-10 5.266974778140431865e-10 1.759339773797116411e-09 1.283292599571165192e-09 1.024464962359252868e-09 2.841401548994064942e-10 -9.545770156546026805e-10 -9.304603036499898771e-10 -1.087874441271890401e-10 3.736728728460844466e-10 8.156339244869225257e-11 2.039017381949038534e-11 1.581007961079406297e-10 1.232903382115924610e-10 1.043674557506748732e-11 2.135365133460892698e-11 3.879871807495951520e-11 7.793888946336939531e-12 -3.649479016760011811e-11 -3.670439264666511230e-11 -2.645838396952263946e-11 -2.343674973221970238e-11 -3.639656293882038245e-12 2.104407335962728689e-11 1.905251173099340796e-11 -6.848338148157041212e-12 6.029831779612810430e-12 9.366801979306093577e-11 6.642935191248985953e-11 5.995417786580480756e-12 5.871111756955199761e-12 6.202286449554389272e-11 1.641919541565588792e-10 2.631069349447909977e-10 3.762306714878859456e-10 6.567985428585216019e-10 7.197727226008897371e-10 3.641611239905652961e-10 -2.576456268599522470e-10 -1.098461626248023691e-09 -1.183686858320273846e-09 3.245393766155981513e-10 3.634822016488174486e-09 5.487812807287405732e-09 3.902851017057221855e-09 1.387742119527464742e-09 2.308399940011945059e-09 8.760193258231239453e-09 1.325777367577615406e-08 1.378605592717440657e-08 6.271550122670939435e-08 1.978105166556893045e-07 3.865862279445860439e-07 7.165017794916434774e-07
-1.651849998381151172e-06 5.021242506979001018e-07 2.616399897478824654e-07 7.700178659945856566e-08 1.798333190908095540e-08 5.111258455341618801e-09 -1.525331502306317436e-10 3.230402151055067107e-10 5.266893177418473013e-09 3.427050955219378518e-09 1.120066602621790095e-09 6.894909759201097685e-10 1.839995899312922060e-09 1.328961459891663762e-09 1.064853421619917872e-09 2.955591760071097217e-10 -9.658627882205746832e-10 -9.271609029434149958e-10 -1.157659969736480298e-10 3.693674926311491080e-10 9.826296481907803944e-11 4.144011949849148332e-11 1.647859698894203701e-10 1.143209918593789113e-10 8.808467828179654441e-14 1.299136316853480268e-11 3.841318206227620653e-11 7.775313884827698659e-12 -3.767872726067083646e-11 -3.705314046198480586e-11 -2.639158090182298675e-11 -2.237678882709954731e-11 -5.076568510165870387e-12 1.699921406211564631e-11 1.635592542742849398e-11 -1.023474021913144133e-11 4.593726950844378449e-12 9.734700896422008677e-11 7.346741478598736637e-11 1.746378614989998551e-11 1.058348673451890641e-11 6.065671034547066567e-11 1.744730073234865079e-10 2.765858622504428121e-10 3.888194652362311016e-10 6.481415549686211069e-10 6.869341335109932543e-10 3.448694304504161943e-10 -2.637392311648324751e-10 -1.094419125999186990e-09 -1.184674732879163404e-09 3.678693230169946797e-10 3.775674386542997944e-09 5.770516735106439200e-09 4.108806715275465979e-09 1.280980734483425007e-09 2.063732445265793294e-09 9.016359970600045653e-09 1.417691787384357176e-08 1.462293861705135715e-08 6.424120215088418005e-08 2.012764903930045329e-07 4.040276572140388429e-07 7.687163292147917680e-07
-1.556137128808956508e-06 5.039878866487178211e-07 2.621542897270252090e-07 7.575686153161712788e-08 1.676316552529778124e-08 5.165199591249768517e-09 2.587040984395769828e-10 6.278046410457933165e-10 5.357819515890636142e-09 3.431439555774145178e-09 1.018865985026967970e-09 5.862285337625005179e-10 1.880811494371659940e-09 1.358329554786072674e-09 1.035957227067045513e-09 2.472459242166444430e-10 -9.835455793418216278e-10 -9.409741303795951494e-10 -1.340663869419588275e-10 3.549230734484312158e-10 8.707906826470181854e-11 3.342037717914499054e-11 1.715864590138053117e-10 1.316454047804560898e-10 1.516609540674341782e-11 2.476389070526991983e-11 4.037694894297601373e-11 6.001976024252635416e-12 -3.883495492103452184e-11 -3.909000224877117527e-11 -2.653356717020432304e-11 -2.220962660935693563e-11 -1.941656863199088216e-12 1.998864060771589620e-11 1.609486870163443994e-11 -8.711608390786637125e-12 5.173070360423194744e-12 9.848889119444736302e-11 7.863415850752376079e-11 1.913001897617969034e-11 9.664335730738274645e-12 5.439370680596589784e-11 1.523866779553063054e-10 2.581192854716329014e-10 3.845247190564973381e-10 6.493594522675283443e-10 7.135007087887583185e-10 3.951057242048779875e-10 -2.562426070249341167e-10 -1.166592554551342518e-09 -1.227873560307609401e-09 3.920518132573220711e-10 3.790137552294356188e-09 5.690512055735165229e-09 4.052161626436195126e-09 1.385675304609809174e-09 2.290296508634482185e-09 8.953626913485314254e-09 1.423709969051549156e-08 1.520498273434283399e-08 6.502831047216191120e-08 2.038857337603372335e-07 4.036042892207300445e-07 7.641234475218040058e-07
-1.750688893312463754e-06 5.848000486122122905e-07 2.976389938198750166e-07 9.197853114686995308e-08 2.323001927570463480e-08 7.106860393474011214e-09 5.780468669368981822e-10 7.674328588927965483e-10 5.543312179026860217e-09 3.547746310389198176e-09 1.127594744972453825e-09 5.613476967292022518e-10 1.809436419852446576e-09 1.352576264919465598e-09 1.067596492758111736e-09 2.761182100662326225e-10 -9.790675424394466294e-10 -9.383463692260556274e-10 -1.243216306423486694e-10 3.790801829871649035e-10 1.051892741937386969e-10 3.869647342488161802e-11 1.676364303555366993e-10 1.210170522847731499e-10 3.938222250259425571e-12 1.731815770389071921e-11 3.756073415137266383e-11 6.147613987852713947e-12 -3.929604050916634514e-11 -3.835171313359971998e-11 -2.535395798997935513e-11 -1.944158725248699585e-11 -9.240765233204207217e-13 2.029006722535803128e-11 1.640387573535283112e-11 -1.179834485892562774e-11 1.215279580490291767e-12 9.356182666470578886e-11 7.013227491874516558e-11 1.055889659278688795e-11 5.803828792575458288e-12 5.847097772863363078e-11 1.635327971961818656e-10 2.706025311201902948e-10 3.895620823411434985e-10 6.360239100709010493e-10 6.729831624564576896e-10 3.212815569281252829e-10 -2.881429797475809644e-10 -1.157467770869679630e-09 -1.240661901326444414e-09 3.592358533547689198e-10 3.723191244141321494e-09 5.583281450257327435e-09 4.041523652346912655e-09 1.410346630372363910e-09 2.311245810672430427e-09 9.119166008847683087e-09 1.404327880957191397e-08 1.433393191822565025e-08 6.244111322327762950e-08 1.971032100271161275e-07 3.867866059083276437e-07 7.217632355284142593e-07
-1.715411303847282128e-06 4.383018791629249749e-07 2.337728589574965250e-07 6.721680270363551895e-08 1.415553675119691039e-08 3.805848470016648305e-09 -5.038016220896560650e-10 5.464472310559847422e-10 5.489288551566008954e-09 3.458799103630955012e-09 9.894843984741190897e-10 5.745621735903199371e-10 1.795814009137535070e-09 1.270754337128539986e-09 1.017791725681315986e-09 2.488854754196250135e-10 -1.008531561190882365e-09 -9.513472946739722145e-10 -1.390604017986925135e-10 3.582823626478071002e-10 8.907485674091609933e-11 4.261521727984788250e-11 1.734997034473083449e-10 1.233495370580456968e-10 5.752599795077120443e-12 1.376832308218202172e-11 3.310319639976898163e-11 5.176084084570694382e-12 -3.667259001269732918e-11 -3.560209707425105405e-11 -2.418908477085044370e-11 -1.933284610248034401e-11 -1.743291234219997685e-12 1.941339542112047309e-11 1.595209541959204587e-11 -1.058714609523212888e-11 2.643076604640162278e-12 9.364605693265043714e-11 6.898785389416259061e-11 9.921492863378687148e-12 3.533003039697258004e-12 4.848809343998532595e-11 1.579003880126153411e-10 2.714294306201408277e-10 3.905396740893328521e-10 6.618406928992713912e-10 7.260792858348073818e-10 3.811402645187557089e-10 -2.543587762562109282e-10 -1.117124899200492173e-09 -1.198426868962876896e-09 3.671551587857603302e-10 3.768398694613991217e-09 5.688375833998048854e-09 4.103959385436030488e-09 1.287886479106619524e-09 2.020743235480970196e-09 8.681154543993218452e-09 1.363550435364392628e-08 1.421972244586071143e-08 6.296881396312443373e-08 1.981527979318421665e-07 3.891197800663146088e-07 7.266018888891572996e-07
-1.561378290267900017e-06 4.853171884936788838e-07 2.554755632913170840e-07 7.445817639874201123e-08 1.667417304210953144e-08 4.325496132762961432e-09 -5.486009279061630451e-10 5.700538575906605259e-10 5.534917288641443396e-09 3.625839718823853348e-09 1.101969741665520254e-09 6.064828146137324892e-10 1.842928169742427620e-09 1.285375789349148055e-09 9.658893471766781562e-10 2.158191457411402337e-10 -9.860799749112829799e-10 -9.383895318697177783e-10 -1.305534148201468089e-10 3.551140204748825248e-10 7.798644615778246313e-11 2.075751823248485280e-11 1.568838107235007551e-10 1.145672999917456716e-10 5.980860959157398863e-13 1.494632385391723968e-11 3.791100248707238371e-11 6.824968853679768986e-12 -3.776469606051637583e-11 -3.623183074073805135e-11 -2.247899221292901330e-11 -1.754230118892073517e-11 8.686363115014736636e-13 2.163547849634028454e-11 1.935511228126536808e-11 -6.942080449496502773e-12 4.268041423325771569e-12 9.302445677615201438e-11 7.017498517560292550e-11 1.644425969924488132e-11 1.577058950682160207e-11 6.252814367427116813e-11 1.612803579659381476e-10 2.668466531915106276e-10 3.959810520961003690e-10 6.526231809999154323e-10 6.906054368992192897e-10 3.245909652428209579e-10 -2.964190088066008678e-10 -1.126426624915137645e-09 -1.178072356397994888e-09 3.523018989190808548e-10 3.698060301333894953e-09 5.688097089793676232e-09 4.094898105838454391e-09 1.484555803247954655e-09 2.622434233782649001e-09 9.350923178944212626e-09 1.401367198027944207e-08 1.338795320650543189e-08 5.957332794311625055e-08 1.933496141561364918e-07 3.874663823739046615e-07 7.374270096037112544e-07
-1.609672487850630358e-06 5.506336661862477339e-07 2.827060456627522689e-07 8.270178640835806425e-08 1.926431469344825545e-08 5.594758870941742185e-09 1.348861564194009041e-10 7.308599028471906853e-10 5.722327442546323520e-09 3.618913249017285929e-09 1.170418279081058553e-09 5.620912696205399323e-10 1.803292625806165566e-09 1.319901702938857207e-09 1.031685499157668741e-09 2.705229393276130341e-10 -9.702991025990810718e-10 -9.315562478734397037e-10 -1.079959874729678175e-10 3.861129362674064120e-10 1.169066436987423604e-10 4.335136205368708038e-11 1.575819844393688425e-10 1.115100430469578448e-10 -3.921520644269934111e-12 1.121359023942121524e-11 3.651855484023907299e-11 8.308779952267689835e-12 -3.528922643648976189e-11 -3.502344857371779589e-11 -2.513620063979745319e-11 -2.193932529294456185e-11 -2.397996600558769528e-12 1.940389646147539355e-11 1.583190187471761020e-11 -1.062391869783640721e-11 4.712034189576921332e-12 9.509680178806498120e-11 7.186679055276047304e-11 1.206098527603633208e-11 7.702576103951477988e-12 5.949513338399809078e-11 1.599185736018908631e-10 2.695623638956457813e-10 3.965574062479761723e-10 6.610471425703118475e-10 6.977313906797295858e-10 3.432243961150100126e-10 -2.585117359429174435e-10 -1.118519681541845018e-09 -1.218797210328965541e-09 3.308161337580183985e-10 3.719389424679357640e-09 5.723937431115145255e-09 4.186828381789166774e-09 1.392799817403329110e-09 2.167799463989574371e-09 9.167162378146314164e-09 1.397733679495728184e-08 1.386222465676967091e-08 6.296270608047383255e-08 1.975002037734469701e-07 3.932491073133693621e-07 7.448557170434998422e-07
-1.499551471732156691e-06 5.090377080634024358e-07 2.650033072309379042e-07 7.593908298054877435e-08 1.590771436917571420e-08 3.482960718906288598e-09 -7.447395229826904389e-10 3.687225407285783443e-10 5.230660620568560609e-09 3.311906765903049158e-09 1.030054621863025888e-09 6.457377318165274050e-10 1.813612938251190437e-09 1.243878722180634557e-09 9.778428215886431271e-10 2.722826377473412490e-10 -9.307241316813080407e-10 -8.990273713655723269e-10 -1.093261784721133373e-10 3.767321816692799371e-10 1.032210552012480298e-10 3.661567127848852594e-11 1.677721769823795432e-10 1.208391455406573043e-10 6.562239182422238771e-12 1.993865773667281503e-11 3.956646360622755149e-11 8.619250147409230071e-12 -3.729347334046789832e-11 -3.826721987635866932e-11 -2.670137267602267037e-11 -2.079415230515736401e-11 -2.866767979727582319e-12 1.925965619816250084e-11 1.832122501870027630e-11 -7.988939274127236072e-12 5.778592697459896624e-12 9.845100950195691331e-11 7.513208162355188989e-11 1.409810803249678723e-11 5.353261879231009066e-12 5.371320464263811318e-11 1.622408186988380804e-10 2.762362981003629509e-10 3.993249614742604740e-10 6.650255263128939838e-10 7.197892569100113644e-10 3.604728479358293827e-10 -2.544347803196102977e-10 -1.069508084059349657e-09 -1.114996751274703495e-09 3.755700070826689338e-10 3.719404162803166742e-09 5.705739258162878386e-09 4.096953938268839787e-09 1.284823703413560619e-09 2.000086613160339341e-09 8.696139928284695434e-09 1.302525668638341922e-08 1.304887746009144935e-08 6.140379931546667174e-08 1.970144502431652765e-07 3.932471535001063573e-07 7.597252912085755687e-07
-1.381988817849932605e-06 4.825475399085928760e-07 2.556520601062518107e-07 7.357237177926278192e-08 1.680872610395407772e-08 4.602572360740413427e-09 -3.716552495311256176e-10 4.969775868960797055e-10 5.518501788089594768e-09 3.554856564430940856e-09 1.082482729706281741e-09 4.997493585209738698e-10 1.772619134897458968e-09 1.340198975262380727e-09 1.042810232756396823e-09 2.783829116700785991e-10 -9.501066865996043065e-10 -9.074872641951610736e-10 -1.254842642833704890e-10 3.568738258970028850e-10 8.577171463118749365e-11 2.613915555101003450e-11 1.682874405245873625e-10 1.275985769396637175e-10 7.148668367900530484e-12 1.867927506696138402e-11 3.971192912110004284e-11 1.106410042220765749e-11 -3.301795939839164187e-11 -3.516082140707179366e-11 -2.671902749263248653e-11 -2.274875556256791359e-11 -1.950833761278172072e-12 1.974012151115998818e-11 1.487191173892496561e-11 -1.182604498108146741e-11 2.771670974376190102e-12 9.651563844286727410e-11 7.092910374652493236e-11 1.032911192491813830e-11 3.357949540090686442e-12 5.502084487729977378e-11 1.725255178544519702e-10 2.923669115332398376e-10 3.989967967992894819e-10 6.431240699717705828e-10 6.955062714971040993e-10 3.450967472990972832e-10 -2.991461214672734740e-10 -1.152864343292534097e-09 -1.184289440102435399e-09 4.075616336139660646e-10 3.748444374709938036e-09 5.593818960978877620e-09 3.896393753499599733e-09 1.161774496469237870e-09 1.824771278500419582e-09 8.134494106625803316e-09 1.219138918013666356e-08 1.206507231350946651e-08 5.874989792968631992e-08 1.878764297226877186e-07 3.684677175029032537e-07 6.798519314900894051e-07
-1.896211721579596700e-06 5.257238165142023595e-07 2.676410940640905141e-07 7.822476053074507791e-08 1.865439244308768144e-08 6.152891464302031254e-09 9.584154440499100273e-10 1.035114807443709241e-09 5.581284225551887963e-09 3.628285255878846465e-09 1.169316610052624864e-09 6.106518686396812292e-10 1.779872967951966949e-09 1.291320271673640124e-09 1.023296418976647869e-09 2.578101471100771896e-10 -9.786949013543721499e-10 -9.337055461787408320e-10 -1.072337272216018416e-10 3.911033222420939132e-10 1.099761173270888166e-10 3.820537508513057437e-11 1.530177666321418365e-10 1.096479183810866747e-10 2.709564100612383822e-12 1.931534523670731153e-11 3.792184649017747541e-11 6.989866604687498073e-12 -3.858948085674063843e-11 -3.919389380952394562e-11 -2.675272870508994251e-11 -1.998148271529926577e-11 1.058980959808126032e-12 2.232946992959764001e-11 1.907848027988017766e-11 -6.674133418530703142e-12 6.580532893393363064e-12 9.809502879614108815e-11 7.624023371823044262e-11 1.813474269751133410e-11 7.454705109387155226e-12 5.329803605335804461e-11 1.586706016833060750e-10 2.644950599245979208e-10 3.739186734225695484e-10 6.416074691496004485e-10 7.053247414222938656e-10 3.629536876876178078e-10 -2.981492720845797272e-10 -1.170765104780862993e-09 -1.222723029628634107e-09 3.712373215877944401e-10 3.764344204659766827e-09 5.585064604424719753e-09 3.868097951849019239e-09 1.264373424729089151e-09 2.237546834336282742e-09 9.055461691461637196e-09 1.390965716203031387e-08 1.334381379232460643e-08 6.026148167951214155e-08 1.913175516365985489e-07 3.750183457772585132e-07 6.991768121755257350e-07
-1.891044755466513787e-06 5.596271618368413020e-07 2.833631356583958588e-07 8.457293945234818086e-08 2.106826574509009242e-08 6.083173720934703568e-09 4.247730367037518156e-11 7.077467668957873533e-10 5.625255930224928541e-09 3.515542365404548116e-09 9.465189381900605650e-10 4.510198602653399534e-10 1.786466858334150691e-09 1.309644700425351457e-09 1.025721664955920914e-09 2.665928903857512922e-10 -9.691542116713052405e-10 -9.464422084442064567e-10 -1.331854012388790679e-10 3.647352079348904411e-10 8.808921548121824943e-11 3.152556866368887560e-11 1.623885521724317040e-10 1.151988678729616333e-10 6.939456980027947751e-12 2.172956815117099696e-11 4.173691833933871717e-11 1.016721910513516093e-11 -3.645416085540525405e-11 -3.728433245407618240e-11 -2.550355231412571609e-11 -2.044257782038773489e-11 -1.870046878046568302e-12 1.864241925352299011e-11 1.536287306410022260e-11 -8.772266840072340594e-12 6.817371184253372176e-12 9.609045275091537788e-11 7.229270995296868539e-11 1.169720481098854132e-11 5.910187303385116638e-12 5.869239095059914234e-11 1.609013734775294475e-10 2.697042284880474127e-10 3.928456457378750197e-10 6.685723166806120829e-10 7.310898431984431611e-10 3.794342514397591538e-10 -2.442140057513673713e-10 -1.114240068881398459e-09 -1.175719736950448155e-09 4.195528065694792579e-10 3.805935320627420660e-09 5.709778249185745703e-09 4.076990840801697266e-09 1.385874294524336920e-09 2.330256317442852532e-09 9.191710604103127768e-09 1.425304454218002850e-08 1.519741302477826108e-08 6.424784959421218319e-08 2.032834350862937026e-07 4.043268792217832713e-07 7.665946808800283419e-07
-1.541916680893575879e-06 5.014347173833032889e-07 2.633942905333553941e-07 7.674894777235206486e-08 1.742029722574210080e-08 4.691823551867255109e-09 -1.824986241573362379e-10 5.125742212963303660e-10 5.272339202726516925e-09 3.409639348131203807e-09 1.036167493368305031e-09 5.887438813006799833e-10 1.795055146025157592e-09 1.279441487034211431e-09 9.926948123113514269e-10 2.577872208458558889e-10 -9.429838189618033822e-10 -8.959125038172939064e-10 -9.135530017403069336e-11 3.824871876325901478e-10 9.327332240297616677e-11 2.354352241030308828e-11 1.489506062194863148e-10 1.071590954852081684e-10 1.544948661071899159e-12 2.120517326724669079e-11 4.218202101118362426e-11 9.291333969129702378e-12 -3.678284751953061344e-11 -3.688408044364083048e-11 -2.628226566530904475e-11 -2.024863865933523936e-11 -8.207467721939304974e-13 2.056991874572675239e-11 1.572755591393759078e-11 -1.006111673640171658e-11 5.078162502937972740e-12 9.731109267567730849e-11 7.545430115780166215e-11 1.613529411688846856e-11 6.872563249608410162e-12 5.752415140947091853e-11 1.716974839591940501e-10 2.848291698221487876e-10 3.978206828880243433e-10 6.448928856898724180e-10 6.900113480449067112e-10 3.477494846504143909e-10 -2.985812651226128962e-10 -1.170185683253560729e-09 -1.193626024939371091e-09 4.033623793121253858e-10 3.793458203837636720e-09 5.721324214628980655e-09 4.120406510648749695e-09 1.417814830724653537e-09 1.992919662528148001e-09 8.490500541612848670e-09 1.301062068236541563e-08 1.301487236220029290e-08 6.061021760269537926e-08 1.924560370285805210e-07 3.784606393292643158e-07 7.043301041589742285e-07
-1.217582861827864992e-06 4.931950137177091324e-07 2.497038747206974968e-07 6.727764716623744740e-08 1.285302395284290681e-08 3.199414332003470603e-09 -1.037881033708880972e-09 1.573345822488137922e-10 5.354750351931583000e-09 3.568042083421420615e-09 1.258692801971769231e-09 5.966659101188581481e-10 1.750239244575662750e-09 1.289504990834164955e-09 1.067638218558642929e-09 3.171097000478185993e-10 -9.206622119556937385e-10 -9.028853013216985710e-10 -1.107187514542378868e-10 3.584538137699928454e-10 7.425542466312786455e-11 2.156970785975405295e-11 1.624266266858640741e-10 1.191053173671684593e-10 3.439246943539679600e-12 2.173159720749788497e-11 4.148529953676746198e-11 4.862340298433891263e-12 -4.197973354790707444e-11 -4.013518338329862383e-11 -2.802264941320779803e-11 -2.124905700261686283e-11 3.162248555617772141e-13 1.940687405100346136e-11 1.428332632317508587e-11 -9.642509074100273212e-12 7.136070710630212663e-12 9.901174849490333998e-11 7.133595238080613879e-11 8.599217422596912198e-12 6.797326855914350948e-12 6.182597259335368419e-11 1.664239602930013999e-10 2.680940243009149150e-10 3.782503894021935645e-10 6.353876355436621062e-10 6.908908287007945151e-10 3.423675182773953848e-10 -2.717807938313977373e-10 -1.136115228038768262e-09 -1.231303405966665440e-09 3.030904661065582672e-10 3.658349163987894259e-09 5.549300743994374781e-09 3.970373182467634772e-09 1.320774314820496710e-09 2.420217164077896513e-09 9.518077828899215262e-09 1.446453229018649692e-08 1.494223782160855372e-08 6.496171425246545353e-08 2.032214737786283257e-07 4.074788167095583217e-07 7.839415911542104130e-07
-1.615140839293758671e-06 5.293693775022548016e-07 2.719647549240528538e-07 8.054309355399932019e-08 1.916788109849820079e-08 5.254945131687064590e-09 -2.365429704200933290e-10 4.965464194763748023e-10 5.383455852935119563e-09 3.417392852191756897e-09 1.076276159851447033e-09 6.345171768309256420e-10 1.872627999861777043e-09 1.371745282113380093e-09 1.080772319982281147e-09 2.974117492396863409e-10 -9.456314449246598690e-10 -9.008941388880666126e-10 -1.062036408814256179e-10 3.553020004081542510e-10 7.280967677762011091e-11 2.552198861352282336e-11 1.613708343276164468e-10 1.160064157662573907e-10 -1.904853468551660517e-12 1.296906722728227876e-11 3.874025710693324362e-11 9.271649483504785583e-12 -3.665723626962966002e-11 -3.749515062454753320e-11 -2.535591609707603754e-11 -1.937710158496036287e-11 2.763175547058422959e-13 2.225485035972955447e-11 1.991815331263622529e-11 -5.540945979878270431e-12 5.851246402904723153e-12 9.508981932971319398e-11 7.166131160336695693e-11 1.057609633789796399e-11 6.484886257079304612e-12 5.139639312822451427e-11 1.521798505679578108e-10 2.623180108894666472e-10 3.750233057676163731e-10 6.327669538670342472e-10 6.900392252855989838e-10 3.338381376344284640e-10 -3.105485766708478534e-10 -1.170438291022501918e-09 -1.210864617322111539e-09 3.351702079958111137e-10 3.746537128230209448e-09 5.730574248231749345e-09 4.100084349987012346e-09 1.470377361290250453e-09 2.495968238544349925e-09 9.331040949570105924e-09 1.405685070222369653e-08 1.449555417129998073e-08 6.413378487090665795e-08 2.025909421020718033e-07 4.060828262918578825e-07 7.662615096552093150e-07
-1.968655018010062309e-06 5.666890273239821796e-07 2.857046663257522575e-07 8.679700118881065505e-08 2.207376137615563843e-08 6.518772181779124062e-09 3.259805895646789737e-10 6.215644212143654678e-10 5.295542190323828524e-09 3.287527162221359087e-09 9.232175470104717492e-10 5.138581188571320301e-10 1.825481790652905341e-09 1.330185244333943571e-09 1.056278616118917422e-09 2.716504170493517815e-10 -9.858824289286265515e-10 -9.317118425034213941e-10 -1.121261154506160264e-10 3.666020019917853840e-10 8.378123202667628474e-11 2.804149279840010981e-11 1.612787074143300071e-10 1.157497085871149114e-10 2.600585366952383736e-12 1.767406278695926007e-11 3.845763770684587477e-11 3.799280856003516165e-12 -4.066595355740352380e-11 -3.670025561730501146e-11 -2.386942293810508016e-11 -2.016186329277934108e-11 -2.910906614805782746e-12 1.855208780811724604e-11 1.603533733360526925e-11 -6.939316256201462936e-12 9.317728814883866915e-12 1.012563855901402676e-10 7.793661111086741132e-11 1.625777093085782716e-11 1.281013799663062421e-12 4.801148453866027460e-11 1.633648920373342527e-10 2.892033154659805929e-10 4.131871320826296262e-10 6.718360725615261669e-10 7.280182367743933319e-10 3.780538001976792339e-10 -2.436854457038560884e-10 -1.122601583369932407e-09 -1.243118445433186778e-09 3.027951781966439659e-10 3.647460443634131200e-09 5.621992274920951562e-09 3.982742082394112985e-09 1.351255063559308609e-09 2.243790954484256587e-09 8.694967042066439300e-09 1.299923852823247772e-08 1.157874342994003214e-08 5.723018552179135344e-08 1.886689419156835958e-07 3.782899409521174184e-07 7.135757963767709598e-07
-1.557824096163215935e-06 5.297802694579286624e-07 2.716016097330224550e-07 8.082945870274328925e-08 1.919703999028161971e-08 5.556733820433750102e-09 1.748025799868798005e-10 9.320287361336245455e-10 5.596849339492689013e-09 3.596945299695570468e-09 1.287124719276712169e-09 7.411967670925278400e-10 1.867723449424140951e-09 1.344127650894667244e-09 1.065234231002825049e-09 2.903615000298847231e-10 -9.387782704001079709e-10 -9.105571831971936443e-10 -1.312161652730542232e-10 3.501590048109315567e-10 8.166368033562423976e-11 3.491274051540120556e-11 1.699777857322215949e-10 1.266831021942499151e-10 8.548415543101501399e-12 2.018094597903602025e-11 4.156262383218053018e-11 9.614618882640616667e-12 -3.439353181776918392e-11 -3.389268545501789373e-11 -2.422254795209418912e-11 -2.041986711599850977e-11 -2.070547701910124554e-13 2.059412391939911660e-11 1.615643803286649433e-11 -1.033813403560171178e-11 3.418091047365516010e-12 9.662630635526566576e-11 7.271812591950799746e-11 1.357209547520996020e-11 9.352380297214153795e-12 5.997217566471530534e-11 1.675418265253477624e-10 2.750346797752062170e-10 3.813684619704535233e-10 6.401670185241754058e-10 7.138053629469663298e-10 3.794275435358081922e-10 -2.663663416992941547e-10 -1.130901674776342159e-09 -1.150817976629446274e-09 4.248762735319624348e-10 3.721300723792369437e-09 5.580797768299956272e-09 3.985486164602059779e-09 1.296383527846613360e-09 1.963078983212860296e-09 8.781523901176180614e-09 1.385543466018527116e-08 1.388565561027741021e-08 6.164252849402905472e-08 1.935004590678740236e-07 3.804875118308329244e-07 7.163372122595570659e-07
-9.912761009102932396e-07 5.205341101236707242e-07 2.623296261977596016e-07 7.507570152499027033e-08 1.722075992453054437e-08 4.907962331893307146e-09 3.597180679383372613e-11 8.743465422581136108e-10 5.515082145534116194e-09 3.437181794122564182e-09 1.051434823403587993e-09 5.989342694097792482e-10 1.929207528903934567e-09 1.450706620474134226e-09 1.100516176324025056e-09 3.003181872898274107e-10 -9.472270637106724425e-10 -9.155101238329869297e-10 -1.103574446973376245e-10 3.774750096675439884e-10 9.232564447632943408e-11 4.252951698522317425e-11 1.738160240039533605e-10 1.255375925209382062e-10 8.739604640844490227e-12 2.198007226859681928e-11 4.245067001910691421e-11 9.395868127708054987e-12 -3.557675915503342621e-11 -3.590713973246385530e-11 -2.462468670059719762e-11 -2.005948425523435458e-11 -1.188857771575119635e-12 1.998738291689289094e-11 1.728808879155072265e-11 -8.215269744255631158e-12 4.194906765540785093e-12 9.628674881830941826e-11 7.149480900772260404e-11 1.258737759757532063e-11 1.004088352812464603e-11 5.872508013493378938e-11 1.626358163549862741e-10 2.710457076015528774e-10 3.886022611225606767e-10 6.527965847678365068e-10 6.902051705419511895e-10 3.101956322002958248e-10 -3.390383523060634747e-10 -1.190965399956048022e-09 -1.219568687725110952e-09 3.522683428081517892e-10 3.737100806878085888e-09 5.701043843671313903e-09 4.020375725890727945e-09 1.195763387445589361e-09 1.764892213589621834e-09 8.352707426815841980e-09 1.290485430347338959e-08 1.213923968907268505e-08 5.934222505618193368e-08 1.949180123345788241e-07 3.882375029549066484e-07 7.365796171043894347e-07
-1.629476695781774861e-06 5.357172526232292861e-07 2.681189315458703115e-07 7.464981460750745870e-08 1.653070238062157893e-08 5.426739915821300136e-09 2.656003800500880403e-10 5.994288069370498051e-10 5.440113801750478905e-09 3.646840541904533852e-09 1.244692111741171411e-09 7.347364881386268653e-10 1.912505252226674030e-09 1.340367573599862652e-09 1.060783795114421600e-09 3.148449544003852196e-10 -9.445911957483728312e-10 -9.212278610883669365e-10 -1.266084452090399308e-10 3.687886202527482207e-10 1.004418576714155467e-10 4.684728298513083436e-11 1.671127404576169785e-10 1.158832821003787156e-10 -2.643630403391703795e-12 1.117055034938910096e-11 3.563704921961297117e-11 5.765263231111850801e-12 -3.875413249940459112e-11 -3.774812901266440463e-11 -2.308585931163441360e-11 -1.781237426877731978e-11 -1.554404781195840929e-12 1.937077551087771123e-11 1.697637871194196699e-11 -8.702095148174248280e-12 5.326355425773109859e-12 9.646409727397747202e-11 7.242159395977687867e-11 1.348782045596886627e-11 7.170249913755528921e-12 5.058028803629601280e-11 1.518888013493849132e-10 2.664260328323040802e-10 3.830193390175862724e-10 6.327855034190060534e-10 6.793416788899824420e-10 3.259647911406878199e-10 -3.050266328160675443e-10 -1.172568461078333719e-09 -1.275750229002895660e-09 3.416685447459283226e-10 3.758180549773694254e-09 5.717779599468449969e-09 4.141665951505826243e-09 1.462545196816702947e-09 2.087113900900055478e-09 8.791345281375621530e-09 1.368748745850581828e-08 1.389519990056366126e-08 6.142024704904426584e-08 1.932602497627888781e-07 3.810621890667277718e-07 7.080596256182852595e-07
-1.765569585095438144e-06 4.847221231937446920e-07 2.571473962372480789e-07 7.454051933805051286e-08 1.707062826280701168e-08 5.292544537026600405e-09 2.858534232573480560e-10 6.500319217902578490e-10 5.339379172081472259e-09 3.409915300951564070e-09 1.078229289329009956e-09 6.284306428160422287e-10 1.837429004501391394e-09 1.337097518108464152e-09 1.079066723548357031e-09 3.151835191485247378e-10 -9.564105448407483521e-10 -9.304206627001799653e-10 -1.118024647494539838e-10 3.768666282906655336e-10 9.736375712814152562e-11 3.866690396534952394e-11 1.696440871715836859e-10 1.223887130395763824e-10 9.249479864858450461e-12 2.140622987124730379e-11 3.596730348504649105e-11 4.790680617892973125e-12 -3.774567387385006715e-11 -3.705400198643392835e-11 -2.441841286405700513e-11 -1.980530409549871654e-11 -1.398597216955336067e-12 2.044664494723785151e-11 1.847265717241659070e-11 -7.327442662815300054e-12 6.473469491713374089e-12 9.675234350242804742e-11 7.119783443220569622e-11 5.141404608388471826e-12 -3.623988481775196602e-13 5.559509068176681354e-11 1.691286747642417439e-10 2.798014687861506448e-10 3.935191500410266485e-10 6.523925194508354273e-10 6.999048263873930458e-10 3.428219868874793985e-10 -2.852119994253608928e-10 -1.164295715977474615e-09 -1.251317813089041831e-09 3.055336499302706946e-10 3.744383978325321353e-09 5.740613417089175025e-09 4.044666024542329887e-09 1.209487115957501882e-09 2.002823855443503872e-09 8.904325615677325273e-09 1.386981879813928494e-08 1.427999445137431282e-08 6.246314699004208092e-08 1.974361369749254053e-07 3.933072220244259956e-07 7.468631105118811850e-07
-1.854502044593952413e-06 5.216630946597769128e-07 2.705968655768510473e-07 8.050279033012293405e-08 1.950241176106855631e-08 5.836872667140255501e-09 4.726847880180765987e-10 8.748078946773768471e-10 5.554792656030355138e-09 3.501775940216801544e-09 1.073030433339998788e-09 6.395247647604121082e-10 1.854070445569172439e-09 1.351521470519423966e-09 1.080125047729993831e-09 2.945172168680247006e-10 -9.555581176958404863e-10 -9.199918003325893679e-10 -1.171581836014842051e-10 3.750969640788507926e-10 9.938912754506371004e-11 3.870822981757964348e-11 1.601023229659486174e-10 1.152765199846803913e-10 1.613832625061072123e-12 1.437746750156935862e-11 3.786988389785112211e-11 7.516066381808793657e-12 -3.780916961737778059e-11 -3.753199818588886924e-11 -2.692966193158364892e-11 -2.176344969524122868e-11 -7.302015465295702476e-13 2.133133073116532987e-11 1.657657313096968585e-11 -1.089255772925445453e-11 1.711604221956258187e-12 9.451670550224012312e-11 7.465170119155044875e-11 1.394777242906579005e-11 7.446497550938276488e-12 6.066709816881388942e-11 1.730929097947671130e-10 2.808522659586293057e-10 3.951394477748665465e-10 6.493607370064326471e-10 6.791555903918677784e-10 3.260446642035651648e-10 -2.954297499490480061e-10 -1.153453284919433472e-09 -1.226275923488651450e-09 3.337397591610746567e-10 3.695657850911174365e-09 5.537300477793757482e-09 3.963912494635000210e-09 1.307595587969001639e-09 1.891970136277338003e-09 8.205130077128874416e-09 1.268436422671087620e-08 1.300202030467261696e-08 6.092069106175605795e-08 1.930520469101845030e-07 3.815238431821969542e-07 7.185637933571871681e-07
-2.108054930048454067e-06 5.351877981623971498e-07 2.754705912668888494e-07 8.251054486137077027e-08 2.032653854385297101e-08 6.247532962996972746e-09 4.421596269610883634e-10 7.453378998548227563e-10 5.517543324628356622e-09 3.501659222764112445e-09 1.062205134855833933e-09 5.560195195316272186e-10 1.816700273397025538e-09 1.353091195552162266e-09 1.056004659025533417e-09 2.898593801799347879e-10 -9.404428686313304934e-10 -9.070885952850240684e-10 -1.127734134776064871e-10 3.636848672634840924e-10 8.160644617929722035e-11 2.763308380729896963e-11 1.637771458066640537e-10 1.164591245783051686e-10 7.752392806502116868e-12 2.167654828378703461e-11 3.777926226474433609e-11 5.468389288748668191e-12 -3.772305077261944623e-11 -3.620755714953663389e-11 -2.485599549707607217e-11 -2.021282520389631116e-11 -2.023955102762003361e-13 2.089975619612052780e-11 1.644988931204450854e-11 -9.492691773485005611e-12 4.348423704423293678e-12 9.438846501746953344e-11 6.742979727380686321e-11 8.024782011868225472e-12 3.783656830740013712e-12 5.631347223825960266e-11 1.624788536560780131e-10 2.749463280313816470e-10 3.869001098120464721e-10 6.231515927104905565e-10 6.683804841273330474e-10 3.323570412348307027e-10 -2.717589861104845207e-10 -1.149804781372570459e-09 -1.231311904731229237e-09 4.120054993857425217e-10 3.853853208303985592e-09 5.801255001652300244e-09 4.217774848856723380e-09 1.600418231956821590e-09 2.408545431771698069e-09 8.985890019555121962e-09 1.373742700079821902e-08 1.434950706428027931e-08 6.366821716466798715e-08 1.975483604841412145e-07 3.902213216796859552e-07 7.353439821727829267e-07
-1.435272774956824264e-06 4.638999113428992258e-07 2.444874469638915059e-07 6.847292078051461089e-08 1.458096203645094566e-08 3.815474075155190575e-09 -5.397253746931086831e-10 5.156789529270106487e-10 5.412324723730346040e-09 3.389929546794986517e-09 1.007762671043037887e-09 6.577381743083832084e-10 1.933324999659472118e-09 1.422140062515252002e-09 1.138776705777671139e-09 3.229062560394698373e-10 -9.553001740305148057e-10 -9.308164828263666882e-10 -1.253001508391850637e-10 3.628479685449388417e-10 9.235136158711679819e-11 4.451908994342757006e-11 1.734988941047951919e-10 1.202211552141735789e-10 1.059331280575172630e-11 2.079074636057882533e-11 3.523236697390671716e-11 5.139780430085174786e-12 -3.577940664556849922e-11 -3.595943997530527012e-11 -2.588957028173773715e-11 -2.166478465357895238e-11 -1.715957983890306733e-12 2.138163536907157990e-11 1.824637939200921123e-11 -8.694697531959574036e-12 6.409591021783680391e-12 9.779474446336564524e-11 7.286164955553174286e-11 1.353735373313407167e-11 6.042120162942784571e-12 5.699431329980585207e-11 1.655684516189947046e-10 2.690297350110604996e-10 3.808111200119302466e-10 6.385521428536670813e-10 6.964523180731983660e-10 3.643769700746006100e-10 -2.461800756958951534e-10 -1.106447351390247029e-09 -1.193187001801808410e-09 3.336662224671459081e-10 3.681469638486543776e-09 5.653891423739400987e-09 4.125728810167760762e-09 1.500270249016764638e-09 2.270762174886002512e-09 8.751580675932668778e-09 1.313818089183006416e-08 1.349171639513876532e-08 6.244793817694813853e-08 1.966094198922628871e-07 3.897912616932415359e-07 7.439869088859099999e-07
-2.024621309155740736e-06 5.004406375513129213e-07 2.552565662319839621e-07 7.270537867273913281e-08 1.714831811815130022e-08 5.051344577633053473e-09 2.644778586925278535e-10 6.735506212388902065e-10 5.251480786023041087e-09 3.334185553831814378e-09 1.136348353482390882e-09 7.357596102295947019e-10 1.904091414879970700e-09 1.381882341057168949e-09 1.091290923864418483e-09 2.734930083359082064e-10 -9.838236533133874858e-10 -9.427853726692647504e-10 -1.336760828785773999e-10 3.600099764359340234e-10 9.405644122253870403e-11 3.479056773359032958e-11 1.621224265437216070e-10 1.169145946019107577e-10 6.143637947865783436e-12 2.362965587384867056e-11 4.429144349327496280e-11 9.463032950325970558e-12 -3.641410861411997974e-11 -3.475707066941322965e-11 -2.274259461977913786e-11 -1.889899350641201455e-11 -1.571533847131787648e-13 2.239126866554489526e-11 2.101586066639715811e-11 -7.871299115646379456e-12 1.677056224949652011e-12 9.188980702677979512e-11 6.850638224222166693e-11 8.510365361174617920e-12 6.488501242539208906e-12 5.967533699391542495e-11 1.668281237439646818e-10 2.681266808750074511e-10 3.840300128683623661e-10 6.503524263128397334e-10 7.040231693530088677e-10 3.597233942668483694e-10 -2.572402534609445795e-10 -1.136813248783140731e-09 -1.239120051514880762e-09 3.578430377355616135e-10 3.815472417388776389e-09 5.682740794083299925e-09 4.099136140818226943e-09 1.388729760119327407e-09 2.014048847240001183e-09 8.520121078352081265e-09 1.303902430740967842e-08 1.282855001571163639e-08 6.148735617521630334e-08 1.960513171429282848e-07 3.846780335338873937e-07 7.063710344525311475e-07
-1.730455156197052848e-06 5.293422233961153990e-07 2.740276711179656910e-07 8.167708513047617570e-08 1.868702550422406764e-08 5.734522722780657257e-09 2.103953383089212001e-10 2.596770612245006488e-10 5.080111480854899562e-09 3.383498405107111595e-09 1.157534105278346916e-09 6.778097078135091543e-10 1.880937135077652073e-09 1.349026439375022557e-09 1.061336195123996529e-09 2.791602907747206579e-10 -9.688775487784208220e-10 -9.361208806669396608e-10 -1.336917037975746940e-10 3.642478810192170799e-10 9.221058656751111792e-11 3.028319414827234434e-11 1.588118105031841157e-10 1.129417321513443039e-10 -3.577833058896997913e-13 1.411930833470188769e-11 3.528302100015146999e-11 5.861968123388455913e-12 -3.753277184554543942e-11 -3.772140556497755132e-11 -2.527151619545046136e-11 -2.029242268509789660e-11 -8.752773327960801898e-13 1.895738142874619897e-11 1.311579724192226905e-11 -1.153280826850186563e-11 6.173691934105969327e-12 9.966846522570224259e-11 7.955330253747704872e-11 1.934527136862548570e-11 1.131763587783490858e-11 5.585525697754440222e-11 1.574189452106490807e-10 2.638825262127006493e-10 3.899899037554987605e-10 6.646838831908345722e-10 7.212549265775356724e-10 3.804168499287156886e-10 -2.740901644599860895e-10 -1.159006758969677016e-09 -1.217826502872631635e-09 4.054394289560607841e-10 3.786615777258632169e-09 5.708254598613248897e-09 4.164705207923305735e-09 1.469250266286377015e-09 2.174454707352379905e-09 8.758005057827086229e-09 1.390562767316800564e-08 1.411851036023716161e-08 6.290932944171764998e-08 1.974829343595805154e-07 3.914843091699812180e-07 7.497587557475724280e-07
-1.684773866415957141e-06 5.017171820705207508e-07 2.590346719170217055e-07 7.527611553013609616e-08 1.671727621704222227e-08 4.461067675374745765e-09 -7.093895341247356002e-11 7.281852646694202101e-10 5.450861648229301656e-09 3.588218912658951137e-09 1.200573576602918887e-09 6.908513244156798802e-10 1.888594766557495913e-09 1.379744168414304691e-09 1.088139449074650583e-09 3.103944175525571249e-10 -9.527421739707871719e-10 -9.195812388468827069e-10 -1.293551697038982888e-10 3.630151876663346163e-10 9.008767693345770682e-11 3.219885623399695012e-11 1.630019864833503267e-10 1.195215272257234502e-10 5.097120730195536785e-12 1.209446649718470720e-11 3.011569160736826903e-11 1.844231483928675735e-12 -3.993059324739621926e-11 -3.829270809417710775e-11 -2.351487791696238179e-11 -1.791751139793967652e-11 -1.958073401471094322e-13 2.045473019700494191e-11 1.630467308937356368e-11 -8.911589151857433572e-12 7.416923754761115906e-12 1.001126379412325542e-10 7.479771835869339595e-11 1.387714310422831480e-11 7.043446916240749511e-12 5.733443074193284768e-11 1.699539840459777401e-10 2.859963079008463342e-10 3.971012992707162694e-10 6.435422358110384536e-10 6.971946103692895213e-10 3.617715476519289350e-10 -2.741515058016967427e-10 -1.135655212522978156e-09 -1.233902275517241362e-09 2.950232699958664946e-10 3.676967644095595589e-09 5.635723747271759413e-09 3.970591998038300080e-09 1.245335831182872202e-09 1.951494723574705462e-09 8.862472174341759212e-09 1.458403934929815733e-08 1.660364246831883482e-08 6.928410258656712601e-08 2.143137511588755009e-07 4.256691485165777128e-07 8.171140719521135120e-07
-1.936362969621239407e-06 4.569361380068816998e-07 2.455824745515414080e-07 7.183391314096391985e-08 1.666704638787407603e-08 5.492552590056936268e-09 9.269181185507399042e-10 1.097311884032088699e-09 5.593906138323598900e-09 3.560909211741353594e-09 1.148680933548983898e-09 6.229938011706798812e-10 1.842597457425953193e-09 1.331517438484254124e-09 1.072033004796072387e-09 3.367229295004500406e-10 -9.329898245072799906e-10 -9.096801236340454744e-10 -1.065279435997695735e-10 3.748117303324299549e-10 9.623096486685182075e-11 2.804639402324222293e-11 1.541146216146975297e-10 1.081492882047755904e-10 -4.898399315927083813e-12 1.577757366963684716e-11 4.098259856907520442e-11 9.159520268271532647e-12 -3.648400778655480569e-11 -3.702289890347797284e-11 -2.526394893839636389e-11 -2.017076980124719932e-11 -3.388062146124311513e-13 2.145246975749858615e-11 1.679607677688217902e-11 -9.573515291418118171e-12 5.761517868589987053e-12 9.944524128109087657e-11 7.623162791646689527e-11 1.513578350104563824e-11 8.904229655038473550e-12 5.819196567704917155e-11 1.613105136242057563e-10 2.677638242571054140e-10 3.852306572030911241e-10 6.492748505969467465e-10 7.201281650773929498e-10 3.852966551046356508e-10 -2.644146467869998762e-10 -1.170728854873492978e-09 -1.271371691469220219e-09 3.426069786732777857e-10 3.786674052050856772e-09 5.759090801964893574e-09 4.233215702696580530e-09 1.493841233626099432e-09 2.166946522923285293e-09 8.915530831141551327e-09 1.421743531550153241e-08 1.617913566729444067e-08 6.671836348881041419e-08 2.047393484337181480e-07 4.070853747735536617e-07 7.684034121598807651e-07
-1.421776898113606323e-06 5.880073491675249069e-07 2.980535682183139256e-07 9.107850836472037626e-08 2.265395405580167770e-08 6.976916100292757347e-09 8.547284122696239076e-10 8.640635191431765197e-10 5.486474913269050177e-09 3.619604258182970135e-09 1.175702894637150768e-09 6.196733061057845868e-10 1.787386706084351139e-09 1.319154025862583509e-09 1.040831575166584765e-09 2.632508696311106829e-10 -9.683826326575574458e-10 -9.351885988657746198e-10 -1.380165800727228198e-10 3.493272926682491131e-10 7.672270344481398085e-11 2.504230894696008373e-11 1.606057019519476974e-10 1.203551327392037177e-10 8.091331560142934819e-12 1.789968647952739054e-11 3.362267667150676858e-11 7.208745365532748566e-13 -4.161452491381219429e-11 -4.045621764491822975e-11 -2.791412293953172309e-11 -2.063512324963548162e-11 1.313135416626515062e-12 2.278365425357110247e-11 1.791009087388646078e-11 -1.065304702259165762e-11 2.207851292045476276e-12 9.298357406489546629e-11 7.337369644371466229e-11 1.809521982889222730e-11 1.610985089321151388e-11 6.171373534052785027e-11 1.653210297313534675e-10 2.766250519600163305e-10 4.032155597137838763e-10 6.673728939529849879e-10 7.223114803959575421e-10 3.735295406799632151e-10 -2.597647936877945377e-10 -1.157162087291796165e-09 -1.256878809402675488e-09 3.217112721873759289e-10 3.780340477499054433e-09 5.794205190795702946e-09 4.178411085296879281e-09 1.362922112698807210e-09 1.954343945023969824e-09 8.593580531052740044e-09 1.348826500027585962e-08 1.271613665965925360e-08 6.013833414034856784e-08 1.953702553406479651e-07 3.899469517509698541e-07 7.373091741048807287e-07
-1.987307718132154775e-06 5.107375034492332683e-07 2.737199850970840482e-07 8.106826317725937517e-08 2.031194465894046243e-08 6.112858300470938943e-09 3.090438380819212848e-10 9.165254245848590688e-10 5.458705849747607325e-09 3.540616734398755246e-09 1.110380338089767110e-09 5.939948484367560575e-10 1.886943298352886860e-09 1.417817414276543012e-09 1.072010481763727707e-09 2.552066424312899069e-10 -9.710560114230022869e-10 -9.027760748862866011e-10 -1.097337527872461159e-10 3.783860944845334567e-10 9.894138592867164230e-11 2.589911209024975100e-11 1.661907424430663949e-10 1.323938721564923165e-10 1.646127311343591929e-11 2.850161738218658311e-11 4.552364260890877152e-11 9.693443743074423946e-12 -3.642879320536932482e-11 -3.650239426698612879e-11 -2.499648966390148635e-11 -2.125406914604497408e-11 2.291185851926217669e-13 2.309098054239405502e-11 1.806225447536333289e-11 -7.616281107836746852e-12 7.644072403720306938e-12 9.746756073716042132e-11 7.252195569422452160e-11 1.222910141998284270e-11 4.316174130512269537e-12 5.029102854787933105e-11 1.623226695730902165e-10 2.812720847629482183e-10 3.988153494484238085e-10 6.450979561957884908e-10 6.908762837918380829e-10 3.562751458152263197e-10 -2.514882424324317054e-10 -1.122933464534209010e-09 -1.196760169341228442e-09 3.559635782892518401e-10 3.699643683947124845e-09 5.636980060946304099e-09 4.189317958391920125e-09 1.453961382653279792e-09 2.029742977985514220e-09 8.575709398183504930e-09 1.322848045364093756e-08 1.299804461323234802e-08 6.065542906010505157e-08 1.949440274152328823e-07 3.859520296556592332e-07 6.994019488202036037e-07
-1.930239622165252432e-06 5.217847121863744040e-07 2.639978874248185151e-07 7.669536978421182364e-08 1.764379503850016195e-08 5.556448898684368655e-09 5.534301620341270925e-10 8.553958521409378993e-10 5.617739692331664305e-09 3.557287273728094196e-09 1.037728019029994829e-09 5.713908751912986465e-10 1.744901473827390312e-09 1.289959731120979239e-09 1.022201686905648568e-09 2.611045787356187512e-10 -9.877052510765648448e-10 -9.387705686094315438e-10 -1.062026202059720754e-10 3.799048581943137224e-10 9.356322634425340268e-11 3.366629691225372745e-11 1.673780140932811822e-10 1.159473850494907269e-10 4.124722402224493837e-12 2.401977750163722210e-11 4.677839363116636473e-11 1.589530293142857631e-11 -3.283511558627137165e-11 -3.669573167141923746e-11 -2.584429223801233622e-11 -2.002416500453184412e-11 2.033708869082179839e-13 2.314605561915964194e-11 1.883925108110630013e-11 -7.803141725004702970e-12 6.525149776423972634e-12 9.939681020779046551e-11 7.742383183354268872e-11 1.468397679978029910e-11 7.101083458133224537e-12 5.990503874296917508e-11 1.635004771583382553e-10 2.651755194822416059e-10 3.777282523495766563e-10 6.411651956991186487e-10 6.879705150624210881e-10 3.472015582453096986e-10 -2.396625366640387204e-10 -1.088213303821855388e-09 -1.229575822573989196e-09 2.538609288909962095e-10 3.630160033940157113e-09 5.553672510765381253e-09 3.856077093658026604e-09 1.275099024453797929e-09 1.941831687357967737e-09 8.421837602213577097e-09 1.312376997091977080e-08 1.339361453206060756e-08 6.139656699946177152e-08 1.925738821015880063e-07 3.702857927576914567e-07 6.852747277671635001e-07
-1.863569220336414150e-06 5.008124153010961465e-07 2.647410849453471499e-07 7.707500309292801568e-08 1.679350438973448234e-08 4.283362655660487094e-09 -4.287387363886196927e-10 4.499933563590849591e-10 5.519653983090661105e-09 3.467215846990309821e-09 1.021448658421199088e-09 5.391492135668123561e-10 1.816892151382416481e-09 1.337250816837239816e-09 1.018602273266785590e-09 2.544285084493547125e-10 -9.688796017415383532e-10 -9.268524159202554549e-10 -1.098087630145326942e-10 3.885314242108971898e-10 1.092620816257469196e-10 3.617795678243206152e-11 1.623362490183249503e-10 1.206202683897809389e-10 9.262230065626393588e-12 2.110845070266900103e-11 3.862058517585972901e-11 5.697782176537553089e-12 -3.863745110903200505e-11 -3.723181424263346136e-11 -2.538773626253998627e-11 -2.061790638301891794e-11 -2.391992686020122312e-12 1.857747565720151563e-11 1.557651978107327095e-11 -1.095688128194063057e-11 5.147261305681393470e-12 1.009068686455036310e-10 7.949606570562562676e-11 1.831184761357671532e-11 8.550772578595094759e-12 5.674400601007800828e-11 1.550602215168032895e-10 2.556468311329033967e-10 3.621778679401893814e-10 6.171707370491207817e-10 6.815352751362594451e-10 3.465334787882592790e-10 -2.851445518429120955e-10 -1.161316133507376703e-09 -1.181912904181015218e-09 4.268618088707960076e-10 3.773942920009494460e-09 5.703869621598192802e-09 4.095607507318293231e-09 1.357269031383322292e-09 2.209134616887403836e-09 8.983578521322434050e-09 1.393111738490644381e-08 1.484972271292939537e-08 6.249983520094090560e-08 1.940411918528431052e-07 3.808969821113091160e-07 7.073870164139139905e-07
-1.693425907961566221e-06 5.277714357475062430e-07 2.705793053985046479e-07 7.861189667191109170e-08 1.847144063131264276e-08 6.386175381248295844e-09 6.536828056862769564e-10 1.008584260465342447e-09 5.512930573598933146e-09 3.407934440623822567e-09 1.028507349906134006e-09 5.963493058198221369e-10 1.885947066279170857e-09 1.385151634856390137e-09 1.046230548046865257e-09 2.842245725527514547e-10 -9.275400590090592804e-10 -8.861246084792232717e-10 -1.046064968128174172e-10 3.649022316250466254e-10 8.674282524560514735e-11 3.192939033052214398e-11 1.650106765278337296e-10 1.179274186620412629e-10 5.549189487458785098e-14 1.124770188891191017e-11 3.330736880709380944e-11 4.185040601691394976e-12 -3.781126895330151097e-11 -3.667001879717963622e-11 -2.392296440286966907e-11 -1.848628344668361708e-11 4.350039966237815012e-13 2.120635881476998701e-11 1.723323573937025430e-11 -7.612832714580414106e-12 5.973220019840607020e-12 9.789279402037519810e-11 7.638690149111140677e-11 1.496691924858185193e-11 1.005049943303200141e-11 6.334590673818135041e-11 1.716780607220857519e-10 2.777606532051105623e-10 3.842925816639213019e-10 6.269642960110081429e-10 6.633127744892262218e-10 3.217602284851741915e-10 -2.693315694463583003e-10 -1.132770890249741794e-09 -1.223591484895656551e-09 3.167913317298565821e-10 3.690969572100891592e-09 5.602086996429559995e-09 4.010227308664473398e-09 1.448432322800598146e-09 2.340517544327829542e-09 9.192151450410066509e-09 1.411250786891986872e-08 1.449097246343109788e-08 6.406007824148918353e-08 2.037472513810384482e-07 4.088695844660043419e-07 7.852983526182934750e-07
-1.272098043591022596e-06 5.748702085625463692e-07 2.934292327885954240e-07 8.974819259899575894e-08 2.144046213055748333e-08 5.655873019323560691e-09 -2.562314332710980512e-10 7.091715727718554595e-10 5.339982861932864998e-09 3.320938087696095490e-09 9.569905168733950734e-10 5.767096802385338543e-10 1.879034174463271411e-09 1.350443694289176156e-09 1.004180346585253518e-09 2.117652972227400178e-10 -9.764654960238007524e-10 -9.130041078416317939e-10 -1.018078343370954336e-10 3.903367498590585735e-10 1.147119066684141497e-10 3.895551964401541026e-11 1.649705465624047176e-10 1.169031751072230630e-10 5.028795621497868786e-12 2.119475258723729484e-11 4.108567092511598450e-11 9.157643306735295954e-12 -3.576090738513872595e-11 -3.578881071542259678e-11 -2.331490544769278108e-11 -1.886544883233075639e-11 1.824835518862787334e-13 2.116332040186540069e-11 1.668609299935523791e-11 -8.972060559229094367e-12 6.240299337330392025e-12 9.867531881107951658e-11 7.312668920000408302e-11 9.519577700944171738e-12 4.382709169962450219e-12 5.826401290894107350e-11 1.604861388733729240e-10 2.576348654925211505e-10 3.691181597985221561e-10 6.293443323010273242e-10 6.916563313401529022e-10 3.724398004854335238e-10 -2.479028054586689374e-10 -1.118015322070094621e-09 -1.188691233296845642e-09 3.666581287207902017e-10 3.716266022518907739e-09 5.631207201515596686e-09 3.987447257158225672e-09 1.377136220786595800e-09 2.222364500384691876e-09 8.762398589282850106e-09 1.333194913904038566e-08 1.237073817124976087e-08 6.085532437996007611e-08 1.981741928384850017e-07 3.966214275627279289e-07 7.536222570107798997e-07
-1.470845507091493930e-06 4.318061319598724473e-07 2.295432572620459595e-07 6.279253770938962994e-08 1.141689399901231977e-08 1.918162161231048680e-09 -1.586602371655992727e-09 2.140726127825424305e-10 5.389355699178541371e-09 3.514619983709480623e-09 1.162407352829497951e-09 6.432742464410672048e-10 1.798907934036064045e-09 1.331339571857816454e-09 1.083854574331578038e-09 3.082244723426015041e-10 -9.725491114380645404e-10 -9.549231448762658741e-10 -1.495946947479059290e-10 3.412309642959248284e-10 7.133339601766302983e-11 1.650984255355499702e-11 1.534739742523650962e-10 1.142412034533176077e-10 5.704665836328780295e-12 2.313619285679466978e-11 4.304526148434515207e-11 7.756456261226586258e-12 -3.923816615882934000e-11 -3.669442986305768685e-11 -2.184900495306821962e-11 -1.884219349717558787e-11 -2.116312367242556483e-12 1.762318902913070531e-11 1.435060939775932003e-11 -8.891406031368356204e-12 6.283029024560087316e-12 9.778634872746034909e-11 7.276644066941444258e-11 1.031082620658736896e-11 1.077075966629528140e-12 4.496771688649345043e-11 1.530273481013270218e-10 2.653103389417678367e-10 3.943962991660978854e-10 6.545538837059598044e-10 7.150793461936935409e-10 3.640924728177063041e-10 -3.024329329350500008e-10 -1.209000152968055672e-09 -1.313808939485491455e-09 2.674542402231104211e-10 3.692310871929956702e-09 5.720078631105845206e-09 4.120791543480221010e-09 1.466757198992934225e-09 2.111958132703689006e-09 8.628580674002960128e-09 1.346785906113821604e-08 1.430741831157472640e-08 6.406409424103708933e-08 1.972874051459101586e-07 3.886077889060119109e-07 7.304443381013027395e-07
-2.235860118471085860e-06 4.637406346845668588e-07 2.500151799973157495e-07 7.362687573597615267e-08 1.654522375189016191e-08 4.877272229278319512e-09 5.699508465976597746e-10 9.418834862338475957e-10 5.535797804656318755e-09 3.540613998853387744e-09 1.180348397057675827e-09 7.096433834559149017e-10 1.867796319444322654e-09 1.334953152315802758e-09 1.030016151211494659e-09 2.625534177448181765e-10 -9.642973706441604279e-10 -9.461979519723146335e-10 -1.420721270307338701e-10 3.574194951346153901e-10 9.552479501658403323e-11 2.783381692594473202e-11 1.544561332181777653e-10 1.057715297644371900e-10 -5.465555497099805227e-12 1.571138869413602962e-11 4.145118079351251247e-11 9.053058015624965027e-12 -3.759183193240096556e-11 -3.674957505635968865e-11 -2.399217664023782176e-11 -1.966832182494842540e-11 -5.504262866314089466e-13 2.254666640555526465e-11 1.903271513262804688e-11 -8.196300221601535573e-12 5.359630567898406229e-12 9.484541801128724663e-11 7.032050689478297293e-11 1.149379751779105264e-11 5.636825414490810579e-12 5.385955197274009024e-11 1.611170202814346006e-10 2.709029373047026273e-10 3.853921229557785795e-10 6.418138346489039147e-10 6.863458240419762948e-10 3.416301687874240188e-10 -2.698311306073508571e-10 -1.112372160661920123e-09 -1.172942678656425039e-09 3.440808591110964316e-10 3.607050327979972718e-09 5.580110038302888270e-09 4.160667999221819963e-09 1.599449554237720264e-09 2.350399502472338953e-09 9.181948763157189556e-09 1.414530469683756754e-08 1.430315754935631669e-08 6.255123782707996273e-08 1.958685509547947294e-07 3.902556229441031903e-07 7.309565681529010605e-07
-1.298116727126005593e-06 5.083565986782738894e-07 2.681884439084305387e-07 8.262570286998778412e-08 2.032648479451606238e-08 5.897827091423372440e-09 1.617653727836153795e-10 6.552502194159176721e-10 5.196009095574213407e-09 3.280417167476681134e-09 1.105188554204012224e-09 7.387782437335699857e-10 1.907742181794879424e-09 1.382743347797794943e-09 1.076301587997507350e-09 2.851619114545055016e-10 -9.538406850873686129e-10 -9.090278612901896802e-10 -1.195271509490933824e-10 3.691597084323446177e-10 8.965395446508417669e-11 3.310879069457355859e-11 1.647187470165194509e-10 1.173666789620263675e-10 4.080499258718607453e-12 1.684356565301499437e-11 3.518051854033389573e-11 3.574064620203616709e-12 -3.783749965107995344e-11 -3.616346262190930969e-11 -2.347234610536770224e-11 -1.873228602848631432e-11 -5.330754737192185604e-13 1.982007194327665689e-11 1.447273794105617103e-11 -1.164487710824199278e-11 4.750584487189378235e-12 9.731428804956926813e-11 7.473897890745981894e-11 1.253189211441223704e-11 4.579422728346548845e-12 5.303350106912179846e-11 1.725021027611963478e-10 2.896654706303673860e-10 4.043144369433262049e-10 6.540830181264133622e-10 7.292002120906298556e-10 4.024775220573605230e-10 -2.387532115002570709e-10 -1.141187835807589293e-09 -1.220053836332170822e-09 3.002550848199893479e-10 3.664651353606308712e-09 5.657663888485665400e-09 3.990463692193520432e-09 1.135783360911966684e-09 1.825176123554137820e-09 8.462656630787228095e-09 1.326983069819965100e-08 1.333871337531839711e-08 6.172630296228909423e-08 1.961685815917230060e-07 3.884206952370098902e-07 7.379276047451960105e-07
-1.619563956257665340e-06 4.802960696127897051e-07 2.570026730595954847e-07 7.405651393587604233e-08 1.726583676387454258e-08 5.547989900157686637e-09 5.155154409934675404e-10 1.075268562148407611e-09 5.651340098603135631e-09 3.661183279749401185e-09 1.268022550068182138e-09 6.643338036380925268e-10 1.828911853614900061e-09 1.300531610689900469e-09 1.001920154934695908e-09 2.348949674774232984e-10 -9.817304740820468894e-10 -9.379767789381505520e-10 -1.244191896969589764e-10 3.605386774907328683e-10 8.831085401146683503e-11 2.630949067333534586e-11 1.475190711397444210e-10 1.008207382612781216e-10 -6.899163668157632614e-12 1.580624418878502862e-11 4.313335030628335031e-11 9.065520966523370632e-12 -3.749223332395123876e-11 -3.587162157465291158e-11 -2.382374990063483334e-11 -1.875132414309035364e-11 -3.680101644658858115e-13 2.103150560316425079e-11 1.670073836270962611e-11 -1.004900503865458396e-11 7.742326124173979352e-12 1.022816798849272683e-10 7.788759146326370476e-11 1.610128001238086482e-11 1.081755718884343845e-11 6.037224164749543987e-11 1.630321363567218946e-10 2.717844702479442085e-10 3.847442166893100884e-10 6.381435594450545238e-10 6.831300994340297159e-10 3.332030196471709262e-10 -2.777628183027251925e-10 -1.101071224061957934e-09 -1.173829172859431538e-09 3.807526701544276478e-10 3.695586263611932888e-09 5.511800187755457144e-09 3.898792530449646526e-09 1.383512935177992990e-09 2.325018405887310573e-09 8.927506482031677130e-09 1.341538193003665585e-08 1.321802759754151351e-08 6.105084047990101889e-08 1.924067160211592130e-07 3.795332000090847183e-07 7.153133259982581949e-07
-1.388534131069763708e-06 4.834023626075925018e-07 2.545568635375762630e-07 7.322778768424087176e-08 1.667484481235931474e-08 4.745364289907476666e-09 -2.663472480770772882e-10 3.297900507124856834e-10 5.150650421683527616e-09 3.248186486419466007e-09 9.112387357374562267e-10 6.495690500511257266e-10 1.939417019004309327e-09 1.428279147316701668e-09 1.079346464563302063e-09 2.903302312144647248e-10 -9.611913176666357340e-10 -9.280607215382833838e-10 -1.288020405023721171e-10 3.699676236784535845e-10 1.045754107685795213e-10 4.024886467902329148e-11 1.673141527218936337e-10 1.173518474284930512e-10 3.533134255121183357e-12 1.962159347040638069e-11 4.174935503540417726e-11 9.145104351826296820e-12 -3.601428719772689477e-11 -3.562217809884364280e-11 -2.594238161227187192e-11 -2.183275137302965561e-11 -3.827034097564130856e-12 1.764681277921743649e-11 1.505758836211445722e-11 -8.270030219268494395e-12 6.532786689853875498e-12 9.877073722746058451e-11 7.343323876704284393e-11 1.002974625923515368e-11 4.072654215040303192e-13 4.915451151470856658e-11 1.602209898478765803e-10 2.689303955013454556e-10 3.746993797393063139e-10 6.230244302564453987e-10 6.775967685981074306e-10 3.452954233336015147e-10 -2.686650603018725653e-10 -1.136196917377273110e-09 -1.252091737469542694e-09 3.125677471746636433e-10 3.719542932771003129e-09 5.632415472560869449e-09 4.043491720997880368e-09 1.438237466452479077e-09 2.287941420874879133e-09 9.159327419886956808e-09 1.380765271067048971e-08 1.414252291592566344e-08 6.512345528153210236e-08 2.039859722502319973e-07 4.023662400826384815e-07 7.572237697509747133e-07
-1.641593023599397444e-06 4.645313299023466287e-07 2.428227279769893401e-07 6.847158128605011496e-08 1.501260320807771588e-08 4.587341231829035198e-09 1.576793588397900985e-10 1.184018451944549971e-09 5.659444555892356422e-09 3.474033612609136101e-09 1.072278710903233444e-09 5.986862307434473786e-10 1.847420926737244827e-09 1.392612937873295152e-09 1.049278156394723780e-09 2.632175055581874203e-10 -9.594654388535392006e-10 -9.159776205505904627e-10 -1.183921913611874540e-10 3.783751618002324459e-10 1.014448230315583229e-10 3.500891104785358941e-11 1.606500718309441854e-10 1.152471516846782465e-10 4.967009820573036956e-12 1.854308851188136771e-11 3.795221509236271049e-11 8.351951425754028630e-12 -3.692236433673677592e-11 -3.709884979915046115e-11 -2.449477891441195179e-11 -1.980581555535719684e-11 -1.043086052518270084e-12 2.126065132120022291e-11 1.824498267743137584e-11 -7.285757611438988678e-12 4.798304573769956658e-12 9.590366298054071930e-11 7.229291943887268257e-11 1.203964087373586596e-11 5.546272462122645053e-12 5.706007820882947562e-11 1.690201898257740961e-10 2.799315119916114355e-10 3.888274273226433852e-10 6.451827724232150302e-10 7.037901292870153588e-10 3.747554471500978372e-10 -2.521353916473139654e-10 -1.126759006478708552e-09 -1.144097906682320636e-09 4.607708997080605404e-10 3.861272606422781847e-09 5.739270243810618844e-09 4.116729265314228589e-09 1.315871853336164474e-09 2.100749773049401967e-09 9.139514023249037780e-09 1.406050575951282826e-08 1.381267512538391149e-08 6.011254428204960069e-08 1.876508094686470104e-07 3.652309996852262215e-07 6.749483678373192770e-07
-1.777039251915308110e-06 5.073040607579824745e-07 2.670242288140302698e-07 7.995156260885461415e-08 1.904713198849835549e-08 5.584525975638044842e-09 3.797903448875712396e-10 7.113726934720020968e-10 5.328686380395650966e-09 3.389574391362573082e-09 9.748139935621859522e-10 5.303180058108917614e-10 1.725233597013741873e-09 1.273650110931498547e-09 1.095912668238546075e-09 3.511261862715999094e-10 -9.064001977400443952e-10 -9.080058736214778446e-10 -1.273789893035289450e-10 3.697814729119990000e-10 9.187547902457013796e-11 3.080318578195457363e-11 1.627251033680712166e-10 1.199340697661179939e-10 3.111342703053176442e-12 1.356240002026439550e-11 3.403396684304324790e-11 3.557522526886713164e-12 -3.810813471762063109e-11 -3.453954191606299603e-11 -2.325713457220639468e-11 -1.837687126131697840e-11 -6.061372186482116392e-13 1.905411536480209064e-11 1.601690664690073796e-11 -7.058822453163862251e-12 1.080956176510866072e-11 1.039923031277679968e-10 7.886790090426824684e-11 1.308804547583078697e-11 1.947872272980544315e-12 5.493830524323413644e-11 1.687586859938992569e-10 2.816189993051008673e-10 3.981514559890919984e-10 6.437481601813505065e-10 6.987905204803404353e-10 3.429282394120680838e-10 -2.874129274624448170e-10 -1.181345047417924216e-09 -1.257884149419080654e-09 3.647089888980654260e-10 3.779648848263574514e-09 5.626284681472851635e-09 4.016450786392936793e-09 1.445973143509764200e-09 2.450787749591706212e-09 9.309040470254602229e-09 1.443163541399307796e-08 1.518083766297247910e-08 6.509569108118213258e-08 2.044475381271271752e-07 4.027906472678617685e-07 7.510400794722454346e-07
-1.684923666083520453e-06 5.208582205119125360e-07 2.671607406271831129e-07 7.770202411825443943e-08 1.822296017618976589e-08 5.263190896510070584e-09 -7.654901212831960585e-11 5.578962563831916426e-10 5.474791783778068391e-09 3.557869442536978475e-09 1.175734238785095329e-09 6.107385258593398930e-10 1.776841685839423503e-09 1.295495806516018525e-09 1.061239094325389490e-09 2.936976174875040044e-10 -9.468648126809818028e-10 -9.250384199581925708e-10 -1.365142457958032384e-10 3.656205517695388819e-10 9.726185101346347375e-11 3.436782559240505871e-11 1.639209243546531494e-10 1.186438546151900206e-10 2.538239588915563776e-12 1.693018905001607270e-11 3.904410362331686323e-11 9.045879200443446120e-12 -3.762080193964638799e-11 -3.837082121592355774e-11 -2.616768286295177457e-11 -1.936128252128830601e-11 -5.914602933734100258e-13 2.097192038473949674e-11 1.780497111818440865e-11 -8.406420175608172166e-12 6.089279747801415664e-12 9.517267624681107474e-11 6.785590834879829767e-11 5.876066580657676348e-12 2.650404647742739576e-12 5.757280825992941662e-11 1.730449655483248136e-10 2.892659665313399165e-10 4.042522852024632283e-10 6.491967681486390698e-10 6.906797767601987445e-10 3.496647663586354596e-10 -2.410062884578956567e-10 -1.111351336102417873e-09 -1.226749886420585439e-09 3.480669155447621029e-10 3.729389428833600297e-09 5.587883554026846161e-09 3.947741885620004831e-09 1.367457524921408110e-09 2.325087352387401099e-09 9.112419027267291256e-09 1.402387694152250717e-08 1.416653174733032506e-08 6.287096892895498020e-08 2.021950734500892919e-07 4.082415251287365485e-07 7.871443222055859085e-07
-1.662040295414492062e-06 4.899963389304585169e-07 2.549813977648243328e-07 7.381232474365864773e-08 1.683363588066862874e-08 4.666493931796362508e-09 3.486124134912954097e-10 1.269028400910809418e-09 5.752831622032520134e-09 3.512257965809471876e-09 1.049609473166129514e-09 6.924608718454519961e-10 1.870377988704367410e-09 1.336418507843842067e-09 1.028057768974265701e-09 2.567232261868226779e-10 -9.641306612108033052e-10 -9.240734175425320435e-10 -1.135738096956794294e-10 3.785832315289267458e-10 9.104749184504717498e-11 2.786220834898083406e-11 1.648806278150537929e-10 1.210326839632021655e-10 6.308146499444890657e-12 1.811166756066251714e-11 3.839988412316668474e-11 7.295746450942632345e-12 -3.520902150470041608e-11 -3.354131903979515534e-11 -2.232365140993253731e-11 -1.972118306277759819e-11 -2.501695452338316334e-12 1.812255191594705756e-11 1.559074910112625555e-11 -8.998595053016758003e-12 5.249696893731826423e-12 9.811909057935400291e-11 7.656962499426913469e-11 1.784130575759722984e-11 1.276172872516900824e-11 6.034925628055164363e-11 1.639239399978089932e-10 2.648501899024600399e-10 3.746014710786141664e-10 6.353121226938423790e-10 6.917212373687176969e-10 3.523143752008665379e-10 -2.619140151144804796e-10 -1.087631084246551032e-09 -1.154480677998294735e-09 3.762213394436148411e-10 3.750288823848988434e-09 5.625816646245283771e-09 3.934528929817768853e-09 1.214622336115880759e-09 1.807477274928913760e-09 8.088500748744600565e-09 1.266715672375693543e-08 1.248109480848546506e-08 5.953099608869268513e-08 1.896370705722877607e-07 3.790636653236459037e-07 7.107496412199901296e-07
-2.002788337433677116e-06 5.276967637485176728e-07 2.669493170619124461e-07 7.784297633205019977e-08 1.876560163910682244e-08 6.289201336017566991e-09 6.416200706485272861e-10 9.338936494472186610e-10 5.627688470939013405e-09 3.611254452777710636e-09 1.187644470324068378e-09 6.172971766389877192e-10 1.777216462785922527e-09 1.302968264582216017e-09 1.004687260103689123e-09 2.395062175014393842e-10 -9.436619565308939195e-10 -9.115278253536870073e-10 -1.225255705454363860e-10 3.745404616506508165e-10 8.914678244214357358e-11 3.518083698426571295e-11 1.667837654752649835e-10 1.184489157925133592e-10 5.964345849594856138e-12 2.010250068456220506e-11 4.075662089236535012e-11 7.815255996386944631e-12 -3.824351608319013169e-11 -3.553427877501499712e-11 -2.404256464477635519e-11 -2.108258932298861113e-11 -3.892847504520459338e-12 1.919784313019757353e-11 1.676016615080695938e-11 -8.198754765822974655e-12 6.613519572452075739e-12 9.956887232714105941e-11 7.709245648202524418e-11 1.581071346409975374e-11 1.024906908153086229e-11 5.727500641016957924e-11 1.557080587538668207e-10 2.615906580699779063e-10 3.850468371464175671e-10 6.523162655822445604e-10 6.983363990305023218e-10 3.240927924679618427e-10 -3.149835343728475951e-10 -1.171989941316250885e-09 -1.213171211483111132e-09 3.939601237033213299e-10 3.807051466993104313e-09 5.709540414091539795e-09 4.033596548590305922e-09 1.308530163425755601e-09 2.087919614779543136e-09 8.925762666361218528e-09 1.421819272718564044e-08 1.447172803799380824e-08 6.222595206485204733e-08 1.957353358260153563e-07 3.890560097523006693e-07 7.375522784943140699e-07
-1.405673430874593402e-06 4.976537216275956795e-07 2.578346035998472346e-07 7.575784668207701933e-08 1.723713570227985470e-08 5.104370756991144892e-09 9.913304797308226293e-11 8.434247292221854720e-10 5.661110046413363601e-09 3.638989552108823689e-09 1.163713909985416342e-09 6.186288033272387776e-10 1.798188443396025419e-09 1.295140417941225982e-09 1.073276509888983266e-09 3.014441902785300105e-10 -9.495806255412556408e-10 -9.244449395499544458e-10 -1.214581942466601835e-10 3.588798311498603812e-10 8.401219509637435733e-11 2.945524963239949359e-11 1.527354704418212985e-10 1.103752942698410324e-10 2.174182616544778925e-12 2.297639795174694825e-11 4.192941615557305009e-11 7.138076985357304230e-12 -3.711485114824722910e-11 -3.726268365634834523e-11 -2.575993155914357145e-11 -2.022636172336787899e-11 2.900321250649255920e-13 2.239187265423178806e-11 1.718233300984113745e-11 -1.040136783523311244e-11 5.023415468295543442e-12 9.685113536148401156e-11 7.433081413915886424e-11 1.454649174593041512e-11 8.913360486083104009e-12 5.460860063634750450e-11 1.631255114328907143e-10 2.739875638073528065e-10 3.956350785250524339e-10 6.575054115423774745e-10 6.787556581569157015e-10 2.941195589588584907e-10 -3.506970149494865910e-10 -1.201626902826727988e-09 -1.268985378540397286e-09 3.384610354232032273e-10 3.757180731673879576e-09 5.683422906600898288e-09 4.093997068505396823e-09 1.366400974462786163e-09 2.010517930618155673e-09 8.655986441348585506e-09 1.353238970260004223e-08 1.340797441526872688e-08 6.219180753428357432e-08 1.969106905178330059e-07 3.952595526439909671e-07 7.637698858624878268e-07
-1.844459237214500425e-06 4.744877348948383169e-07 2.502736221280196467e-07 7.069148647714315878e-08 1.507274705382303851e-08 3.920384433276087845e-09 -3.813834618157680340e-10 3.484473602936401191e-10 5.267867496481771268e-09 3.370257852731357868e-09 1.045776974917981681e-09 5.259035860545836873e-10 1.769615629338442772e-09 1.309997786666781530e-09 1.018147201076541840e-09 2.631485767079775492e-10 -9.554848222082004787e-10 -9.177235787034456075e-10 -1.245418282159324866e-10 3.659757955612589463e-10 1.058849528661575854e-10 4.469803027276764560e-11 1.772127621735998323e-10 1.278955779389330155e-10 1.105413175410396500e-11 2.632564777420563857e-11 4.453886787977506368e-11 9.049687760739561651e-12 -3.932010449409493069e-11 -3.920072712923969795e-11 -2.604221115459311404e-11 -1.948861940480685950e-11 -2.828581036098931680e-13 1.969086393635912106e-11 1.537767671851557456e-11 -9.849083478687358176e-12 6.937206086113502966e-12 9.795328728537970162e-11 7.277883582912351688e-11 1.173944445691052740e-11 6.668008306825204768e-12 5.473697904506163071e-11 1.606501464159063887e-10 2.847241754238967309e-10 4.095568895485822398e-10 6.749693023889845467e-10 7.353905020264261704e-10 3.740689930353354634e-10 -2.641438156181293925e-10 -1.137877667611888590e-09 -1.223298831070541557e-09 3.590793651427967361e-10 3.802613346820456894e-09 5.733139965083807111e-09 4.059357358744734144e-09 1.341888960200041146e-09 2.047614007722569942e-09 8.588610243713858157e-09 1.377050448686800045e-08 1.348151683846159500e-08 5.919249916172435316e-08 1.890250381837295650e-07 3.725170895676264556e-07 6.879250796919479209e-07
-1.868635087835721141e-06 5.106110606210439461e-07 2.624451794821747818e-07 7.609593712704365773e-08 1.700301161124182509e-08 4.855904710733052261e-09 -2.918428286712260490e-10 1.970827084060501855e-10 4.944748399988119843e-09 3.263355558388649127e-09 1.034966799833195315e-09 5.292878914051640170e-10 1.759792263453390670e-09 1.261415051291548897e-09 1.010131078916892558e-09 2.739257675346174769e-10 -9.782954014013192358e-10 -9.368005305074738528e-10 -1.274656467071133634e-10 3.646706795218276943e-10 9.443093563203228588e-11 3.842688390920523196e-11 1.633759364420686246e-10 1.162787154076219133e-10 1.995517210332153050e-12 1.482064535619711720e-11 3.698541201212281733e-11 8.393819248356943688e-12 -3.339435114486834599e-11 -3.346245144721515256e-11 -2.357017013770637914e-11 -1.977784700585498761e-11 -3.951028875474139013e-13 1.972130005548021052e-11 1.587430139620944234e-11 -9.204830555625000611e-12 5.479267988839678361e-12 9.788991076830631403e-11 7.362920010408515645e-11 8.366514801914400077e-12 1.192676270598717963e-12 5.913118959993952086e-11 1.758962836823872874e-10 2.902654763597202421e-10 4.006287940092844357e-10 6.616636070494828627e-10 7.076030379821737671e-10 3.645575530881117008e-10 -2.588935727326901598e-10 -1.111486140712094586e-09 -1.163033307067692214e-09 3.545839879640881928e-10 3.688496348580849553e-09 5.582337470052943362e-09 3.942386782768747422e-09 1.241707562210409956e-09 1.967564054157874454e-09 8.717611962884751123e-09 1.342195523810077277e-08 1.309087625459497572e-08 6.084331826474319142e-08 1.942930186043172086e-07 3.879921204286332239e-07 7.300995089792560823e-07
-1.835378418348848501e-06 4.589763459666497496e-07 2.447334670449784803e-07 7.021327787977003655e-08 1.601480928163347878e-08 4.814019305238252412e-09 1.259548184722458559e-10 7.280527972384855940e-10 5.498640988095432370e-09 3.437762515205389837e-09 1.044452426727505492e-09 6.031291340049024862e-10 1.766575701203922285e-09 1.232619396947583644e-09 1.002988462959973418e-09 2.472828957331167049e-10 -9.831272199874555150e-10 -9.197595408483484275e-10 -1.025819249754664976e-10 3.754891346831197076e-10 8.940012065855711852e-11 2.906396915311447043e-11 1.613210514720238805e-10 1.174196189268997356e-10 8.349179629350738548e-12 2.379882275830664640e-11 4.279800158162079007e-11 9.204619166541300674e-12 -3.817840820351057033e-11 -3.683147848547277058e-11 -2.304920471392427725e-11 -1.928024714070940375e-11 -1.348230335561352787e-12 2.129189686083787829e-11 1.611205228950520284e-11 -1.122459477705466158e-11 2.109833009519403125e-12 9.425992044161744573e-11 7.260049224453114531e-11 1.307944261309599590e-11 1.108451206452690791e-11 6.231222197750384658e-11 1.641965511995381346e-10 2.704803863140936449e-10 3.840137111533122175e-10 6.486520572206076950e-10 6.986674410972841356e-10 3.779025422879498323e-10 -2.584608219374047369e-10 -1.176302647234011200e-09 -1.287829856013885372e-09 2.834847905138700054e-10 3.703869797323060616e-09 5.677620804623412225e-09 4.042439245753586559e-09 1.294713511476087354e-09 1.930536347154056884e-09 8.588322750690983692e-09 1.357921168348608851e-08 1.394189477699680490e-08 6.258196896605484117e-08 1.975784580054710300e-07 3.848214089839001304e-07 7.111119842337783573e-07
-1.630650225773926886e-06 4.740022559000897777e-07 2.523745883868299905e-07 7.562472251619794648e-08 1.823426518465773675e-08 5.940702919495079183e-09 6.508496019563442472e-10 1.050960973111914094e-09 5.711451152463529685e-09 3.651486213234973140e-09 1.188375604590600553e-09 6.567996275679644592e-10 1.883528941297060396e-09 1.388057183036515832e-09 1.060066114965283026e-09 2.802426559075937294e-10 -9.686958290776663295e-10 -9.470987890242469484e-10 -1.294788271436613973e-10 3.703365431175109956e-10 9.614195598298503226e-11 3.921372443777082853e-11 1.708413204390423832e-10 1.212533843869540662e-10 3.199967920453153931e-12 1.219812825086297803e-11 3.697579005659550112e-11 8.879614736648690870e-12 -3.920555598225455220e-11 -4.009206444481655192e-11 -2.740852069052308020e-11 -2.287953476314739997e-11 -5.344224402629595189e-12 1.620279954569551863e-11 1.370380628096239320e-11 -8.793248714159014502e-12 8.549281293856703309e-12 1.010646894467197140e-10 7.783017079006800301e-11 1.547031697417589115e-11 9.626518249729187066e-12 6.023594988537236581e-11 1.624798076942567877e-10 2.710008650753135246e-10 3.852202795562881141e-10 6.389696864603821601e-10 6.940176084869357522e-10 3.574327965612179139e-10 -2.696200813271151747e-10 -1.163308219438681150e-09 -1.261130742819301969e-09 3.138257315184829485e-10 3.759327062216149021e-09 5.693426039517376915e-09 4.055698237398819703e-09 1.255277431536910015e-09 2.114255448119767900e-09 8.878915685897560750e-09 1.320024261964448604e-08 1.196799153303048054e-08 5.712161971643139339e-08 1.853257628908585228e-07 3.676047077028765269e-07 6.867180680529125903e-07
-2.026056516655274627e-06 4.670572126712436992e-07 2.479718803464248354e-07 7.266175018194118034e-08 1.625886346078052633e-08 3.757538799763465908e-09 -9.940516739506295878e-10 1.833454995021777682e-10 5.310479481585460604e-09 3.600205870286250737e-09 1.154696333014996138e-09 6.180483454750372326e-10 1.824423298982699586e-09 1.303263885567913612e-09 1.020905965023804665e-09 2.701659486136549715e-10 -9.468447094428666658e-10 -9.239617906945355777e-10 -1.300244006738386340e-10 3.443094902865887958e-10 8.037780438428201456e-11 3.032262331241901565e-11 1.554481713018584207e-10 1.147849580529782906e-10 6.991911565949675496e-12 1.611137985421206171e-11 3.577982752892926423e-11 8.842857723265440671e-12 -3.605043911130516700e-11 -3.604252202474717045e-11 -2.550063661740637287e-11 -2.213293497541515816e-11 -2.339160593000298140e-12 2.039301755653164963e-11 1.726528402605961475e-11 -6.714409324800821004e-12 7.115999431301186895e-12 9.738293927000503941e-11 7.111847925054387294e-11 8.571427167748391858e-12 3.729020062966129840e-12 5.666506537360081950e-11 1.650113007671954212e-10 2.717947486178529168e-10 3.760072447518546649e-10 6.293931284811523832e-10 6.992560122789752654e-10 3.827959289720452580e-10 -2.358915545803711704e-10 -1.109861007449057174e-09 -1.158363293335977941e-09 4.129337839148681249e-10 3.774214198001704555e-09 5.734263596372822854e-09 4.148757342366693798e-09 1.326005776163211933e-09 1.786799941745745672e-09 8.732304201025930008e-09 1.453707875355547956e-08 1.577591470739061332e-08 6.477032899828893318e-08 1.985069449630876849e-07 3.895944510123756635e-07 7.218131520303415425e-07
-1.538806922629507374e-06 5.150983601832246946e-07 2.661393825636957754e-07 7.765320101190723361e-08 1.809666172356547523e-08 5.220512442688675628e-09 6.113762690379186809e-10 1.201034687741230044e-09 5.546384194898389758e-09 3.393244251366668087e-09 1.081441581000617999e-09 5.965368818895035971e-10 1.809667291695508437e-09 1.312673009480439942e-09 1.050420947006677868e-09 2.997283812891816937e-10 -9.672609619221121071e-10 -9.466700802303625049e-10 -1.445754646383868986e-10 3.642060628373831519e-10 1.118613628775382565e-10 4.756071976343823929e-11 1.654980445104614074e-10 1.211463102899471407e-10 7.362829358158775680e-12 1.661668535732590015e-11 3.550050779467226145e-11 5.580071927614013088e-12 -3.944410198329030970e-11 -3.918538784459367118e-11 -2.569483717783784220e-11 -2.077062859826794592e-11 -2.004072990254049049e-12 2.097736169041654428e-11 1.872619184090027015e-11 -7.374523120867537078e-12 7.095052400465173092e-12 9.765081467570067961e-11 7.066111339856234187e-11 1.189196160466773846e-11 1.154752572553536895e-11 6.088107099704419143e-11 1.667620817725127956e-10 2.737544898545147552e-10 3.912810177612774568e-10 6.591002838569186531e-10 7.209503991794127412e-10 3.626298412495625858e-10 -2.331139900165840661e-10 -1.098562415554271688e-09 -1.219000671908540712e-09 3.123177758586161920e-10 3.674886051453150261e-09 5.723186858607421622e-09 4.204970986445720995e-09 1.444632943578145175e-09 2.128482265406201240e-09 8.695337666276653312e-09 1.319893724449110810e-08 1.270470662248200413e-08 5.866198928039138350e-08 1.886231826923377380e-07 3.699802691711392000e-07 6.917265410664220076e-07
-1.277025603213353655e-06 5.260094560482587709e-07 2.652954786208352151e-07 7.742092901876900215e-08 1.952077101018151770e-08 6.353212752474220330e-09 6.800159528433645407e-11 3.999495481957519010e-10 5.372563145392111894e-09 3.416382061603778117e-09 1.054235346801171221e-09 6.283025111677136090e-10 1.841646732994001378e-09 1.355417593585142715e-09 1.013045031438909750e-09 2.381718947900487183e-10 -9.614686459604820630e-10 -8.955709920711257390e-10 -1.023332509996035411e-10 3.754164959818082572e-10 9.647829599805339632e-11 3.722754910785749923e-11 1.660119194342556108e-10 1.170991904579956872e-10 -4.290456783512629313e-13 1.297940028198945359e-11 3.455101003813099162e-11 5.843870592991558942e-12 -3.603704963565155749e-11 -3.488918704773047106e-11 -2.378494646237953165e-11 -2.080186097623087801e-11 -1.899412958050419361e-12 2.036219801744538156e-11 1.680716923712375816e-11 -1.134188240160258883e-11 3.557769160299632945e-12 9.668841331576777123e-11 7.244333165031386314e-11 1.154920409445085972e-11 7.510323403806615098e-12 6.704558970909328766e-11 1.708807653969622483e-10 2.755697607462429817e-10 3.884517899626714064e-10 6.415019745489575575e-10 6.848326579043265050e-10 3.440855742019073835e-10 -2.722540164859688765e-10 -1.103738390801516941e-09 -1.130925520201206350e-09 4.144978349925101259e-10 3.760286415631255753e-09 5.647270792465088889e-09 4.030459565123256718e-09 1.369020101381590689e-09 2.279448822058973043e-09 9.269039986682214786e-09 1.439304489600512097e-08 1.460442289705764453e-08 6.261662626815861782e-08 1.972640081957275969e-07 3.914873724345703228e-07 7.397528195720084948e-07
-1.748720981877874545e-06 5.053565228286920402e-07 2.680557617955129175e-07 8.115533529431505610e-08 2.044949401044085433e-08 6.137414788506928905e-09 2.862891086006339145e-10 6.881278460658450664e-10 5.522446417723658788e-09 3.708594676740195020e-09 1.231193242495931807e-09 5.984448887036032746e-10 1.812873099994745255e-09 1.312147477830924197e-09 9.891704835417608134e-10 2.711168226623636128e-10 -9.432348153849815444e-10 -9.007851916697023501e-10 -9.881494063165789008e-11 3.630646032590602360e-10 8.128416321666979798e-11 3.401799148592202876e-11 1.726907059241055914e-10 1.270377307621150280e-10 8.112544996161485071e-12 2.448031751004767062e-11 4.618562828854867073e-11 1.159882549548335595e-11 -3.671683948598724841e-11 -3.838946790701142440e-11 -2.634886949567422496e-11 -2.085570154437171263e-11 -6.618788362688484266e-14 2.339538131905804498e-11 1.963766119245260380e-11 -8.651891909639425362e-12 5.182932501086898198e-12 9.515638686571078113e-11 6.993744256123421614e-11 8.651685337686832553e-12 3.513225981232627458e-12 5.165881604334561545e-11 1.568521877044918745e-10 2.720806065897024934e-10 3.916182626500233204e-10 6.466579387370621330e-10 6.757135277654421384e-10 3.254480604624741886e-10 -3.010761713460571118e-10 -1.138912020357818121e-09 -1.182563969074012873e-09 3.527508601346114459e-10 3.744062084499677818e-09 5.652069646771398881e-09 3.998868562494772655e-09 1.228639935934694269e-09 1.983122521370564376e-09 8.858565643372542703e-09 1.372350149573583026e-08 1.293371591855572973e-08 5.913908594384315686e-08 1.899018359741456058e-07 3.689749628340274988e-07 6.727653616000869124e-07
-1.845805010251869839e-06 5.151102169063367423e-07 2.686186333049289463e-07 8.059673808433739588e-08 1.957957690340850997e-08 5.575408811056332551e-09 -3.846764441853731258e-11 5.139259913850849082e-10 5.404394975279991250e-09 3.559187374732395058e-09 1.149004432860729028e-09 6.317179425074267914e-10 1.888015191036787495e-09 1.398634866317758498e-09 1.042854798621578009e-09 2.340315208838920802e-10 -9.773587328446248600e-10 -9.245466218436695890e-10 -1.291041842514662509e-10 3.635136637586266961e-10 8.655485840361524547e-11 3.327594476918178243e-11 1.635122431500365480e-10 1.170301733845172843e-10 2.249476863519892319e-12 1.420220898116586541e-11 3.662037883821417801e-11 8.292345704708021083e-12 -3.531618550223106022e-11 -3.569643135693288502e-11 -2.417844112207535589e-11 -2.075061552918113479e-11 -1.528238950717988893e-12 2.119858743160058441e-11 1.777118705261047119e-11 -8.090985057174245303e-12 6.048526822727934041e-12 9.825798003870745362e-11 7.404290127577556483e-11 1.429505140575333980e-11 5.532628611521508374e-12 5.120544192626017883e-11 1.598281686584130019e-10 2.690721709696612647e-10 3.934601338678353474e-10 6.620330959210090248e-10 7.058457463858414057e-10 3.506841583888908035e-10 -2.645280882711636064e-10 -1.105635232057762082e-09 -1.199101924560091618e-09 3.332853787091224497e-10 3.687300700011705941e-09 5.527593030936622801e-09 3.951546817010460458e-09 1.337752855836072450e-09 2.066805315278996994e-09 8.367285352746243489e-09 1.303114589791159515e-08 1.317821149105726623e-08 6.158819244948179579e-08 1.940818013176074144e-07 3.786137692092475126e-07 7.025256963486689195e-07
-1.406456825706324025e-06 4.820118205185111102e-07 2.520222903270882824e-07 7.081721437983855813e-08 1.386436894996885359e-08 3.328326577117325908e-09 -6.244190585068854869e-10 3.856447879699705233e-10 5.248600892487138423e-09 3.486045144495243798e-09 1.111720810421292653e-09 6.864109926758569816e-10 1.921168151086801716e-09 1.366117677635400654e-09 1.060503444269558729e-09 2.960390664648413410e-10 -9.503370152653759681e-10 -9.254709665017370629e-10 -1.297083361217964575e-10 3.572214353982669047e-10 9.121178619352847944e-11 3.793248761800153089e-11 1.694925141758382206e-10 1.179406988062483784e-10 -3.500589126192251233e-12 9.629506066102108611e-12 3.497111302198770724e-11 8.192404705710229713e-12 -3.414150521959706633e-11 -3.585667886055364845e-11 -2.423111709720831571e-11 -1.801653483457071085e-11 9.831301986888084518e-13 2.181975149799870826e-11 1.606330080255775845e-11 -1.072743533304913289e-11 4.620871833421518670e-12 9.716259590940833255e-11 7.576370311616827960e-11 1.461747750060418577e-11 5.780391384158301966e-12 5.833891151303782444e-11 1.653797184839050597e-10 2.788768165483448988e-10 4.081792062940379957e-10 6.578569700717376385e-10 6.626185560634449100e-10 2.988131545227426543e-10 -2.833646757013803824e-10 -1.149906212977942523e-09 -1.258450804725289286e-09 2.931587560206649666e-10 3.686644141992242829e-09 5.548626292766619621e-09 3.841474882039420207e-09 1.348143068843756482e-09 2.297607740618700650e-09 9.011802323963982917e-09 1.347417578380667909e-08 1.325714160449780583e-08 6.140154075541640300e-08 1.932067317852830223e-07 3.776423551926134443e-07 7.200604806473628214e-07
-1.840374284082936897e-06 5.395494708234264240e-07 2.816106703847859321e-07 8.403892861793885027e-08 2.014582495242628633e-08 6.233067516116579736e-09 4.674658234803561522e-10 7.909045104983413283e-10 5.592039506413318958e-09 3.651983789572028089e-09 1.054715020705962669e-09 5.828640654378072642e-10 1.827117068987104075e-09 1.324088935635122754e-09 1.087639648818643471e-09 3.158868572263842077e-10 -9.388406980870055076e-10 -9.096725904485865410e-10 -1.089847177654166361e-10 3.897593674216465379e-10 1.125129858173018711e-10 4.444155362692981062e-11 1.633990275694268554e-10 1.151811946128490566e-10 2.144014426843798913e-12 1.998164410227501246e-11 3.936589892338125833e-11 4.349332435044094502e-12 -3.958082146742848366e-11 -3.548805362018868630e-11 -2.215413953531940134e-11 -1.737331705504937627e-11 6.054785903233543878e-13 2.054464668821366321e-11 1.597412866389328795e-11 -1.021850897763141426e-11 6.171176300816936426e-12 9.868847925465859390e-11 7.168486934058540478e-11 1.054091971165393370e-11 4.294627263458001855e-12 5.303605233485395718e-11 1.627327871221989294e-10 2.811710068494422619e-10 3.940671091380023359e-10 6.444780468426300232e-10 6.749720578611438616e-10 3.275767143309617076e-10 -2.956111448392109872e-10 -1.165274379327188991e-09 -1.244315804568255279e-09 3.652332654123592607e-10 3.779960633454239193e-09 5.728327686502981108e-09 4.158408392570785918e-09 1.478461331778260691e-09 2.077500265216632971e-09 9.079834996919651783e-09 1.487783076921754217e-08 1.681876940135757796e-08 6.865152878897738184e-08 2.098719435573453432e-07 4.138848961793674553e-07 7.797620108342081019e-07
-1.619298660748063193e-06 5.290446323534231725e-07 2.717724464719713472e-07 8.091557949356247487e-08 2.043539445714950221e-08 6.217586546754549803e-09 -1.258823845519033984e-10 3.651891005543970536e-10 5.357160178937592084e-09 3.487942149255628145e-09 1.161294525105487680e-09 6.944626409532977103e-10 1.850703005123045469e-09 1.357482347327603891e-09 1.060797370153399989e-09 2.715961232998007973e-10 -9.907571439780059444e-10 -9.404273535687760523e-10 -1.112359050994257427e-10 3.848407172361169541e-10 9.820382284400512070e-11 2.945660774888574485e-11 1.526848339184217372e-10 1.070409325780804778e-10 -2.416317307540272718e-12 1.544645144326442409e-11 3.764717769406264925e-11 5.896575084863247388e-12 -3.571147254640265347e-11 -3.380955245515908919e-11 -2.253590610094082992e-11 -1.930391269490881383e-11 -1.664427376325978102e-12 1.975307532534687323e-11 1.619161599430083558e-11 -9.000191174177909410e-12 3.643307561807470456e-12 9.420317954752275261e-11 7.180031500347109006e-11 1.275772331849618882e-11 6.983853943525692719e-12 5.589732467838054806e-11 1.645929407578292096e-10 2.743200397767755532e-10 3.916156851645399734e-10 6.585177664773556248e-10 7.011833462748356263e-10 3.424170528264523540e-10 -2.825791116234818344e-10 -1.170625411192566291e-09 -1.212059431439640849e-09 4.303951108886257236e-10 3.880206861453118373e-09 5.835562668341622980e-09 4.176360405797942554e-09 1.324072616025704709e-09 1.862941034707237144e-09 8.514578694865245097e-09 1.344061697929965931e-08 1.322871612403891684e-08 5.909343370367779002e-08 1.884671114071398014e-07 3.714412019352234354e-07 7.065693694233025919e-07
-1.165288928860616130e-06 4.446197706120048424e-07 2.433954754029374037e-07 7.147113704212118744e-08 1.568689168284230243e-08 4.507308458941748122e-09 -3.650460362954815890e-10 2.515887980278701945e-10 5.347926120944187215e-09 3.511879506242874690e-09 1.069961244350578804e-09 5.438329812394120797e-10 1.768799183502528386e-09 1.308082086465742103e-09 1.045128736199917439e-09 2.985729030487315475e-10 -9.346511926194952983e-10 -9.069792850318146324e-10 -1.295474277147546202e-10 3.453871626624451498e-10 7.100101434241387438e-11 1.949858014462353603e-11 1.642343139477104305e-10 1.231374718509549932e-10 7.570043259694697518e-12 1.615309752123514327e-11 3.243435859635251512e-11 -2.920350397325918748e-13 -4.098502416980283044e-11 -3.757782647958386097e-11 -2.493407114386322868e-11 -2.099274041234384372e-11 -3.041610050943561886e-12 1.985559490430266055e-11 1.739194107492183559e-11 -8.589377548717413343e-12 5.742216171125699223e-12 1.007273976734405660e-10 7.937590572675453646e-11 1.711901065993866609e-11 8.778357452660306059e-12 5.696189700148974515e-11 1.621823497003865504e-10 2.747767161490323533e-10 3.988261199142868116e-10 6.623456877493134395e-10 7.103500543988485263e-10 3.628146124267939816e-10 -2.818139872976518848e-10 -1.165754609697363454e-09 -1.224896099397553376e-09 3.506873446430014283e-10 3.729893213847536176e-09 5.635976637302316008e-09 4.026899446508963274e-09 1.363447644257250990e-09 1.964471970149664505e-09 8.585050847233596293e-09 1.350311051856638222e-08 1.254125712079939579e-08 5.767507383149324646e-08 1.876850467182721975e-07 3.752718274184108317e-07 7.039602502048453549e-07
-1.655786967154070570e-06 4.106191834147086093e-07 2.217759608416292747e-07 5.976168687799983840e-08 1.011977293275132567e-08 1.912515725465643346e-09 -1.068995393499961922e-09 1.983561347649753170e-10 5.281659164389542405e-09 3.462974512852860853e-09 1.092723168995000561e-09 5.488699112739417921e-10 1.794051920627271216e-09 1.335443940815545973e-09 1.030780697598615321e-09 2.668807187865119945e-10 -9.678346620027312697e-10 -9.346499156967731150e-10 -1.228044731957518483e-10 3.741011072959750251e-10 9.748744150740327023e-11 3.332712898167900260e-11 1.569624703506096898e-10 1.104202132694508326e-10 6.501484486668588615e-12 2.540803227260221508e-11 4.515669151187590513e-11 9.597337721659689466e-12 -3.733674564267157794e-11 -3.656537788181461542e-11 -2.675415983625364145e-11 -2.133777244428513765e-11 -6.449314040923766309e-14 2.274497004888972833e-11 1.900411175341366381e-11 -7.626416901455306308e-12 7.192573899036204680e-12 9.932898237387938278e-11 7.293913120835025733e-11 1.412122335761020764e-11 1.600707702435703508e-11 6.975329723510559211e-11 1.725532038533652043e-10 2.793326013770550331e-10 3.952201478564906402e-10 6.541828678675816037e-10 7.038548680015664703e-10 3.736200109629186156e-10 -2.370287526657666668e-10 -1.110699335008667339e-09 -1.252751285870219520e-09 2.072288303203546965e-10 3.568376938100808671e-09 5.492508107931865813e-09 3.924455214561306619e-09 1.093089617870520458e-09 1.583782236020744612e-09 8.158852834654370977e-09 1.359909071520614128e-08 1.481135058050681257e-08 6.408782679241468985e-08 1.971969380364069606e-07 3.898207999627237967e-07 7.390156963103395449e-07
-1.891442194413295082e-06 5.123996745935236535e-07 2.691958360730788639e-07 7.943245767965084224e-08 1.844289057955217795e-08 6.202091196812788731e-09 9.531634907251148801e-10 1.225076997324806648e-09 5.814818542045973855e-09 3.640695062190668705e-09 1.025463029480756341e-09 3.797166483863056880e-10 1.626645177227484143e-09 1.257628246811516513e-09 1.042278652776943365e-09 2.893637573558766099e-10 -9.240292129551520170e-10 -9.044484781368555611e-10 -1.102012722594477216e-10 3.606883381761807665e-10 7.806984688265010034e-11 1.753789971904099739e-11 1.505869234418922728e-10 1.150827648401912049e-10 5.259483346341114020e-12 1.965977452168840961e-11 4.154313606011554523e-11 1.061278002391131152e-11 -3.400757195498099385e-11 -3.521717705847976400e-11 -2.377155888665962923e-11 -1.919404630396485123e-11 -7.850261021967950179e-13 1.998407469502293985e-11 1.531231509357494762e-11 -1.108510130818446914e-11 4.327878898693240126e-12 9.699974148810621280e-11 7.319218185666146551e-11 1.104428902061363391e-11 4.776566477447162645e-12 5.745965316660982187e-11 1.668617053632958136e-10 2.738113185189988694e-10 3.855072297186123478e-10 6.573548807347205703e-10 7.099144107320607168e-10 3.464430278107213378e-10 -2.919619895100411912e-10 -1.142544965311296144e-09 -1.200721670987432547e-09 3.739219175625318024e-10 3.775267692387630555e-09 5.687517100870584565e-09 4.031360120438129592e-09 1.286209614529290069e-09 2.010827246789486352e-09 8.603112446608873441e-09 1.336101826811393658e-08 1.397538845326935360e-08 6.425903328806063940e-08 2.021961644358197120e-07 4.045392386555492745e-07 7.606967361068725763e-07
-1.918795066203119611e-06 4.713541760371894612e-07 2.505577906930633929e-07 7.245712209980829175e-08 1.664667865432635089e-08 4.859245008206717149e-09 -2.016115806036677934e-11 5.623670365748975185e-10 5.427146001245342525e-09 3.576341092133437946e-09 1.237651878578229412e-09 6.500088803618502487e-10 1.832634708007152746e-09 1.377069610464871163e-09 1.061095390368139342e-09 3.237671598316469534e-10 -9.223237817506765444e-10 -9.133002268488341883e-10 -9.617001411301776219e-11 3.950625580778237051e-10 1.065705584480132198e-10 3.499404945543081877e-11 1.595735405440972276e-10 1.193118495027263333e-10 5.927211172266816750e-12 1.975834791402010162e-11 3.867787034781449437e-11 6.154800205643076729e-12 -3.833249945224918020e-11 -3.722577154403180192e-11 -2.464555256044285796e-11 -1.854905582032578021e-11 -3.231627586631213530e-13 2.067124268512999205e-11 1.752707969150639063e-11 -7.636454622491061120e-12 6.387998324511080203e-12 9.763153369031310092e-11 7.088772479222099190e-11 9.827247328266755783e-12 3.667782408139137059e-12 5.601320566920932102e-11 1.640822199500370558e-10 2.626686416968708893e-10 3.755106683922590004e-10 6.547240958843604359e-10 7.298592364835725250e-10 3.695937669938630147e-10 -2.538743985440679057e-10 -1.118375499916584451e-09 -1.216383704235965067e-09 3.629277082786693442e-10 3.779148440957882390e-09 5.660073316054774250e-09 3.996631150724860062e-09 1.291274238347189837e-09 2.126703562748542758e-09 8.774070741815115573e-09 1.353482480376409911e-08 1.327761372082591052e-08 6.065636155374558888e-08 1.924750517930499041e-07 3.815985373318959531e-07 7.128757615469842745e-07
-1.360155684988882470e-06 5.541592342837136405e-07 2.810730960512648386e-07 8.434765669028028045e-08 2.147102775271297265e-08 6.634340815674908321e-09 7.877548919364096118e-10 1.215103202266546697e-09 5.759264805761612099e-09 3.664142523210016830e-09 1.211059432709023845e-09 7.276987832870275950e-10 1.993252658640681462e-09 1.428761143560549986e-09 1.080271192641793978e-09 2.791360912126730248e-10 -9.744027920555122713e-10 -9.396832332793917853e-10 -1.236608074714943676e-10 3.728605398255946229e-10 1.044330237353542993e-10 3.689984865747813739e-11 1.562296078638565592e-10 1.080677442655383258e-10 -3.388523173053581011e-12 1.897019563826244120e-11 4.323592849052157916e-11 1.150954923465261929e-11 -3.459729519765401043e-11 -3.444617134219426774e-11 -2.371186000715392878e-11 -2.177220569570147489e-11 -3.420844642561733489e-12 1.968810245975841477e-11 1.839499018269037879e-11 -6.413859879314187773e-12 7.736829779800628446e-12 9.791366810348590275e-11 7.021576100844363337e-11 3.352061623933640886e-12 -1.599720543676508036e-12 5.312686990767447927e-11 1.664598614182921851e-10 2.871978625669339992e-10 4.026509137084445263e-10 6.555502595676601932e-10 6.963659002305192941e-10 3.449670567932525644e-10 -2.792846343936111192e-10 -1.138537340026445605e-09 -1.266909243282246309e-09 2.219888944638648401e-10 3.602045754265206979e-09 5.619876954022650141e-09 4.099435956373325716e-09 1.476005855618518301e-09 2.312976293259731257e-09 9.060274471807649414e-09 1.390815262754571513e-08 1.428161419237323052e-08 6.306879580795944113e-08 1.973555937758883370e-07 3.917432475444462677e-07 7.283572513738326170e-07
-1.555977249447445750e-06 4.852737070921471832e-07 2.582478748151311357e-07 7.554476402248133641e-08 1.739042204994267167e-08 4.674857995111274804e-09 -4.704236984157046492e-10 3.333127726901902826e-10 5.302021389434409101e-09 3.380636398196839438e-09 1.133010767388335535e-09 7.379102017404851511e-10 1.928566539611992718e-09 1.344257376472868761e-09 9.895504068463527456e-10 2.328780617003491772e-10 -9.829727745242433728e-10 -9.267724147954634639e-10 -1.250763060109472923e-10 3.525876675416767924e-10 7.954259312758500487e-11 2.199286258663154753e-11 1.577417558744034244e-10 1.153411156636921158e-10 9.015433445346770648e-13 1.701267167994282725e-11 3.928240071032222400e-11 9.495813962563723170e-12 -3.701977736806114707e-11 -3.809483578569616754e-11 -2.625348286747414092e-11 -1.917821133949580314e-11 5.692315235626361949e-14 2.279400894591105431e-11 2.030616445381056877e-11 -7.260519578798412971e-12 5.715390757265754949e-12 9.584972295052310826e-11 7.060135274091737051e-11 1.429831563529169344e-11 1.347344015685469880e-11 5.909998935648058863e-11 1.569390390885438143e-10 2.687960921894099730e-10 3.940198676230153324e-10 6.653355683728129134e-10 7.161557236944687163e-10 3.486494653070999796e-10 -3.002783697320674094e-10 -1.143241977360682977e-09 -1.174562546658979571e-09 4.324393554261029422e-10 3.860078315855893099e-09 5.844857441807673142e-09 4.280724091092706727e-09 1.715008486370075615e-09 2.646211198993620712e-09 9.099182742234119512e-09 1.391036077824903534e-08 1.510049932695032677e-08 6.580731975016510204e-08 2.084125589757999146e-07 4.216898944500287095e-07 8.107234413938770285e-07
-1.593073380827885175e-06 4.951036154960651803e-07 2.605556920138112842e-07 7.482227656470552550e-08 1.660637022280588117e-08 4.369578824774667480e-09 -3.944700737304059796e-10 4.249862072499909758e-10 5.309480528015220068e-09 3.477736212161621773e-09 1.063829384006066276e-09 5.967415307948973463e-10 1.784240115201353782e-09 1.264533284516317954e-09 1.003894898800972177e-09 2.664426402487356256e-10 -9.729280207160889527e-10 -9.338926607349200180e-10 -1.244470509063791081e-10 3.757902669614242070e-10 1.154921156599466319e-10 5.607046033290572696e-11 1.804425434203096499e-10 1.233025236358129910e-10 1.489971784687445142e-12 1.643822828967012181e-11 3.969299239337384007e-11 9.365903026194119261e-12 -3.602907577047818263e-11 -3.634404038108293528e-11 -2.529298610262779026e-11 -2.146495550900437198e-11 -1.194317394595945671e-12 2.074946993492399236e-11 1.892206008614480341e-11 -6.021358742781738225e-12 6.666345536071151729e-12 9.522148775379424144e-11 6.855987443416710766e-11 9.827618695698318451e-12 8.025551867773689321e-12 6.058989424341397146e-11 1.601846789401334262e-10 2.663882012064384177e-10 3.909303223178631555e-10 6.491771730825293259e-10 6.902795256725233484e-10 3.408707145431695644e-10 -2.944018318977784774e-10 -1.165532643594385739e-09 -1.204398746010919130e-09 4.440171286759628249e-10 3.951438650503377597e-09 5.923669611464015589e-09 4.303329797818302661e-09 1.375870477581276940e-09 1.913672331804294234e-09 8.247432551164025836e-09 1.283260815218036024e-08 1.308360884282746409e-08 6.068939431716837182e-08 1.907930471105896456e-07 3.750071756621334275e-07 7.121557414656111537e-07
-1.639395929802372161e-06 4.556974700626592806e-07 2.437736803703374425e-07 6.968660150444699339e-08 1.469229362150599556e-08 3.117332857077776812e-09 -1.038454815610713352e-09 4.191758885980115146e-10 5.296132926370127587e-09 3.459072499669929396e-09 1.008405842216646462e-09 5.606308929750083135e-10 1.838636464339276501e-09 1.359653911642432246e-09 1.076952537264649611e-09 3.191385638553789154e-10 -9.056479381032179818e-10 -8.904636675326812802e-10 -1.191624129307471425e-10 3.608647919128191527e-10 8.584508548768641120e-11 3.547802626661111743e-11 1.703782834695363905e-10 1.172217913189389143e-10 -2.840070044527133418e-13 1.412180959924550764e-11 3.550619323392963204e-11 5.841266120196831980e-12 -3.525566093148937870e-11 -3.434396477727569638e-11 -2.420123124767070400e-11 -1.992011486035297397e-11 -3.019951387992974870e-12 1.818371496072649963e-11 1.590869709616309102e-11 -8.686025491694414496e-12 5.149782436599962555e-12 9.418585819673162207e-11 7.236863078806940847e-11 1.312102700092501629e-11 4.886319845120180089e-12 5.607158630409785404e-11 1.651523813442766722e-10 2.727636590279915553e-10 3.805974851609720082e-10 6.414916842387742035e-10 6.963601944782934679e-10 3.675326354264392893e-10 -2.654453085572802164e-10 -1.164229204713225266e-09 -1.242568858901042859e-09 3.652560791523356550e-10 3.766681044708256775e-09 5.638101205193983461e-09 3.972832604040588511e-09 1.296747782109138229e-09 2.167114321603327270e-09 8.748583133109949378e-09 1.320565403047018699e-08 1.221902940575241701e-08 5.900529660482148015e-08 1.863586497849735484e-07 3.639411101750702404e-07 6.890073241200481607e-07
-1.860872320449706108e-06 5.184032796342753369e-07 2.675591008508589547e-07 7.835813411513717758e-08 1.845918982060918280e-08 5.424330619229896808e-09 -5.309317852850046974e-12 5.451426743915192889e-10 5.484902731152539609e-09 3.515337649316449847e-09 1.022893789853399917e-09 5.894786187480551841e-10 1.807067851096414856e-09 1.326558792510089913e-09 1.030830275687535910e-09 2.761602787823741241e-10 -9.337193294415059218e-10 -9.120821596931968742e-10 -1.274028907912956518e-10 3.422704412320396589e-10 6.823627611147510899e-11 1.756438722887244327e-11 1.503387726091579915e-10 1.121698002866271680e-10 3.740097078679007867e-12 1.751466883454102012e-11 3.812684747837209084e-11 7.537062810660941021e-12 -3.737369333035140737e-11 -3.884336847025935545e-11 -2.553168558140005725e-11 -2.002313584631520589e-11 -2.218397883233356670e-12 1.951147806897698785e-11 1.591694990744258532e-11 -9.000609838295666831e-12 3.885494538173430467e-12 9.308443337758063645e-11 7.123530071427200223e-11 1.327789404408245733e-11 8.919657127421141435e-12 5.857903271655512189e-11 1.609108185709908445e-10 2.693184864040706194e-10 3.922402125221496712e-10 6.577488456385202075e-10 6.965996191527120912e-10 3.337846566942250899e-10 -2.884338406407488879e-10 -1.152637964549829074e-09 -1.211109679082081179e-09 3.977302174924892701e-10 3.794073320323043615e-09 5.660296438898282535e-09 3.932325039491844376e-09 1.084964310643920933e-09 1.945177744354486740e-09 8.840097814074567280e-09 1.386270509593764496e-08 1.471077888928444179e-08 6.458906434521615646e-08 2.006615437756748787e-07 3.963879793345565659e-07 7.453598099262219456e-07
-1.569978567974522493e-06 4.486163711304274775e-07 2.349849400987153672e-07 6.364043314007557407e-08 1.295710233286977130e-08 2.935289028480226980e-09 -1.348881760616987382e-09 -5.671517268706801431e-11 4.925062555804583958e-09 3.108216622269230717e-09 8.959077966269413883e-10 5.899914421283491066e-10 1.877238457026141549e-09 1.361238052623516372e-09 1.064302555980514714e-09 2.787139374002668605e-10 -9.583457588900063744e-10 -9.326392846947246696e-10 -1.300301975215420223e-10 3.675714129212362871e-10 9.536023892696112465e-11 3.419357272889516163e-11 1.557358530555006400e-10 1.092212799870648865e-10 1.113112946634995317e-12 1.846974335490257745e-11 3.980436214304600919e-11 1.135083168306609278e-11 -3.272258631169590220e-11 -3.350773651484395436e-11 -2.282411910778478877e-11 -1.776591105398157933e-11 1.104481203826772623e-12 2.103892387494469764e-11 1.662088809376638184e-11 -9.001936545634272739e-12 5.869161266878111812e-12 9.678622315345634364e-11 7.272080774664413928e-11 1.266117334195113215e-11 5.128247060122149781e-12 5.290247727330673767e-11 1.645704386378703395e-10 2.761504731340121313e-10 3.825986965499853833e-10 6.442674331494713815e-10 6.894614287392417881e-10 3.462548517543357875e-10 -2.836748709324090966e-10 -1.157011644282877532e-09 -1.226688155110446790e-09 4.069525569326078607e-10 3.855945475170358997e-09 5.721608525019459010e-09 4.013954771865066182e-09 1.216150008639654154e-09 1.988175181436265635e-09 8.818848182384228341e-09 1.424044214863283087e-08 1.460391348732328688e-08 6.352131956930562319e-08 2.005253645197962214e-07 4.011536751553105904e-07 7.565183596912347663e-07
-1.210673068056359917e-06 4.500072978071917793e-07 2.465423953601860852e-07 7.108711191518182893e-08 1.531800907909125624e-08 3.784722372962515255e-09 -6.362690729028277250e-10 3.886732103636086339e-10 5.395502587106549089e-09 3.601850783561424562e-09 1.189898637966765380e-09 7.030411706067904614e-10 1.848041794794023335e-09 1.275100049305941582e-09 1.013260757201668200e-09 2.760795397343165771e-10 -9.754160897436880399e-10 -9.332634332370982444e-10 -1.137449964223924400e-10 3.673416228383052232e-10 9.929046963521364744e-11 4.442092514863849247e-11 1.618816146054679312e-10 1.153954086600648956e-10 8.313954578851484548e-12 2.336099706978291881e-11 3.860390380735978709e-11 2.171728210925145306e-12 -4.241969774283003298e-11 -4.039116574912683797e-11 -2.690694883736311848e-11 -2.062743104561612298e-11 -2.328607481819175861e-12 1.983901757659533921e-11 1.731435106882241631e-11 -8.485471577360688136e-12 3.777501109222519214e-12 9.484334304511018137e-11 6.900582727637918014e-11 9.509417612323509142e-12 4.074800361184320134e-12 5.730306564878110657e-11 1.628352181627545021e-10 2.724157260917018657e-10 3.891779718663125035e-10 6.422621084144327017e-10 6.922465416153295254e-10 3.515184131055029319e-10 -2.593931549905982273e-10 -1.108648110338514721e-09 -1.177454407575853849e-09 3.756953718874350355e-10 3.665932632957649944e-09 5.535937648045360517e-09 3.942981224883878259e-09 1.332895716230205193e-09 1.899725987613995598e-09 7.900038595194042918e-09 1.173639706578374927e-08 1.057331116499582220e-08 5.702610896495255158e-08 1.881447763019014977e-07 3.716834881380453042e-07 6.943727840313547550e-07
-1.361400629715523942e-06 4.937919128929749858e-07 2.530960518139929234e-07 7.197026960978865204e-08 1.573769813278406256e-08 4.711659420798396116e-09 -7.452633423106441608e-11 3.872320322600360131e-10 5.204242170609771657e-09 3.206391360139373303e-09 9.332474813668979724e-10 6.921791873025051816e-10 1.958066471008077395e-09 1.362391428784989396e-09 1.023567940385587076e-09 2.412661583543922497e-10 -9.821508695313071741e-10 -9.212802232853896445e-10 -1.054359899444382768e-10 3.696584277654967683e-10 9.046866290817876043e-11 3.627028247625370554e-11 1.713068699016061846e-10 1.227101009552317531e-10 3.769759276597613999e-12 1.672636348836043568e-11 3.748542675178898758e-11 5.793496532786126620e-12 -3.717651355574130545e-11 -3.558268863661751111e-11 -2.456374065358062220e-11 -2.019619982494569185e-11 -9.433362935424731660e-13 2.017561303282444846e-11 1.888914585700754636e-11 -5.225873570917040000e-12 6.504304348565520335e-12 9.531200965539026441e-11 7.391573072628589602e-11 1.707497595568742944e-11 1.161930729882326788e-11 6.168118909532903257e-11 1.657852327008445332e-10 2.755262249102911924e-10 3.931234056643420469e-10 6.517318980844744547e-10 6.811850851847277598e-10 3.161484289881203741e-10 -3.110757034656071272e-10 -1.162382908155420124e-09 -1.203771561441396537e-09 2.844200646827147819e-10 3.498158192963550989e-09 5.427057126919710826e-09 3.857937445623139671e-09 1.206457412922056491e-09 2.030277516071938741e-09 8.779444121032530868e-09 1.404050951457528365e-08 1.520292410782400810e-08 6.596816222564039630e-08 2.074384495957237199e-07 4.106064589545455799e-07 7.723070213586943707e-07
-1.499639897604219092e-06 5.853168474510635206e-07 2.957458499522295837e-07 9.019453787259772109e-08 2.338840705517351737e-08 8.053227103566343529e-09 1.313009658185196273e-09 1.228680401957294063e-09 5.675986859889474228e-09 3.668010918224037017e-09 1.130199539989750719e-09 5.897528639039054504e-10 1.883352064664536191e-09 1.392353579093058992e-09 1.075260386877254994e-09 2.922502435435782404e-10 -9.485240264579732335e-10 -9.148072235358854687e-10 -1.020068120221106670e-10 3.831147343349950052e-10 9.133330218890245064e-11 2.458661845714581340e-11 1.633958841415310953e-10 1.198871872276630561e-10 3.174856626342055848e-12 1.775393161183998033e-11 3.944988648614463996e-11 7.737891072999152359e-12 -3.767632185808403028e-11 -3.732811847487060663e-11 -2.526686552645882954e-11 -2.198591847512801268e-11 -3.294133591236616227e-12 1.954698244512248527e-11 1.567240943439021887e-11 -1.087161573310092712e-11 1.519744310603275674e-12 9.408508866184945451e-11 7.426571855472232676e-11 1.200469176346477454e-11 1.802509476912876230e-12 5.045819683555717186e-11 1.584139100203270530e-10 2.760575864560179155e-10 3.911920647888705416e-10 6.523854938947209029e-10 7.194410305373284472e-10 3.525395803098715718e-10 -2.970825256014704757e-10 -1.165084187716766985e-09 -1.213661252132132382e-09 3.771614666211904347e-10 3.808540241738303096e-09 5.786863175738209676e-09 4.149261608118783806e-09 1.241306981873348107e-09 1.793596274947954769e-09 8.544467854364174825e-09 1.333254050473329632e-08 1.333730755611563100e-08 6.262735729997857798e-08 1.980713893277929714e-07 3.934808495240791463e-07 7.474879339780112381e-07
-2.006582515634249566e-06 4.650870168096198917e-07 2.463874665130096777e-07 7.082415452376012523e-08 1.535269416101738022e-08 3.815396022911698845e-09 -6.633408229859168079e-10 5.131852437978910657e-10 5.433584785148074721e-09 3.643933447477741968e-09 1.214331353416538515e-09 5.408709395878702511e-10 1.641998456072532060e-09 1.157155495339776901e-09 9.153436753027999043e-10 2.284190631967622343e-10 -9.421867299261881326e-10 -8.954400916571796871e-10 -1.002137592050487947e-10 3.769764390667370281e-10 8.660578715918040409e-11 2.361425100223520160e-11 1.583072876781664663e-10 1.144358255120068805e-10 3.271797593433014007e-12 1.731747017891200108e-11 4.149748159238562708e-11 1.261318683003064680e-11 -3.250374281421096272e-11 -3.568729945005375230e-11 -2.586248770276627279e-11 -1.992822320258085310e-11 -1.354797564561788520e-12 2.072989649300142270e-11 1.705118341887349892e-11 -8.752479273364416206e-12 5.457275046041663208e-12 9.767383633005434582e-11 7.284925418003656623e-11 1.185506519235677313e-11 3.261343252110200118e-12 5.341158136585418595e-11 1.660586196307895341e-10 2.799440837476076759e-10 3.969028606381503689e-10 6.497139884979426951e-10 6.933651120668759771e-10 3.486766755339342849e-10 -2.649121116709825497e-10 -1.140600712671480528e-09 -1.235441371075085534e-09 3.090691866392087109e-10 3.682019462919216896e-09 5.619462226978387141e-09 4.076553131718484303e-09 1.507429647418926132e-09 2.415285260787357883e-09 9.350413416089411123e-09 1.417629142415354908e-08 1.405841441081515387e-08 6.225697850324371365e-08 1.964965064801415499e-07 3.890706948178166157e-07 7.274747341661542564e-07
-1.716804952795431685e-06 5.030921562263641813e-07 2.610773950320369361e-07 7.624071974021068479e-08 1.761125064614269070e-08 5.274160553517982274e-09 -2.917553976076208037e-10 1.148996403188802176e-10 4.956612666537883949e-09 3.217971658943503576e-09 1.059980151195069335e-09 6.170478955770035433e-10 1.869652145246761203e-09 1.362714985426497135e-09 1.061374437865146261e-09 3.104731730436298010e-10 -9.162274123003456399e-10 -8.925803795539477869e-10 -1.073794586411992678e-10 3.722408661887157454e-10 1.000383458402500716e-10 3.452892209641291578e-11 1.545022904130379564e-10 1.074214887344518518e-10 1.462111769851956773e-12 1.960219724528877247e-11 4.256543662079150507e-11 9.158033148303438938e-12 -3.608965840638735764e-11 -3.633496416477158143e-11 -2.597147744072522129e-11 -2.155928619892806373e-11 -8.538802807800689737e-13 2.171730778773042071e-11 1.825628076875226553e-11 -7.648092885744753870e-12 6.501523397298938536e-12 9.783690966373453232e-11 7.581372263476857702e-11 1.976320063316520322e-11 1.376231554349904229e-11 6.368991829851905905e-11 1.697017351834340146e-10 2.699158701373682726e-10 3.792593523414528979e-10 6.465980092753122838e-10 7.165640510142029473e-10 3.882606474138777813e-10 -2.367549581547570294e-10 -1.142587398202347807e-09 -1.254537287010081660e-09 3.344791738342949076e-10 3.748126321913424377e-09 5.707611020071819435e-09 4.036097710680797028e-09 1.296493794244169079e-09 2.001940829972210032e-09 8.433218806562980425e-09 1.309823247996314171e-08 1.319332823767550584e-08 6.055159092815692576e-08 1.937626166870935617e-07 3.841083615780127422e-07 7.115418968496894806e-07
-2.038315856798427609e-06 5.406044166560058302e-07 2.803999714192035905e-07 8.503848709541160760e-08 2.316299689777937180e-08 8.078923865805598856e-09 1.214822355761694786e-09 9.727232197333084920e-10 5.585597279219355438e-09 3.657449260911972862e-09 1.115624329641371890e-09 5.598490514788675090e-10 1.871412488352299213e-09 1.435462304545784118e-09 1.103990223527798731e-09 2.814995839505138450e-10 -9.642802152526062040e-10 -9.317705043346833871e-10 -1.258470153987021145e-10 3.679435214718204431e-10 8.683175351861340540e-11 2.675081382024303796e-11 1.637316556486600876e-10 1.191955488030665672e-10 2.183050904590749999e-12 1.574544906833215645e-11 3.858981759459673091e-11 9.728560688385432112e-12 -3.418974645273540325e-11 -3.645531313389804392e-11 -2.637310787815364878e-11 -2.102242099500737105e-11 -2.036103186727468995e-13 2.069284225272875837e-11 1.599086149819981027e-11 -8.069197094390340108e-12 6.933910732945555571e-12 9.934126917877786591e-11 7.459423171047551330e-11 1.314598905787954891e-11 8.302453229948278307e-12 5.586106388371906132e-11 1.564052004447773685e-10 2.673161542791252254e-10 3.883715701881988281e-10 6.439683569435256931e-10 7.131269779687377403e-10 3.813074870510131618e-10 -2.602027607769384706e-10 -1.129542826412477774e-09 -1.172170412150290602e-09 3.771121300589401137e-10 3.678483763900391609e-09 5.466811377081865629e-09 3.814334948678453577e-09 1.158214072307343608e-09 1.975379693366302825e-09 8.921676396608029925e-09 1.387172840444199084e-08 1.444859488239371621e-08 6.351740133120398849e-08 2.004784505646038877e-07 4.017613399215031896e-07 7.617904293608937019e-07
-1.698048003202423984e-06 4.537125689310868347e-07 2.385302597860476262e-07 6.603538579934930923e-08 1.540175266258066863e-08 5.208604865394846439e-09 2.187267268112798366e-10 6.923945636905009105e-10 5.395467636186776800e-09 3.476927587529531757e-09 1.035563203743017166e-09 5.952272912284224002e-10 1.824336651211405073e-09 1.302110373754836835e-09 1.009740825471713107e-09 3.022623697862968126e-10 -9.152169566408380118e-10 -8.955649605691403034e-10 -1.199688616344099791e-10 3.617166815966857099e-10 9.284876640122745195e-11 2.824687610268507579e-11 1.574136303417068029e-10 1.149280421967739810e-10 6.939539152802223411e-12 2.167375743675969523e-11 4.046236521987997117e-11 8.590437769204204977e-12 -3.648091559809241640e-11 -3.640087704644277339e-11 -2.454020674708444183e-11 -1.931423891340977395e-11 1.233389986170861515e-13 2.264671146458218342e-11 1.853966813873999305e-11 -7.653748403086763055e-12 7.115115332845043742e-12 9.710332597136537252e-11 7.339113440509096086e-11 1.431076482373587240e-11 1.045582861386946444e-11 5.676172031376162368e-11 1.567474227796069478e-10 2.653084617883221970e-10 3.827810172276144177e-10 6.554283744641848444e-10 6.994602355726557881e-10 3.460884341620614886e-10 -3.027596318516874379e-10 -1.196532423386201179e-09 -1.287811490137437032e-09 2.595447286610102171e-10 3.691234909270834536e-09 5.758216741122959668e-09 4.198609554297968116e-09 1.315851257027410652e-09 1.836610027527540873e-09 8.473222920701692772e-09 1.377662249260371855e-08 1.439881599146339318e-08 6.327314842912593051e-08 1.963713739059242977e-07 3.867513025260553742e-07 7.220732878259270224e-07
-1.198622584682470988e-06 4.904457020343233375e-07 2.568181263482744022e-07 7.274387488139791993e-08 1.541783585724394250e-08 4.418218455335781886e-09 -2.251770064409449705e-10 6.222973871639453715e-10 5.335768254123871236e-09 3.330116350383167998e-09 1.046060271520796338e-09 7.132925166932414644e-10 1.892075985037594270e-09 1.361011297138485757e-09 1.037415215471544447e-09 2.716148874736567921e-10 -9.541464435307668029e-10 -9.094310826216905160e-10 -1.130357824307128023e-10 3.785382226875793440e-10 1.048468140525399287e-10 3.299543498054998906e-11 1.515687064468895112e-10 1.122203071434211798e-10 2.939662512452948300e-12 2.198220708450441169e-11 3.928350710639681147e-11 5.299371112350549004e-12 -3.804238294253868163e-11 -3.755534880169448678e-11 -2.743030176207642715e-11 -2.388320188919566667e-11 -4.649985108847875282e-12 1.995488994188516753e-11 1.714913716161412445e-11 -8.763370740382301222e-12 4.756061426422959313e-12 9.530790526620590530e-11 7.024729470820973723e-11 1.039829816851984607e-11 3.083589578516681581e-13 5.017155212283581423e-11 1.611920416443682139e-10 2.676814265008801779e-10 3.739404399955815618e-10 6.357085852003504583e-10 6.871190196686963586e-10 3.597979888352897640e-10 -2.532730167040376443e-10 -1.149270683501409244e-09 -1.265334654659481555e-09 2.785468164859197619e-10 3.619628334761854667e-09 5.528854071717624541e-09 3.991167694192788097e-09 1.418362936658474376e-09 2.225018871830507234e-09 9.026679754689854359e-09 1.363023196922534729e-08 1.354833380289815349e-08 6.102801274412109060e-08 1.941166867572470210e-07 3.879258993394006027e-07 7.434857037192528118e-07
-1.701151593816353167e-06 5.282280331184005128e-07 2.730789673922833702e-07 8.291674460672865296e-08 2.086048621828603412e-08 6.198453630357880181e-09 4.119822931881215581e-10 9.078492499605261055e-10 5.664632899254901558e-09 3.613778361435916928e-09 1.120495253227958338e-09 5.777838320099411949e-10 1.825732953745064950e-09 1.337650261781598920e-09 1.040308538445035081e-09 2.508989324922152305e-10 -9.960233798628642094e-10 -9.538422644494088816e-10 -1.399075594171953705e-10 3.655812319591399463e-10 9.395138978558710512e-11 3.322893644939084241e-11 1.565940408933390655e-10 1.098741742282825622e-10 -5.687764110547919934e-12 1.331862371712250718e-11 4.013729419060598617e-11 1.115095998331043558e-11 -3.471834220050882930e-11 -3.716108596444383933e-11 -2.682119781665628734e-11 -2.092188050895298653e-11 -1.437556550632325671e-12 2.067342059656204847e-11 1.810843426334000499e-11 -6.426709041297690838e-12 5.965108888677509352e-12 9.647780177348533632e-11 7.245858365700328841e-11 1.250181044282717953e-11 7.886856298113022566e-12 5.935662712641624271e-11 1.651364087778049921e-10 2.670010719210635053e-10 3.783655350146921450e-10 6.432356747917288572e-10 7.071399650445963566e-10 3.485786422167427022e-10 -2.681845210287588119e-10 -1.089961897959760894e-09 -1.165238183311422326e-09 4.022373348286902923e-10 3.680707949213718886e-09 5.524867826480132482e-09 3.879721571191260109e-09 1.268609235088418401e-09 1.996093773065439867e-09 8.679173413599522774e-09 1.387826693949984721e-08 1.425104015128234676e-08 6.325296997256371714e-08 2.010547204411335011e-07 4.015290211582315433e-07 7.597491184401346121e-07
-1.860272184667649900e-06 4.849391466241219591e-07 2.486435852715243154e-07 6.951225109030204150e-08 1.517194839838705594e-08 4.414625583755934590e-09 -2.509920004804548259e-10 4.188412054917844802e-10 5.334287140707304637e-09 3.497351641886987151e-09 1.082387256848561205e-09 5.473770825297805766e-10 1.773277072849568222e-09 1.305102894769246950e-09 1.055758170312441211e-09 2.781587135259432237e-10 -9.598273555259438583e-10 -9.051492996578047962e-10 -9.925273534679914420e-11 3.812732579492217335e-10 9.883329780125100090e-11 4.111810704509576276e-11 1.705591944250259913e-10 1.228217912493094728e-10 1.536056972099747546e-12 1.349725269375376614e-11 3.620368364020740330e-11 6.884479879063218699e-12 -3.706910060586669326e-11 -3.618051099009356448e-11 -2.471249527215213152e-11 -2.076594386714656802e-11 -3.206819729874638059e-12 1.834015302463179001e-11 1.722299005051247265e-11 -5.986802408625119753e-12 8.822639347721952757e-12 9.982133036329011514e-11 7.565944269629870776e-11 1.686601709382550103e-11 1.260060433186135122e-11 6.056447722426094406e-11 1.640293454470260884e-10 2.718195720470992859e-10 3.850020529807975492e-10 6.444186570938343634e-10 6.941385844656763218e-10 3.485891144209973733e-10 -2.904528505504358549e-10 -1.161621363922050224e-09 -1.227573938398454780e-09 3.818211912190263130e-10 3.843746628478847288e-09 5.754400695405824937e-09 4.015298863057268507e-09 1.306996988118042477e-09 2.176632932826227361e-09 9.239808969393140109e-09 1.476092665582867482e-08 1.518096270281697195e-08 6.384128492725348579e-08 2.006121824372671222e-07 4.002816032937836631e-07 7.519197421712632754e-07
-1.847350586016649058e-06 4.899848636464148969e-07 2.523350247611413682e-07 7.259662470811027692e-08 1.666310619959766513e-08 4.845609146850151150e-09 6.468096067475286310e-11 7.581813295163481078e-10 5.606436795423154396e-09 3.839478266232430132e-09 1.369230500190765003e-09 6.978414420069143344e-10 1.863893553462378028e-09 1.319437312342473706e-09 1.015828039150171546e-09 2.414413970193877118e-10 -9.821996898245577260e-10 -9.462217641936570700e-10 -1.345005200657378694e-10 3.621692443682721353e-10 9.667339508140490150e-11 3.764102480849403562e-11 1.642014835932671400e-10 1.173298703621140162e-10 7.235193557157217429e-12 2.435937387153038936e-11 4.270588874042472564e-11 8.933012167539056819e-12 -3.719479630020730173e-11 -3.730066059649997574e-11 -2.516378248495672482e-11 -1.912377273133937021e-11 4.995617292411615232e-13 2.045954539963508306e-11 1.679064272531748831e-11 -6.993190432084745255e-12 6.974884307671678433e-12 9.610799817448023027e-11 7.386930116137044221e-11 1.657501709095952834e-11 1.152041532405212132e-11 6.542783884755454247e-11 1.734253151945189454e-10 2.704260647329209709e-10 3.797982357494950328e-10 6.304628958394089114e-10 6.715047074669014417e-10 3.156160404534661825e-10 -2.959228958788250346e-10 -1.147082708673511672e-09 -1.238390091965932750e-09 3.121390032434312349e-10 3.677682176503028048e-09 5.658373675812243909e-09 4.131755557661247610e-09 1.379156612898401386e-09 2.074424105097618007e-09 8.705248062427172438e-09 1.318624731293634957e-08 1.276677314931244161e-08 6.050555493638393433e-08 1.926393537427994207e-07 3.778501074073573908e-07 7.060692016877502897e-07
-1.659207617252479058e-06 5.201952932302879142e-07 2.691654117934554635e-07 7.920910177188574641e-08 1.932018244320713959e-08 5.634638462359678342e-09 -2.654988940533652556e-12 5.485596729800605292e-10 5.449690301530691643e-09 3.602479414972939337e-09 1.136549521642520032e-09 6.789002417002645137e-10 1.863977477627575643e-09 1.312217789582183134e-09 1.071139164769211633e-09 3.041551960679656105e-10 -9.431148225014930507e-10 -8.875755753381366335e-10 -9.131193381651431603e-11 3.756962468944849612e-10 1.036616443192627001e-10 4.977164633719158823e-11 1.747775025787356574e-10 1.167777940880443702e-10 2.080967513156293848e-13 1.808920154043254327e-11 3.785091202911836695e-11 7.055543359868706126e-12 -3.484740988786090033e-11 -3.290708194179694992e-11 -2.282925841280676435e-11 -1.872355048119633524e-11 -2.293333152435171745e-12 1.736619773002270405e-11 1.373446356325002185e-11 -1.111317017452277787e-11 3.645873409207454065e-12 9.603571340036220099e-11 7.445260721342309091e-11 1.311347780188550804e-11 8.297534417732280284e-12 6.425326005230210587e-11 1.712926816128702914e-10 2.721726356077967056e-10 3.869959886241824176e-10 6.516414612445238639e-10 7.132594912645685728e-10 3.725190972680688274e-10 -2.613980574124599701e-10 -1.148423852953585314e-09 -1.228337160182680444e-09 4.142534822090233947e-10 3.822067753696680417e-09 5.706540321143555486e-09 4.032381541557397792e-09 1.296811209510793397e-09 2.215524579099595652e-09 8.848913273594704935e-09 1.377538791796475536e-08 1.388815610470324654e-08 6.241745579129334044e-08 1.968937469677154168e-07 3.898402080992846118e-07 7.290341077831308556e-07
-1.434927141416230194e-06 4.779434897888962129e-07 2.519681178135625439e-07 7.429785119023712491e-08 1.763555229924109930e-08 5.515593526994813321e-09 2.088753795539026093e-10 6.726461619953684020e-10 5.470633316561564940e-09 3.504241395987369100e-09 1.146414947851560797e-09 7.118978470823898739e-10 1.915265933212329863e-09 1.433308391877946232e-09 1.078958744862746187e-09 2.426293144851937207e-10 -9.844134815931239154e-10 -9.159058753411739755e-10 -1.181198103117247540e-10 3.650114887420537959e-10 8.496955791911433297e-11 1.980735188046862783e-11 1.587251747481383838e-10 1.189265539672539724e-10 4.012233254378297696e-12 1.469832500829000165e-11 3.665151749920204000e-11 8.873944322197229885e-12 -3.572170440235974158e-11 -3.730977852758922288e-11 -2.561764055009284557e-11 -1.997647638325598715e-11 -1.178541866439436570e-12 2.111687622488643657e-11 1.982969266241458796e-11 -3.829701417478517921e-12 8.506837708652884371e-12 9.795829730261599705e-11 7.522033235849849822e-11 1.540080304510483209e-11 6.991029401462605983e-12 5.858059691484555105e-11 1.632422721473347640e-10 2.686456281759176712e-10 3.862464497345621778e-10 6.495333469683543751e-10 6.985450978501174918e-10 3.553210669286326623e-10 -2.765678705189565527e-10 -1.151645449156491717e-09 -1.213457396470906981e-09 4.345991935070143819e-10 3.824149576890154996e-09 5.686764125067024364e-09 4.011505131100798263e-09 1.334501751493734778e-09 2.157303807582147554e-09 8.837070388798724730e-09 1.390362322827992106e-08 1.514566283208162481e-08 6.525815312822256400e-08 2.029007346538786901e-07 4.074435779395668031e-07 7.784187748092520529e-07
-2.037715172705572908e-06 4.437478945344824717e-07 2.388229609569147275e-07 6.715005839903125357e-08 1.304141985233292373e-08 3.172512463722345054e-09 -4.855578946162319923e-10 5.834652752199509393e-10 5.354407896283880007e-09 3.422676363677971255e-09 1.136888581508830658e-09 7.075752461477939205e-10 1.876050517938558990e-09 1.357730139908216688e-09 1.056338842789703318e-09 2.576540442578094673e-10 -9.682973745404610999e-10 -8.985844306684088761e-10 -8.678213767380286639e-11 3.837625847720235051e-10 8.791238595454202215e-11 3.180641001343117069e-11 1.619402262284128720e-10 1.163865504212136774e-10 1.914959618685007083e-12 2.041661944158003886e-11 4.312214443541531058e-11 1.037836375325228470e-11 -3.457756513616453515e-11 -3.521989390392001773e-11 -2.408672165810235721e-11 -1.774293809890205470e-11 2.137317505798663519e-12 2.360984730274689765e-11 1.953156169033093981e-11 -6.522201217968265766e-12 8.768964227319928036e-12 9.965159201483071611e-11 7.532159899089204705e-11 1.380787701392737347e-11 8.654828229869172800e-12 6.036464929974598211e-11 1.668644032128174366e-10 2.779963498980054730e-10 4.007662114067005312e-10 6.604027253143084232e-10 7.033050967763492640e-10 3.565363898175265814e-10 -2.660756764968079187e-10 -1.160523986845729365e-09 -1.302294937195058399e-09 2.276382993995146477e-10 3.646890059130115636e-09 5.680531688064692989e-09 4.127737581432013453e-09 1.345900004529982944e-09 1.934333078983227883e-09 8.440937211202175283e-09 1.307323444459518215e-08 1.258672391634739854e-08 5.827753764534921653e-08 1.862655022602504514e-07 3.643558006836802870e-07 6.724593773314148135e-07
-1.946843208783866919e-06 4.816639125780286664e-07 2.520281973549203957e-07 7.211587919263558775e-08 1.697125712167752639e-08 5.253875149192043232e-09 2.465358025846386966e-10 8.429657170294517277e-10 5.540545358643205699e-09 3.691259866836955192e-09 1.279003134058620729e-09 7.281224160449590376e-10 1.878296369229705196e-09 1.337821073430349896e-09 1.008293244408146606e-09 2.610941839094574418e-10 -9.533451493856880375e-10 -9.004462781132734019e-10 -1.033265722594158524e-10 3.612349623914249268e-10 8.244705863156413809e-11 3.221153460273038588e-11 1.647163786977621220e-10 1.220026497178659445e-10 5.645419638656607496e-12 1.699867689741421871e-11 3.975860139566236891e-11 1.018753176266160124e-11 -3.550670852310085251e-11 -3.819387486935225745e-11 -2.735756308503218154e-11 -2.140069080361071751e-11 -1.422371670791836051e-12 2.105046961421859883e-11 1.822792393071530830e-11 -4.528351420466560115e-12 1.074811153101790173e-11 9.860328522192616419e-11 7.010830463853141820e-11 1.025403949188894228e-11 9.590903924208501347e-12 6.323662749074348815e-11 1.664858500517907672e-10 2.662621601812680748e-10 3.700428138390714222e-10 6.312240305067896561e-10 6.982273312819069973e-10 3.469966592563900149e-10 -3.063901982040916030e-10 -1.191537633024412400e-09 -1.273416709318889928e-09 2.843928174247889397e-10 3.719878851533924789e-09 5.647319101110455249e-09 3.914425857725126198e-09 1.270053485247508453e-09 2.062189394783318574e-09 8.796664760502125729e-09 1.367251761421563765e-08 1.469202560232263385e-08 6.365860503387575688e-08 1.988497336645902244e-07 3.911105882327893519e-07 7.333003964455202611e-07
-1.235107801416015643e-06 5.116534247324570622e-07 2.636950553121660724e-07 7.617539551429099185e-08 1.769582781545993597e-08 5.443158897567166393e-09 3.853251217063452124e-10 8.114795694091527687e-10 5.484103764839111132e-09 3.744760228732815335e-09 1.397754325453869649e-09 8.213727178057178745e-10 1.958513284570465110e-09 1.357903233399994956e-09 1.051703588420038981e-09 2.961705408396894429e-10 -9.284578933081801575e-10 -8.918029915510709167e-10 -9.414370408578112712e-11 3.773647092620446405e-10 8.834403637858626415e-11 1.882293563870167823e-11 1.466512809251242201e-10 1.106445897105736836e-10 -3.873991501313391906e-14 1.814956876772653694e-11 3.851554311278888663e-11 1.148139348871562653e-11 -3.262737808387292809e-11 -3.450267094024854485e-11 -2.487151167110795191e-11 -2.052253359456977199e-11 7.685322742876520478e-13 2.243865620639110948e-11 1.578506230823913320e-11 -1.150412205816286267e-11 2.416899344137203079e-12 9.217898770142326025e-11 6.961493214028869094e-11 1.522416019993202028e-11 1.244537116861414364e-11 5.625768984293616583e-11 1.600256083671762069e-10 2.762402244030594642e-10 4.004914704904378798e-10 6.664744365510122272e-10 7.088965009413399365e-10 3.313513947451273089e-10 -3.367717879779805963e-10 -1.219085748298102220e-09 -1.243580941098051255e-09 3.277028358958575720e-10 3.654137911708318996e-09 5.519842102686762953e-09 3.979838812799854641e-09 1.328742922345124126e-09 1.972276898538033935e-09 8.376619282994881097e-09 1.272081694555292708e-08 1.252982949090114291e-08 6.181272211696857607e-08 1.988614595911974920e-07 3.988502588387990302e-07 7.593236526785461416e-07
-1.101096561872992441e-06 5.042281400857577303e-07 2.605421895734245519e-07 7.214538374707743613e-08 1.477551523114734740e-08 3.755558788508073051e-09 -1.162045530141505478e-10 9.931448727484781153e-10 5.617568691552860607e-09 3.590741678122669333e-09 1.146296686780235656e-09 6.038892517167496053e-10 1.816620907318125564e-09 1.329860773551951925e-09 1.060034242606653708e-09 2.997535490804835094e-10 -9.426766384795750530e-10 -9.178691986292537871e-10 -1.287959959119834586e-10 3.617069448453806321e-10 9.559521183941399941e-11 3.771755264263417080e-11 1.687654386871787356e-10 1.208399490165608369e-10 -7.672277261239636184e-13 1.303545789190807120e-11 3.539685980419068295e-11 3.871544704262423899e-12 -4.062600758222624286e-11 -4.134131077390724363e-11 -2.807744726162663714e-11 -2.137841271454744724e-11 -2.080744127469060049e-12 2.123951022379071038e-11 1.865462470693699089e-11 -8.798943299449750766e-12 3.556300236375324202e-12 9.533717878410964435e-11 7.076796724895108272e-11 1.366710100712502680e-11 1.201001756723811716e-11 6.297614811861136478e-11 1.682515562052386647e-10 2.713087095231392786e-10 3.867060685162523448e-10 6.403230339555967884e-10 6.789642413370040438e-10 3.290194825202786301e-10 -2.962993649940710430e-10 -1.155746871509646163e-09 -1.237748661639604135e-09 2.632250110975742000e-10 3.694168040029489639e-09 5.700864042628315839e-09 4.045490360955031103e-09 1.259427282216692196e-09 2.013788105990513698e-09 9.111774872957131648e-09 1.466968016582463492e-08 1.627065703439220161e-08 6.629096968762177128e-08 2.046624692750560731e-07 4.109830552342626408e-07 7.809798897200948067e-07
-1.506740363755767368e-06 4.762206807987081199e-07 2.478742250059623531e-07 7.074205691329050186e-08 1.588018959341724190e-08 4.765155409148428042e-09 5.292924354743659852e-10 1.144219628576754496e-09 5.603334435664431930e-09 3.430940603491248464e-09 1.022437334459396582e-09 5.687715401359196570e-10 1.831096476313039960e-09 1.318116057475296725e-09 1.004760586448290861e-09 2.460218810046807445e-10 -9.523706511424657667e-10 -8.972396048892245862e-10 -1.130029669784290661e-10 3.459312033604471744e-10 7.936406404457365288e-11 3.961477173052579936e-11 1.720088836581472275e-10 1.226898270866698411e-10 7.543032414159894004e-12 1.455068881548859123e-11 3.154095345703205746e-11 2.333559251580191211e-12 -3.822577249135739646e-11 -3.591399628400792186e-11 -2.449467200211172406e-11 -2.056435679810857641e-11 -2.807047003842479445e-12 1.810285477488252266e-11 1.448406504708503700e-11 -1.171985674820218175e-11 3.175208366486146639e-12 9.842287385360505753e-11 7.444390064049089147e-11 1.335421539590094342e-11 8.899734501503689810e-12 5.937644155571468255e-11 1.618385507747382762e-10 2.646515764908505172e-10 3.760452204672564562e-10 6.364306640585237151e-10 6.906594564682739423e-10 3.380516392514161780e-10 -2.968426334480404084e-10 -1.160374049737125769e-09 -1.194777770950159081e-09 3.785545907144083663e-10 3.730565328874770033e-09 5.628645924724913167e-09 4.004607790277406772e-09 1.389543662580731453e-09 2.228828236448746191e-09 8.805097637653272840e-09 1.338172161277979248e-08 1.298132806719024589e-08 6.189483135754910607e-08 1.995952024403030782e-07 4.024217965440696732e-07 7.707018873327726182e-07
-1.135800893038163019e-06 5.474827615636614492e-07 2.802073279242374435e-07 8.420946989926616417e-08 2.096362049444558619e-08 6.439031839680796969e-09 3.608974530252016202e-10 6.485374827020486046e-10 5.393486935289269040e-09 3.432331818325458170e-09 1.072116411586898389e-09 6.400451173811297951e-10 1.845686780357653655e-09 1.304629414334021432e-09 1.005318681513089645e-09 2.540703999616164991e-10 -9.433152149289314235e-10 -8.879205964019206266e-10 -1.068552827694353119e-10 3.641911026926946298e-10 8.405417793819361197e-11 2.801933503773954149e-11 1.643850537765984352e-10 1.180431322292899798e-10 3.471797029923401734e-12 1.780525198333266632e-11 4.197844921458077391e-11 1.193920460196751299e-11 -3.443914776890620188e-11 -3.695343895288327566e-11 -2.666174764071281414e-11 -2.198317865308679497e-11 -3.980981644890650769e-12 1.589598187829119268e-11 1.324570781051606189e-11 -1.107231635322414619e-11 6.627108991575273553e-12 9.683603737542917378e-11 7.125776684832444531e-11 8.441934931615402972e-12 5.024032914308041139e-12 6.036257507354848528e-11 1.716192046246674926e-10 2.826834570145349320e-10 3.963775635739602069e-10 6.595391584363271973e-10 6.938384174964908795e-10 3.360517704412950855e-10 -2.787764048838153533e-10 -1.089481728471217302e-09 -1.162172767111754614e-09 3.362424494299914677e-10 3.619631756020738706e-09 5.497129710013902601e-09 3.920118256805567448e-09 1.346028761217155958e-09 2.060208284712994356e-09 8.838078447052085946e-09 1.393560878598425920e-08 1.403753904831637561e-08 6.362022647138108373e-08 2.035524802606595294e-07 4.098145970178029265e-07 7.915376107733817566e-07
-1.698867549252241192e-06 5.439662128051094122e-07 2.770079694233737565e-07 8.011787441023614450e-08 1.835438888909737240e-08 5.030415876576966085e-09 2.413433900003343062e-10 1.013521972545010081e-09 5.616631718841724301e-09 3.496188068458931485e-09 9.857739954961810959e-10 5.328807609612493210e-10 1.852455815295392712e-09 1.396834698744321708e-09 1.085675927887057064e-09 2.837662702588040549e-10 -9.429719253697785767e-10 -8.962149302971668992e-10 -1.151165500151278646e-10 3.714717275775270407e-10 9.793284064625496697e-11 3.353019469173243844e-11 1.627268617937566033e-10 1.153630936419932118e-10 -3.816835322171162715e-13 1.235281287371189621e-11 3.867400510804036591e-11 9.185864394717579285e-12 -3.718332521847115119e-11 -3.600493830973595063e-11 -2.513561048223254420e-11 -2.223851847684923089e-11 -5.466224255191953945e-12 1.693746701791090950e-11 1.482336285689287463e-11 -9.525606906653188622e-12 6.909232259070343712e-12 9.808979653648538861e-11 7.304417909218214735e-11 1.163599722786825212e-11 4.086499873651679783e-12 5.170419839825451324e-11 1.576132879507218496e-10 2.646052311239662218e-10 3.686035422279368442e-10 6.367216024360446735e-10 6.893039121192792602e-10 3.596884078977976342e-10 -2.780600073255260521e-10 -1.161992660539406438e-09 -1.239505146033211633e-09 3.224982423598607161e-10 3.745327918653525086e-09 5.675389700503310958e-09 3.994687583781613706e-09 1.107332975249309815e-09 1.680752546697957031e-09 8.013688931331490560e-09 1.226201018180637004e-08 1.085523264940961387e-08 5.472490571850828538e-08 1.806146344532394442e-07 3.579008914058896632e-07 6.713581404404660533e-07
-1.770576201581447461e-06 4.745645783498936066e-07 2.582756778037346304e-07 7.798199610698113652e-08 1.972005895032019367e-08 6.578313633794647677e-09 8.365450006289171343e-10 1.142895402970141952e-09 5.687615300188997537e-09 3.579923049316081610e-09 1.217234676085689841e-09 6.873223931754253523e-10 1.761945282555433432e-09 1.243257223179183204e-09 9.986584666481365147e-10 2.078977063628001836e-10 -1.006060287997518767e-09 -9.009005045573138606e-10 -1.080157679053697159e-10 3.524134836412354792e-10 7.272641202799559223e-11 2.165355352726870396e-11 1.621246206593274258e-10 1.179075112135911148e-10 1.019733393523272256e-11 2.405420328070163732e-11 4.145661965732444856e-11 7.449232012522821487e-12 -3.756219747936903894e-11 -3.573267979543262355e-11 -2.083906974042797928e-11 -1.660615362961113443e-11 -1.505878265276068671e-12 2.049593859845414969e-11 1.727444920317987464e-11 -1.079539323451660465e-11 3.060550404340983824e-12 9.652843850708323982e-11 7.486693668572914542e-11 1.292742141874659643e-11 1.114444417559448811e-11 6.243674706454903504e-11 1.658974675500402190e-10 2.753062259485273257e-10 3.938523377829336753e-10 6.507526907455710157e-10 6.819923360808544683e-10 3.238009024694134943e-10 -2.930896924682234880e-10 -1.166277854572152086e-09 -1.236864449034562124e-09 3.565795036529539402e-10 3.686771611803070943e-09 5.718124374076053987e-09 4.219807181294167061e-09 1.539420668013200813e-09 2.467161045193645867e-09 9.356498769366417910e-09 1.421286055684020530e-08 1.413373730245510019e-08 6.169992675529794185e-08 1.932075688349540059e-07 3.814845008856636489e-07 7.084987885096490526e-07
-1.667225587714981213e-06 4.991910896683858553e-07 2.605918953546126972e-07 7.914451808341319424e-08 2.021728416167817103e-08 6.322660266862337182e-09 2.004576555920184589e-10 4.687861781256416472e-10 5.274166606805783946e-09 3.492371266647495375e-09 1.144331290272941349e-09 5.904505170891630084e-10 1.761500585814397764e-09 1.270939311260260933e-09 1.004444451924261852e-09 2.496392799035760485e-10 -9.612003215830685221e-10 -9.087730861361694295e-10 -9.561607061617290778e-11 3.802630372778376658e-10 9.331425990238550387e-11 3.230796944332752032e-11 1.634636957850871916e-10 1.194518804685405458e-10 8.155959697904182562e-12 1.941886862993299624e-11 3.666593941743393286e-11 3.745253488700277453e-12 -3.804259454135296929e-11 -3.638728873384791906e-11 -2.560927582485125019e-11 -2.005958874832345337e-11 -2.398663375893285621e-13 2.049948599677995798e-11 1.550202633195921654e-11 -1.059111505957476723e-11 5.664123567155190672e-12 9.874586365419577344e-11 7.217716866334895867e-11 6.554467983451158998e-12 1.803990177427043207e-12 5.415252030839941745e-11 1.648024670152925772e-10 2.703736130780555584e-10 3.929822676169741856e-10 6.595602393259091974e-10 7.099323003594269924e-10 3.651555040586389870e-10 -2.555992887939386317e-10 -1.097059457315638861e-09 -1.207845859915460368e-09 2.975947481869347316e-10 3.666227777144031653e-09 5.601430559490813024e-09 4.048030024357273361e-09 1.298555671723949300e-09 1.926275299572366898e-09 8.750440281636051411e-09 1.415997541990169208e-08 1.584955777818383030e-08 6.622246305488681617e-08 2.038715573196222662e-07 4.026197601626167379e-07 7.543923216642465421e-07
-1.489578265572137650e-06 5.109530578522487952e-07 2.646790239736878396e-07 7.673257066729326212e-08 1.742056875836889228e-08 4.611703744276755606e-09 -1.744233843449179453e-10 6.327463277345431745e-10 5.608246078421068399e-09 3.622006368989043582e-09 1.130494255693183891e-09 5.993676258238408057e-10 1.777160009178513219e-09 1.293209118231954724e-09 9.821266190616434561e-10 2.402518576812451211e-10 -9.422605369831047374e-10 -9.046845377856607463e-10 -1.220582789085868082e-10 3.617177690421820403e-10 8.851977605753880780e-11 3.075751140345985444e-11 1.582214771259862412e-10 1.136950122929137104e-10 3.229936828775459972e-12 1.905716692085886113e-11 4.070323294585884882e-11 7.847772900180279582e-12 -3.704698119534909261e-11 -3.674905796252477761e-11 -2.502758947263428777e-11 -1.914136056313130790e-11 1.186882196069124684e-13 2.148959149329784176e-11 1.721248709054171218e-11 -8.320496875314036365e-12 5.162702929547078345e-12 9.364158914575557528e-11 7.044867918715896430e-11 1.667147559780647640e-11 9.780835583175181922e-12 5.643018522712154254e-11 1.658438388346433827e-10 2.812833145741250448e-10 3.923872418323412682e-10 6.400111773100056798e-10 6.920514401886915896e-10 3.682509212480370892e-10 -2.696528291718189507e-10 -1.161449171696008714e-09 -1.210912716334640932e-09 3.617255280828936347e-10 3.729026988982849426e-09 5.682440385132196731e-09 4.090766099068956859e-09 1.307133213454602413e-09 1.864421188505797678e-09 8.460843314002252157e-09 1.321202980403589927e-08 1.270169116837653381e-08 5.859308661099590887e-08 1.878816332737756135e-07 3.669782628724166881e-07 6.845985685301510091e-07
-1.962066489909741035e-06 5.049961842580250394e-07 2.627239480616979201e-07 7.767267756873884608e-08 1.780304908897804476e-08 5.076085982514015992e-09 2.676964704061341599e-11 5.430412805417136896e-10 5.390772640460558202e-09 3.503488058551490847e-09 1.089033514931980065e-09 6.194636966613512821e-10 1.787052165668042616e-09 1.281684620017570110e-09 1.042238266997084007e-09 2.961640326055834139e-10 -9.311890896980134670e-10 -9.001233632435308631e-10 -1.220133587081616399e-10 3.547049072276449086e-10 7.538135940308403171e-11 2.692749610721784867e-11 1.622327721543559501e-10 1.129923170717825288e-10 1.130420027390205788e-12 1.775812967146798624e-11 3.841950035244608841e-11 5.238129746964274489e-12 -4.064691127555374375e-11 -4.045264319674360380e-11 -2.653283921047817652e-11 -1.983617652164099564e-11 -3.728416953211019653e-13 2.166034516940192831e-11 1.773689351277679488e-11 -9.594268298461632580e-12 4.464536049203990142e-12 9.574217537534913165e-11 6.994130130143984155e-11 9.499568075197224194e-12 4.842818838781311951e-12 5.615360518504833716e-11 1.650367740254727087e-10 2.809594593387491333e-10 4.088083556968410092e-10 6.735893602806411751e-10 7.215363083591327528e-10 3.499020609336457641e-10 -2.776811356138408649e-10 -1.143928072771550826e-09 -1.244961132422083556e-09 3.137880985405349590e-10 3.665840806465603569e-09 5.566413745126605418e-09 3.892816306676718868e-09 1.215107396937652213e-09 1.994349949266729439e-09 8.748730205043063254e-09 1.369853852713437215e-08 1.385373912459747024e-08 6.165628300569159873e-08 1.935079194487909429e-07 3.814648793822337746e-07 7.174807321025390539e-07
-1.792132525379793581e-06 4.807601004828982648e-07 2.514889008208189889e-07 7.350789119024289902e-08 1.656987371446099969e-08 4.315856591878898919e-09 -3.684842463858629396e-10 8.772569263341898849e-10 5.871117022764927969e-09 3.682235921646473558e-09 1.126127430359873245e-09 6.019588817992668616e-10 1.760623254698433512e-09 1.286975092298428537e-09 1.010446340841897388e-09 2.490469566957519621e-10 -9.475376892254500622e-10 -8.862562595593762785e-10 -9.211735124813372724e-11 3.815431345574685200e-10 8.035568370963644136e-11 2.195284763407581674e-11 1.579063075926573262e-10 1.147500112629547886e-10 -1.645761169428873061e-12 1.151071075575755103e-11 3.537566882634994077e-11 8.041668211245378836e-12 -3.586664510482078927e-11 -3.620791578717787562e-11 -2.361355853148545927e-11 -1.836637390788212414e-11 3.731486691457862526e-13 2.066318914693584557e-11 1.614852896059550132e-11 -9.441446092782276928e-12 4.478697770915950638e-12 9.534216575142211918e-11 7.057002786070605319e-11 1.215275908956276700e-11 1.105124972614897329e-11 6.772765006290017945e-11 1.794930550719693190e-10 2.870758353374619909e-10 3.967075507379284063e-10 6.581016928093768958e-10 6.960917913975258160e-10 3.337761305508241051e-10 -2.981404035039823005e-10 -1.165150277708388199e-09 -1.226183222954634008e-09 3.456553766799920344e-10 3.731395843475277992e-09 5.647124359599661768e-09 3.978419374752672383e-09 1.177377508005116428e-09 1.843583121054671617e-09 8.668341612297968755e-09 1.346405594848444411e-08 1.264745695757058686e-08 5.859111496096880645e-08 1.896866103087778252e-07 3.782846514831761872e-07 7.203270092297677934e-07
-1.629559789707612771e-06 4.420637597599404965e-07 2.311678453430597945e-07 6.243464233278660691e-08 1.139038646113645966e-08 1.831879504397727576e-09 -1.311929877507727480e-09 2.648771926735609736e-10 5.376536733238089330e-09 3.450038642338458979e-09 1.160602341646159094e-09 7.246994604672068748e-10 1.922945620752364393e-09 1.382121529201505982e-09 1.053628305874409118e-09 2.726755822548806400e-10 -9.561160966671218084e-10 -9.240918846116629821e-10 -1.232970347726589255e-10 3.622112567011460334e-10 8.243777482311064757e-11 3.290809609280691703e-11 1.624458764477571721e-10 1.178798634713775730e-10 6.482974379809367317e-12 2.011417269945640385e-11 4.009595266173129893e-11 6.525223847436081534e-12 -4.013837994257107157e-11 -3.890641011366205434e-11 -2.508480066310151286e-11 -1.947379261296258284e-11 -1.409035231611142588e-12 1.903255135830678893e-11 1.628776498928902093e-11 -8.426984431843604718e-12 4.477174947603156555e-12 9.702380054732369887e-11 7.222994144737497698e-11 1.475434903758726219e-11 1.013513794335713181e-11 5.480864573723660101e-11 1.598347120246031027e-10 2.747772706483401778e-10 3.956267218740781042e-10 6.645982118652839563e-10 7.070631675076927105e-10 3.277834448958059223e-10 -3.249091593345443113e-10 -1.212685626578983904e-09 -1.251206568575653184e-09 3.445191855569844996e-10 3.744480784407971905e-09 5.695456083056628413e-09 4.118929172115969146e-09 1.342832964734844234e-09 2.026473683586008888e-09 8.636024674543170859e-09 1.335045244799293382e-08 1.296741867879955847e-08 5.839082150603365811e-08 1.867674613020533507e-07 3.642740535205420368e-07 6.829291030314560144e-07
-1.358136666642124229e-06 5.606134068598927164e-07 2.936620516994835392e-07 8.970862682668118674e-08 2.326770934627977451e-08 7.113105875199446465e-09 2.990888827203810607e-10 6.494973863349172192e-10 5.519412191379642658e-09 3.638008945441377875e-09 1.172963583287440824e-09 6.886672793626847823e-10 1.867254636420459578e-09 1.403686682447649183e-09 1.116024809392243688e-09 3.495278565914027927e-10 -8.988366493726777391e-10 -8.824325892295900134e-10 -1.100518467998641263e-10 3.612895477209777343e-10 8.803617842860866640e-11 3.444228545581458094e-11 1.635612548041562877e-10 1.145354842919216962e-10 3.794931221442604830e-13 1.284442722748632563e-11 3.364368851251493847e-11 5.765326017712057923e-12 -3.675885029628931583e-11 -3.791036631944424672e-11 -2.730275398670122872e-11 -2.276043985185485984e-11 -3.739446087877937073e-12 1.846689977847173506e-11 1.483047854260741457e-11 -1.227768982042892911e-11 1.406281784123875622e-12 9.503499818356400224e-11 6.976560841820824206e-11 8.148353517947683598e-12 2.516918153400284523e-12 6.002510893940773969e-11 1.710399813163287492e-10 2.759057440758861754e-10 3.856894802669221866e-10 6.467703505873731349e-10 6.909406882472036276e-10 3.528532579188245096e-10 -2.601916896023894677e-10 -1.129173614274639545e-09 -1.192390258782741044e-09 3.651743861101925320e-10 3.641183900470403589e-09 5.511974790322074744e-09 3.850819311568247766e-09 1.342720318579953886e-09 2.344649484265276927e-09 8.922155214004948888e-09 1.379088759031735440e-08 1.402075507251620943e-08 6.266413605539934438e-08 2.010724853619300063e-07 4.067068046913722407e-07 7.762239152733941896e-07
-1.645400274413983639e-06 4.748203597949516885e-07 2.521425267694166029e-07 7.301355027684684585e-08 1.663631992733088316e-08 4.967479586007571339e-09 2.900900472633683727e-10 6.969209320536268468e-10 5.321971970188059785e-09 3.450659858214480139e-09 1.108441126070689037e-09 6.001162805788869091e-10 1.844209563296297048e-09 1.360822369088350673e-09 1.065873993756634084e-09 3.009451794087406700e-10 -9.299102664834579444e-10 -9.058744752473281149e-10 -1.139524099387469395e-10 3.692083639952100779e-10 9.019369354207895278e-11 3.248934622523282119e-11 1.608799437716030877e-10 1.116262105334911470e-10 1.268606263612347339e-12 1.843605696080230667e-11 4.116906306723363478e-11 1.097576395778981462e-11 -3.461347634554236484e-11 -3.627851112845063130e-11 -2.361309192898033193e-11 -1.775089656889231309e-11 -9.439468538469123199e-13 1.980328105357814847e-11 1.715364501388295114e-11 -6.237726719991589862e-12 8.078053481956071442e-12 9.979338150797288604e-11 7.455396168263817657e-11 1.223284105923928877e-11 2.446558590693752847e-12 5.458164701871830367e-11 1.689216641940495933e-10 2.826549305449572281e-10 4.002152371933895011e-10 6.629184285631087538e-10 7.174144643560468658e-10 3.846465155523156252e-10 -2.441045635595994133e-10 -1.154455873357505188e-09 -1.279323877561869634e-09 2.584609788647834039e-10 3.673258451978186835e-09 5.619373268729586332e-09 3.939376773349778300e-09 1.100061760779013272e-09 1.881864477933837716e-09 8.976100095215666005e-09 1.463140957976201086e-08 1.585934770464374226e-08 6.719910574274888664e-08 2.107855722303684786e-07 4.197760124978493357e-07 7.973451131555118976e-07
-1.711419146832660949e-06 5.221519819774520261e-07 2.762108567245403277e-07 8.569140253072657056e-08 2.239990239620859522e-08 6.610313289794219870e-09 -1.061706050159135208e-10 1.088793868377403073e-10 5.150406594935898912e-09 3.476532113140139607e-09 1.225263302096243366e-09 6.979017818359080424e-10 1.878270312676702182e-09 1.291693950477689288e-09 9.607977991828218135e-10 2.177419060284315071e-10 -9.731558619559578334e-10 -9.291360956191030555e-10 -1.305307777336948472e-10 3.577990295981362879e-10 8.937008220504949786e-11 3.711324214304155708e-11 1.660499444765637257e-10 1.164847757819034001e-10 2.985738530561862793e-12 1.729810543402427096e-11 4.052826169425460641e-11 6.584095059856149577e-12 -3.966913703350991685e-11 -3.938914759423872405e-11 -2.656875302570555435e-11 -1.959317469489177288e-11 -9.815332713794448288e-13 2.109995480897065088e-11 1.732059379053387915e-11 -9.065177089690297407e-12 5.431567678812806961e-12 9.778653140150628312e-11 7.306420218745829409e-11 1.201980535832058231e-11 3.996050225208445728e-12 5.895383137263949777e-11 1.776725647003915564e-10 2.964385373268515154e-10 4.077601745216692141e-10 6.518117276364443092e-10 6.704692671564484782e-10 2.958534969957463406e-10 -3.247113961408148981e-10 -1.229999011202987197e-09 -1.310367109834630097e-09 3.388733230152243375e-10 3.774356095643972368e-09 5.679170424189463166e-09 3.995595420033900760e-09 1.383483229426123163e-09 2.317054968801662194e-09 8.792397244888113468e-09 1.301248316894323374e-08 1.296738625520997835e-08 6.112081834959188167e-08 1.932925610371693722e-07 3.823673579375882834e-07 7.191975973969615668e-07
-1.394849486306527580e-06 5.254499606888031137e-07 2.682970507903854282e-07 7.791507409530498108e-08 1.834808137845467414e-08 5.610466015605943398e-09 1.428028416443820134e-10 6.118866602464807495e-10 5.232070158571929744e-09 3.330941945033539648e-09 1.059018575459718746e-09 6.951229184175670454e-10 1.886454115140220414e-09 1.324584847530360553e-09 1.047722346239691427e-09 3.244190448983909307e-10 -9.209061885216492257e-10 -9.047198076587451362e-10 -9.503710096771162759e-11 3.731253200741820433e-10 7.733576195460132701e-11 1.533133080479228978e-11 1.583258739573319242e-10 1.227063224824174380e-10 1.059349952223554843e-11 2.513034565982619700e-11 4.411080944997480696e-11 9.829155481337414685e-12 -3.498553035333707930e-11 -3.486165977304852158e-11 -2.597607361315842291e-11 -2.095029335694144353e-11 -1.473462612657968432e-12 2.040600575524013120e-11 1.853693123023054065e-11 -6.458282387343601863e-12 6.556769513880796543e-12 9.710313118044594544e-11 7.393153557661532430e-11 1.534980879217218642e-11 6.452753707462966527e-12 5.182777627384654852e-11 1.563604930643186277e-10 2.598337769237459661e-10 3.719604120107672350e-10 6.466638442939252297e-10 7.030492421325307550e-10 3.450898005000808620e-10 -2.923016760057957697e-10 -1.121797648836563302e-09 -1.146538545361413908e-09 3.849386174964381708e-10 3.626492505387244033e-09 5.520308098255038252e-09 3.984003339539284267e-09 1.465449104929267150e-09 2.383642015175223977e-09 8.996205631989325192e-09 1.362969834858519781e-08 1.337852413994073755e-08 6.144955281939242301e-08 1.965479345039524623e-07 3.936415446572515747e-07 7.448149458730638067e-07
-1.827259899249046291e-06 4.715083693480004997e-07 2.478571082585134383e-07 7.028123882316745870e-08 1.488712474994586314e-08 3.673544955914311228e-09 -8.997155894392364490e-10 2.775867785102526253e-10 5.312876489754514133e-09 3.311894009912127469e-09 9.183118110377996191e-10 5.175662754666325951e-10 1.819197864836882657e-09 1.361382583642840989e-09 1.042810845419025277e-09 2.483508157490544241e-10 -9.532410640232148781e-10 -9.219864340516590158e-10 -1.168529720558277110e-10 3.790322614746280817e-10 9.756676741065015112e-11 3.468022742712328991e-11 1.633444522791205555e-10 1.200477305886992558e-10 5.458800604097863728e-12 1.963031088746277515e-11 4.001239425418532402e-11 1.094328534592300736e-11 -3.344009269685477646e-11 -3.415761519162134022e-11 -2.431955819712249068e-11 -2.038429024683187394e-11 -2.647073776089757654e-12 1.826948270416662241e-11 1.481545312483663671e-11 -8.678604179580993061e-12 6.711514214541603681e-12 9.793065030829156346e-11 6.958033376412127278e-11 9.027868732679515780e-12 9.754752375278638262e-12 6.051538532772021497e-11 1.692875530859683322e-10 2.792714122278269663e-10 3.904158836570976115e-10 6.511443392274200136e-10 7.034839769830647680e-10 3.548403613116228032e-10 -2.654745672864488932e-10 -1.143673019581825306e-09 -1.221762416887298834e-09 3.632112873163915744e-10 3.754680253280613386e-09 5.685919196910068786e-09 4.085216542726818648e-09 1.425035423199840605e-09 2.251773581622450039e-09 8.788320238553699038e-09 1.422949204711199327e-08 1.547743163219655826e-08 6.510144750236022137e-08 2.020073475100006601e-07 3.976305353413540424e-07 7.411400088834568004e-07
-1.438556893385425711e-06 5.015259869018471121e-07 2.706798440852538685e-07 8.205857139278423831e-08 1.926893616224194619e-08 5.594089077320132615e-09 1.799461600716944735e-10 5.974760751437578678e-10 5.373686897123477067e-09 3.509720324469537608e-09 1.190454680109425368e-09 6.885763436236285025e-10 1.827949258219509543e-09 1.260215884150382515e-09 1.059274568477418254e-09 3.328571775655384672e-10 -9.225619596615549280e-10 -9.210879242334265295e-10 -1.280208539279535020e-10 3.638154773190591076e-10 8.984845381204209322e-11 3.840081892459880905e-11 1.677265270633433366e-10 1.177325830953712509e-10 7.033643094275013590e-12 2.159237565960500119e-11 4.193544853418883414e-11 8.085138283734617145e-12 -3.814344488610898642e-11 -3.754145469322275094e-11 -2.634240540020987972e-11 -2.185398848379454892e-11 -5.867038761225298623e-13 2.091173494503297775e-11 1.597138411888506501e-11 -8.500649374868349617e-12 5.711072003038058859e-12 9.692776610962064816e-11 7.747096064908710490e-11 1.829836413392765287e-11 1.014850275774728011e-11 5.887773748669566304e-11 1.664951617745323358e-10 2.794346747606401183e-10 4.012435416281517523e-10 6.506035661811659033e-10 7.018124077642304404e-10 3.647355088496589779e-10 -2.735554685020061729e-10 -1.140812349889429565e-09 -1.203884523565744276e-09 2.982363070599967182e-10 3.584737508685201423e-09 5.618003212235287964e-09 4.170252609379188121e-09 1.419960823098755327e-09 1.875416963969041941e-09 8.322130466932350147e-09 1.311332664325628806e-08 1.248985081728287524e-08 5.886424103338392189e-08 1.879939950590949121e-07 3.648599189098180665e-07 6.733682060747651145e-07
-2.149444843589037989e-06 4.972147714254359418e-07 2.590353315724562848e-07 7.299574484597055462e-08 1.567400378986328191e-08 4.054284910407416165e-09 -2.578692342299215407e-10 5.325881809792413044e-10 5.172231090586424040e-09 3.302988719050816938e-09 1.047959526501151888e-09 5.612187465495938837e-10 1.826478396279215450e-09 1.355787529930042738e-09 1.044449551410419157e-09 2.575645153171865312e-10 -9.842158363971205604e-10 -9.171916666133319160e-10 -1.172893269805762181e-10 3.606248032357666416e-10 8.521887649250146404e-11 3.320146950062262548e-11 1.587046502316222178e-10 1.072355648780716535e-10 -2.786374019180385615e-12 1.780383404692855640e-11 4.155290736402957225e-11 9.758115827456829048e-12 -3.412996481555166927e-11 -3.400080725126495749e-11 -2.447925516438869091e-11 -2.080852523259445634e-11 -1.497120554310351234e-12 1.903084601902897167e-11 1.472795187867395332e-11 -1.051612676541878686e-11 5.280688390972519223e-12 9.885958799904955946e-11 7.694137593197682896e-11 1.524265910748648607e-11 6.340583133576686619e-12 5.941704070575469656e-11 1.700464324966785878e-10 2.755743606578785527e-10 3.799297003583540363e-10 6.289211800496015952e-10 6.665949515805544807e-10 3.182236470132250211e-10 -3.051109197999854093e-10 -1.160376250863756598e-09 -1.248258136179173523e-09 2.606118346964784285e-10 3.649664688947551218e-09 5.596946299782132881e-09 3.964109402354413368e-09 1.264586185497612560e-09 2.053064998789519900e-09 9.096011636560292435e-09 1.451042244848207434e-08 1.506428147330511527e-08 6.376276055664710649e-08 1.967035463088126813e-07 3.885242689904751825e-07 7.485529275456752933e-07
-1.836962861251459314e-06 4.692571947534739166e-07 2.477821122496277539e-07 6.981793851893862320e-08 1.327910832514436736e-08 2.074676852037450429e-09 -1.100622662017551345e-09 5.904834514875691215e-10 5.617430006265432099e-09 3.537053296434450914e-09 1.096360562590734785e-09 7.150073637258768928e-10 1.934485343704872408e-09 1.337404074158406602e-09 1.014164617580419000e-09 2.645228175133958500e-10 -9.510113815885994899e-10 -9.059585224102279770e-10 -9.968974742557524507e-11 3.828360532252139927e-10 1.059371000231902583e-10 4.740245408942801520e-11 1.708676919951337345e-10 1.195384883526808243e-10 2.679980246414010284e-12 1.507225467817448291e-11 3.640336154021320792e-11 4.107521687808068652e-12 -4.086607538670002108e-11 -3.918261521293631452e-11 -2.735778339105236442e-11 -2.161788421282849731e-11 -2.748769217890205492e-12 1.931312741906079539e-11 1.648920803641734483e-11 -8.536930246029330100e-12 6.772474775798588002e-12 9.781192296280881059e-11 7.626873884577393360e-11 1.752311150995533607e-11 1.046788202592940041e-11 5.695035883887926089e-11 1.619298420324614132e-10 2.748167267630181489e-10 3.930511649265307191e-10 6.543633706691448837e-10 7.130616094907860153e-10 3.894922755416665761e-10 -2.348904820309510400e-10 -1.142533418832778794e-09 -1.263699569006903745e-09 2.977833348676726063e-10 3.724910195557256124e-09 5.792297202056488754e-09 4.251197039973018619e-09 1.517897828493513183e-09 2.296705024815057810e-09 8.888911060838271277e-09 1.424689836963931086e-08 1.492018814204372376e-08 6.402905389997019449e-08 2.011398349187902366e-07 4.003736091197961279e-07 7.475851279430861570e-07
-1.936344289327537086e-06 4.201904031347762152e-07 2.320817013359578314e-07 6.533563290950157287e-08 1.407631573015491836e-08 3.957400983071703178e-09 -1.987777117143153991e-10 7.232564924766277855e-10 5.677927383618950716e-09 3.631283826000956655e-09 1.002850767178327102e-09 4.446417938053618853e-10 1.744272465524118320e-09 1.324009250914797268e-09 1.052762116367140753e-09 2.657652856428706994e-10 -9.675368993595243862e-10 -9.312830701040149017e-10 -1.206574336954502498e-10 3.720352596145005593e-10 1.046761554929656185e-10 4.877626834379076023e-11 1.759102881821410105e-10 1.274290809378729189e-10 1.097819115283229222e-11 2.629299587464773939e-11 4.744265279718522676e-11 1.138973652529338043e-11 -3.796985048005719898e-11 -3.694080468393188711e-11 -2.626362377897994446e-11 -2.148724605245820296e-11 -1.629579768876487222e-12 1.950350966788874582e-11 1.609679102285499738e-11 -9.935626695289194150e-12 2.459325408839938199e-12 9.397458832623764110e-11 7.297551984368147744e-11 1.199760515493581523e-11 9.700488967786283704e-13 5.558317942476069229e-11 1.659702712310500318e-10 2.829651344809487111e-10 4.084353448907187733e-10 6.708949497083767228e-10 7.097004273153336152e-10 3.375724401288375327e-10 -2.712419134767309131e-10 -1.105248636255518001e-09 -1.183119958414870662e-09 3.527746955210001641e-10 3.734933045248513453e-09 5.668149146004775805e-09 4.062136167420331685e-09 1.265008227069802566e-09 1.907246259365199980e-09 8.832821363807443255e-09 1.428451038526288367e-08 1.574782286799033831e-08 6.607551557898298174e-08 2.041703144090447126e-07 4.027739608038910358e-07 7.569100089713424392e-07
-1.910054895042997195e-06 4.645444302159901510e-07 2.420738036551304608e-07 7.013334461865601720e-08 1.521968968230479218e-08 4.042687318396178145e-09 -6.784024094082139352e-10 3.901270257567868795e-10 5.394162524774272638e-09 3.482287850574487393e-09 1.189824822597405334e-09 6.931727341906980477e-10 1.825476731984197529e-09 1.287724763260936725e-09 1.036846197690207142e-09 2.927997782237648933e-10 -9.476266967848332764e-10 -9.039095092756959675e-10 -9.712953431999127285e-11 3.897515197102807886e-10 9.735174208465564388e-11 2.905648355886645390e-11 1.638372431564423861e-10 1.214124124451786993e-10 9.053571765499282959e-12 2.180637545391966644e-11 3.955674815855398658e-11 7.267724105209687702e-12 -3.766250740096612974e-11 -3.714048703344595319e-11 -2.606512674697089668e-11 -2.074805116135350999e-11 -1.616452374488395457e-12 1.941376100591115589e-11 1.651876626275821582e-11 -5.892614730596740953e-12 1.036603482921612985e-11 9.986141996880695166e-11 7.605654314137732386e-11 1.735330351249506154e-11 9.360781802236828302e-12 5.164704133289274534e-11 1.519817017064707091e-10 2.589417018814161111e-10 3.705092468042558056e-10 6.325177875615573558e-10 6.997408110083504287e-10 3.614145087232550753e-10 -2.664636601894810702e-10 -1.131278150527733657e-09 -1.210227813034700087e-09 3.455182066329301941e-10 3.707061410091375429e-09 5.658705998815830735e-09 3.978995281332515253e-09 1.304879890763182550e-09 2.185618157715858011e-09 9.225125905874372328e-09 1.397876992280168696e-08 1.310364611583701382e-08 6.013579108673364544e-08 1.935970802160503732e-07 3.835108624966821484e-07 7.210706269317297091e-07
-1.584763963716628930e-06 5.200030113430137356e-07 2.586767402687449896e-07 7.164224468288807245e-08 1.524239423684386032e-08 3.796426309652474740e-09 -5.109740769762659025e-10 8.515165831060293248e-10 5.822475245454588016e-09 3.624544067337802859e-09 1.026574803289743393e-09 6.036985744753541354e-10 1.825224849305965817e-09 1.306085471141624708e-09 1.013629962774823037e-09 2.576847988295686567e-10 -9.805342474804608294e-10 -9.371011413611146466e-10 -1.236460651607776780e-10 3.668203730225376296e-10 1.008628575984978881e-10 3.840042426838607517e-11 1.652933118353684441e-10 1.198725497435646338e-10 6.840022984435528351e-12 1.847330041895934868e-11 3.720795871506524115e-11 8.430899586775932334e-12 -3.574054546544741761e-11 -3.502854519207130043e-11 -2.355661409385275000e-11 -1.799384885438926373e-11 6.891477320515965279e-13 2.109362762980700614e-11 1.753743712732813012e-11 -8.972616069558815166e-12 2.976001919572225545e-12 9.496432114081985511e-11 7.319406176960891280e-11 1.221230758930085652e-11 1.638702581722851810e-12 5.143124368111825288e-11 1.591011757668067013e-10 2.689133129773562909e-10 3.858781818373504554e-10 6.581646207331676422e-10 7.238588811996933314e-10 3.975160817698409117e-10 -2.237767513938060526e-10 -1.117248723893655909e-09 -1.243642573182929507e-09 3.026482001297309533e-10 3.647413822725196551e-09 5.592200170705256171e-09 3.991495256671495213e-09 1.275652862306390434e-09 1.909055421349670787e-09 8.410804744446469648e-09 1.350018303031634702e-08 1.406081846007357111e-08 6.271856297030598649e-08 1.992334085412307523e-07 3.976418438977624066e-07 7.633203019063188101e-07
-1.862838595544495128e-06 4.951288501169811508e-07 2.604329736669670253e-07 7.630391634494580918e-08 1.712528129091554334e-08 4.932326939179497302e-09 9.335129647196369690e-12 7.317292318696958784e-10 5.490147747900790777e-09 3.658760753979009358e-09 1.360923304770498770e-09 7.227807253907268104e-10 1.839677437513531651e-09 1.305269680119780305e-09 1.059710800878069902e-09 3.263157179987618534e-10 -9.204769405823939084e-10 -9.144430809876118452e-10 -1.368304115948544964e-10 3.542320783838656212e-10 8.822478883027988201e-11 4.138564447655460104e-11 1.733602129932327027e-10 1.270994458641409959e-10 9.644787675347023687e-12 2.158428694783279585e-11 4.131225491738987314e-11 9.633056743863985821e-12 -3.704973945579330209e-11 -3.981568519199604692e-11 -2.758984900907710386e-11 -2.226490211323781904e-11 -2.209407955016703802e-12 2.081065082665666228e-11 1.825580289927131273e-11 -8.035516445440144705e-12 5.520239885602021815e-12 9.645188607995799564e-11 7.579375721944696607e-11 1.824305097324615502e-11 9.894818063481683785e-12 5.864593619906629307e-11 1.588253034292743150e-10 2.636299367713730763e-10 3.916989387421145437e-10 6.607026842871692191e-10 7.100679804816221964e-10 3.424141475530819667e-10 -3.086527891866292033e-10 -1.150903750422868566e-09 -1.268679455412510793e-09 2.866191784411230309e-10 3.646991935314301825e-09 5.493814688977867890e-09 3.843287157236578621e-09 1.086171061463797372e-09 1.843714761285357549e-09 8.917775483343418455e-09 1.440569541294376749e-08 1.589366698562053341e-08 6.719488324385670877e-08 2.084708802276238282e-07 4.092388032790392047e-07 7.647383006123518596e-07
-1.787097697040696140e-06 4.838293083711696685e-07 2.486264553685966855e-07 6.998070357370992497e-08 1.479870603922902528e-08 4.048180964737598076e-09 -7.702283219785439557e-10 2.350569428914490494e-10 5.115573011885212770e-09 3.242850477394058773e-09 1.014660034208591992e-09 5.818537222023055551e-10 1.817455579937052595e-09 1.332223093113100738e-09 1.061257665660921191e-09 3.215035476568210467e-10 -9.280407076796738971e-10 -9.092237050038696043e-10 -1.119099617481536651e-10 3.727637607578215309e-10 9.925846057739060594e-11 3.815318643919442464e-11 1.658014480859960433e-10 1.154156004790533867e-10 4.782203931322796748e-12 1.982294467168006237e-11 4.015550539636272871e-11 1.047406935186816040e-11 -3.622789492993342740e-11 -3.650957286070953559e-11 -2.592931979756769430e-11 -2.244320686459678800e-11 -2.228464907856856686e-12 2.105489896893961529e-11 1.719154039466091901e-11 -1.033635006176492332e-11 3.001921276358707694e-12 9.593292417764804175e-11 7.589669204555650143e-11 1.806737941713808184e-11 1.031362123500363166e-11 5.927828445550067138e-11 1.702187127022067415e-10 2.770000178962828447e-10 3.780254880305159516e-10 6.181386233973269894e-10 6.725149296487198929e-10 3.516089633330473071e-10 -2.577411257295491859e-10 -1.145586719148399816e-09 -1.254434270509074635e-09 3.223465452434398160e-10 3.740360697989997343e-09 5.602192877158647081e-09 3.946053659050962246e-09 1.264727550911375480e-09 2.253006904770696874e-09 9.456546423907965751e-09 1.490707437997829144e-08 1.599576988254428633e-08 6.550514105578069155e-08 2.017822155860132187e-07 3.969996932986758008e-07 7.577597585224183693e-07
-1.762463430658477453e-06 4.081082298752402570e-07 2.231904336731082157e-07 6.187929691333520176e-08 1.237728592047038493e-08 3.138099279404023656e-09 -8.588172929810932312e-10 3.803251487998985260e-10 5.554195149804956411e-09 3.595980956131868082e-09 1.092192690348915865e-09 7.061130700445504808e-10 1.948315955684824506e-09 1.439235702039091778e-09 1.064167751661693730e-09 2.168339599032352236e-10 -9.927523827288683892e-10 -9.160758424515600374e-10 -9.504449193143984316e-11 3.920730505425051763e-10 1.003771579665346062e-10 2.074987969391556099e-11 1.510763851838201185e-10 1.099257077744959143e-10 3.827382413286420535e-12 2.293857092408975094e-11 4.271511656954883280e-11 1.004379474097629788e-11 -3.449007156606467423e-11 -3.573100114503716207e-11 -2.649425641521343331e-11 -2.119713014669953104e-11 -7.708918125790618827e-13 2.112629924414161300e-11 1.750109237376269841e-11 -1.042644200461148112e-11 3.170007829326825977e-12 9.603682753318689271e-11 7.316023727524559966e-11 1.499395175631144921e-11 7.495449409632599004e-12 5.885392682829076682e-11 1.649018134722626668e-10 2.720971446412402613e-10 3.811462380852828218e-10 6.455522802081080252e-10 7.090277417056298218e-10 3.557060903556954281e-10 -2.890742463142218733e-10 -1.118794926430557521e-09 -1.169686165381079108e-09 3.748427058766884828e-10 3.777884000880956679e-09 5.631409927340955536e-09 3.954682857271931206e-09 1.188732381609065789e-09 2.046835111851397579e-09 8.675143855756118558e-09 1.294548741271464710e-08 1.322355980980129629e-08 6.219117833300473119e-08 1.969392036692852895e-07 3.877127863793410223e-07 7.281629932885556251e-07
-1.498696574955700928e-06 5.630917181733501433e-07 2.878403157047704217e-07 8.912346615695857311e-08 2.331855995737003011e-08 7.086735483024160326e-09 9.574350597533389511e-10 1.138367042143239770e-09 5.583246563098361433e-09 3.368947138865812246e-09 1.038330179055059109e-09 5.564185769395855994e-10 1.700392122421300643e-09 1.231544894876403146e-09 1.018918668224677572e-09 2.963047578654214566e-10 -9.385169702047649701e-10 -9.115201668435789790e-10 -1.064176498860405224e-10 3.810382859685280162e-10 1.016404923657747791e-10 4.262846480813374273e-11 1.725671013967787701e-10 1.204021245144112966e-10 1.345714242516944271e-12 1.459083101931628260e-11 3.703327404764949045e-11 5.931842374572118668e-12 -3.853330309234895291e-11 -3.930916656475645283e-11 -2.845256177263763265e-11 -2.282053000407564883e-11 -2.593371303471441386e-12 2.135822345079298006e-11 1.891789344286502908e-11 -7.089801013822126354e-12 7.578551367144585044e-12 9.797619266962826396e-11 7.407027724173546334e-11 1.394305374031484532e-11 2.883809746719540898e-12 5.213180875080645331e-11 1.638454314633333689e-10 2.746825602665473779e-10 3.837770406149554733e-10 6.351361544628226809e-10 6.869064228810090019e-10 3.526077124705152816e-10 -2.576902620126825660e-10 -1.143227952436844470e-09 -1.197110060196154998e-09 4.226180037840471770e-10 3.825032245162839547e-09 5.723423482086973236e-09 4.091711893205017649e-09 1.373393122206547703e-09 2.108427993152928222e-09 8.732162106149851707e-09 1.422798594814090304e-08 1.535552642862427729e-08 6.424780506988098713e-08 2.012728705321243716e-07 4.015868575519149874e-07 7.692968907931389220e-07
-1.552912582581100279e-06 5.358512010686979054e-07 2.770338800289849174e-07 8.187712547168739883e-08 2.012049651701663908e-08 6.316098264694060386e-09 7.270583303184758320e-11 3.215316365634867693e-10 5.202591326260279488e-09 3.371928701814157999e-09 1.019509237531273107e-09 6.135347825967523223e-10 1.895390162657195188e-09 1.390496286172621577e-09 1.085553703688408877e-09 2.912215658451890023e-10 -9.451229456337745434e-10 -8.957904458008560884e-10 -8.899614956834804046e-11 3.812481324847670616e-10 8.742886900974411195e-11 2.480655357016539548e-11 1.602136118016446735e-10 1.151955987473539794e-10 3.571813177922508388e-12 1.849621313529707202e-11 3.909910595874259657e-11 8.428059427385250025e-12 -3.677771775725606432e-11 -3.836024794353908598e-11 -2.678104896103471526e-11 -1.962124751803370905e-11 -1.520083738186343882e-12 1.836805973724859065e-11 1.574034821043913509e-11 -8.090419200731430535e-12 5.802669611300423858e-12 9.466241910010836382e-11 7.020448545049249889e-11 1.006879995663189233e-11 2.726490572229678784e-12 5.165545088745445548e-11 1.613556441152448886e-10 2.722052414302973598e-10 3.829356812156477492e-10 6.394285805954937498e-10 6.970533108673008859e-10 3.585795106731309469e-10 -2.483779373758059020e-10 -1.124263869988577749e-09 -1.243108573612395860e-09 2.716166135378598900e-10 3.629626941316347954e-09 5.589893096918433520e-09 4.005595348218631467e-09 1.341098832626497806e-09 2.166009962655555282e-09 8.946762218032359620e-09 1.403229156712958433e-08 1.425462518128271979e-08 6.245748586868263338e-08 1.988843039618474261e-07 3.991525091657070339e-07 7.569859229395057390e-07
-1.437882358971729736e-06 5.164417004755002721e-07 2.714957220823941327e-07 7.828197107388668380e-08 1.728600347274891806e-08 4.188274457310747804e-09 -5.857063046716052826e-10 3.470900874526503876e-10 5.299483057922938696e-09 3.462007046537473253e-09 1.129056381946030311e-09 6.845147066769210434e-10 1.864341930428160173e-09 1.298534229955099898e-09 9.986997936307700945e-10 2.591781196424833150e-10 -9.291413800723490466e-10 -8.880842021226656958e-10 -1.282912268114490079e-10 3.420060309910353589e-10 7.454514477829399788e-11 3.453559634444491703e-11 1.685510621464040485e-10 1.151636484817438289e-10 2.443629342388123442e-12 1.945959012876555067e-11 3.922299350094621775e-11 6.476604202760135390e-12 -3.798428687485840481e-11 -3.556100212677602185e-11 -2.462831788882028063e-11 -2.216593685112866670e-11 -3.820007999739342841e-12 1.882767332830678192e-11 1.616282554748396857e-11 -9.172519220956943249e-12 5.373713612930361914e-12 9.771603573086988494e-11 7.639129880189908467e-11 1.352223460117829097e-11 7.188556706459710211e-13 5.094306550739062893e-11 1.544686436749859288e-10 2.537450355970488713e-10 3.636944093381147982e-10 6.350494801906539165e-10 6.969589173426180592e-10 3.482192815577293770e-10 -2.670464790109822326e-10 -1.141569581770030035e-09 -1.213485663326221886e-09 3.481683966806506104e-10 3.702286219433258606e-09 5.689906186809150824e-09 4.178367577774620582e-09 1.519430286310729639e-09 2.303592685446158239e-09 8.983745426319384418e-09 1.356794335684731386e-08 1.304491291049408379e-08 6.038018697191264430e-08 1.922743468616549622e-07 3.809269893162161862e-07 7.127672423506387616e-07
-1.719478977774253849e-06 4.674798587574427114e-07 2.450448985041490426e-07 6.942169156939106038e-08 1.512216639815253325e-08 4.987185246549713608e-09 1.339796425566418672e-11 5.344950561454755354e-10 5.395594539569494612e-09 3.418807831305940505e-09 1.039374876058035557e-09 5.941149576686007472e-10 1.814040262121748043e-09 1.322027168998047334e-09 1.026543700232247495e-09 2.402076239559646929e-10 -9.950030640706399190e-10 -9.401013030992177543e-10 -1.239682355415089364e-10 3.655195472772990899e-10 8.780966513528967910e-11 2.918371656156084224e-11 1.630676818747232426e-10 1.176898812445836186e-10 2.013426374174447255e-12 1.770403725001507362e-11 4.169192682248008820e-11 8.356109102231602743e-12 -3.952641491351037952e-11 -3.780031907896361574e-11 -2.535811280781489837e-11 -2.070640889895774293e-11 -1.005330850119182473e-12 2.219839726012762989e-11 2.001560870788465069e-11 -6.563252622758896130e-12 7.962684621487809293e-12 9.835505413798260354e-11 7.251016682802491426e-11 1.436289290332136327e-11 6.029468007186754998e-12 5.137245182213349800e-11 1.563154750773741787e-10 2.673980699879273113e-10 3.839712534369903017e-10 6.420784454159097416e-10 7.025562126615992803e-10 3.711727535788574793e-10 -2.759786820755938276e-10 -1.157641894610908312e-09 -1.184040384305573538e-09 4.079125954625087551e-10 3.751756662288509614e-09 5.547771327936414010e-09 3.904130194829256666e-09 1.197465470717516404e-09 2.025736786170697270e-09 8.972487668880721712e-09 1.440429419749848898e-08 1.635186958761546633e-08 6.646489320764578818e-08 2.029975016990036086e-07 4.013994661037313634e-07 7.454496078109308664e-07
-1.784328587461800087e-06 4.644440848839887168e-07 2.467225354305587708e-07 7.467278507392884769e-08 1.807336381424053556e-08 5.546886529610236333e-09 3.296532721778879523e-10 6.653943478309475134e-10 5.339603164362075812e-09 3.495359628687415349e-09 1.129665443398340276e-09 5.727104301926306497e-10 1.787644226051438938e-09 1.288205598336488176e-09 1.061118878886663210e-09 3.129444333619909095e-10 -9.397324091550120537e-10 -9.133318474816749491e-10 -1.274039487938425183e-10 3.482733053981078290e-10 7.888823920125762780e-11 2.912325824734753939e-11 1.628632502337445642e-10 1.147802959067142602e-10 8.616139613049255254e-13 1.774906837311235394e-11 4.024945215050395852e-11 9.145674231626757307e-12 -3.453618947636968446e-11 -3.532863504426943607e-11 -2.472648725638230388e-11 -1.980958400824772376e-11 -9.236141707742677948e-13 2.057302227038598373e-11 1.678633699661814277e-11 -9.646372962334066192e-12 6.015976564740700623e-12 9.744595170189460163e-11 7.409852081448483125e-11 1.657810825479369676e-11 1.121200445970887697e-11 5.676227647561739615e-11 1.647593622632098936e-10 2.742472911189075521e-10 3.735316292801129061e-10 6.273178516393846011e-10 6.952245959295416292e-10 3.482280156019509061e-10 -2.644030760501447013e-10 -1.144981818085144040e-09 -1.254584426090768734e-09 2.973258590088755604e-10 3.642200735020429461e-09 5.628765670214422314e-09 4.087941620481482839e-09 1.269223710648067959e-09 1.903904764382122594e-09 8.794135402624006507e-09 1.381482862457507931e-08 1.397254313255235336e-08 6.250956667598914489e-08 1.981403477540928006e-07 3.921645701971991103e-07 7.395010925645384746e-07
-1.190683414365156183e-06 5.306915623644973861e-07 2.756944207137277442e-07 7.944699570084499171e-08 1.783341174133817458e-08 4.496448609711021071e-09 -1.734067269813170172e-10 5.387483803804149315e-10 5.387192607380317066e-09 3.481726111417121247e-09 1.038500798187386228e-09 6.229861980984132718e-10 1.803115852746257619e-09 1.268712908805376239e-09 1.026425935514353445e-09 2.635699411620196976e-10 -9.597524443792257176e-10 -9.043639398862655013e-10 -8.799718786423949758e-11 3.838331418012596977e-10 9.693690665798819916e-11 3.361745333076317271e-11 1.613778304340172896e-10 1.175928283033363673e-10 1.725367866617637968e-12 1.817119123658754239e-11 4.167366255810275696e-11 1.174562698445424604e-11 -3.707303283411102248e-11 -3.759497356835187403e-11 -2.536540516726250075e-11 -1.960159362818230958e-11 6.042357244768135275e-13 2.228910631044208815e-11 1.918674581339567546e-11 -7.923001214170653168e-12 4.885112015960850904e-12 9.491288269809259756e-11 7.096714880862153257e-11 1.284300613423124719e-11 1.142401870156517686e-11 5.965782609925414101e-11 1.620323327181488605e-10 2.760411442664722523e-10 4.061366874613484187e-10 6.776543450449256797e-10 7.157612014708196570e-10 3.539138514697396388e-10 -2.756595182116759331e-10 -1.166901828081631527e-09 -1.248050126825393933e-09 3.251127985523975222e-10 3.670131822538847528e-09 5.553902232355712187e-09 3.919317373901073244e-09 1.269026453388976978e-09 2.128786812538186860e-09 8.827963568659151979e-09 1.363580077945862700e-08 1.427586985196671848e-08 6.318670256986801698e-08 2.010115412057239240e-07 4.032073594614286862e-07 7.760792243702106678e-07
-1.780258861219631916e-06 5.658126368081081193e-07 2.890743699278090797e-07 8.694555774375303966e-08 2.186732951879782899e-08 7.176561434470815093e-09 1.066690852149816383e-09 9.924645758568833385e-10 5.531932036163816250e-09 3.470797036511061050e-09 9.755518911337157042e-10 4.891043175731844403e-10 1.769846917267194374e-09 1.294353421048214560e-09 1.038057670273601767e-09 2.955003844532226775e-10 -9.468713582974942969e-10 -9.380077420083364318e-10 -1.375472925692143283e-10 3.588380529870658475e-10 8.854573656133443258e-11 3.044941571858154381e-11 1.608962975624451116e-10 1.150227881702337968e-10 2.027457164034678433e-12 1.947873315171458783e-11 3.995383587443644460e-11 7.340589826559168636e-12 -3.778034662720393220e-11 -3.766247744554624898e-11 -2.519648990592308226e-11 -1.979712246249545189e-11 -1.370895062405956796e-12 1.985840267705741084e-11 1.629858969081350474e-11 -8.559252495936590488e-12 5.568450704725580014e-12 9.651782888938239072e-11 7.371344373601875653e-11 8.891235159574791704e-12 -8.930134411265387456e-13 5.137603697663227164e-11 1.615974170004140214e-10 2.652461184272371158e-10 3.797359975936446310e-10 6.467981327146695859e-10 6.952686428753806836e-10 3.502356593011239143e-10 -2.863750439779558493e-10 -1.131002510877469199e-09 -1.183999913576065216e-09 4.101354643361475478e-10 3.793809279815596472e-09 5.628841229004794678e-09 4.069868405813352176e-09 1.370790655409622218e-09 1.981917169044812489e-09 8.515023567484668050e-09 1.401835210760240684e-08 1.535579745258488096e-08 6.605024594789559362e-08 2.066323921589285664e-07 4.184560783834680843e-07 8.141865232943469140e-07
-1.954565594777440949e-06 5.205715195721837392e-07 2.719225504095041676e-07 8.196305119612971512e-08 2.057880318541629491e-08 6.365855655027097566e-09 4.082309413792499959e-10 8.323428096842568351e-10 5.432453433218742125e-09 3.311395970011167764e-09 9.474252747898254502e-10 6.861374867088121830e-10 1.898775073172755146e-09 1.354081871425750836e-09 1.041236086391047145e-09 2.748570019057116297e-10 -9.612216723138345983e-10 -9.108962228356786847e-10 -1.140226445314918991e-10 3.604131339497907691e-10 8.874580338623818777e-11 3.991581975279357806e-11 1.694720935839877777e-10 1.198107022073517705e-10 3.129932903460686021e-12 1.448365479273432937e-11 3.722869750915767583e-11 5.006805444310801943e-12 -3.781530381208592463e-11 -3.599017668347926945e-11 -2.425630630965120649e-11 -2.037335405839015973e-11 -1.695008897909587804e-12 2.033835735875676446e-11 1.782983668643732777e-11 -7.517323258889144163e-12 4.618258602011003451e-12 9.497182182706593868e-11 7.300734511622536492e-11 1.451960106521201731e-11 8.580860278342846083e-12 5.864509051258797515e-11 1.667233494518454788e-10 2.713509249550222961e-10 3.858520990423665567e-10 6.513442938163610511e-10 7.056705273925506104e-10 3.551601919014209046e-10 -2.822078193521442430e-10 -1.170463610582131936e-09 -1.218375503479227430e-09 3.828374241123725433e-10 3.768400154099846653e-09 5.784896044733100467e-09 4.150953464025208232e-09 1.429000013272847597e-09 2.179382445032883334e-09 8.785031072665522749e-09 1.337763662690514201e-08 1.250371314682540923e-08 5.978781142099295905e-08 1.947062955048071070e-07 3.892761953376821422e-07 7.352886425142010508e-07
-1.397285557437024919e-06 5.409927032351575091e-07 2.820465357411211568e-07 8.364459131466852216e-08 1.983324699694179645e-08 6.227280594629144625e-09 5.555264977996427688e-10 9.140133147950092508e-10 5.553902558619750559e-09 3.391396338063633802e-09 1.021926944455764730e-09 6.014652434020383337e-10 1.744821394907086616e-09 1.244413248453668407e-09 9.970391785815442432e-10 2.651460614383605183e-10 -9.641932491028113273e-10 -9.314449003739732682e-10 -1.270488206641220986e-10 3.699835153637621787e-10 9.753228754412380790e-11 3.811008478491191085e-11 1.719703693798843263e-10 1.193378347051698454e-10 3.569548804605374494e-12 1.821879789157116878e-11 4.139763950502563094e-11 1.419224442146086963e-11 -3.141848999759034588e-11 -3.694662878616051687e-11 -2.697274250790672692e-11 -2.171853334890198424e-11 -2.480724287881711144e-12 1.991876126658311472e-11 1.642946655119817990e-11 -9.440471495630280401e-12 3.459734102421022131e-12 9.408879183546546128e-11 7.132645257167833260e-11 1.555648291861827617e-11 8.157552343120702205e-12 5.610635013170228221e-11 1.630718091386743379e-10 2.790761406585948984e-10 3.928659574202723958e-10 6.464590285362942694e-10 6.985940096296821380e-10 3.398006083693022752e-10 -2.689961265270951524e-10 -1.129584550446718212e-09 -1.201097103921089039e-09 3.962404612131516689e-10 3.796785731437293192e-09 5.752174290578015079e-09 4.119783332437700191e-09 1.346764678072059099e-09 2.013493305094003267e-09 9.090441617092162849e-09 1.437487182354886937e-08 1.506325281148975556e-08 6.496160788433561659e-08 1.998673589280604637e-07 3.922650109699428365e-07 7.399243221678996439e-07
-1.613692790392489870e-06 4.846522647482222617e-07 2.497250529340712450e-07 7.121303438336884047e-08 1.592930758611630481e-08 5.120118966272691960e-09 7.213040057862396553e-10 1.236718078972171400e-09 5.517424150664414049e-09 3.441606379883351479e-09 1.140038384664907548e-09 6.247855447120662631e-10 1.775864764584800348e-09 1.350678674980121324e-09 1.092031417914521669e-09 3.113963313633061652e-10 -9.450543144897408686e-10 -9.126270811194976599e-10 -1.137370339903041701e-10 3.743893755229102313e-10 9.006320287515129511e-11 2.596441627917698181e-11 1.544734338397666262e-10 1.172061384188135981e-10 5.339840938339673272e-12 1.773651679667961039e-11 3.964169137773296887e-11 8.221693048109935943e-12 -3.767372394685201898e-11 -3.644742394751958429e-11 -2.453793645999174678e-11 -1.995384908009541572e-11 -2.566309903380580272e-12 1.830945034784890743e-11 1.679127944328156596e-11 -7.575808991928423722e-12 3.577999391199332596e-12 9.382015881676023671e-11 7.262521545674697743e-11 1.281985865469908532e-11 7.915490263721066391e-12 5.855503988711305477e-11 1.671932807035641567e-10 2.788816949546428179e-10 3.920485515613198036e-10 6.589357194551280260e-10 7.100425786004981633e-10 3.412276302409647008e-10 -3.046820006099186189e-10 -1.178542427298855167e-09 -1.237884744377605332e-09 3.358255696780344033e-10 3.695413021633008356e-09 5.529404032715202489e-09 3.959819141476150100e-09 1.493085800379969101e-09 2.298757377097676289e-09 8.903665716737429767e-09 1.334872778269667550e-08 1.257889053119627425e-08 5.848523115580181239e-08 1.887373150920833429e-07 3.678723207246857841e-07 6.771722430987693936e-07
-1.767816025759817608e-06 4.953042419067812486e-07 2.595324042448896466e-07 7.459329670679923133e-08 1.758803855416324960e-08 5.362554655802322192e-09 -3.000245034038231352e-11 9.357234671861781600e-10 5.712206390277732418e-09 3.701650036528068306e-09 1.165242035458404127e-09 5.258498388062781936e-10 1.785325476732904176e-09 1.350288470463118889e-09 1.088250168407123702e-09 3.156085814188199856e-10 -9.683330463827632164e-10 -9.477698505642168760e-10 -1.395074655879423455e-10 3.634435127109178431e-10 9.033298969072374156e-11 3.144324934104149196e-11 1.590742518139035152e-10 1.188057643281823687e-10 1.340017510007828283e-11 2.730457739303921504e-11 4.434070367319647361e-11 8.717842599308365760e-12 -3.713870712044149462e-11 -3.602096590414617880e-11 -2.349051955053698451e-11 -1.877778922392083753e-11 -5.090368278993369162e-13 2.073593823185620725e-11 1.665747329950658272e-11 -1.074256329286782713e-11 3.037859716340976398e-12 9.655652491462206626e-11 7.340516368609795503e-11 1.398679181406468065e-11 9.126485872969468558e-12 5.931538520997305190e-11 1.639856284351685827e-10 2.793255893309768960e-10 4.059873857602193544e-10 6.548836717850922905e-10 6.915290990668250965e-10 3.316033111935025957e-10 -2.837120343047214661e-10 -1.130218620706445647e-09 -1.213289867362147594e-09 3.853458831434440275e-10 3.845009246625032284e-09 5.756871167158932210e-09 3.925992529217061458e-09 1.078872751169394812e-09 1.769770874974997070e-09 8.354784833330419170e-09 1.282425950975545503e-08 1.278075282939924409e-08 6.079766877637815676e-08 1.948521173668061927e-07 3.855337679900015125e-07 7.271352658957495320e-07
-1.075292995731594428e-06 5.533542316515553824e-07 2.818493068497145176e-07 8.448864850059679278e-08 2.091404067476241108e-08 6.466324716034671087e-09 4.459195871270104784e-10 6.084553780400194043e-10 5.373102664407400123e-09 3.464658011356272147e-09 1.144038270457732032e-09 6.601237214075918639e-10 1.778780591478660903e-09 1.273424309923412486e-09 1.069381868478201436e-09 3.004072330412371752e-10 -9.619956998946548902e-10 -9.310103359521378421e-10 -1.304959602010546837e-10 3.757406884041222638e-10 9.477557463192024639e-11 2.881343151575732417e-11 1.612576616324190579e-10 1.190764505503702525e-10 6.904898506956591107e-12 2.040867620849547978e-11 4.185733978792869536e-11 1.027178632227985543e-11 -3.449561960295153730e-11 -3.452909781967366884e-11 -2.413675293788343396e-11 -2.160557942217090678e-11 -4.306736475897944004e-12 1.827938295315193103e-11 1.565511735918610053e-11 -8.827326300944216567e-12 4.983133898273522825e-12 9.595488036639686219e-11 7.286681843889913906e-11 1.343767986293363537e-11 1.094265153627251174e-11 6.341102492665423860e-11 1.660152862487138410e-10 2.690676385578362082e-10 3.834189661017064479e-10 6.553749602137125041e-10 7.189308242205509889e-10 3.809234561487207599e-10 -2.462842727623179030e-10 -1.126629379144208859e-09 -1.232865785301923657e-09 3.665214441354000810e-10 3.878257190754354286e-09 5.858625788549353223e-09 4.140279256706566027e-09 1.362997488537134120e-09 2.242472229643082959e-09 9.410990920504599147e-09 1.475486206052104121e-08 1.531530631870294261e-08 6.429276064669885058e-08 1.983469157759213337e-07 3.867214743692323138e-07 7.202614187515534091e-07
-2.078260355033521269e-06 5.438612580824284404e-07 2.814168140200832818e-07 8.380745069763753283e-08 1.942421284386776431e-08 5.418546147213363844e-09 2.958816192235044610e-10 7.819029967103142674e-10 5.589435339372395330e-09 3.745136602070163729e-09 1.226272751823887542e-09 6.200120923968083681e-10 1.829346851414758356e-09 1.345904733500156087e-09 1.069954860554714091e-09 2.965555345316843767e-10 -9.533945212955474667e-10 -9.276503558712981109e-10 -1.210541977168642106e-10 3.673769589860007286e-10 8.488697197994331339e-11 2.930840917571270359e-11 1.682139676100406376e-10 1.208061957499007483e-10 2.854177028194625406e-12 1.792008795954677444e-11 4.153557230384412743e-11 9.124451791086414194e-12 -3.605988832176566765e-11 -3.592105252764813769e-11 -2.490233184038522377e-11 -2.025641613421511637e-11 -1.634364353928247410e-12 1.937973869065374405e-11 1.493418428160585440e-11 -1.049278458027867233e-11 4.696129877679540959e-12 9.710972063073861466e-11 7.365990866794619203e-11 1.056255610964799793e-11 4.768008417654438954e-12 5.064260285434556179e-11 1.554482594591093058e-10 2.750216081918808750e-10 4.029788268475265882e-10 6.623260161179012608e-10 7.120428759600959642e-10 3.503498281282710153e-10 -2.942459891369972102e-10 -1.151676669407823624e-09 -1.238848894870953266e-09 3.515293880203225955e-10 3.703776809478257753e-09 5.549940944377161472e-09 3.969508391914452390e-09 1.345652982874806289e-09 2.002340972321857426e-09 8.520677881824087989e-09 1.351708497535785297e-08 1.358451786731828166e-08 6.131311887077074689e-08 1.943346038307999995e-07 3.850141736645400442e-07 7.184089970896206387e-07
-1.613206439950812301e-06 5.117742247562193745e-07 2.704818077463740012e-07 8.104014073777074752e-08 1.955208956582251911e-08 6.011959068521658862e-09 1.061977638335874368e-10 5.900465637442970705e-10 5.440445963552558709e-09 3.609328004161082614e-09 1.186504208442644650e-09 6.119275013128291082e-10 1.705332438544036655e-09 1.228905880693651430e-09 9.406650880724427999e-10 2.262663833608895409e-10 -9.464555405314029961e-10 -9.067285157343100807e-10 -1.086824183653938328e-10 3.763530022664670956e-10 9.296379395897619798e-11 3.538839833341135285e-11 1.686318526268046134e-10 1.284290235744383949e-10 9.590412820883289447e-12 1.434761938406261245e-11 3.516546581792409874e-11 8.444931205064790065e-12 -3.448334420241367906e-11 -3.574759311798869933e-11 -2.446055534449952466e-11 -1.903732668092510939e-11 -3.715396795918117700e-13 2.058255333373348729e-11 1.812846990531448856e-11 -6.179175187297822982e-12 6.922535501409701892e-12 9.791722721823697858e-11 6.986370504137538494e-11 9.278874001089666983e-12 6.875884366423711116e-12 6.344767927591641605e-11 1.716964067114514197e-10 2.728358206955686829e-10 3.825511722685495281e-10 6.373058183215601013e-10 6.853250469793809631e-10 3.482444655342626871e-10 -2.852564120177598026e-10 -1.173367456160212820e-09 -1.267482031762222885e-09 2.861103007578434901e-10 3.702737005153690750e-09 5.722301302181178474e-09 4.099616797309613843e-09 1.244902599069612594e-09 1.906722786565395579e-09 8.711233665722634088e-09 1.338049097445519929e-08 1.340128764617305409e-08 6.138755027242329468e-08 1.948239128903514527e-07 3.863178449386334149e-07 7.089878521132575047e-07
-1.909331539362315626e-06 5.105664688568633446e-07 2.623416519231723274e-07 7.581300690892900694e-08 1.698165528167239452e-08 5.249949545075143973e-09 4.616913099172604620e-10 7.311800042030986166e-10 5.331545121311032089e-09 3.413835412713696172e-09 1.114825345929509276e-09 7.375188851240984426e-10 1.951737409663619937e-09 1.367208206878573331e-09 1.063033972711136056e-09 2.934209924279942710e-10 -9.239927009654394715e-10 -8.791263189007447827e-10 -9.694971258851920563e-11 3.630644423674358542e-10 8.827525941786707668e-11 2.700624369530950986e-11 1.568148880836184766e-10 1.168032099257900906e-10 5.884399721611054855e-12 1.887295480847433433e-11 3.914854785670806197e-11 9.505231722533125337e-12 -3.472276409144488462e-11 -3.460715073353908849e-11 -2.425876066413324580e-11 -1.932550868201567961e-11 -8.240026310031325577e-13 2.164271695922325644e-11 1.840044737797459289e-11 -6.904187699641751402e-12 7.325218782106763291e-12 9.862253348585151165e-11 7.088748102160617747e-11 8.748717660454496818e-12 8.247143163488285895e-12 6.165333064934400393e-11 1.699765550212650291e-10 2.741352171427856114e-10 3.777330840746747061e-10 6.329051609306795054e-10 6.878320124002275551e-10 3.683800422754910396e-10 -2.529844546937669142e-10 -1.158987178003314625e-09 -1.267340186574800085e-09 3.347824792289865956e-10 3.744600732558934737e-09 5.641556769654254211e-09 3.984604465970670815e-09 1.145291207607820237e-09 1.597469140885626466e-09 7.869317822552276618e-09 1.221116345920298579e-08 1.113846475560355503e-08 5.742964978243119626e-08 1.883211200893667880e-07 3.700404043607323599e-07 6.947435492197787875e-07
-1.669670985151280688e-06 4.307621645969484173e-07 2.316248753389805020e-07 6.377989646522483848e-08 1.151674469613296820e-08 2.436747740217755865e-09 -7.800620148789886194e-10 5.879471956825841027e-10 5.439172846303609041e-09 3.419393035680524895e-09 1.040143908227947035e-09 6.265558228327511936e-10 1.842768645418218484e-09 1.388920889837355438e-09 1.080235569530400983e-09 2.710055185163393092e-10 -9.577863845676014509e-10 -9.423740625328028565e-10 -1.451056024009300335e-10 3.534620014906090398e-10 8.050881168014459963e-11 2.721579724156066036e-11 1.611053037000416432e-10 1.115779120379221734e-10 -2.428078476163768217e-12 1.748431683689787568e-11 4.069534054684898396e-11 1.100773116045259657e-11 -3.343253307612421971e-11 -3.626450429619746857e-11 -2.766327143654494884e-11 -2.154095220193025612e-11 -1.656031077769050489e-12 1.935236064951029021e-11 1.658624130978417598e-11 -7.391069625920620634e-12 6.119966252132169988e-12 9.747541465548211045e-11 7.471205669699692840e-11 1.580125140038055957e-11 9.766997312815826633e-12 6.051318920428648760e-11 1.660468556805312464e-10 2.784348129479443814e-10 3.947467233086376905e-10 6.588450716742743728e-10 7.195906455498506029e-10 3.651928696568580011e-10 -2.986893883613819362e-10 -1.191126384985690320e-09 -1.262359008897887617e-09 3.180196319657863607e-10 3.719791278055046036e-09 5.641963057777291877e-09 4.096343742381489849e-09 1.618040740744732746e-09 2.496094841190641977e-09 9.300577308985759898e-09 1.487766794986108840e-08 1.528330811711997769e-08 6.451647386004657819e-08 2.014939368759030035e-07 3.999619241052593357e-07 7.543234790030692914e-07
-1.451840865628613561e-06 5.088238522877396563e-07 2.668385856592417473e-07 7.810580604095927981e-08 1.842340120231102130e-08 5.087301420997360737e-09 -3.412334626196027550e-10 5.344124282943859273e-10 5.797894712185030898e-09 3.723901097342551455e-09 1.170079299624586292e-09 6.168808776310798730e-10 1.772418914180036530e-09 1.320913686007088795e-09 1.080559918762762274e-09 2.700550651371979700e-10 -9.659935713862145734e-10 -9.034847115760478579e-10 -9.810219575090897307e-11 3.844939893351927941e-10 8.529851496585360412e-11 1.295812596661793282e-11 1.483615502215743068e-10 1.117391007087247985e-10 5.664091003575178937e-12 2.057631158699015352e-11 4.088328764026464139e-11 7.948727429932597875e-12 -3.584730488138066458e-11 -3.393179276350209693e-11 -2.303620564724153437e-11 -1.946252439529843451e-11 2.380512714621029397e-13 2.223983923529924099e-11 1.744539483382393162e-11 -8.971432301957542698e-12 6.069092563220752000e-12 9.785828857508665063e-11 7.526836767039749374e-11 1.782911698307428418e-11 1.401146836042115066e-11 6.009268644287823429e-11 1.612590819916956437e-10 2.571213421616354334e-10 3.742477431014435395e-10 6.521002859088735696e-10 7.160803492417731430e-10 3.517937677458956846e-10 -3.036705217108776034e-10 -1.200808641440096893e-09 -1.264724124216648611e-09 3.462253072678267244e-10 3.742835164959502210e-09 5.698316260915495080e-09 4.217679970535942239e-09 1.518708815569054576e-09 2.187180804738091516e-09 8.884686465780716765e-09 1.396980255926325930e-08 1.468570601973387470e-08 6.297069171707349541e-08 1.959377856205527004e-07 3.836339308426724384e-07 7.155365541882957487e-07
-1.725391336527252542e-06 5.069425398257594076e-07 2.726222458901827177e-07 8.285195546589551909e-08 1.962167178688084588e-08 5.910706341799957404e-09 6.419728757007878216e-10 9.041481201124817007e-10 5.550303665731248179e-09 3.537295714500465023e-09 1.141430913894308398e-09 7.282676602534274884e-10 1.950252096096513399e-09 1.366122997938818279e-09 1.041161327190755343e-09 2.822132766492755224e-10 -9.461552441944892262e-10 -9.254758295418957213e-10 -1.130643124382858768e-10 3.793732684060710830e-10 9.281955018155829376e-11 3.007047927747883947e-11 1.549787652481975546e-10 1.130325777488382762e-10 1.443626729620632625e-12 1.541787290630378843e-11 3.853900777239702752e-11 8.728147816256097988e-12 -3.590913201179710614e-11 -3.475036870483254337e-11 -2.324000055819545736e-11 -1.920721251238843597e-11 -1.288927261575395118e-12 1.982349050630803519e-11 1.611418204211487363e-11 -9.184687961791037300e-12 6.876851038850102465e-12 9.909253118854993768e-11 7.691413820987576127e-11 1.889733511597471912e-11 1.033611603425572728e-11 5.725402818225858651e-11 1.587319897410345164e-10 2.651013230696515177e-10 3.819187756491351378e-10 6.489432338325098099e-10 6.999566793581950365e-10 3.647843418791605885e-10 -2.701151396782839263e-10 -1.120863614477341245e-09 -1.146985043053365195e-09 4.988944655941601710e-10 3.905746954064077254e-09 5.741801984672541752e-09 3.893941270493518255e-09 1.056309701164882219e-09 1.783995386796595613e-09 8.584077084503817505e-09 1.393952951662528971e-08 1.525601758193852795e-08 6.616777589284828940e-08 2.029239951207258651e-07 4.051398736793055503e-07 7.648680938810541945e-07
-1.338633043082714346e-06 4.829986991790817333e-07 2.507219973139082421e-07 7.068958057211778139e-08 1.368389369499564614e-08 2.458252134823911408e-09 -1.194307694520082996e-09 4.412149094421717011e-10 5.436757806288318702e-09 3.430157106957996377e-09 1.110573430489430360e-09 7.287043504216632969e-10 1.982822460954658846e-09 1.407961708255747127e-09 1.068696590216482833e-09 2.782464511910138866e-10 -9.588713295273491517e-10 -9.267191028597102058e-10 -1.226782009417489834e-10 3.570863271550394032e-10 8.561780557407243463e-11 3.455439126920867152e-11 1.631500861066918344e-10 1.150442017304848269e-10 4.452834747873494377e-12 2.013562654409243270e-11 3.952531616523393699e-11 1.015212312436391946e-11 -3.543612657829327100e-11 -3.562692300435355328e-11 -2.261104848702961838e-11 -1.765707273126462285e-11 -5.112354626138721919e-13 2.067829816362875519e-11 1.669031883513253118e-11 -8.585814569472289181e-12 6.000240136522233304e-12 9.869656629832900879e-11 7.564872577713406509e-11 1.459752847312446068e-11 7.116202898419046175e-12 6.041609009856308202e-11 1.633810819043400259e-10 2.737595336376995922e-10 3.987277924157325434e-10 6.552805949592554601e-10 6.803018404901208965e-10 3.115858430085865140e-10 -2.947419143911968352e-10 -1.109862790992370392e-09 -1.208583815262536698e-09 2.888297764282040538e-10 3.696167710440491875e-09 5.713020093812897692e-09 4.043784316194259545e-09 1.202199413282235200e-09 1.843015581399450080e-09 8.501310089093343118e-09 1.323216678893856451e-08 1.250268123178379513e-08 5.806318479721283267e-08 1.875241731574463761e-07 3.735466787468314639e-07 6.988402850850976989e-07
-1.492244570434719101e-06 5.043289038984722073e-07 2.639398094757946738e-07 7.976557148622488360e-08 1.951722850198650770e-08 5.828064743284159586e-09 4.480935708804254336e-10 8.753554991075203821e-10 5.438343210649242988e-09 3.478445005997495547e-09 9.953977443753230039e-10 4.503816134405036296e-10 1.729136723119385932e-09 1.301036866875401339e-09 9.934406621146128700e-10 2.443241248256484336e-10 -9.456657969402173564e-10 -9.123239912030742295e-10 -1.240969226325104120e-10 3.578952873669300816e-10 7.820746579772711262e-11 2.783693590088196475e-11 1.623697070881294214e-10 1.230213934675296183e-10 1.210161892808917271e-11 2.195894140558502064e-11 4.056095785582635210e-11 9.713760137455969676e-12 -3.606719585005095528e-11 -3.809344193854211954e-11 -2.415932127014787204e-11 -1.851626268076165510e-11 -1.709630120323328145e-12 1.960119597269334085e-11 1.853640365626185230e-11 -8.396624275044627631e-12 4.368664922963862714e-12 9.553485523110331255e-11 7.083800866726840040e-11 8.488598151913423592e-12 7.346266598328905346e-12 6.629396478758721052e-11 1.691652962675427491e-10 2.738822672331940394e-10 3.893970399382160364e-10 6.642188608257274591e-10 6.924521076815467596e-10 3.157828198605351451e-10 -2.921816189557697772e-10 -1.142977703406623213e-09 -1.259386375497509861e-09 3.036589008972466100e-10 3.666686878179433829e-09 5.607942107378300745e-09 4.020806617781218838e-09 1.201143514720506522e-09 1.796610104858509117e-09 8.532332399237643860e-09 1.316057022620041469e-08 1.289459570767044002e-08 6.196794968226488529e-08 2.000747616657397623e-07 4.013372678227655111e-07 7.560619103583628600e-07
-1.753434903094864828e-06 4.530791107241976905e-07 2.390110222607127929e-07 6.855712471380690317e-08 1.463955009295338857e-08 4.093123118501066703e-09 9.634536309308872253e-11 7.630733951079609864e-10 5.587058207808151730e-09 3.543684302219439770e-09 1.194141889108289080e-09 6.903074065833326605e-10 1.843630047935040368e-09 1.352630243317738456e-09 1.024218357375007404e-09 2.013444457249157305e-10 -1.008691405464469474e-09 -9.446285241939948176e-10 -1.468077780081937975e-10 3.479892259444610362e-10 8.916403269461631804e-11 3.714075197028410678e-11 1.612670386598590468e-10 1.137679031834016159e-10 5.813528861519137992e-13 1.899344548606800600e-11 4.175784218725722589e-11 1.126911127100591172e-11 -3.552595214875542612e-11 -3.724931231615163956e-11 -2.657124275698014437e-11 -2.113311141851805542e-11 -1.456546612060489973e-12 2.112520886466419404e-11 1.961647144471457069e-11 -4.951174037999658392e-12 1.012920943298913965e-11 1.003611991505704239e-10 7.217689220200608009e-11 1.099391388896870136e-11 6.053428163178099619e-12 5.799598874187862405e-11 1.639151109105129546e-10 2.790765224350188106e-10 3.929382088882303046e-10 6.436074998320887905e-10 6.880383878284651877e-10 3.440293381105418507e-10 -2.655196445169717585e-10 -1.143293449400752471e-09 -1.264912862440529448e-09 3.220025907245090763e-10 3.719474217235422558e-09 5.644340393721169026e-09 4.048900317596274895e-09 1.307424110596742080e-09 2.000606601060360277e-09 8.729550528608531243e-09 1.349697400084484258e-08 1.361802473939194171e-08 6.183165687520306965e-08 1.964747761255931473e-07 3.918549276855942219e-07 7.406146714198018263e-07
-1.817110773324153310e-06 4.730311654653991679e-07 2.585981659603848685e-07 7.546737531733947142e-08 1.702127844369373145e-08 4.389083080444387042e-09 -7.814862385153446567e-10 1.886368307869477880e-10 5.348446909846289328e-09 3.531135360865683263e-09 1.028408608211079629e-09 4.759829526980350153e-10 1.682140508214430291e-09 1.246927732205238465e-09 1.039354869365875190e-09 3.194916683403919629e-10 -9.089616993661546126e-10 -8.760865382601076940e-10 -8.804604485645943270e-11 3.740891202415380896e-10 9.301747708212257187e-11 3.563782005538638622e-11 1.671718234959904735e-10 1.182235989599084652e-10 3.347098221606874967e-13 1.702080248747020510e-11 3.870596741987948285e-11 8.513862437578361255e-12 -3.694598320484809940e-11 -3.770647129562262495e-11 -2.602693056853280387e-11 -2.022641648206849193e-11 -1.797950600714131893e-12 2.075604590949048536e-11 1.700022071827435928e-11 -9.221824877334443402e-12 5.347996063520245679e-12 9.812269258221247905e-11 7.483536393193069609e-11 1.745442742822950789e-11 1.035319776370187149e-11 5.871894086349619435e-11 1.594600479293353429e-10 2.685742190753035459e-10 3.808339924102739798e-10 6.326268929852114068e-10 6.798316769955162918e-10 3.379830385113195903e-10 -2.956658249013144437e-10 -1.170642907895667555e-09 -1.245100402383829365e-09 2.794635167274324252e-10 3.633110368528061747e-09 5.645158192537687111e-09 4.119561424959585019e-09 1.404381235881241916e-09 2.198202008467374716e-09 9.244082361741415738e-09 1.422606549517706107e-08 1.444988596955616887e-08 6.125002136280191226e-08 1.931029325332349775e-07 3.760904618717943204e-07 6.895835417696390624e-07
-1.685436633961614904e-06 4.291303283756138526e-07 2.264438532344825778e-07 6.062469694191330076e-08 1.107558551561996875e-08 2.503645855139838993e-09 -7.769450362816874073e-10 6.042403731127777023e-10 5.572851337383253440e-09 3.532733863819132066e-09 1.183120781238073385e-09 6.228744296753759945e-10 1.762207301595223007e-09 1.318773160188665423e-09 1.066323835680292689e-09 2.935875071834963765e-10 -9.257849339193430653e-10 -8.904446961380031427e-10 -9.896286825036473471e-11 3.860045394497853271e-10 1.137946013800995101e-10 4.232325146646500773e-11 1.646691167150887138e-10 1.146542374490447499e-10 -3.578437542648037342e-12 1.186106085572884455e-11 3.818613512000735462e-11 9.821551808937402698e-12 -3.612049750125830327e-11 -3.743322271350492818e-11 -2.617648069855109092e-11 -2.251389326719235951e-11 -2.850410207287317291e-12 2.167255421153160110e-11 1.895934051331217520e-11 -8.832030031732319502e-12 4.071573892744911148e-12 9.575218798210349691e-11 7.094030407659102827e-11 1.098205632041986950e-11 8.499501393123689051e-12 5.764337160964115384e-11 1.625959542490968756e-10 2.726448032393613202e-10 3.881058655166113626e-10 6.484665352225107648e-10 6.916452454767392379e-10 3.427515695669375977e-10 -2.306265468188382044e-10 -1.071628878751997377e-09 -1.148830762197003418e-09 3.688966654022974502e-10 3.764020187031884691e-09 5.766191070305570785e-09 4.204300684033341123e-09 1.495625482804170463e-09 2.023042738349797715e-09 8.747877035097811537e-09 1.364673225142332262e-08 1.354739365958574222e-08 6.265751242383140537e-08 2.004918266930168112e-07 3.982571335707135912e-07 7.472987462692563474e-07
-1.450922142604630342e-06 4.507252725962781755e-07 2.415411584284311667e-07 6.877846345432261942e-08 1.464695531230379318e-08 4.462780783430839879e-09 8.541358840215133123e-12 7.400664251661683916e-10 5.506173821232175147e-09 3.622720186950929022e-09 1.215644745240282831e-09 6.135992969523922216e-10 1.745532977463078325e-09 1.273552395404800509e-09 1.014032443344777573e-09 2.460796941699090332e-10 -9.563510948799015730e-10 -8.905867069535107078e-10 -9.798177787533523447e-11 3.730855720023103194e-10 9.013410591306093467e-11 3.748535355855020333e-11 1.682589097058577795e-10 1.219701584442127077e-10 5.543364455426197850e-12 2.151824077584001185e-11 4.497588292639874633e-11 1.167982134930560831e-11 -3.567385464178740046e-11 -3.767956937073502486e-11 -2.548041533742882362e-11 -2.089406499106082632e-11 -2.026207074273049640e-12 2.045146952412550088e-11 1.755553331054192123e-11 -8.704657511576499261e-12 4.861655691561086475e-12 9.933126981098957000e-11 7.742612894961403057e-11 1.600842368686000279e-11 1.084563655650932481e-11 6.270882413696963438e-11 1.632874608367966581e-10 2.655745213315007595e-10 3.772407920003899891e-10 6.454097345073540840e-10 7.020438976366755995e-10 3.554454292872719837e-10 -2.726905971664130418e-10 -1.123332547828231587e-09 -1.194809418975004762e-09 4.236090829020643151e-10 3.771443185689813601e-09 5.625917391860553056e-09 3.958811693159220083e-09 1.305600007292851229e-09 2.401155208774709324e-09 9.266270179627059489e-09 1.381737684747010856e-08 1.391575109829805148e-08 6.285848094622377466e-08 1.992448357190448582e-07 3.952738021881211929e-07 7.312316667743132353e-07
-1.766385106587585602e-06 5.102792975490225943e-07 2.638464682957949920e-07 7.433357559222299295e-08 1.622845028473837318e-08 4.654762220784418815e-09 -1.244568671429064466e-10 4.618121543260559039e-10 5.369223077641212038e-09 3.565356235805795988e-09 1.158137499633702012e-09 6.350409110402385896e-10 1.838988428541754314e-09 1.288132137116915945e-09 9.979074231988238594e-10 2.658140773944719705e-10 -9.645804299496150280e-10 -9.201554346671714599e-10 -9.897133253135290983e-11 3.819773741364068441e-10 9.295921847119315662e-11 2.922780526086661690e-11 1.612878355177641307e-10 1.151616850718017488e-10 -7.228304125756788436e-13 1.518423682950329254e-11 3.688957993625469411e-11 7.435216257335746405e-12 -3.582036310827040221e-11 -3.407221301214982552e-11 -2.217026025977427896e-11 -1.904506862323248039e-11 -1.431707208723678541e-12 2.100958586647054447e-11 1.891333650357508053e-11 -6.499088933031057907e-12 9.540736873491955848e-12 9.814315493108259621e-11 7.040750465001533969e-11 1.186092696599095572e-11 7.738599890715077062e-12 5.972228582115742817e-11 1.624057822071651026e-10 2.664404264673142783e-10 3.788216674225129513e-10 6.318741891556667247e-10 6.980560601775067473e-10 3.647844987305638536e-10 -2.974516040511650625e-10 -1.220330114640556997e-09 -1.264340184840346590e-09 3.550842906609816855e-10 3.816867415136886849e-09 5.810135987256565420e-09 4.217300058767254557e-09 1.533345734246205413e-09 2.191146716875267433e-09 9.154284840053447038e-09 1.402763946108724107e-08 1.394492806575185766e-08 6.214051789302463460e-08 1.969466959016442338e-07 3.923553535870066754e-07 7.556473615390441205e-07
-1.972783361118827370e-06 4.886065159835461669e-07 2.557480121195596918e-07 7.155772433420475318e-08 1.505128318861953120e-08 4.464323444351261362e-09 -2.680094161148105164e-11 4.942061239396859742e-10 5.719344790436733018e-09 3.833576364587480221e-09 1.231597905956086207e-09 6.591542493806907582e-10 1.858496638695766406e-09 1.362552950085497723e-09 1.051084624786803585e-09 2.687903530892072933e-10 -9.770338347748663646e-10 -9.486401413770288107e-10 -1.140637026472964586e-10 3.847228650315128769e-10 1.014794393290316396e-10 3.739739269321023536e-11 1.635784229722401480e-10 1.220559439710962682e-10 4.471558946252545660e-12 1.377863114089335344e-11 3.598770055910464992e-11 9.492854493858443313e-12 -3.313590518731664213e-11 -3.331237636912258306e-11 -2.281166344221651370e-11 -2.114272980625240602e-11 -5.058972102686226429e-12 1.804148679489350577e-11 1.671314333454630476e-11 -6.365956348964360969e-12 8.860770937147304559e-12 9.972724136720281041e-11 7.521196603075186298e-11 1.659460624339585054e-11 9.926614596417995006e-12 4.928099669360739985e-11 1.489620297688709162e-10 2.621174978638467032e-10 3.875718309575532942e-10 6.619471029474878999e-10 7.129420838490607962e-10 3.678479609121321003e-10 -2.783367439627653173e-10 -1.175011601621175103e-09 -1.269706666292817624e-09 3.048908859797630014e-10 3.776231709120509586e-09 5.756787835180352984e-09 4.186608846805388693e-09 1.337727243854461477e-09 1.862522123527415593e-09 8.254013702877700199e-09 1.316740191955362534e-08 1.325083014606344941e-08 6.036697996164681873e-08 1.925979495440237076e-07 3.736741079085498326e-07 6.870962925668151263e-07
-1.844243372646913425e-06 4.880693763380676991e-07 2.588524086388968004e-07 7.388363806980543982e-08 1.590208730161558176e-08 4.821921951702414663e-09 1.508170963518810103e-11 8.713818520850171092e-10 5.730659541837439618e-09 3.723318093741734846e-09 1.189500526791957384e-09 7.014357367886618914e-10 1.870627418197461637e-09 1.350529338871367729e-09 1.059331323176135312e-09 2.801317038099228854e-10 -9.409106679571481240e-10 -9.134333187894665877e-10 -1.103472032014530074e-10 3.631590089506281800e-10 7.881378290913170550e-11 2.634928367183952290e-11 1.684665833037548987e-10 1.267965655660623554e-10 1.264864761539720703e-11 2.353335431133501683e-11 4.300145966181816309e-11 7.554205318735330774e-12 -3.651216172346106115e-11 -3.636814255375729509e-11 -2.429036533197360528e-11 -1.821350984335283104e-11 -8.443620732801635067e-13 2.023753677456696123e-11 1.543105504724045626e-11 -9.263414325610350723e-12 5.758120583704529461e-12 9.443601227213255751e-11 7.107561950227374798e-11 1.628368677930717531e-11 1.624594905002188284e-11 6.982984734252448149e-11 1.753016341901970548e-10 2.789509541237375585e-10 3.910415876146965178e-10 6.554690454264742621e-10 7.169649631945806688e-10 3.624507843819414064e-10 -3.140982965968329697e-10 -1.219378968044773896e-09 -1.281383869423567245e-09 3.897087991259362084e-10 3.822096352865752694e-09 5.701668032666766531e-09 4.167671058255974577e-09 1.586512640881840819e-09 2.589653569365912735e-09 9.764783153125805968e-09 1.530352080687141784e-08 1.679156715418480192e-08 6.554881339030837170e-08 1.981021522901113039e-07 3.882781827122403620e-07 7.322165575116397490e-07
-1.717100979394068203e-06 5.699206511130220311e-07 2.897806274754915695e-07 8.778261590656267987e-08 2.217396090597019891e-08 6.437951496792357104e-09 8.575221884174112589e-11 5.677451096052618236e-10 5.216034431463152548e-09 3.332603720681318765e-09 1.156909488424011958e-09 7.234493024558978976e-10 1.909431735786680265e-09 1.332689378639039123e-09 1.017094585156729327e-09 2.457459493228764705e-10 -9.776658552619073414e-10 -9.413004361897235564e-10 -1.280013552559367749e-10 3.805229026788801856e-10 1.130461874515323209e-10 4.331781593877211510e-11 1.691930157910205428e-10 1.208012436251507040e-10 4.719609800825524036e-12 1.843826368856141282e-11 4.122073564498172527e-11 1.120964999250409171e-11 -3.388722053797531925e-11 -3.536667165693826752e-11 -2.676632584356045905e-11 -2.360376564593689087e-11 -3.367916836237236743e-12 2.027640916481290479e-11 1.672153988346265481e-11 -7.351911879888529372e-12 7.902365752100328253e-12 9.828415696549714414e-11 7.530333583222689942e-11 1.594059928051856104e-11 1.148503875096659385e-11 6.276977635277431395e-11 1.653760036208869908e-10 2.723513242406797380e-10 3.880558790536075153e-10 6.595108566730130250e-10 7.140124717575835840e-10 3.467672039712598132e-10 -2.790374565758843623e-10 -1.109974774130322276e-09 -1.225857666502766299e-09 2.942697876557091430e-10 3.725942152420557452e-09 5.626023600895773206e-09 4.021094569897602595e-09 1.267562703960613924e-09 2.038175890153989370e-09 8.917209481517266607e-09 1.414710076403657579e-08 1.507552934874861485e-08 6.568130407885504369e-08 2.030733554561706777e-07 3.999791399849140945e-07 7.559873301587010834e-07
-1.550115576741903829e-06 4.712801846582194048e-07 2.479407496000002873e-07 7.073940667717218872e-08 1.677244573483447252e-08 4.621633693094993033e-09 -5.944390342067538612e-10 2.879237111938403700e-10 5.265517186681543210e-09 3.495528119559221637e-09 1.125231945143737656e-09 6.647668169656492959e-10 1.909263167095805202e-09 1.408372920252132868e-09 1.118705141019616550e-09 3.357882686347882182e-10 -9.430106688129698890e-10 -9.262421542660438656e-10 -9.706120651269668660e-11 3.792845088982820585e-10 9.619705382502203270e-11 4.274315784174114904e-11 1.680434565289247714e-10 1.154583011295249449e-10 -6.716500757257601244e-13 1.612724384443201511e-11 3.816449166537809581e-11 6.788140334262303188e-12 -3.894278591328718228e-11 -3.635967016690524163e-11 -2.289898859954340998e-11 -1.774324216027160640e-11 -7.496899524408186221e-13 1.855274714679309918e-11 1.409232799875206037e-11 -1.200030669956223718e-11 2.547657354443610773e-12 9.731361363997000358e-11 7.451338257753628599e-11 1.110772677210505175e-11 -1.478970594110451876e-12 4.899028524014557617e-11 1.606436965135967411e-10 2.733115887681093928e-10 3.845595113049648416e-10 6.408814402311892962e-10 6.886564799968608628e-10 3.548168760211937134e-10 -2.641364803832678964e-10 -1.139015157395905781e-09 -1.235651288360151582e-09 2.888749362184470384e-10 3.666943267375398147e-09 5.605622588437972483e-09 4.019582574329251942e-09 1.440602988686328879e-09 2.111298741664019500e-09 8.515035575921336751e-09 1.313285461454198325e-08 1.301737694095327643e-08 6.082208332528922283e-08 1.962664669858584593e-07 3.863066693311764455e-07 7.234821060712569976e-07
-1.823574113492372636e-06 4.612480390815639900e-07 2.414864346073266552e-07 6.630953596688576359e-08 1.240491385001693808e-08 2.574690388909300953e-09 -1.022943614829428389e-09 4.942009979471043115e-10 5.540842821219773576e-09 3.504990280357879193e-09 1.035010801936303227e-09 5.320718848750427106e-10 1.770323136230805616e-09 1.242626022785298618e-09 1.010209485487788666e-09 2.987727803092655846e-10 -9.127638837068692694e-10 -8.837419367477075512e-10 -9.519393705035157044e-11 3.890849281382513651e-10 1.024972854385307046e-10 3.997836616331382337e-11 1.631219969043532969e-10 1.169226868469704254e-10 7.483838294519479687e-12 2.407006823261106373e-11 4.219814205552188834e-11 6.910780933828923872e-12 -3.972024280677233850e-11 -3.925689141600290508e-11 -2.781525530389036782e-11 -2.141048023323881139e-11 -8.067674812285158865e-13 1.931594493687420213e-11 1.617375244783557573e-11 -7.842214131181507714e-12 6.989703601013054773e-12 9.906885898123851683e-11 7.271579242994551141e-11 1.343388067799998788e-11 6.907023037001437407e-12 6.225512373313395971e-11 1.737049181632809428e-10 2.799351463488086687e-10 3.908987389593294336e-10 6.407946070226132002e-10 6.917637226238922018e-10 3.435924962881581819e-10 -2.931957479601696321e-10 -1.151853969805944475e-09 -1.192474250146047659e-09 3.909524096308737663e-10 3.748541912189625241e-09 5.581760147739780688e-09 3.888914992864644400e-09 1.196530032855690241e-09 1.950857296334136520e-09 8.792840006554369076e-09 1.336382300495664780e-08 1.173342077910582640e-08 5.682589236195336537e-08 1.834117963212848935e-07 3.628981677439707644e-07 6.880030673061506634e-07
-1.731017728419443266e-06 5.430619681798776495e-07 2.774776181629793123e-07 8.470026760496973754e-08 2.190221766165418131e-08 6.985705644935194741e-09 6.068764177791840991e-10 1.223130803012741036e-09 5.755188410332936480e-09 3.490303238334128755e-09 1.022898140389779127e-09 4.957855975842271322e-10 1.724224372323417469e-09 1.306895060479477126e-09 1.074237867869430511e-09 3.143317060970760857e-10 -9.199049388935023950e-10 -9.218353685327517298e-10 -1.120770518955665155e-10 3.902667765409260117e-10 1.126681561737060470e-10 4.652712997509850706e-11 1.694432566030778465e-10 1.130083807224048509e-10 -2.847358335727036853e-12 1.645098548741784515e-11 3.794484793167812619e-11 7.408333884226999818e-12 -3.571648762906045964e-11 -3.349443025493926551e-11 -2.362373039649877366e-11 -2.202273208164395001e-11 -3.449272186176001660e-12 2.089251784139099124e-11 1.727424449612357950e-11 -1.093110961473195143e-11 3.101959561790291547e-12 9.545713153910040191e-11 7.557516618618121802e-11 1.792901109656678766e-11 9.225291680646475741e-12 5.977379754612015520e-11 1.674591619667890121e-10 2.707594525354606072e-10 3.769546379106403794e-10 6.336007508360890325e-10 6.788863131646101361e-10 3.462644072614936274e-10 -2.555675125101381433e-10 -1.118873181883590535e-09 -1.177828980557801451e-09 3.743285872452061443e-10 3.711001770299421940e-09 5.556296668658395130e-09 3.926459309584468024e-09 1.318578631540665568e-09 2.297986502648686464e-09 9.266222683322716925e-09 1.434902106224865649e-08 1.423469728802071829e-08 6.192236115107723601e-08 1.952825439939024242e-07 3.858549469958336859e-07 7.368374066291341842e-07
-1.598781586478132903e-06 5.556904019617341723e-07 2.901676644851145162e-07 8.721072212508667236e-08 2.262129067977295866e-08 8.020116063376717975e-09 9.141509958292393397e-10 6.733219970382952477e-10 5.454524383549059746e-09 3.572163267770401336e-09 1.217756889353998352e-09 6.891113108705976224e-10 1.820495741928533668e-09 1.337219532058273761e-09 1.089050727387466485e-09 3.079889639325004438e-10 -9.524678332199762802e-10 -9.120134397298061654e-10 -1.135908181913111973e-10 3.762990457526587416e-10 8.574754500163873449e-11 2.083163815770347612e-11 1.570871853667422545e-10 1.170546572044191211e-10 6.455176072005516640e-12 2.251136325813381416e-11 4.223047407367439361e-11 8.470289398187776430e-12 -3.886328586672317882e-11 -3.812840735657205496e-11 -2.528029877223386696e-11 -1.995940012245795445e-11 -1.270606525228572246e-12 2.187054629762948760e-11 1.957273184060020245e-11 -8.512808198738965301e-12 4.152509692465239540e-12 9.555883575717295398e-11 7.367041379678055074e-11 1.510402164853341023e-11 5.701222958629816500e-12 5.342488890834334709e-11 1.564757589656733487e-10 2.695493439877350813e-10 3.914611072765285053e-10 6.518937268640656327e-10 6.997479036954688230e-10 3.676735759588358009e-10 -2.430858917398169730e-10 -1.112608985008271056e-09 -1.202300317582578157e-09 3.853032321469651873e-10 3.811225998647040485e-09 5.672141678950412292e-09 3.961221364775570884e-09 1.382125225666687712e-09 2.314329564619162154e-09 8.669810837237239385e-09 1.269486491469924480e-08 1.193102530454743457e-08 6.019859457360924765e-08 1.952266816856439607e-07 3.918479304720095468e-07 7.400523522832953256e-07
-1.953918755924375948e-06 4.973128212392265758e-07 2.669311959813019258e-07 8.056248193159511983e-08 1.968592331159706103e-08 5.922918672555084527e-09 6.565022345861158238e-10 1.194900882976254647e-09 5.771330872751274798e-09 3.489313509491006757e-09 8.679308120510548268e-10 4.236675989502349654e-10 1.762173899056961501e-09 1.331481434986605588e-09 1.019312817013702645e-09 2.155346354541610060e-10 -1.021817310229147128e-09 -9.596151047102227619e-10 -1.275889397327765156e-10 3.713674321976612666e-10 9.000010068684112941e-11 2.762224324012635690e-11 1.670975231825293397e-10 1.245208564568696398e-10 7.736260269982740188e-12 1.810446898957701590e-11 3.572476446993951449e-11 4.448046958691138300e-12 -3.846955718782262215e-11 -3.827524580805691174e-11 -2.643526776158977440e-11 -2.071653209701800620e-11 -4.379162807672252948e-13 2.134419698467052425e-11 1.648929922313994018e-11 -1.129874613987446344e-11 2.161520114129378520e-12 9.390141774527188678e-11 7.051272813170927599e-11 1.449995234986077029e-11 7.850092300187235887e-12 5.696883682651506652e-11 1.631998964601038683e-10 2.695921008010383386e-10 3.894340924650780373e-10 6.487760868510803260e-10 7.015439611096492465e-10 3.598314986468327098e-10 -2.656302059073177411e-10 -1.104612574439370241e-09 -1.168981045809580517e-09 3.738971232711312928e-10 3.631394115419630832e-09 5.569203176975367624e-09 4.146537921994702488e-09 1.685733439973951203e-09 2.627676355418261565e-09 9.138770795944422499e-09 1.382405316103066835e-08 1.419086292005751565e-08 6.246737693902957967e-08 1.964130066386569347e-07 3.895334336615687643e-07 7.337358229630416163e-07
-1.607595346915660114e-06 5.063341456167524386e-07 2.653543564002425520e-07 7.785559234728923391e-08 1.718353145121697185e-08 5.097663041478923507e-09 3.610959133866652527e-10 7.257699066512225480e-10 5.412758415599419638e-09 3.366684257697811344e-09 9.881949971060689411e-10 6.382851385653520459e-10 1.945022104726536301e-09 1.448821622586911151e-09 1.116099252399923173e-09 3.179496654613596039e-10 -9.567336149978647762e-10 -9.428977626962912323e-10 -1.345981133007916625e-10 3.564968536792174616e-10 8.093172366244343637e-11 2.354913946088454136e-11 1.592517696167048412e-10 1.166125258203172903e-10 4.310532460491320340e-12 1.861557849215383613e-11 3.900129030193407700e-11 8.375103464784457683e-12 -3.692417211130823244e-11 -3.632866848734322794e-11 -2.438391348308688162e-11 -1.988763086555605496e-11 -5.840175025127770341e-13 2.076588641665507809e-11 1.640640424339137467e-11 -8.003073021422803194e-12 3.920376838185654467e-12 9.358571007608035233e-11 7.355163350983840552e-11 1.660077644719677562e-11 9.473880252195540667e-12 5.380453765139706113e-11 1.610989614556004890e-10 2.711775176943204351e-10 4.004390484092742672e-10 6.673061875419265478e-10 7.077580512073003406e-10 3.432893023689772333e-10 -2.954175458612509645e-10 -1.149115721247654942e-09 -1.165666528503390408e-09 4.448369148192765926e-10 3.855921504362067188e-09 5.823681000437504721e-09 4.032418980469033766e-09 1.343777546428965064e-09 2.050918976409174418e-09 8.644806408912990361e-09 1.343477873929970639e-08 1.309761186706546436e-08 6.128953148131083620e-08 1.973814650790536429e-07 4.005037622636132310e-07 7.773434145659402933e-07
-2.285443527394134798e-06 5.320183935398590588e-07 2.796471000883244216e-07 8.611959899332537454e-08 2.136659861527139832e-08 6.803554717792688468e-09 3.767508572153995261e-10 5.361772128979627386e-10 5.522368012704071056e-09 3.658721429342031504e-09 1.205911262813759961e-09 6.639759739113557390e-10 1.882926243920919267e-09 1.377840114176457189e-09 1.066491817341472268e-09 2.722786830275136925e-10 -9.758002929644597335e-10 -9.428350869282024149e-10 -1.369648148512862177e-10 3.682100286024707476e-10 9.979206883492121702e-11 3.492292600787666241e-11 1.566388110477014445e-10 1.093439332696848254e-10 1.947647431828900027e-12 2.030318481772162112e-11 4.162515223072830155e-11 8.048731008399579628e-12 -3.761249120665606076e-11 -3.798495640885997605e-11 -2.627980884078000237e-11 -2.096776869640516119e-11 -7.774303723548993164e-13 2.216021260697640012e-11 1.777430552686273346e-11 -9.505031021860417937e-12 6.418313642165083804e-12 9.956792530659027671e-11 7.217907776373216970e-11 1.322291128647203723e-11 9.297050399063304876e-12 5.494809900152761793e-11 1.531218171690523160e-10 2.572446141615892378e-10 3.741500524636754714e-10 6.408274588735942514e-10 6.929870010689259847e-10 3.569429791107092890e-10 -2.526082549785581358e-10 -1.102907615157051504e-09 -1.214039610959655032e-09 3.491490043250666240e-10 3.775093933698161947e-09 5.768509983605092869e-09 4.025655273848255715e-09 1.053778038789126501e-09 1.782571551433099361e-09 8.504328718563231760e-09 1.320156432293000884e-08 1.237005367737441806e-08 5.856710611955061893e-08 1.879966412499942112e-07 3.697755609292320492e-07 6.910970394431116216e-07
-1.255139814557687407e-06 4.968883301508984711e-07 2.598944119655906067e-07 7.479793948219635814e-08 1.600596837303755597e-08 3.901108243711749248e-09 -5.312013823925775612e-10 1.513565178307270530e-10 4.881751433694900800e-09 3.254841433806164327e-09 1.153100379246109571e-09 6.489819741918275589e-10 1.853372495108730855e-09 1.345042283308230446e-09 1.053785719756449178e-09 2.759030557304714224e-10 -9.746417643997588298e-10 -9.349833775956158880e-10 -1.231411837482647826e-10 3.709352358807288569e-10 9.058872000668907857e-11 3.162150057431722787e-11 1.661492184216978561e-10 1.157044653084048539e-10 -4.248869827580931293e-12 1.284184476570560524e-11 4.129306267153756259e-11 9.958282285853727576e-12 -3.700013383288839859e-11 -3.770919364221188418e-11 -2.553513280790580260e-11 -2.248892851945017621e-11 -4.384596843737268076e-12 1.837586787986155586e-11 1.717246164123330223e-11 -6.522263821680719996e-12 7.194402301218745453e-12 9.696685755746532368e-11 7.295043558631773169e-11 1.478558377891323542e-11 1.193983362662889765e-11 6.152161094764368451e-11 1.630356061925014947e-10 2.767584319232243094e-10 3.992998145671255384e-10 6.529387588685231931e-10 6.879474899100038594e-10 3.417226715722980199e-10 -2.518766521850051154e-10 -1.132763391823562808e-09 -1.271066947915050006e-09 3.028260423429384376e-10 3.737681730554756861e-09 5.704995161534448568e-09 4.025830536268990132e-09 1.272384904161876963e-09 2.182143325122548358e-09 9.171507489112299223e-09 1.433985122325024897e-08 1.509702614504690571e-08 6.506217467071411871e-08 2.042659286764840952e-07 4.086494316530569996e-07 7.728846370890522881e-07
-1.484496814065199112e-06 5.131168838516166137e-07 2.621007647236112105e-07 7.330255632518855675e-08 1.594634802615805600e-08 4.943879087575853715e-09 8.784778716563272767e-11 5.155190995059324821e-10 5.512513192398531746e-09 3.581464326061921536e-09 1.197461296724720586e-09 6.712550938591160866e-10 1.842235265247982481e-09 1.289117943845569198e-09 9.830142515313499660e-10 2.144821071428151370e-10 -9.700107216774601872e-10 -8.924350223731551379e-10 -1.010984478096379926e-10 3.723863144717953074e-10 1.050328197444128205e-10 5.062886674031166391e-11 1.789324871590720184e-10 1.235764564372204241e-10 4.116467677875712785e-12 1.413151543951005388e-11 3.420557321457927908e-11 4.237577044557397257e-12 -3.834030646590902356e-11 -3.576027658756282172e-11 -2.348960222321321886e-11 -1.847139425304320449e-11 1.029797200517514275e-12 2.230794535074086607e-11 1.811244291220292461e-11 -8.428245305237210312e-12 4.794497742337646384e-12 9.727273887236573583e-11 7.605176832152923802e-11 1.758751087163863137e-11 1.077007281497475150e-11 5.618575949638818695e-11 1.564099836834088180e-10 2.621519684314181870e-10 3.737566748263789094e-10 6.353242160168980984e-10 6.980014870716231449e-10 3.718983240687862379e-10 -2.088641839916957285e-10 -1.079903831031574527e-09 -1.192743354635005844e-09 3.443822888767321240e-10 3.779737832463435753e-09 5.788087550186456499e-09 4.118431952184272580e-09 1.391350823489007386e-09 2.235373142960078885e-09 8.945235710491479840e-09 1.334641215675018991e-08 1.267416572477528994e-08 5.991595456992366733e-08 1.923988394757098757e-07 3.842606180029159568e-07 7.413314449585340668e-07
-1.347033077634531019e-06 4.939379951780595809e-07 2.542183051912311361e-07 7.302060101728038307e-08 1.585348684711735854e-08 4.641135402527935238e-09 2.061734262269130621e-10 8.445992138435102834e-10 5.346120352271992844e-09 3.364238049407307881e-09 1.042176088532384484e-09 6.296682638271561017e-10 1.849018580648097430e-09 1.310256767688269105e-09 1.038606562649107096e-09 2.880208596559788498e-10 -9.219725336986995126e-10 -8.849079114475603781e-10 -1.098082539399697390e-10 3.668809005316616080e-10 9.423770972192550313e-11 3.610918058757830364e-11 1.603597289635814812e-10 1.168237989726218655e-10 5.202977631735698156e-12 2.130845486262370361e-11 4.182510763167150399e-11 1.388181928439801485e-11 -3.212616056618160281e-11 -3.479832795610075877e-11 -2.359417731598659375e-11 -1.966743028815441952e-11 -8.230897603178317532e-13 2.095221335687484262e-11 1.869000795948566649e-11 -6.877534937229611804e-12 3.989689842274427167e-12 9.620519789926178660e-11 7.559995675071773291e-11 1.712901090468719072e-11 1.303767050574286337e-11 6.905573138729890325e-11 1.819253730582124447e-10 2.839065511046375570e-10 3.881216100993521320e-10 6.467017045425933120e-10 7.041713683772385856e-10 3.629825147220253938e-10 -2.620961746374000798e-10 -1.155107832384808448e-09 -1.248877903200473755e-09 3.154949038716842291e-10 3.671772135922493456e-09 5.477760639727299512e-09 3.855786195527894762e-09 1.320632254810236117e-09 2.126570210580178209e-09 8.830317960577241141e-09 1.352260668932132999e-08 1.372259049163368189e-08 6.382595688596064040e-08 2.047337100628925593e-07 4.097983794745671754e-07 7.812867317786969531e-07
-1.603158051819880606e-06 4.905489981343294465e-07 2.587030268924628965e-07 7.338244581536839515e-08 1.510082395195660970e-08 4.079356625365015390e-09 3.931021463976558637e-10 1.153204226753615259e-09 5.788485089729865540e-09 3.719184059928387526e-09 1.103634855411274883e-09 4.956805348611058219e-10 1.763294617930427942e-09 1.296655633532150055e-09 9.896102566717870840e-10 2.447866464773580003e-10 -9.696735056368436892e-10 -9.109949759320900771e-10 -9.335907635020903717e-11 3.834286449733095190e-10 9.817365726457629722e-11 3.931908013860522537e-11 1.670681686335142635e-10 1.116620880551038212e-10 -2.888308835874007247e-12 1.290371989105716361e-11 3.793464184926658268e-11 8.329280965336274666e-12 -3.580753097856290353e-11 -3.442711461301024497e-11 -2.438315333436206032e-11 -2.084502251061598771e-11 -3.431096659311561529e-12 1.873859925274343065e-11 1.640218900150846385e-11 -8.648378188522372734e-12 4.161979993744640491e-12 9.418441748554596112e-11 6.887719073587983398e-11 1.250057568661320459e-11 1.421062066628334102e-11 6.564793251946586645e-11 1.671813768597950039e-10 2.655450931729214425e-10 3.793788075278977511e-10 6.433423860831821023e-10 7.024485212450014438e-10 3.574987060682364770e-10 -2.676382432791770947e-10 -1.138537331788377695e-09 -1.216717164570050128e-09 3.227408672729863830e-10 3.755875255470332950e-09 5.764700894307159840e-09 4.178847462675748703e-09 1.437652639006974294e-09 1.917228385546657350e-09 8.488537044729017804e-09 1.326434075709562556e-08 1.362307467787131681e-08 6.107685586554965825e-08 1.924914515422017453e-07 3.733233293839463397e-07 6.851920083678570268e-07
-1.897666179240638759e-06 5.089384310733102542e-07 2.688606085324812490e-07 8.054217459320020503e-08 1.971369547040602962e-08 6.130513532631849206e-09 2.509339337236270044e-10 8.809779123118161503e-10 5.556278329936383992e-09 3.446037325304781519e-09 9.581634807954676668e-10 4.383080183369804983e-10 1.726434322805683123e-09 1.263250256570975169e-09 9.955520473636215034e-10 2.771812025053460673e-10 -9.165612929631532164e-10 -9.099853506229923649e-10 -1.354147631909724455e-10 3.568525200710347763e-10 8.538489937872771715e-11 3.131077549398366804e-11 1.657932988043641868e-10 1.187921002547772976e-10 5.738192527201662826e-12 2.203732883649524889e-11 4.247959360189698000e-11 8.392150004126665076e-12 -3.681271213007427583e-11 -3.647991975434192938e-11 -2.568687506830863925e-11 -2.028055343646751059e-11 -1.799002784554996198e-12 1.902864522769720351e-11 1.658121655700265129e-11 -9.701406949452421595e-12 5.138156245972519642e-12 9.669913186341741320e-11 7.194771840678089930e-11 8.928399728478255344e-12 2.136086994091641062e-12 5.032274753055476581e-11 1.621050932848480199e-10 2.754081437994888315e-10 3.819050922141173687e-10 6.376927194639088109e-10 6.970782967834900023e-10 3.282168440636132319e-10 -3.437857574602515219e-10 -1.205191963756156951e-09 -1.242740275743298994e-09 3.624127481361447800e-10 3.778540288103796302e-09 5.697838780577485584e-09 4.127796876635631365e-09 1.374107869074854678e-09 1.913754677566642773e-09 8.624009906558413828e-09 1.471416639506161796e-08 1.625567035640479339e-08 6.390706758045556788e-08 1.962781406369891157e-07 3.856746764813645955e-07 7.107935559862068719e-07
-1.859392349575403907e-06 5.206155529826288641e-07 2.675949015169278691e-07 7.699234353937670301e-08 1.692500341578505002e-08 4.647042479142088797e-09 -8.843506995299123969e-11 6.373563008033182289e-10 5.326088992264973140e-09 3.290784186354341177e-09 1.007030706236615704e-09 6.081986148359307539e-10 1.866429072589456160e-09 1.378678040566033484e-09 1.027486883773244638e-09 2.579239595467406298e-10 -9.918897516307349794e-10 -9.475466979678741604e-10 -1.354117780278316869e-10 3.705373386862133154e-10 1.012792427927133794e-10 3.706172452485290919e-11 1.625962242190336561e-10 1.162266871103931101e-10 3.586328420904426462e-12 1.919097076045767956e-11 3.880694414954110359e-11 5.918381776241564461e-12 -3.808069589952809058e-11 -3.751799022662678223e-11 -2.751006755508730206e-11 -2.173959372360891606e-11 5.637923850391369999e-13 2.112016995528377453e-11 1.379428202606157729e-11 -1.014158430944465145e-11 6.593540379710457555e-12 9.971843443883312491e-11 7.356511883613553771e-11 6.919721529208049121e-12 -2.513361050159952725e-12 4.674888490530761674e-11 1.561310635576996263e-10 2.688962007115372478e-10 3.833032946941096494e-10 6.348820494440466532e-10 6.693451671204479688e-10 3.178831842291299809e-10 -3.062580575859920073e-10 -1.166899854581639186e-09 -1.259934896598017818e-09 2.812931552270061846e-10 3.640432477509132420e-09 5.605328992634594619e-09 4.066841242858646171e-09 1.496459102469764794e-09 2.378597720424834806e-09 9.089840308078645604e-09 1.453361896186959158e-08 1.617406014316913415e-08 6.587923610617841183e-08 2.018407478274900403e-07 3.993027957343058418e-07 7.591503798718388002e-07
-1.992848393384457563e-06 5.439530873255559205e-07 2.826581827274872574e-07 8.444581148999187400e-08 1.965298538374307135e-08 5.427672019710658877e-09 -7.563123700885010699e-11 5.857714443554781963e-10 5.398828524419410617e-09 3.485782257673466504e-09 1.084794735579985373e-09 5.601304411665913301e-10 1.792670184894148872e-09 1.376418996351617318e-09 1.098003588322101143e-09 3.199676922231773295e-10 -9.212195252178042063e-10 -8.971690944043766220e-10 -1.246103175234557555e-10 3.616001055120833994e-10 8.536301860473633997e-11 2.236219453298489425e-11 1.581644526229173665e-10 1.170451715466434548e-10 8.257029622521973067e-12 2.116668788968786944e-11 3.858914315680205228e-11 8.562550721002331940e-12 -3.518375903446986997e-11 -3.597896321393722817e-11 -2.668057272443265632e-11 -2.218862449853896699e-11 -2.661691264871319680e-12 2.024376563358597419e-11 1.692769503500468793e-11 -1.028351324042378289e-11 4.797897889358701469e-12 9.523848008362664193e-11 7.174340041711161478e-11 1.074699803490616620e-11 7.883206082349769593e-13 5.287113191367553614e-11 1.692334889287210302e-10 2.845968993000215406e-10 3.977232298905634502e-10 6.593861217972984678e-10 7.117938183211984183e-10 3.589395922575155165e-10 -3.029922366921872475e-10 -1.181874135049474384e-09 -1.256197254394344289e-09 3.037181714483152158e-10 3.620959234217448965e-09 5.503615085145914650e-09 3.951339312850105139e-09 1.332959200812445496e-09 1.853630972607569129e-09 8.257534004567203879e-09 1.268535724310830634e-08 1.238286504278295166e-08 5.871363912923867204e-08 1.860990431870796422e-07 3.614921958310839104e-07 6.799652460885592865e-07
-1.824240987582591765e-06 4.675457535186062193e-07 2.464859820903253852e-07 7.140369138984398851e-08 1.609353178721778779e-08 4.504945479688235592e-09 -3.745667649315397332e-10 3.451699557392203607e-10 5.189363531323875858e-09 3.339601947892256250e-09 9.765538369026398229e-10 5.604774108186566752e-10 1.815979211739865815e-09 1.277646113109923930e-09 9.421881070165457368e-10 2.066208203229490839e-10 -9.417165876069772822e-10 -8.745825870677781647e-10 -9.372081416375922573e-11 3.642576417783127136e-10 8.568502025546467470e-11 3.317530580661586802e-11 1.637250414992073123e-10 1.137038268100700107e-10 -7.494398837179098341e-13 1.447178583657909281e-11 3.474576658960161121e-11 6.452511953362821448e-12 -3.557337729549919486e-11 -3.574143013979561965e-11 -2.427872843044449086e-11 -1.902803484326750513e-11 -1.060548858261286333e-12 2.053804795322645367e-11 1.985832932540310260e-11 -7.672244646521134707e-12 6.676238181528296390e-12 9.910396722373129624e-11 7.518077653408533248e-11 1.646633880408637119e-11 1.147007060053907514e-11 5.782996341988783929e-11 1.617163788119127209e-10 2.684077198996038831e-10 3.828310047028417655e-10 6.504170667074953464e-10 7.090248353668979549e-10 3.570587476476053752e-10 -2.634685606444268095e-10 -1.110734797992662019e-09 -1.146711685032835165e-09 3.946167381138621810e-10 3.755492072463144248e-09 5.625903431334816762e-09 3.950612234046005980e-09 1.207370533245342033e-09 2.179153683471830599e-09 8.886676258830606963e-09 1.360332295685377767e-08 1.388000804148727352e-08 6.297818277307881328e-08 1.966011310092042571e-07 3.822877305907914931e-07 7.025262099027448891e-07
-1.587085692233266940e-06 4.798688081228128808e-07 2.517118219254459736e-07 7.189165157625161244e-08 1.516802301632487058e-08 4.153245909377536335e-09 -1.064626554866804257e-10 8.789844766765505291e-10 5.709369409733367595e-09 3.621615624337859292e-09 1.132206448250410917e-09 6.118121519445439828e-10 1.861869716950334074e-09 1.311842689490370592e-09 9.977706991726429648e-10 2.258936363255831618e-10 -9.766536400607738027e-10 -9.188178260955124889e-10 -1.074132981436303083e-10 3.837145433318553534e-10 1.114213594202000520e-10 5.395278131056440645e-11 1.682453649302974645e-10 1.110895225944435080e-10 -4.200579784433141080e-13 1.888597773086710097e-11 3.743841339486297954e-11 5.975514166428586712e-12 -3.695317778537635615e-11 -3.655727276217355100e-11 -2.483283917690331165e-11 -2.002527230086190813e-11 -1.673595447602085250e-12 2.020677402877666943e-11 1.811617067636056501e-11 -7.868108985045587410e-12 3.145271616679719914e-12 9.318210234588411920e-11 7.143365225495665278e-11 1.352509632229674437e-11 9.685414353873339571e-12 6.420032538165064834e-11 1.742711462429559598e-10 2.748544750230891614e-10 3.817996716458958516e-10 6.358065444257578953e-10 6.683183553112594172e-10 3.049952537351085860e-10 -2.859248399151682165e-10 -1.114515129594746653e-09 -1.207399651295689176e-09 3.669821342865715143e-10 3.775767172215032607e-09 5.729570981103313268e-09 4.067753588088956159e-09 1.340594939674318213e-09 2.055447397225272647e-09 8.543992704253714690e-09 1.252977807082146605e-08 1.029497778452601342e-08 5.419769970209220965e-08 1.807076953962301125e-07 3.584347376148911723e-07 6.740096870671974674e-07
-1.234395324953748055e-06 5.473679075043102763e-07 2.830845211332874167e-07 8.347874458860858204e-08 1.941949350430315256e-08 5.994256594536116046e-09 7.351828351586948618e-10 1.198577928155692560e-09 5.763753656251169740e-09 3.475975158601845327e-09 9.298525829609375307e-10 5.735390126641144555e-10 1.821776232500832359e-09 1.332617068542575664e-09 1.042842905674274523e-09 2.499605186478473748e-10 -9.763317210863059911e-10 -8.945884380211413920e-10 -9.003072475817171547e-11 3.761826170583734559e-10 9.452484435874260137e-11 4.098531891554269893e-11 1.691824492654692350e-10 1.181902989512169773e-10 3.657257106600415048e-12 1.834452256584886104e-11 4.024298140195448263e-11 1.040756228435788966e-11 -3.230855327638483804e-11 -3.295140637760569807e-11 -2.340997344772775973e-11 -1.854211049240132656e-11 4.715142513358323758e-13 2.171202776851821298e-11 1.824692891068522133e-11 -7.936977098955486077e-12 4.748344147058761739e-12 9.506492892681109933e-11 6.949176615990233164e-11 8.309198421865533239e-12 4.275179269907298123e-12 5.633055665612215509e-11 1.587259873546098157e-10 2.659406918827942718e-10 3.792796271829499456e-10 6.627443127703737627e-10 7.143804651452242450e-10 3.418445862829654886e-10 -2.925750269357785675e-10 -1.154197266464623490e-09 -1.224117870215088601e-09 3.855792005600559509e-10 3.824808816049691726e-09 5.732904495134798375e-09 3.955936562601222743e-09 1.086812403184025834e-09 1.822290154248806772e-09 8.292511806811607447e-09 1.284218933994152685e-08 1.320497962415727368e-08 6.201634471486819427e-08 1.967723200549798294e-07 3.904001737684114491e-07 7.343285263038293799e-07
-1.783526008992198997e-06 5.261272699571326785e-07 2.746400398213939072e-07 8.232510174771526379e-08 1.961073583551064651e-08 6.319901644046690733e-09 4.146426952064071931e-10 5.344445150816622883e-10 5.113196314397037763e-09 3.257197171599243998e-09 9.846702953514308300e-10 5.598493515146360317e-10 1.834431255713327214e-09 1.393754827320485593e-09 1.102301647476283239e-09 2.822791165649597703e-10 -9.668184771203026621e-10 -9.068296076511994336e-10 -9.681276306468428158e-11 3.881932966087491175e-10 9.847578874823213335e-11 3.982324231340038284e-11 1.613817732304615645e-10 1.113835645926288290e-10 4.184674364503156263e-12 1.452851947968966946e-11 3.764029616360978687e-11 8.425630524363331660e-12 -3.531468710466642956e-11 -3.503860422151775761e-11 -2.649469845358810926e-11 -2.316133529433566997e-11 -2.467418696487598923e-12 2.099256304306761063e-11 1.746151964316200191e-11 -8.449753324779683512e-12 7.371908436585188068e-12 1.010236150650451568e-10 7.634568288999726588e-11 1.575218464534538350e-11 8.885662631329287796e-12 5.811742102750252705e-11 1.622469948576925316e-10 2.738978954874602608e-10 3.877280478388146287e-10 6.383272927427137056e-10 7.007478858829037096e-10 3.735868145897582525e-10 -2.406413867587119984e-10 -1.123861669950826056e-09 -1.198878313192101584e-09 3.660226276168655386e-10 3.702371471277459315e-09 5.584632456743119622e-09 3.953237608095297724e-09 1.223875905768008841e-09 1.950102839954260999e-09 8.853589280848028383e-09 1.378189278484077823e-08 1.340109146548652396e-08 6.103396181547404144e-08 1.924636215453420696e-07 3.746677745948397707e-07 6.902779455135007221e-07
-1.558458108194331023e-06 4.541739632858675043e-07 2.399983646422837754e-07 6.421786073210174135e-08 1.189617314928006258e-08 2.436024445609566227e-09 -1.820825609113839646e-09 -3.081296631290237540e-10 5.147264539876767281e-09 3.374549681105433331e-09 1.077989317644054772e-09 7.468132886093614316e-10 1.934087262614132358e-09 1.390860808197657386e-09 1.062162241451120913e-09 2.847739911301598414e-10 -9.693439858459116555e-10 -9.389952523483389786e-10 -1.381812801995952926e-10 3.767994270163565587e-10 1.070147265836905917e-10 4.240652694852953672e-11 1.703504824243836098e-10 1.207263577788999059e-10 1.515486767406240440e-12 1.971821431317070970e-11 4.100057478939842958e-11 7.179201641522861724e-12 -3.593416365212115940e-11 -3.379014269502838157e-11 -2.291469222643294667e-11 -1.911576784505439275e-11 -3.736756215469696496e-13 2.062639260186489405e-11 1.544842593584913361e-11 -1.179624537748774943e-11 1.874370195112536237e-12 9.177344338495505880e-11 6.949617800895164165e-11 1.248459098589700272e-11 6.821989877781469554e-12 5.270634695425456242e-11 1.565626416740163538e-10 2.644496818315412683e-10 3.847559778432098433e-10 6.443514938242013203e-10 6.703991453756737919e-10 3.166386904611486530e-10 -2.765221422596030364e-10 -1.129171975255893026e-09 -1.216839896522965814e-09 3.133755609563835654e-10 3.674868447631030071e-09 5.561956435929263006e-09 4.041425824709446280e-09 1.438828521130442093e-09 2.297130571708575638e-09 9.067290776525952047e-09 1.420356215453441674e-08 1.583319785312729322e-08 6.835407782393292202e-08 2.105057492599833514e-07 4.244413755419646800e-07 8.053034121221650544e-07
-1.517839120944718427e-06 5.558479434113583683e-07 2.880713930248111125e-07 8.709767165228401988e-08 2.149194343320527638e-08 6.379299051587440444e-09 3.786994467815959281e-10 8.654911281586729452e-10 5.558546329740709473e-09 3.502621118437718942e-09 1.082726136859184267e-09 5.925146155951697238e-10 1.800736094074220290e-09 1.301075217320252272e-09 1.033304948712761244e-09 2.640354166597829252e-10 -9.900656856968909642e-10 -9.527078526711422306e-10 -1.380568808826945853e-10 3.449715081926968582e-10 7.099773832974390605e-11 2.661929143836493303e-11 1.609322070955805595e-10 1.209195100512706407e-10 8.642482714812040995e-12 1.942010670391644438e-11 3.773564227800169894e-11 5.774299030238707672e-12 -3.913223940652960717e-11 -3.726402051244636056e-11 -2.491302632268878873e-11 -2.018613184605400435e-11 -3.038485689981983545e-12 1.658234110749303177e-11 1.413551136607915941e-11 -9.847462675086711849e-12 7.109999250592476765e-12 1.006846935840625981e-10 7.486103973038835680e-11 9.925220719562301662e-12 3.197223193512942080e-12 5.982638141531249627e-11 1.721140230648468143e-10 2.781913333273241684e-10 3.964780146628518921e-10 6.517690907432810207e-10 6.880663517972227178e-10 3.483224647663777383e-10 -2.554818603494183004e-10 -1.108569232278906484e-09 -1.194291927042929537e-09 3.801339710342324640e-10 3.836506680068098591e-09 5.799196958990426160e-09 3.975479780850294788e-09 1.010949235759513633e-09 1.434449009203498771e-09 7.969559004031932688e-09 1.240125940825747238e-08 1.157318544738748489e-08 5.831748423475612178e-08 1.876223711418979041e-07 3.670375645261141210e-07 6.924025713808518891e-07
-1.954659192260266849e-06 5.053248697715979481e-07 2.659712950015031968e-07 8.112745077993617231e-08 2.028770039711636554e-08 6.056070493174231223e-09 1.886946148027510329e-10 6.349846560750754426e-10 5.496250551252511598e-09 3.582532203458889969e-09 1.162942558655195348e-09 6.518858682606992338e-10 1.915770293231328684e-09 1.435496394039748179e-09 1.085294413646974265e-09 2.643305773958329327e-10 -9.770711793726123550e-10 -9.105629873372912243e-10 -1.094943591707064171e-10 3.757737816514996676e-10 9.735342894208136981e-11 3.060381151549641077e-11 1.616782480091986888e-10 1.184326972566615016e-10 3.363333893566287542e-12 1.531188646862685215e-11 3.483958448563101512e-11 5.986469549026645284e-12 -3.513048820917275107e-11 -3.521834696169712826e-11 -2.596818827141355535e-11 -2.302441548294993469e-11 -3.255256766006023357e-12 2.039334407191394014e-11 1.936024853245808213e-11 -5.764760654031826674e-12 6.014305962741911695e-12 9.262703548138669675e-11 6.609915756690948118e-11 5.183352744239891549e-12 1.644082566819708475e-12 6.054371854535054178e-11 1.738002672051535510e-10 2.837206040350351735e-10 3.993933274105616536e-10 6.557241020987612692e-10 6.725301116537334228e-10 3.280616699702488437e-10 -2.759077783074296657e-10 -1.121900739524573612e-09 -1.194170417073070446e-09 3.573169928738626365e-10 3.721075670385276412e-09 5.606447862600782602e-09 3.950640810998317258e-09 1.397451080949354797e-09 2.244145104258335760e-09 9.208748213917245062e-09 1.395878338351426051e-08 1.359036706514562570e-08 5.987271952945186276e-08 1.888915900248904502e-07 3.696403676548832860e-07 7.006317525769679241e-07
-1.846886176209623808e-06 5.183006288795164794e-07 2.670907884364272057e-07 7.925164221732659062e-08 1.911723220081334647e-08 6.120883134213632549e-09 4.157536204308411399e-10 5.387293876747178861e-10 5.383752781002749410e-09 3.476232159373274827e-09 1.122604727401847626e-09 6.615483606504914112e-10 1.829603383684425953e-09 1.300586184561501856e-09 9.772170046008589456e-10 2.345616138994716320e-10 -9.492654415260184919e-10 -8.927462481720128274e-10 -8.630281384836945504e-11 3.745334165055259568e-10 8.159877546157622181e-11 2.182117917176239736e-11 1.640987248414862303e-10 1.235614986685904531e-10 9.730117704489828150e-12 2.102240521596295523e-11 3.957066501617699170e-11 1.028881407885499970e-11 -3.276140227987752968e-11 -3.271912586343922500e-11 -2.453387041785815388e-11 -2.157418240685071653e-11 -2.294901038341826757e-12 2.021180141233379928e-11 1.580730971341052295e-11 -1.212057645396305221e-11 3.700078863374762755e-12 9.463964897912010661e-11 6.636317161368809386e-11 5.702081652097009499e-12 6.629344309763946409e-12 5.646574636531503751e-11 1.621857856327566701e-10 2.695347042021993119e-10 3.791728858463672986e-10 6.461751171446359200e-10 7.054589856733968686e-10 3.551347925410429861e-10 -2.547869707962334097e-10 -1.103553018518143973e-09 -1.164937674587761094e-09 4.500701796641996749e-10 3.840652933114272959e-09 5.708846239962276417e-09 4.007104330502383598e-09 1.363647358266518915e-09 2.133936635056154167e-09 8.793220513016651961e-09 1.355060875331502083e-08 1.321664918949517763e-08 5.925308816225552324e-08 1.889644313613214638e-07 3.715922300321331447e-07 6.989753801391561304e-07
-1.281265605451488231e-06 4.658551640010876408e-07 2.459790220601985081e-07 6.631238200874336639e-08 1.126253262299390834e-08 1.635641907173260574e-09 -1.400177827695631635e-09 3.223811680727057941e-10 5.511127670728492521e-09 3.495064033459487375e-09 1.067674864681154501e-09 6.133974602254443829e-10 1.848708504004942232e-09 1.356714454021775024e-09 1.049406474106411789e-09 2.584581835889601407e-10 -9.797506270073912043e-10 -9.194932388271417003e-10 -1.149629566124361859e-10 3.651262219629653795e-10 8.933385232656297392e-11 3.513530535580101138e-11 1.699921006068721424e-10 1.240728682425752567e-10 6.747052094185381154e-12 1.928204726803120716e-11 4.030472214226788355e-11 7.008119708213599408e-12 -3.977834702020919156e-11 -3.979840091917731518e-11 -2.792643338511904030e-11 -2.227090933743672683e-11 -2.652419631591710119e-12 1.875385185887265789e-11 1.649635359999236447e-11 -7.739063662514883634e-12 7.272987817166133955e-12 9.716536417349760319e-11 6.911569010873883316e-11 1.008608683494363314e-11 5.179085282935383123e-12 5.883499433480655451e-11 1.642815487316025962e-10 2.736534029892517311e-10 3.978905710308739561e-10 6.588406143746000903e-10 7.012863734374493577e-10 3.394458739713690924e-10 -3.150269750701781213e-10 -1.184634478158072442e-09 -1.211196741274516445e-09 3.740987942700463405e-10 3.688661670720749510e-09 5.613355014221733848e-09 4.038950377597042009e-09 1.331255996611012884e-09 2.196612822845848802e-09 8.903368124214425598e-09 1.398790776388426840e-08 1.529620186936553472e-08 6.557671796147397854e-08 2.052334895938786710e-07 4.093248748788512771e-07 7.801054041096159824e-07
-1.709727037876937706e-06 5.173338883941080285e-07 2.742742933069461473e-07 8.336237509166491232e-08 2.096636193910770820e-08 6.475461802555340458e-09 6.992966852726956735e-10 9.782145406834551229e-10 5.762776694996765816e-09 3.752138743861507404e-09 1.182537729237463090e-09 6.016529621771906969e-10 1.824287033689973840e-09 1.316767338927972616e-09 1.027356646745579294e-09 2.650527266316806771e-10 -9.502499639598495901e-10 -9.015599523075249794e-10 -1.044241090476519106e-10 3.756319624449395802e-10 9.256229213798544214e-11 3.097612443645858448e-11 1.603870860695316256e-10 1.218879341313578467e-10 9.428588601858291452e-12 1.855051823174834723e-11 3.499380521247376041e-11 6.349596987589942768e-12 -3.496950249429807300e-11 -3.316162744142342878e-11 -2.217919797223188965e-11 -1.959555075511783519e-11 -6.656594193948413901e-13 2.088000507265667527e-11 1.678791906054464973e-11 -9.906688073655474225e-12 4.620073438768121282e-12 9.729585498452728384e-11 7.529533418200458482e-11 1.511589120738528986e-11 1.093123928497626041e-11 6.127698417295317598e-11 1.614540706523343082e-10 2.702559350195604352e-10 3.874226115952067341e-10 6.419722795819111029e-10 6.880268381218315533e-10 3.577868865661608090e-10 -2.483186655030831578e-10 -1.098357088167021511e-09 -1.191510488899337621e-09 3.344615604771687233e-10 3.689328983878334450e-09 5.590169518840700450e-09 4.010591399951412997e-09 1.416990910903675386e-09 2.007495078738737283e-09 8.511761130454547171e-09 1.392431438350072176e-08 1.557119178644244610e-08 6.642968403034709785e-08 2.067087733444650314e-07 4.124823917114218503e-07 7.806166550270328982e-07
-2.294021609333067659e-06 4.985788108198037823e-07 2.628717728604158492e-07 7.663080344910902471e-08 1.749071559326508181e-08 5.034106775634643888e-09 2.676168954564865228e-10 9.884477366111759612e-10 5.652507647570834029e-09 3.540898318777618140e-09 1.138912175554201105e-09 7.785944799362744170e-10 2.007994931946873022e-09 1.449575744554700388e-09 1.101886711933194744e-09 2.741903050227056170e-10 -9.841867697244983714e-10 -9.331392939561249588e-10 -1.339817289615810749e-10 3.499640241880505123e-10 8.010158518199018168e-11 2.403958781377620489e-11 1.667315890249293450e-10 1.233285070498721924e-10 6.444698482516127888e-12 2.218690614527212543e-11 4.191140064458276800e-11 8.723213023947600962e-12 -3.834191654543826360e-11 -3.711222352147759190e-11 -2.207862401010986624e-11 -1.629993499954790950e-11 1.615808670724932080e-12 2.107250890109374160e-11 1.539681117819420476e-11 -8.481937245710567422e-12 7.556653105753919524e-12 9.837279324841461180e-11 7.269695138305177641e-11 1.273578284331994111e-11 1.685455755239999288e-12 4.776020391323946174e-11 1.564683453302678068e-10 2.714666435722984016e-10 3.902471689979726681e-10 6.405471017168462745e-10 6.843441955896481617e-10 3.464032014296940073e-10 -2.681838737155104072e-10 -1.140520812452569213e-09 -1.201004329187188491e-09 3.959246088010762776e-10 3.798957093080877560e-09 5.616500069990761937e-09 3.865800553074357159e-09 1.246239039688263228e-09 2.068502675234609997e-09 8.948894666990660290e-09 1.379731144373755314e-08 1.353628224249251146e-08 6.052313752471278300e-08 1.892691989953154904e-07 3.680034059362975970e-07 6.885978414025588290e-07
-1.211734275730672333e-06 4.896763471205900806e-07 2.539577655060206835e-07 7.262301333485050272e-08 1.599196275904942446e-08 4.721030242984146307e-09 -3.547421908080883973e-10 1.616621135745283618e-10 5.204210864060219208e-09 3.649387595690451884e-09 1.236820845280999268e-09 6.806176469595576049e-10 1.875278825852327109e-09 1.328167485197228023e-09 1.043341910579436986e-09 2.639546532003711858e-10 -9.713332810106030808e-10 -9.325700878960661163e-10 -1.305867826766066010e-10 3.551746711737724372e-10 8.003312936522511777e-11 2.847432281860736708e-11 1.619399731621653882e-10 1.151051647003246499e-10 2.341327716445179339e-12 2.153095543426447492e-11 4.330861971563788010e-11 1.162419972561670629e-11 -3.484736848837021290e-11 -3.481842972272719822e-11 -2.477286737841130955e-11 -2.084597812266062511e-11 -9.928680461564552757e-13 1.872963372042783728e-11 1.465298427624665860e-11 -1.082879430889188463e-11 4.795188190922641186e-12 9.706603632052989593e-11 7.330634750186256994e-11 2.020898199366381037e-11 1.660091865051232039e-11 5.850565500329127984e-11 1.603436088485840410e-10 2.702195946227707219e-10 3.819290450397992048e-10 6.355660422762235612e-10 6.901659809720375016e-10 3.548050173473726886e-10 -2.920691590283582767e-10 -1.144487072929201668e-09 -1.171712847642968654e-09 4.407023465027014763e-10 3.821687774601213308e-09 5.698385300150285851e-09 3.994099340934836977e-09 1.152712220973644942e-09 1.680104710052041976e-09 8.262873779885543753e-09 1.331027235680170074e-08 1.494806337752286862e-08 6.606147667424055993e-08 2.037996307329272526e-07 4.020731027391507838e-07 7.633146904177728392e-07
-1.391502836380659204e-06 4.508743867921805116e-07 2.368024517447319342e-07 6.486385341888487147e-08 1.273778121015245357e-08 3.032303327549343959e-09 -1.136937055363984302e-09 -2.984999586039035157e-10 4.940337011630814330e-09 3.458103828320225493e-09 1.261355298359806545e-09 7.573423718638292090e-10 1.929619803420454016e-09 1.333997127407357446e-09 9.782609521534284299e-10 2.499502388240084738e-10 -9.569896624857469717e-10 -9.219548441108243508e-10 -1.334284905850795223e-10 3.685082589707438744e-10 1.013621222500520429e-10 4.845148327051589482e-11 1.662838985982586959e-10 1.076419349858037211e-10 -4.378204107414000452e-12 1.533250974769844095e-11 4.015691807087482343e-11 1.022104096069723173e-11 -3.506869387926946476e-11 -3.505775713314351862e-11 -2.427616928795635484e-11 -1.952503529860007707e-11 -6.615359245486110099e-13 2.023287557300618532e-11 1.752105043832464798e-11 -7.004010253099554710e-12 7.111497469335876208e-12 9.802994025013110728e-11 7.503940830281638627e-11 1.999671093069149623e-11 1.418287500064086483e-11 5.402978757582588567e-11 1.598122237963946165e-10 2.850922103233814692e-10 4.024014307515659513e-10 6.511619389431056562e-10 6.875823041320183401e-10 3.382709639561336551e-10 -2.579163831119074158e-10 -1.130438828691541963e-09 -1.246974442075554578e-09 3.218241116703384133e-10 3.692402267320843647e-09 5.631013468347298850e-09 4.020442719849151976e-09 1.279349085652099864e-09 2.204779056455178552e-09 9.099800500530566573e-09 1.402517317459795884e-08 1.476330290654233212e-08 6.492374225469608064e-08 1.995975925734605362e-07 3.887801019217732422e-07 7.269521211400580086e-07
-1.752008200734292450e-06 5.352807146964934960e-07 2.777258110814951417e-07 8.215196232471172261e-08 1.927081149888686514e-08 5.715681081648576036e-09 3.454245759689943622e-10 8.432108415293066599e-10 5.594964326338833610e-09 3.620861511494640249e-09 1.319389240946491755e-09 8.059325882210520217e-10 1.824590126501515662e-09 1.255400523863974330e-09 1.028165312492110901e-09 2.660594869319039890e-10 -9.586463241225121861e-10 -8.985765021019134311e-10 -9.560637247516449958e-11 3.659468547203971985e-10 8.780341643899943758e-11 3.779138162917859152e-11 1.672404861994509445e-10 1.158816974205200591e-10 4.641824110634998986e-12 1.980176569049455122e-11 4.196932534146397247e-11 8.276454631308071862e-12 -3.599722733551551390e-11 -3.456109960142696693e-11 -2.320221110522113956e-11 -1.800071736497653610e-11 -7.669375151820689565e-13 2.041823125569451555e-11 1.616792126694021421e-11 -1.273174375366452904e-11 4.716724003537935093e-13 9.333156144881547477e-11 7.174616783125606854e-11 1.402385618604228219e-11 8.617959250832172510e-12 5.624132151657843923e-11 1.601552261729470417e-10 2.688600219790433428e-10 3.771843075466138943e-10 6.353681254707222970e-10 6.879640762266494224e-10 3.525020538198929835e-10 -2.439441259646570574e-10 -1.081915975883122715e-09 -1.185810782145823165e-09 3.689352601499306721e-10 3.717956197239050489e-09 5.637354514353607702e-09 3.925753264577358250e-09 1.113836380987323974e-09 1.799112609087224650e-09 8.349579314520982165e-09 1.310462151522480081e-08 1.264028006356607650e-08 6.077899488255198604e-08 1.945220830411605699e-07 3.885984409575236088e-07 7.371794717885994009e-07
-1.718523533305989240e-06 4.592290811556015058e-07 2.428260562918870222e-07 6.969024294012574770e-08 1.480111746733413871e-08 4.054623055659266532e-09 -4.931189735720872566e-10 4.707204792801221580e-10 5.297943148961970821e-09 3.469270226154413701e-09 1.144742753462390033e-09 6.842745982964983258e-10 1.875150510250126265e-09 1.382130392068842139e-09 1.103661436462283450e-09 3.304038797584023938e-10 -9.129749714756566232e-10 -8.934260087853254870e-10 -1.131805883792305102e-10 3.664664616050659401e-10 9.554719150700130172e-11 3.454099083056235371e-11 1.555011342925565166e-10 1.162835166498379475e-10 5.339539021244727578e-12 1.587558857913217246e-11 3.647517597423487508e-11 7.289882154995298142e-12 -3.770110869287306995e-11 -3.697729854991635534e-11 -2.393815669678933316e-11 -1.893257512033420910e-11 -9.931139863482472010e-13 1.942953870510245360e-11 1.558298861848669427e-11 -9.075272586068943049e-12 6.606702514219851823e-12 9.891183971333090390e-11 7.640564138220721130e-11 1.737261686389803717e-11 1.331349504667011027e-11 6.130777745000678633e-11 1.581487446869474328e-10 2.690140254568328535e-10 3.878823666550892968e-10 6.436514501063439860e-10 6.935836263738375151e-10 3.621596936096265960e-10 -2.747118956563723033e-10 -1.149382096445037527e-09 -1.195370810553834921e-09 3.984952169411052496e-10 3.757617335550412095e-09 5.658748896658307565e-09 3.975916853290993784e-09 1.272319810043107678e-09 2.177282086481777678e-09 8.887551014512834931e-09 1.379673689456843587e-08 1.417940805818118120e-08 6.279451891435879133e-08 1.974676058019887690e-07 3.955268181804451694e-07 7.430380817152831021e-07
-1.110410194810546914e-06 4.925056367517607521e-07 2.660522894766658010e-07 7.693729698468933821e-08 1.623209565421523390e-08 4.385707019721583524e-09 -3.770728956879444477e-10 3.747846540128956249e-10 5.428397913309358538e-09 3.436785307168915286e-09 9.594707844688634809e-10 4.668995638468751087e-10 1.752614869584503860e-09 1.300864714337752591e-09 1.026488106926488524e-09 2.712705860859761703e-10 -9.434553548547994605e-10 -9.160981241623233882e-10 -1.023231930898209740e-10 3.848796376150809928e-10 9.895426758831986039e-11 2.252066013671465700e-11 1.455764375607029382e-10 1.056159450498128921e-10 2.523605854545406353e-12 2.345538533470066694e-11 4.352779416603134696e-11 9.168535562970444323e-12 -3.618815492045106265e-11 -3.453024601381214789e-11 -2.322295256455963407e-11 -1.936794685190838230e-11 -1.704593005778229199e-12 1.925519472932460119e-11 1.550009655315310323e-11 -1.128462872400028541e-11 2.963530926861240918e-12 9.662120388128695002e-11 7.441443408525952713e-11 1.561526540576753675e-11 7.019005335340726731e-12 4.871354184178318837e-11 1.507484724422250434e-10 2.753968678740958488e-10 3.963020611567285844e-10 6.421624204657774510e-10 6.677197451049826070e-10 2.863670185790829741e-10 -3.595751976406981205e-10 -1.185211259132945470e-09 -1.218456045615608294e-09 3.689364842297755560e-10 3.682355017913452037e-09 5.579099808687743387e-09 4.028476422165916916e-09 1.304686409729879728e-09 2.128783307534265816e-09 9.023135324184163017e-09 1.366977245157285456e-08 1.320242256492613457e-08 6.141356738124430260e-08 1.962002571791162629e-07 3.908421790159398772e-07 7.375754229179214862e-07
-1.181182248511934426e-06 4.897366620415973162e-07 2.491359985581431037e-07 7.146835776440002581e-08 1.508058287133986490e-08 4.026169722802152864e-09 -3.234232333531663182e-10 5.093210483166761611e-10 5.603097941190995886e-09 3.823631692906600424e-09 1.249103058724467790e-09 6.002889498383584429e-10 1.826584558161389008e-09 1.323982907523646187e-09 1.019772806052663502e-09 2.609022426567594218e-10 -9.540386565903960215e-10 -9.029367003623918268e-10 -1.020518372407824081e-10 3.757063734677295173e-10 9.105451190020240905e-11 2.962304818494285600e-11 1.651627019744031001e-10 1.220218158519122820e-10 5.977686095172860225e-12 2.245960547118724513e-11 4.441243601432707421e-11 1.051152839026189793e-11 -3.466237847276333301e-11 -3.555216788024586428e-11 -2.501931253563014429e-11 -1.977187590167547737e-11 -1.618065723527978530e-12 1.917958678016976899e-11 1.635892483187345194e-11 -8.202770139892018795e-12 6.585456464534475424e-12 9.778629889676568345e-11 7.450282561466556713e-11 1.540510600831804473e-11 9.172584154929622898e-12 6.008887244557173666e-11 1.664132575018385449e-10 2.737754552784792748e-10 3.808971557253463461e-10 6.474179296741937250e-10 7.030391013460023616e-10 3.705196251843140518e-10 -2.544015567127477374e-10 -1.136412979870923683e-09 -1.245855546926945551e-09 3.061381694322504267e-10 3.703263263757749520e-09 5.694334183861012468e-09 4.044379251609655231e-09 1.153759811700779640e-09 1.849748457309734140e-09 8.968579792179114014e-09 1.444428229997571976e-08 1.565979547740304885e-08 6.554143544023497907e-08 2.050589496567930369e-07 4.129316077943159312e-07 7.952584250535026174e-07
-1.249904764689184346e-06 5.164647002776713858e-07 2.629236904405055387e-07 7.458860727018828760e-08 1.550571547659169888e-08 3.656536600123825238e-09 -8.456480291599501977e-10 2.807469215424534777e-10 5.299368353803664278e-09 3.474351072751832317e-09 9.958338760453917451e-10 5.684353988530903358e-10 1.796809696373480166e-09 1.312808783313738145e-09 1.064298018302509376e-09 2.864014924936346318e-10 -9.662372896253954289e-10 -9.281905176088518573e-10 -1.332607739363211110e-10 3.471360180957955458e-10 7.591853172652607656e-11 2.501539337582877240e-11 1.658527478012576159e-10 1.203109305104580187e-10 6.593970678835014912e-12 2.376596530717895157e-11 4.322327644767557396e-11 1.017368960352064650e-11 -3.789139027404178873e-11 -4.006802686421051729e-11 -2.770795343318959621e-11 -1.962003045888019324e-11 8.993022037737541340e-13 2.182289019584098095e-11 1.899314750623849427e-11 -6.242409094301019354e-12 7.197046076497322188e-12 9.818930529231353593e-11 7.224543779136246930e-11 1.148557012466304827e-11 3.203621032744606340e-12 5.217984099488006837e-11 1.617734771976979352e-10 2.745718180053695566e-10 3.961462064207639436e-10 6.570776682105352943e-10 6.972245323766117167e-10 3.486760238625219201e-10 -2.732442933531140408e-10 -1.137940357319301870e-09 -1.209163908299104111e-09 4.231336612060299889e-10 3.850259196745296220e-09 5.730066543477830983e-09 4.096176828527879440e-09 1.514689592266257642e-09 2.139356052780105985e-09 8.730300489396375954e-09 1.373720868330943701e-08 1.413773165693694698e-08 6.214015202390090872e-08 1.935136290438244515e-07 3.795914700369080959e-07 7.119785739626734969e-07
-1.770731575210632236e-06 4.897483132432019755e-07 2.544300826239966410e-07 7.437322886574103992e-08 1.746465103407932422e-08 5.448598574514844037e-09 2.083929690581015202e-10 5.503248170920948267e-10 5.332197928308206302e-09 3.520990855600382207e-09 1.135981314074396067e-09 6.482455300523389764e-10 1.895075043333172530e-09 1.367735583578909656e-09 1.035054217211003855e-09 2.320339605210481091e-10 -9.914733003848965555e-10 -9.338102723419979857e-10 -1.109903180965116458e-10 3.897059007668474829e-10 1.117400055179052808e-10 5.046494711103471428e-11 1.753778862759489263e-10 1.215128531009141878e-10 7.359449603553057265e-12 2.354361574769385455e-11 4.218090373172198698e-11 7.527591862372702338e-12 -3.623473118111271822e-11 -3.643800489770238391e-11 -2.646390072842053115e-11 -2.231869673709508332e-11 -2.015918677742597898e-12 2.032916260788707714e-11 1.682796157598079894e-11 -9.535637886801652304e-12 6.612966038179619727e-12 1.016137116610827086e-10 8.064771060936765628e-11 2.322922735635591855e-11 1.374344556064672348e-11 6.235069043419747636e-11 1.658643156357378017e-10 2.713620082454837374e-10 3.926721296865171865e-10 6.608119809450043705e-10 7.020393643617766508e-10 3.371079332546216524e-10 -2.886231268062843654e-10 -1.151923124581505394e-09 -1.190567537663652510e-09 4.388666835581801173e-10 3.857152437213789526e-09 5.725699628465102674e-09 3.853306846919152607e-09 1.037751348453646927e-09 1.897826402092535278e-09 8.716911413662918826e-09 1.339881013335897526e-08 1.277441980475143686e-08 6.043620381824239782e-08 1.940782660726125988e-07 3.855475835890577624e-07 7.310744253312478566e-07
-1.507002380827127129e-06 5.499914372068226701e-07 2.772026018418145155e-07 8.306605610666365832e-08 2.046792295850754545e-08 5.836406460222580716e-09 2.405368300681814180e-10 9.169420226122002291e-10 5.615269609595985868e-09 3.621943051285359413e-09 1.163415474598045959e-09 5.645763735164356594e-10 1.729772102040245077e-09 1.264483605874455011e-09 1.036738054900913482e-09 2.865644554196926083e-10 -9.481662737200288843e-10 -9.111841976749116677e-10 -9.683422562117825326e-11 3.767200260023468353e-10 8.681663389775482749e-11 2.942775026289870615e-11 1.607429702788307463e-10 1.255025466002102035e-10 1.729080701842186457e-11 2.452732529551350036e-11 3.908452679935471979e-11 7.057333486157716262e-12 -3.718227813786438104e-11 -3.579190140836369324e-11 -2.435033591022889473e-11 -1.950617389527372636e-11 -1.028943010337026680e-12 1.974812158610055881e-11 1.635630674030636526e-11 -8.200075799853829685e-12 4.386435429103316087e-12 9.505355570531978419e-11 7.304457858942960167e-11 1.365221290274041918e-11 8.991533670014936523e-12 5.859498134682880559e-11 1.655362147589720260e-10 2.769038264212925663e-10 3.816052052923146479e-10 6.305222273015724580e-10 6.918545357643197276e-10 3.477234144735503368e-10 -3.130558137250001119e-10 -1.197195424785307289e-09 -1.227658427460574662e-09 3.651628206211648268e-10 3.752166254999343472e-09 5.674261672933118348e-09 4.091260957363013069e-09 1.343323528680027445e-09 1.887218419075498296e-09 8.661639376603278367e-09 1.397790100563181556e-08 1.396807617052330228e-08 6.180087831322007125e-08 1.942561830613788045e-07 3.807192274711367575e-07 7.033076332470115950e-07
-1.524946751057443525e-06 5.206259308601140777e-07 2.718624708806160702e-07 8.144652885370745745e-08 1.957216264659415784e-08 6.265069033415395019e-09 6.816417051221988554e-10 9.090756146255652558e-10 5.385565774481498730e-09 3.369149219246538067e-09 1.097280218218971685e-09 6.846393726966235944e-10 1.881852197149432572e-09 1.383062121644928794e-09 1.081666732498032883e-09 2.762905160639481930e-10 -9.788444231958041753e-10 -9.451625296764660582e-10 -1.425075918243483910e-10 3.655305341915807569e-10 8.519369150313220372e-11 2.398169480493162185e-11 1.597011161121985195e-10 1.166520803463277701e-10 2.547044961668332959e-12 1.720107999851130032e-11 3.694978375196711168e-11 6.147060085594536863e-12 -3.695347881392623577e-11 -3.483618152572214601e-11 -2.030878860652971604e-11 -1.681714375101509330e-11 1.628136123192523071e-13 2.021673877149960858e-11 1.547373585476070785e-11 -8.882760406666232235e-12 5.658116104087094860e-12 9.730497843028798789e-11 7.191455183731994424e-11 9.539705934164846976e-12 5.379345370091379635e-12 6.428055412337864758e-11 1.713011432380019245e-10 2.674308356261903268e-10 3.611234705411963468e-10 6.193460342625148765e-10 6.900874562514497974e-10 3.437173358616495869e-10 -2.875637724010173869e-10 -1.164876415463832914e-09 -1.220309531174173442e-09 4.056678310372980923e-10 3.781378689147129827e-09 5.670585054107582914e-09 3.928063421902469618e-09 1.040053970877075367e-09 1.793480905265829269e-09 8.405914185778603097e-09 1.296539494944409323e-08 1.283555869531499447e-08 6.067581937445685343e-08 1.930899342057748649e-07 3.799238165690984106e-07 7.089895677178568912e-07
-2.422633140191075642e-06 4.659309220274907719e-07 2.501823165635409903e-07 7.152080045052352170e-08 1.537955048962078919e-08 4.085715032570011098e-09 -5.004474303499728703e-10 2.723534019453381807e-10 5.215869071777467511e-09 3.273169271553158194e-09 8.206686248693124904e-10 4.437580876583560110e-10 1.746959556489794590e-09 1.317689511909371408e-09 1.055796152132464409e-09 3.208006059906873106e-10 -9.121859857622502770e-10 -8.922699595729827829e-10 -1.134112696173668333e-10 3.694474678551051632e-10 9.193979770027501571e-11 3.081241976965026751e-11 1.627810562744310958e-10 1.110293958486553552e-10 -3.162063838407998089e-12 1.590056392724189180e-11 3.919058451574754843e-11 8.527043534975866446e-12 -3.542315392602763258e-11 -3.460641674333040881e-11 -2.193826258664412469e-11 -1.558927056277835253e-11 2.135005411433632505e-12 2.214973467864144479e-11 1.665049878007617466e-11 -9.888910327995109020e-12 5.230491651746128598e-12 9.686842216936011636e-11 7.295626347648933380e-11 1.253705978370683948e-11 8.905239189307756441e-12 5.887434922994409589e-11 1.614250849830318420e-10 2.710597321507405539e-10 3.850377318141057414e-10 6.362582376691656624e-10 6.809328776728499273e-10 3.183058320252613028e-10 -3.068677664140764418e-10 -1.181651588103580084e-09 -1.276320653379757613e-09 2.943811368256175049e-10 3.727102338075058653e-09 5.732180506210700448e-09 4.118018356460426275e-09 1.380166178867753672e-09 2.164950304161120643e-09 8.945887793976816677e-09 1.346253537331959902e-08 1.252637640149043554e-08 5.818354612369320823e-08 1.876504821298459331e-07 3.674094748467541446e-07 6.941018280153921920e-07
-2.369704699416271532e-06 4.539871371241807952e-07 2.446588655018525495e-07 7.091009275124178667e-08 1.558421361195928569e-08 4.237196679494870067e-09 -3.655384019582200963e-10 7.070325700341158856e-10 5.283666244019230081e-09 3.393898177165865182e-09 1.144846343355776478e-09 7.161517222521313220e-10 1.924939564852236383e-09 1.372477369854043639e-09 1.059760762781085592e-09 2.694706134147308974e-10 -9.265532861589113917e-10 -8.569596454988194568e-10 -7.077544621479204592e-11 3.888584158652766335e-10 1.071841078536650335e-10 3.770800724373911177e-11 1.632095085698338396e-10 1.150204036037729204e-10 9.557070906979255945e-13 2.081361719447301616e-11 4.242497758377534813e-11 7.913438536034966016e-12 -3.865304077768291377e-11 -3.699710420054663426e-11 -2.337128044698977021e-11 -2.038895917873399135e-11 -1.799968550227956340e-12 1.906846355384762915e-11 1.762824940348968981e-11 -5.772258556056072653e-12 7.908109858707186895e-12 9.756231161835184223e-11 7.213531597039148978e-11 1.073852083886207187e-11 2.701974776403513026e-12 5.133068750245908339e-11 1.614987863972915605e-10 2.778696511743542973e-10 3.892276502021395062e-10 6.415073225066718372e-10 6.982449631405195421e-10 3.480901769784990706e-10 -2.880369994321778827e-10 -1.153978778650052742e-09 -1.207955014883168449e-09 3.874721585505276519e-10 3.710396197687863053e-09 5.656393207176154049e-09 4.020264989508188217e-09 1.178186609690137974e-09 1.900017712432502181e-09 8.696702145014789479e-09 1.396402281620039764e-08 1.448418249712058542e-08 6.348291490064427552e-08 1.988477450162774947e-07 3.930289050339246932e-07 7.364788013395142371e-07
-1.777042190726476058e-06 5.151912781037028525e-07 2.724022740941660500e-07 8.134384356463116002e-08 2.126516593631779206e-08 7.307352309706332842e-09 8.102303478959262263e-10 6.800681851859659080e-10 5.409199544508956466e-09 3.611847967141287736e-09 1.166333136811090496e-09 6.187344192358719899e-10 1.830702611627313805e-09 1.344729174087051008e-09 1.064208129978996160e-09 2.849615403808731428e-10 -9.894017613749655652e-10 -9.614593618346412584e-10 -1.451611164439656618e-10 3.611821298600198588e-10 9.586269339103147807e-11 4.035260780334771747e-11 1.678846640845930183e-10 1.157096702903010624e-10 1.941822492923483722e-12 1.964482073360363430e-11 4.083928918020731409e-11 7.614020717094160224e-12 -3.856273762854172239e-11 -3.716493794386067175e-11 -2.484817173309686441e-11 -2.014271518877209399e-11 -2.757334870435612849e-12 2.002752005251625343e-11 1.721809545787489889e-11 -9.536121341160882405e-12 5.800808105561381546e-12 9.836827545311824146e-11 7.621897116523589642e-11 1.670794276838811472e-11 3.763469586355254008e-12 4.720133104462931679e-11 1.576908534839465103e-10 2.787820653033683238e-10 3.962645444051686993e-10 6.372807091027188854e-10 6.854021029216087254e-10 3.593666695843745442e-10 -2.617596191552919955e-10 -1.153228581822622831e-09 -1.205135320721948219e-09 3.894914459865586108e-10 3.826310717577859756e-09 5.814436943615779803e-09 4.106467213713469747e-09 1.285204159580797056e-09 2.017035066481529419e-09 8.840048038458608327e-09 1.404171043719747299e-08 1.497004761381141450e-08 6.515839107671598158e-08 2.041556501329828950e-07 4.074955294689506826e-07 7.719092247632727962e-07
-1.484012490468713614e-06 4.790371124414999751e-07 2.503644129793631477e-07 6.950575809830174308e-08 1.545550483635810562e-08 4.400859974495910792e-09 -3.525185835223569610e-10 2.905188342435367398e-10 5.169101566225006210e-09 3.147628725656362671e-09 8.790378276338267455e-10 5.508482177816015273e-10 1.818453750657644381e-09 1.323478231818761757e-09 1.072001050128057427e-09 2.886788773336109590e-10 -9.762767298820919956e-10 -9.606389951668754931e-10 -1.557858420901604149e-10 3.465473226501089539e-10 8.236163922716517028e-11 3.441986290516602482e-11 1.700962776427785850e-10 1.204245109735611193e-10 7.181945665195690768e-12 2.336164877186337961e-11 4.361665410407376545e-11 1.222424511491341268e-11 -3.529962593501863708e-11 -3.624171931928180261e-11 -2.541486546486904178e-11 -1.984064655377269273e-11 -8.954844592301597726e-13 2.085995656439964930e-11 1.634596209948334407e-11 -8.175033720768385802e-12 6.746722383350244407e-12 9.684223569676018545e-11 7.177429480816895043e-11 1.124341827181159636e-11 6.340935450065254007e-12 5.562974902509323792e-11 1.576325341614271449e-10 2.703258556444664740e-10 3.816772076339534096e-10 6.353586607010118838e-10 7.012992289262219891e-10 3.860564690985263679e-10 -2.344300058429930567e-10 -1.109365727826222568e-09 -1.176540849762000094e-09 3.471006537423078017e-10 3.653100263950215956e-09 5.522105390857502995e-09 3.951211685641976534e-09 1.423720571923220336e-09 2.305393681835095114e-09 8.985121116900803343e-09 1.344131809102752876e-08 1.323305052755635545e-08 6.122131944862997665e-08 1.944094678044816952e-07 3.836823283973863868e-07 7.072293422304551220e-07
-1.944864833048078035e-06 4.669486446963560962e-07 2.449747467151517306e-07 6.916629381758318946e-08 1.517968843533450635e-08 4.666362195852364085e-09 2.965973627867639517e-10 8.720316878911793540e-10 5.461011732663720921e-09 3.529716456070957061e-09 1.141641632971979313e-09 6.191561485043999358e-10 1.821425591284161698e-09 1.323595457030957510e-09 1.044201859206944709e-09 2.766316440615293625e-10 -9.707158232447155508e-10 -9.322057255504766122e-10 -1.265792692722373166e-10 3.703331892276906674e-10 9.374907635744700783e-11 3.253851736425589266e-11 1.650656352531787621e-10 1.111698688195002442e-10 -4.608989232307621796e-12 1.628099578858263663e-11 3.905210508560583645e-11 6.600362562696548922e-12 -3.765276645774103374e-11 -3.665376715539105513e-11 -2.531804756455071620e-11 -2.154450541444318461e-11 -1.426526871557515008e-12 2.173528108851764791e-11 1.866162021845686962e-11 -7.436551317451633811e-12 4.269914946099611937e-12 9.346828874166423344e-11 7.222438780210238628e-11 1.214032342559563110e-11 5.539958811719747625e-12 5.960712691994516685e-11 1.692567562331174429e-10 2.717905566408426024e-10 3.871141975376825791e-10 6.629892440187528108e-10 7.274392070322005759e-10 3.841484676764646730e-10 -2.426697023634621754e-10 -1.124846601076104126e-09 -1.228286388323990788e-09 3.297021008456094276e-10 3.720135616093284146e-09 5.726650610680962271e-09 4.233672720893705414e-09 1.428253248332871973e-09 2.217736168540567954e-09 9.227903403386253054e-09 1.464412555919676259e-08 1.554789237228744119e-08 6.615878635057842184e-08 2.077753019453539636e-07 4.152140574846896396e-07 7.784284998267984659e-07
-1.856453139713477327e-06 4.574373839557527311e-07 2.497671087678603381e-07 7.411493796256247948e-08 1.700465547754733381e-08 5.256008890167593148e-09 3.829522534147867534e-10 8.723766186973816950e-10 5.482586163038226576e-09 3.424087016085797753e-09 9.742272950984910528e-10 5.580650089921654358e-10 1.824203294738210016e-09 1.357426504549381758e-09 1.069538817062477668e-09 2.605663506628223948e-10 -1.003086287255461373e-09 -9.371057384029188919e-10 -1.081323882262304995e-10 3.800898379003014197e-10 9.656638559018939554e-11 3.222137470587755279e-11 1.603125171932934062e-10 1.172018407587623026e-10 3.882438227060939025e-12 1.542677969474304189e-11 3.694546595954508324e-11 7.296841910770246320e-12 -3.454398986385965555e-11 -3.705028637925091224e-11 -2.830243079149624348e-11 -2.224782916205491629e-11 -1.541884350226523871e-12 2.083466421762853879e-11 1.723745686761901545e-11 -9.302956590046214420e-12 4.864832463144827465e-12 9.623471977188223509e-11 7.426638042026522412e-11 1.648355990169223143e-11 7.745945992275118426e-12 5.870865179533373249e-11 1.644884559088609616e-10 2.704940608304950791e-10 3.846627490722612026e-10 6.446571400198243173e-10 6.817645755016682307e-10 3.375991857118222538e-10 -2.835748192119443583e-10 -1.135274022051613545e-09 -1.214150971380091883e-09 3.718900206503681005e-10 3.779575997857953205e-09 5.756533234163337634e-09 4.102497852800826922e-09 1.318949195801663861e-09 2.056594606350388034e-09 8.989407236332640563e-09 1.443165894198853352e-08 1.522645391948973934e-08 6.428280782000682118e-08 1.980289967919800058e-07 3.861017794129112946e-07 7.139501009242287799e-07
-1.948489389853504709e-06 4.997813366987886504e-07 2.575228299572590231e-07 7.582642889275324228e-08 1.813471614730970551e-08 5.345470056497291296e-09 -4.847497815796936560e-10 1.525286353994187986e-10 5.227826127293140012e-09 3.461892610700692465e-09 1.156911203763338908e-09 6.471116926599061033e-10 1.884565888680178253e-09 1.365694660200259953e-09 1.057301593231074085e-09 3.039785900696559427e-10 -9.533881558186481454e-10 -9.298701331100759314e-10 -1.328836953565275923e-10 3.616980964966244426e-10 8.870119715576422355e-11 3.337052539405954725e-11 1.694199794258881966e-10 1.204669638919573428e-10 1.634878408116915831e-12 1.617832678569554584e-11 3.807082892002826025e-11 1.013747645211331773e-11 -3.338227801187187898e-11 -3.450209026259467806e-11 -2.397841093680033278e-11 -1.942904078429826358e-11 -1.345889429685920519e-12 1.877283247984810346e-11 1.554945256917545822e-11 -9.887216306689411063e-12 5.309879307283609221e-12 9.772981161746616671e-11 7.369210379547335666e-11 1.615688238013658791e-11 1.310597399632008957e-11 6.604242173804923320e-11 1.664760768534662537e-10 2.688244957522844477e-10 3.701636110564111215e-10 6.180374851666691722e-10 6.727992210369815669e-10 3.412600677037703181e-10 -2.783991458175152207e-10 -1.135912686381945965e-09 -1.197494018504289004e-09 3.928693691290812248e-10 3.806222946760353152e-09 5.671330642280277685e-09 3.956475116834134687e-09 1.248081938777166962e-09 1.980054524725899846e-09 8.867139408218379215e-09 1.336629773254410365e-08 1.224884494988904405e-08 5.821098035658790507e-08 1.872541769143056211e-07 3.651330667667258519e-07 6.793851407077529872e-07
-1.342007720812390649e-06 5.612826061012832608e-07 2.880956717250947844e-07 8.456918986902321144e-08 1.917176864308109848e-08 4.961728310668400096e-09 -1.967689828734848680e-10 5.695306460956027642e-10 5.411995959577618542e-09 3.505671014731994335e-09 1.155990129774987245e-09 6.908646302896078005e-10 1.869173221769263169e-09 1.311654201084408564e-09 9.976879865286396090e-10 2.538039996101227136e-10 -9.482084963024916126e-10 -9.135215644037688427e-10 -1.282269252705274369e-10 3.466911461607983756e-10 7.807833811660572553e-11 2.381230148884410940e-11 1.585383482042147169e-10 1.132796311784899460e-10 -1.443014814969281025e-12 1.637372931576662303e-11 4.048549220211507765e-11 1.158679362001938420e-11 -3.399724861940817785e-11 -3.581325285392561090e-11 -2.644587255592349220e-11 -2.103669471606480472e-11 -1.144397521355427969e-13 2.047739451813502215e-11 1.556341185090290568e-11 -1.121581458846018773e-11 2.410689752808717980e-12 9.180465390972951528e-11 6.480881883525875155e-11 8.954144256704581675e-12 1.161867593705527854e-11 5.910471708974197222e-11 1.625506026090112821e-10 2.716745615230246923e-10 3.857497554203184705e-10 6.430319392547310092e-10 6.975604667824876987e-10 3.413828242691357653e-10 -2.715740249619613395e-10 -1.150091467085519935e-09 -1.273541031208699024e-09 2.728158188873329774e-10 3.631642973013738552e-09 5.600994380848569209e-09 4.029379162736411051e-09 1.315160322450040333e-09 1.977098634443577880e-09 8.864470242671399154e-09 1.407277123799362269e-08 1.413042874648624759e-08 6.192365467941138184e-08 1.967776297823090101e-07 3.892847453617606873e-07 7.388140350736005013e-07
-1.432156176790367376e-06 5.243577238841759413e-07 2.681100686218562446e-07 7.519759972716670496e-08 1.565207270072113455e-08 3.833957642900812906e-09 -9.974382954992508301e-10 8.998546033393760244e-11 5.156108390766050266e-09 3.275021687829010312e-09 9.641377771798219769e-10 6.265542340836574011e-10 1.821855997017870707e-09 1.277436515863230355e-09 9.933671749207194764e-10 2.273749813830711015e-10 -9.815331097651262214e-10 -9.105927751861884415e-10 -1.025635041444294177e-10 3.740670685449614972e-10 8.316263159068149450e-11 2.333133384829007016e-11 1.602672647849108594e-10 1.166731043503557133e-10 1.419227876231939097e-12 1.514600661816840748e-11 3.998773148073731720e-11 9.688878431184752406e-12 -3.511898236653384079e-11 -3.562561553386910046e-11 -2.282851854443411140e-11 -1.848054821282623695e-11 -1.619678021975349560e-12 1.821379755293829821e-11 1.352779264108002150e-11 -1.001349900240901644e-11 7.440352115551107292e-12 9.835710821226086009e-11 7.132915237708227877e-11 1.077108267538773214e-11 8.253778937045014906e-12 5.911384459095236904e-11 1.623397275996730726e-10 2.780471402164667191e-10 3.873637371868386189e-10 6.423106451888514412e-10 6.756705350604769420e-10 3.214678325327847754e-10 -2.831918318743533371e-10 -1.112883721563736986e-09 -1.182800751517529754e-09 3.631597785694159639e-10 3.716450813819012665e-09 5.565689400475217179e-09 4.020399632785472912e-09 1.436405416597656911e-09 2.056148795383905985e-09 8.474846760050082056e-09 1.321269007668097723e-08 1.359033006124198812e-08 6.335665794372567835e-08 2.002441371049517202e-07 3.972758261644992188e-07 7.523125544083591282e-07
-1.498874330891554916e-06 5.492078700579804989e-07 2.806967206885292920e-07 8.519632739586117782e-08 2.039197257413514363e-08 6.043007529920331918e-09 5.447610800846737660e-10 1.038350529197568549e-09 5.752245691590444871e-09 3.699294375706541388e-09 1.189222873086839646e-09 7.175266444453083442e-10 1.950690016978870980e-09 1.383126823668806640e-09 1.065187541721009360e-09 2.948189900225821031e-10 -9.428690234618460409e-10 -9.137326532306954588e-10 -1.295345443849053663e-10 3.564913717804517044e-10 9.096670418941223126e-11 4.313108892504494395e-11 1.824522781701686399e-10 1.294145501767106703e-10 5.529428457490917447e-12 1.705831092258649737e-11 4.030872641897128636e-11 1.045795627197696088e-11 -3.542860308884923586e-11 -3.674157938013270607e-11 -2.436728809620091190e-11 -1.906701773922185034e-11 -4.660817281374641105e-13 2.044207741776275994e-11 1.614585593762980567e-11 -9.040656884103386572e-12 4.888297195991393572e-12 9.630586765548969938e-11 7.391554154187360478e-11 1.100949012614004375e-11 4.343898980248785632e-12 5.986350532536190502e-11 1.739024218127792271e-10 2.804170374223495947e-10 3.934075818964774175e-10 6.549924356915813292e-10 6.965739347849733221e-10 3.419284869030252623e-10 -2.768718739695052423e-10 -1.132104756895083227e-09 -1.262333293151866153e-09 2.826354993213331841e-10 3.724792919430595850e-09 5.740107402818713829e-09 4.161749789879211903e-09 1.445839705398240597e-09 1.965650945408684403e-09 8.417038366107327430e-09 1.333554216315932510e-08 1.364609882972313915e-08 6.051274550855365359e-08 1.933647503854498115e-07 3.825336013362486390e-07 7.191607198525495172e-07
-1.681280241300350582e-06 5.195087456142933055e-07 2.696000442942839483e-07 8.095865261637226904e-08 1.980806507465397206e-08 5.709419321326115473e-09 2.561903029643730692e-10 8.532582005134515341e-10 5.305931413888864718e-09 3.274922882775118687e-09 9.005753124259811503e-10 5.158076139624233362e-10 1.806478012210339070e-09 1.380928883846668072e-09 1.093496761902949306e-09 3.277461150466417086e-10 -9.238751780089022872e-10 -8.944965337510349621e-10 -1.040236539788632049e-10 3.843588373962446119e-10 1.051571907216687706e-10 3.470471902962021066e-11 1.590313290915085909e-10 1.155991803962286368e-10 4.292651478059161427e-12 1.868950484104808890e-11 3.910688995571507886e-11 6.608822563520124903e-12 -4.035358651850604081e-11 -4.083172467202500362e-11 -2.973359601443842321e-11 -2.373060469255579632e-11 -3.065865225048813967e-12 1.929246712988672178e-11 1.570296844698602607e-11 -8.202896620074745888e-12 4.979432397759929157e-12 9.370354174518677919e-11 7.107657549437741334e-11 1.344507641557482123e-11 7.253561728805421213e-12 5.383678877429039228e-11 1.603636319800278587e-10 2.712695189906000464e-10 3.894964811906913200e-10 6.640156922096296614e-10 6.898940935065726830e-10 3.189616213511752655e-10 -2.837483766968516076e-10 -1.099635068073750194e-09 -1.154448771180011174e-09 4.387896527745005526e-10 3.779430187242696273e-09 5.574262434192903676e-09 3.834858500773234031e-09 1.122418614984963170e-09 1.866816198205235205e-09 8.649117081112347644e-09 1.381306439974468411e-08 1.405329209848155181e-08 6.306655685921237671e-08 1.979849111348351817e-07 3.922247331811697769e-07 7.312161965722938643e-07
-1.248262291477745092e-06 4.580184899464094922e-07 2.406035780419487040e-07 6.722787882499507467e-08 1.413809571860388226e-08 3.900875414168726728e-09 -6.674711741846553432e-10 2.910251757609249856e-10 5.263755085009397550e-09 3.518055266703653382e-09 1.223752196988431345e-09 7.869870152550178476e-10 1.938766327058341329e-09 1.332751080563393984e-09 9.988516695726939162e-10 2.242326396883890785e-10 -9.839784013999761529e-10 -9.249664189401932843e-10 -1.044390352453883846e-10 3.784817709237569948e-10 8.464478485694564729e-11 1.747745733654142389e-11 1.475623322932196888e-10 1.062878228490796620e-10 2.988866025286641603e-12 1.914703480064525641e-11 3.830929150716176477e-11 7.703285602615267085e-12 -3.767333979214913165e-11 -3.778719639156378196e-11 -2.764695701263820566e-11 -2.288563232001393240e-11 -2.047861360543614958e-12 1.983336929682784064e-11 1.603363779699179763e-11 -9.483136284249090323e-12 3.984240396893678936e-12 9.603777505499458634e-11 7.232430375574773562e-11 1.140356489285878693e-11 5.830731669532308578e-12 5.506627931399195827e-11 1.582810226251436127e-10 2.624604243912846864e-10 3.827002045504969392e-10 6.570276061239672636e-10 7.197158052459785943e-10 3.691507120977643832e-10 -2.612113091185619377e-10 -1.121099366682000793e-09 -1.191061969561754446e-09 3.474861729741181789e-10 3.689307467349493341e-09 5.617315557722359286e-09 4.170865824082374223e-09 1.578289272009800311e-09 2.220064936727954290e-09 8.829747669794538053e-09 1.378875430634131847e-08 1.364489238357212806e-08 5.972400555856498897e-08 1.897353176330901957e-07 3.725850094523778809e-07 7.057753606885699846e-07
-1.630245706899688186e-06 5.269951803742018775e-07 2.703132119919494230e-07 7.831254338839352896e-08 1.829993259997657766e-08 5.670247069320206754e-09 -2.334799712065721445e-10 -5.550289458660583570e-14 4.887961456846856609e-09 3.303776112014914965e-09 1.036921672840089238e-09 6.261070454152201529e-10 1.889111336848491577e-09 1.376408138000127493e-09 1.050530795970186922e-09 2.289964866010610322e-10 -9.854851448691872373e-10 -9.081418680058850767e-10 -1.082526722461702223e-10 3.745049810588720974e-10 9.246884134564697171e-11 2.858508199390616967e-11 1.683912130862169014e-10 1.274309252225360937e-10 6.552739912240293314e-12 1.754582986315518812e-11 3.766850813878130231e-11 6.259122621665417242e-12 -3.830530543751602609e-11 -3.688832948453614593e-11 -2.346192865846263847e-11 -1.842355350041937632e-11 1.013259697171046774e-14 2.226201346042370997e-11 1.753334193145256049e-11 -1.094244744055636877e-11 4.170344544082825265e-12 9.500167999215418740e-11 7.171344758833534797e-11 1.250051667885044561e-11 4.299477374541429599e-12 5.492661457579215404e-11 1.657406621945408555e-10 2.781426528897117328e-10 3.906834265964658150e-10 6.428267621075147355e-10 7.055750041503118418e-10 3.627054549118079681e-10 -2.883640515796711311e-10 -1.180325645949736865e-09 -1.229379261405420765e-09 3.718140550685598325e-10 3.782697146139926204e-09 5.669138301465559323e-09 3.872305050807778589e-09 1.018691528857452143e-09 1.784670121763703870e-09 8.396385924218157714e-09 1.334523195627536605e-08 1.391896336283016637e-08 6.401811627849163012e-08 2.027490648403604238e-07 4.020604053908759284e-07 7.607712108467420419e-07
-1.326207073231357135e-06 5.472869772474701170e-07 2.849500662399142424e-07 8.578235373124535999e-08 2.106664808687152993e-08 6.386357235750280161e-09 3.076807849797727958e-10 5.230658774667681462e-10 5.448223569654542090e-09 3.652864442413231264e-09 1.189981557738843046e-09 6.925408282215623499e-10 1.880262417426041310e-09 1.293458720941850472e-09 9.988974007894673105e-10 2.389166921675853613e-10 -9.760321765954774011e-10 -9.051628861105168913e-10 -7.934332666861682436e-11 3.866469134602593959e-10 9.523870026880024804e-11 2.741152632009036997e-11 1.494751038730603735e-10 1.019593777633500299e-10 -8.700825611200393523e-12 1.372036116094598953e-11 3.849339949797822402e-11 6.719005308498872632e-12 -3.751301814503186981e-11 -3.618739807177688223e-11 -2.407121353410493128e-11 -1.926003730698385567e-11 -1.853743063383513598e-12 1.907161680419732894e-11 1.550958705538319678e-11 -1.112565847736668006e-11 2.694679348050256146e-12 9.702619406667038262e-11 7.948414792611073145e-11 1.913112912624310159e-11 6.208153664755097561e-12 5.403840374845489062e-11 1.577268431911781909e-10 2.751544478762223055e-10 3.937387033117292788e-10 6.595452558391967752e-10 7.094588303406392916e-10 3.737912459003714375e-10 -2.268477725351888068e-10 -1.095664674095676069e-09 -1.225787086912170989e-09 3.201212446282887012e-10 3.810583174982800502e-09 5.862485183790235164e-09 4.271000204571689828e-09 1.482260128228945684e-09 2.108162073095674024e-09 8.927227822587879837e-09 1.401825901452944569e-08 1.430269039216217716e-08 6.290547104523428021e-08 2.000967667179306933e-07 4.084716056700994142e-07 7.980265722287598413e-07
-1.700990373817493960e-06 5.039100762698360847e-07 2.584319026110043407e-07 7.344527085499434915e-08 1.604907976662628904e-08 4.414927093793119662e-09 -3.264962087145628595e-10 7.356344419812124428e-10 5.486778736967278480e-09 3.440682524941597876e-09 1.205128312433098287e-09 7.631844450282631026e-10 1.870853049512109588e-09 1.276045849047972680e-09 9.773880015345203900e-10 2.224135379317677562e-10 -9.837284743400655915e-10 -9.302265038996504811e-10 -1.023340230165857463e-10 3.875344447908911246e-10 1.033743194672618617e-10 3.313936475771175132e-11 1.637763601473061276e-10 1.248106704769097080e-10 8.072472293009094310e-12 1.502275723142260318e-11 3.538633219304057649e-11 9.730227417621021808e-12 -3.547553075923203036e-11 -3.745856458185540321e-11 -2.647137876313000863e-11 -2.163494841344359529e-11 -1.339605907881411854e-12 2.065635389474448370e-11 1.624119418079036019e-11 -1.132573038235441705e-11 4.254883752421301324e-12 9.920171864725622810e-11 7.542905433404126590e-11 1.021846913540578880e-11 -3.070015372781948746e-12 4.598205888475733791e-11 1.591356550182381031e-10 2.718663742829182079e-10 3.892311591206728429e-10 6.435952425154520273e-10 6.791949553841844039e-10 3.230895579313851962e-10 -2.956887658476891793e-10 -1.144056242854738307e-09 -1.226376974515662720e-09 3.654395223648357145e-10 3.797491407197390653e-09 5.764701302839715756e-09 4.201688691802768543e-09 1.476693217882215043e-09 2.078886043054353848e-09 8.419303937263278988e-09 1.318478529690377329e-08 1.359296561214346003e-08 6.229581541676503344e-08 1.962582634542333929e-07 3.836611804190198682e-07 7.181096793392606403e-07
-1.614434345411261518e-06 4.691867009511714409e-07 2.494669130009480368e-07 7.413513632115643180e-08 1.707391475392781057e-08 4.204080894614858275e-09 -4.783967122907708769e-10 4.858247514348444972e-10 5.350472742030973494e-09 3.421514371338571309e-09 1.029172292080181335e-09 6.321600878061539622e-10 1.880021419186472422e-09 1.341880514221025862e-09 1.020928190526461904e-09 2.523395619133248331e-10 -9.617655134497316549e-10 -9.237184990871733431e-10 -1.040395089610544411e-10 3.831948810922676712e-10 8.878284952697106035e-11 2.529621740561403921e-11 1.581258044268412313e-10 1.155870676871318441e-10 2.799130518789668829e-12 1.689201420059523605e-11 3.959085041114120732e-11 9.283786674362613783e-12 -3.694817477982675034e-11 -3.687184654997265687e-11 -2.558980701059452674e-11 -1.978979504371339495e-11 8.908117124638529513e-13 2.421395575076730082e-11 1.989877306861107727e-11 -8.387632932433118441e-12 5.066054833119811451e-12 9.644371548429819383e-11 7.282042698085250842e-11 1.290052881771891340e-11 2.838611528620156991e-12 5.340711175429480051e-11 1.653696354763325463e-10 2.781921332345237543e-10 3.984348052371564967e-10 6.607451861218177702e-10 7.116180036528430813e-10 3.496013420855039271e-10 -2.694528127951617229e-10 -1.133300667293487051e-09 -1.214348061430058475e-09 3.381223896578939842e-10 3.665736380508638118e-09 5.568878431189985070e-09 3.951138316857388681e-09 1.334114970390879514e-09 1.935253018028236052e-09 8.470638179542561864e-09 1.394958224210426081e-08 1.611905368622156901e-08 6.782622591169432766e-08 2.074075623075468894e-07 4.067053227783192966e-07 7.591177731312983180e-07
-1.545801274176476192e-06 5.641344611666412310e-07 2.866501474452665788e-07 8.402000107541540403e-08 1.940085223865492627e-08 5.500484721544744852e-09 1.819218353000003231e-10 6.612741467627103983e-10 5.475443168235649109e-09 3.488809939508069706e-09 1.082777424536086366e-09 5.941037437965003718e-10 1.817359763710267750e-09 1.332477189173545267e-09 1.060602582974928141e-09 3.064469574243051194e-10 -9.449482152120691934e-10 -9.251895421478865489e-10 -1.213024611760452077e-10 3.578913617009072479e-10 8.084348172349851345e-11 1.963061834551351864e-11 1.502058130160036934e-10 1.101448005258346043e-10 8.554773819936343698e-13 1.609123379381524575e-11 3.518347481015162342e-11 5.151323419380189307e-12 -3.572398369180722469e-11 -3.386973479031629720e-11 -2.265567883194324903e-11 -1.939597962613392296e-11 -2.548183228926405433e-12 1.821981089330563720e-11 1.788513144258540641e-11 -6.160570787372406504e-12 8.489869547420132111e-12 9.896390852037537545e-11 7.515824587399437295e-11 1.462547373624081827e-11 6.594899021321404166e-12 5.405526014369211868e-11 1.608888929234980980e-10 2.702709529480969645e-10 3.929410103945383630e-10 6.517513609141170960e-10 6.756576643518630049e-10 3.375910400334992640e-10 -2.813401981490946064e-10 -1.167537263219665164e-09 -1.265736529672051699e-09 3.265124030315735516e-10 3.775577776616539238e-09 5.661606234701501261e-09 3.957807685912785463e-09 1.224672340766326333e-09 1.979244575258973388e-09 8.769134594139549965e-09 1.368906047426456367e-08 1.402433333680332588e-08 6.207771193999391880e-08 1.962069523521453609e-07 3.864640745092886604e-07 7.239741057555648821e-07
-1.777877287280715230e-06 4.985931405306350939e-07 2.635843031264067240e-07 7.853141881653201656e-08 1.812004735508810094e-08 5.455931002753418430e-09 3.609125410953852312e-10 5.542208739032268999e-10 5.254835022111650415e-09 3.385872971574971954e-09 9.900969149032183507e-10 5.643144058904001309e-10 1.831051066873371239e-09 1.287933624434752782e-09 9.658416561427517498e-10 2.255718478307606141e-10 -9.604646220563802203e-10 -9.175401464759240385e-10 -1.235249587874723594e-10 3.564786436893967937e-10 8.803461537359908371e-11 3.994797981668467752e-11 1.695098929704007903e-10 1.207462807502227733e-10 3.440203488414405977e-12 1.513180967950063048e-11 3.780138618243057410e-11 9.227747865482554909e-12 -3.328785305606413409e-11 -3.433791364713252381e-11 -2.488192057127052393e-11 -1.995116076819178498e-11 -1.048272563165127328e-12 2.010019308272138807e-11 1.650241001288654958e-11 -9.245473695191516602e-12 6.972866543669473663e-12 1.001629911855529943e-10 7.884710657944627563e-11 1.775095601380671661e-11 8.510425123894203844e-12 5.906711302344890636e-11 1.631662620486338170e-10 2.687433700627982735e-10 3.790493272101964470e-10 6.412326373177961826e-10 6.979414995779981287e-10 3.546711007061074432e-10 -2.734079592378900683e-10 -1.144719221278074482e-09 -1.207806123301369924e-09 3.906974868956585673e-10 3.753885716684213128e-09 5.624146615128245026e-09 4.074810020103013351e-09 1.561544681325018571e-09 2.366656090349107368e-09 8.715779200148977729e-09 1.340077155241005142e-08 1.363972027885429253e-08 6.188690815379173626e-08 1.951834142836280041e-07 3.809175265490707094e-07 6.939672365030566711e-07
-1.280052661459430613e-06 4.854125093695860970e-07 2.604170105017279011e-07 7.380039910034398695e-08 1.476211483873042630e-08 3.399973733682585821e-09 -5.298137818419298459e-10 6.122828169617029807e-10 5.316910859596149023e-09 3.267798514800264346e-09 9.240129574890579399e-10 5.609417915627844115e-10 1.864261034377163698e-09 1.375942798440026876e-09 1.078696130455393879e-09 2.908877767073302832e-10 -9.647479002656494213e-10 -9.108319874900351204e-10 -9.783196154261410711e-11 3.790470736303027952e-10 1.017940191291201842e-10 4.688611099893890479e-11 1.700132473986068955e-10 1.144087758615350191e-10 3.556166182765686697e-13 1.853082445889763827e-11 3.884642469032554221e-11 4.923720299393360479e-12 -3.695073577588054155e-11 -3.371364906903302896e-11 -2.421666221404275808e-11 -2.021428427301213253e-11 -6.826119495408183006e-13 2.181894679673298051e-11 1.799550901875544611e-11 -8.680054775850205441e-12 5.728038177394246064e-12 9.596184813348535809e-11 7.103630156671508444e-11 1.428480482496824426e-11 1.023837233417909386e-11 5.937331256791329272e-11 1.589019045499668008e-10 2.670824198332374397e-10 3.821731357560596143e-10 6.502553043121476827e-10 7.103956198481273411e-10 3.671586541686532479e-10 -2.551987917726793249e-10 -1.129067500339926088e-09 -1.267785865777510803e-09 2.880603719593803847e-10 3.772779186779687631e-09 5.750925431544683097e-09 4.219613061091270073e-09 1.527392365065698949e-09 2.170014754880280725e-09 8.768499783274067219e-09 1.395472159471455956e-08 1.489134589642323485e-08 6.278553067869170647e-08 1.949895393463222811e-07 3.875566130849549758e-07 7.388974612245347034e-07
-1.524667573866216752e-06 5.048719616207620320e-07 2.579205043736343307e-07 7.208309899619073348e-08 1.559967381931348540e-08 4.848202022386412935e-09 7.383989676310228299e-11 7.518218958071959903e-10 5.627536562243640730e-09 3.699997694822181203e-09 1.214236129487224187e-09 6.247351114451166743e-10 1.777374335825749809e-09 1.291481109751433004e-09 1.035345428372991010e-09 2.882165912534097445e-10 -9.595982034463734935e-10 -9.233659339305804487e-10 -1.044903570682891736e-10 3.827977257296246477e-10 9.896184239868309342e-11 2.985505884037477449e-11 1.560768907057110979e-10 1.108583386392471573e-10 1.281464641633406098e-12 1.903911730239748669e-11 4.185887956710370965e-11 1.167295696334329835e-11 -3.460718572762585299e-11 -3.640001366049381176e-11 -2.715580260362363285e-11 -2.188256952445059279e-11 -8.083908447007020778e-13 2.251109066052154951e-11 1.938781398629731558e-11 -6.561275897021452007e-12 7.184324719783613394e-12 9.783106800978749417e-11 7.270691307380439705e-11 1.007024822909385823e-11 8.102373778582379581e-12 6.078630195268494780e-11 1.730718505613794851e-10 2.896707416214920472e-10 4.086730765764552293e-10 6.556841180204616729e-10 6.903348010512980788e-10 3.377026632761133281e-10 -2.856279356036254137e-10 -1.157921528993871746e-09 -1.232958962110485127e-09 3.660270915178574396e-10 3.843078482273609911e-09 5.805180055650867833e-09 4.144292107081739945e-09 1.503484644373832108e-09 2.284824194598455251e-09 8.945808632971688582e-09 1.392736374532015509e-08 1.465178752008601111e-08 6.338451843220703829e-08 1.993526822982392515e-07 4.020459964760966901e-07 7.785601630560664480e-07
-1.227560539192185858e-06 5.486957241411653298e-07 2.810873657876323877e-07 8.374883816104469245e-08 2.034000147865782464e-08 6.517411166824395495e-09 5.842079299145481830e-10 8.243398175731651929e-10 5.527441018865874258e-09 3.534062004080059181e-09 1.046910182736154888e-09 5.139774632100005889e-10 1.821624246637647990e-09 1.395404201527363208e-09 1.078130152498732641e-09 2.837158891037172064e-10 -9.472307701825217065e-10 -8.963821704905881130e-10 -1.095601554350297678e-10 3.591322486739110602e-10 8.049968927103297977e-11 2.369705853429019507e-11 1.494995346796433375e-10 1.073804241826173820e-10 3.328198999821465226e-12 2.015162308447886648e-11 4.118394793803374641e-11 9.192336462510112328e-12 -3.662577157653377365e-11 -3.897064239454026364e-11 -2.821365743929359626e-11 -2.202963382105989145e-11 -3.554900083470054592e-12 1.980384664143146662e-11 1.771327373431756744e-11 -7.390232374654673766e-12 5.545305195306398260e-12 9.676596563684384242e-11 7.546055497103961275e-11 1.536365753616558741e-11 3.523829063703369072e-12 5.032137674168045846e-11 1.571995032789449623e-10 2.694905460925816310e-10 3.820633806659944758e-10 6.281572632669791170e-10 6.830589377479345561e-10 3.438106156096948473e-10 -2.874438735132449403e-10 -1.139256440977528253e-09 -1.188318527866235243e-09 4.052177029366516099e-10 3.773980685910986707e-09 5.707269068115833601e-09 4.060742824032741573e-09 1.426629988033838028e-09 2.230124348049408739e-09 8.988334699439427939e-09 1.405523319484611952e-08 1.444429077286162376e-08 6.386808773084660040e-08 2.039293189799848414e-07 4.091222547665304303e-07 7.767011824129861199e-07
-1.389959358681169908e-06 4.882048041823013957e-07 2.554404838090519583e-07 7.321070048935192737e-08 1.583471683094401102e-08 4.562389232285306557e-09 -2.996866860680124323e-10 6.250479096102688118e-10 5.622458475053210844e-09 3.680028458725385735e-09 1.128404191604856950e-09 6.827202350297295002e-10 1.888583294255218987e-09 1.382882100366477131e-09 1.038434511527115754e-09 2.266493343421694422e-10 -1.009658684035383991e-09 -9.307346964158121365e-10 -1.313322930481766008e-10 3.559036969787887514e-10 8.874365429032757179e-11 3.634784694700328813e-11 1.658511994767075234e-10 1.191843654124571998e-10 3.548494439278693676e-12 1.774138211956927220e-11 3.564411605956970615e-11 5.762182630319829842e-12 -3.723444222388526254e-11 -3.438782976850191020e-11 -2.208734251186257990e-11 -1.925601066256961609e-11 -1.410066847159062795e-12 2.161725712275301342e-11 1.831114306058660484e-11 -7.701308100813775018e-12 5.858423095974801576e-12 9.563937692521184891e-11 7.274768328742751178e-11 1.168704290773108477e-11 1.847159266947836543e-12 5.116750596776463992e-11 1.591632781645319769e-10 2.728128813532409811e-10 3.947448603583297424e-10 6.498464405965794569e-10 7.104485242188425871e-10 3.928285778663418515e-10 -2.069996933750752064e-10 -1.106843503017875360e-09 -1.208896323604423160e-09 3.635517471877717645e-10 3.738580788478173097e-09 5.652525859545283395e-09 4.007626438185728640e-09 1.315803358361286366e-09 2.236221326341335780e-09 8.725263279122527064e-09 1.321953077516354104e-08 1.303384302324887464e-08 6.108267788754585620e-08 1.953810918884767674e-07 3.859946984772856746e-07 7.208600689044781322e-07
-1.530346814156606200e-06 4.827613291651544508e-07 2.472349894060444767e-07 7.285972181378351496e-08 1.696186296189117636e-08 4.488866391089081997e-09 -2.885625996459045930e-10 8.994899071144043957e-10 5.609701035593391593e-09 3.466233798322927605e-09 9.727134365658197538e-10 5.318375711410215465e-10 1.741107679542303599e-09 1.335363307607819196e-09 1.040945127737286753e-09 2.401514535579238343e-10 -9.890697080981714905e-10 -9.402444752854025729e-10 -1.194328629930209994e-10 3.759244107352040015e-10 9.739259451808288641e-11 2.544371415567759810e-11 1.551617426142238116e-10 1.121945357925574072e-10 -6.416358847470512058e-12 1.128915944927474357e-11 3.764865694032268063e-11 7.667552319670634557e-12 -3.601778144231008238e-11 -3.485859681599130187e-11 -2.276496174917788644e-11 -1.736010690430185199e-11 1.904888281290598081e-12 2.138920165680595436e-11 1.719733584378550306e-11 -9.189144890563976100e-12 2.245546158649771986e-12 9.333960026984559889e-11 7.366294609213290353e-11 1.640439417392767073e-11 9.255110318570907838e-12 5.729687750097060181e-11 1.648876625862601165e-10 2.837721639416726272e-10 3.965543983334660854e-10 6.617957173295807651e-10 7.156054847277759162e-10 3.361615951285540798e-10 -3.220472273429630639e-10 -1.183437070514031308e-09 -1.272844725401266326e-09 3.077897406040354166e-10 3.696320577629929032e-09 5.661911637438126320e-09 4.155667695421696833e-09 1.492844927170095004e-09 1.981275201684235812e-09 8.396180052037883380e-09 1.342154275798112163e-08 1.426234784283661239e-08 6.191858918910953347e-08 1.958498611163802313e-07 3.934543995923151469e-07 7.425535647471210699e-07
-1.731393208260421958e-06 5.170824838315981832e-07 2.750498277175039004e-07 8.321459521863018298e-08 1.986737105036227382e-08 5.613021103761027765e-09 5.262183716074395558e-10 1.056141138589671062e-09 5.556020516782665136e-09 3.494433795881613593e-09 1.102426080294492220e-09 6.940036039714298737e-10 1.882606019157838762e-09 1.336472762700247697e-09 1.029601376802305440e-09 2.506968176920663354e-10 -9.737445855242859355e-10 -9.214584901233816760e-10 -1.283700702267045828e-10 3.556803309265867096e-10 8.870325442407927228e-11 3.059895144602452819e-11 1.579841044311990145e-10 1.125170432276919410e-10 5.575788737150371083e-13 1.647548751647360268e-11 3.802946545815277301e-11 9.077202230170553141e-12 -3.449846017206560031e-11 -3.350483794771182786e-11 -2.286198943521318254e-11 -1.849267828669254181e-11 6.727888867295655404e-13 2.110351435052657932e-11 1.553450761007517744e-11 -1.006511569355415001e-11 5.401947696357233407e-12 9.777225572745923826e-11 7.387179388741110356e-11 1.129272840740490506e-11 8.385484040306592151e-12 6.249994703041104234e-11 1.713908229077683591e-10 2.772009419154401928e-10 3.893670931998036844e-10 6.531981614608618125e-10 7.068387821527751346e-10 3.531626622354634208e-10 -2.613444423797981860e-10 -1.107025210453465597e-09 -1.218354322690566292e-09 3.450422910448125510e-10 3.786363890944084706e-09 5.747429914602889207e-09 4.218559577659748210e-09 1.505628620688589970e-09 2.009321147918241790e-09 8.630752403582223247e-09 1.365799622186005861e-08 1.466248283861985106e-08 6.460330480871839505e-08 2.008231950466641207e-07 3.974016927448192531e-07 7.483549335329614966e-07
-1.634675568355577748e-06 4.742699594046595958e-07 2.494601828359993209e-07 7.195062905154585688e-08 1.647758973414636008e-08 4.379216884815521952e-09 -4.383715514418854451e-10 6.112540185287784784e-10 5.560185500352742301e-09 3.613985723370338108e-09 1.179295027795277090e-09 6.515388198467806343e-10 1.843227315561999314e-09 1.319195503112608026e-09 1.058937381374923461e-09 3.013453151483778118e-10 -9.589669153611971590e-10 -9.327519988706884907e-10 -1.441680591807965326e-10 3.566231884674940580e-10 9.150874467648168320e-11 3.111812925809987774e-11 1.629633852793649308e-10 1.163519237862033607e-10 4.629774414411784531e-12 2.280479750243852370e-11 4.037353665619846149e-11 5.984455426311022214e-12 -3.658781060069440128e-11 -3.396999440695145466e-11 -2.456402818251039612e-11 -2.121570769541695024e-11 -1.645783641026598876e-12 1.938325720210597432e-11 1.705192499758486037e-11 -8.472145533942241914e-12 1.791891175885974881e-12 8.857771609292881029e-11 6.385029638511665012e-11 4.569653456667569697e-12 3.522592843115065637e-13 5.488142756465907564e-11 1.618954159279214926e-10 2.727950344899910278e-10 3.925029865043837118e-10 6.557281982418909019e-10 6.997691788984291244e-10 3.295185154489263946e-10 -3.170792864072854518e-10 -1.153960711797284255e-09 -1.165056455055681595e-09 4.597181650842980640e-10 3.844569980542775657e-09 5.687653497141293353e-09 3.927549408520595546e-09 1.168628629115367996e-09 1.722754806637710155e-09 8.342358808677595867e-09 1.325131264142777039e-08 1.337654619968893761e-08 6.134181637827757075e-08 1.969337753902550378e-07 3.971115502736679260e-07 7.569893154860987693e-07
-1.437952174706324661e-06 5.502499604721641245e-07 2.809031984522971057e-07 8.610261470776186060e-08 2.326762272644062724e-08 7.369138787402548070e-09 6.110430129647930137e-10 7.793522156033171510e-10 5.458214931598259513e-09 3.423970027942807653e-09 1.139482116956780825e-09 6.354702598932198739e-10 1.822258548213028927e-09 1.394814468876642947e-09 1.116506285345568141e-09 2.776965463283425630e-10 -9.799084181118793673e-10 -9.239057648049076138e-10 -1.227213543707799196e-10 3.676423455472723993e-10 9.476430042510332109e-11 4.069754051941635656e-11 1.709283932732509415e-10 1.210747333554594007e-10 7.048005738761782779e-12 1.890717913525381339e-11 3.905114835277279577e-11 5.960354716769657963e-12 -4.131376722131724003e-11 -3.972406724826264285e-11 -2.502434533364543470e-11 -1.781209676144243924e-11 -2.937926424050269065e-13 1.995712238961064812e-11 1.627574258873511733e-11 -7.665234655111404170e-12 6.493154990500722179e-12 9.596166456378097468e-11 7.473762606017204338e-11 1.867611034609308286e-11 1.176240511618729669e-11 5.937437211034723901e-11 1.589331320132205814e-10 2.625095468226710723e-10 3.803611172226934715e-10 6.415150141281487357e-10 6.974747714023866272e-10 3.710205185779272904e-10 -2.440392668272226382e-10 -1.118217417862715406e-09 -1.224880228794815636e-09 3.091862950695160334e-10 3.675340094032275153e-09 5.556264447701713589e-09 3.837295315452506145e-09 1.199093974013768963e-09 2.155685701300278191e-09 9.497635868922162464e-09 1.575842017689205727e-08 1.751259115538385780e-08 6.863168877622024695e-08 2.127747009035373718e-07 4.337005599698265612e-07 8.389135464408352646e-07
-1.527020571137524195e-06 5.351293987163334224e-07 2.745055934751124160e-07 8.078916472856175335e-08 1.754037013181437626e-08 4.114288874957386467e-09 -7.202091716403880371e-10 4.497820795372314107e-10 5.388293297716154358e-09 3.426800991856008275e-09 1.014798255096086161e-09 4.607698158712429781e-10 1.704006888545571010e-09 1.245205880041118667e-09 1.031058914769807609e-09 2.705655228610233785e-10 -9.616992951805422611e-10 -9.030499864882396122e-10 -1.012892981597478876e-10 3.695243187355177873e-10 9.355014695743035527e-11 3.902454950407250487e-11 1.626531749709872145e-10 1.157410606677518605e-10 5.800554820055538305e-12 2.048071136188343365e-11 4.127366104915312402e-11 1.176048140687825235e-11 -3.349453704697074089e-11 -3.600367821389912441e-11 -2.584489343913562618e-11 -2.027463449816491090e-11 -5.390319801542980107e-13 2.260485569374723816e-11 1.918078476869550091e-11 -5.773143441068060274e-12 6.475304892705110017e-12 9.607936811856548693e-11 7.014562164906842246e-11 8.665803708420585753e-12 4.834769926711713724e-12 5.412892022344723747e-11 1.533204114455477620e-10 2.562922407886086136e-10 3.712129738423690257e-10 6.397519565321039421e-10 6.930558401960073333e-10 3.614922956963662868e-10 -2.474993348260844060e-10 -1.115030884900779208e-09 -1.195054800430893274e-09 3.211771239052557570e-10 3.638164979231890457e-09 5.584834900716937649e-09 3.901041963354570226e-09 1.268120004323885607e-09 2.103812471569770053e-09 9.093719106168414897e-09 1.474879118244238826e-08 1.596640700781927500e-08 6.433006921849283016e-08 1.992101359093106825e-07 3.951882062426794236e-07 7.419844971384617611e-07
-1.287550997089395833e-06 5.269972636229247767e-07 2.715178148205217657e-07 7.838195015668547539e-08 1.665750514823698323e-08 4.515655476642711525e-09 -3.067889152028722055e-10 3.994940249559326494e-10 5.271057717380751172e-09 3.356460288528306784e-09 1.061259998488591832e-09 6.460603180974080965e-10 1.948194215903502014e-09 1.399965193021428512e-09 1.033270908446843507e-09 2.677119444247136979e-10 -9.357733851689483824e-10 -8.965684983588144946e-10 -9.863441350834890635e-11 3.845965732867324410e-10 9.837065793175883747e-11 2.973926676459351831e-11 1.572453034271930679e-10 1.128173699925085337e-10 -7.799024936744376413e-13 1.503255463261286230e-11 4.012338230294638861e-11 9.640192793787708752e-12 -3.542205097739628192e-11 -3.494827461276839741e-11 -2.413337129163735520e-11 -2.016862582936454487e-11 -1.645017930903736672e-12 2.166860768496235930e-11 1.747065414076751089e-11 -7.327554377532741323e-12 7.379539139076325725e-12 9.689617225763577692e-11 7.416100902279437046e-11 1.080037351943626281e-11 -1.108519468834263272e-12 5.055948190937121241e-11 1.605034110219149867e-10 2.706798639185779902e-10 3.910277924718002574e-10 6.535905429442432431e-10 7.021523319123814385e-10 3.468360118180079218e-10 -2.932909376643739880e-10 -1.161664641799621057e-09 -1.217194408169179449e-09 3.493705732203497408e-10 3.761305379516526794e-09 5.692490190826399624e-09 4.026895599760111899e-09 1.283646758348564150e-09 1.845564104266654932e-09 8.598923556782352674e-09 1.365931848545898775e-08 1.401392682591571627e-08 6.376311902825362585e-08 2.017441445489861698e-07 4.031917184100635102e-07 7.644126078278673786e-07
-1.676626132789454715e-06 4.725694889336511697e-07 2.537277417420053558e-07 7.440714710856972158e-08 1.658500230852001161e-08 4.503232883521414550e-09 -3.479425730000588283e-11 5.247357806058333967e-10 5.160402040642469191e-09 3.332415949900660063e-09 9.820965419260671468e-10 5.529021061856605197e-10 1.837747829089534540e-09 1.281907517114355501e-09 1.011828866801477179e-09 2.724588187853109898e-10 -9.563873421958909186e-10 -9.109981516791284469e-10 -1.071201198058351506e-10 3.760665749324014759e-10 9.562208360922049432e-11 3.054228414154223390e-11 1.580734056407355737e-10 1.125117576699558157e-10 1.541241169301411069e-12 1.892941604072406777e-11 3.956846450172465964e-11 7.237115677266567463e-12 -3.719072324691144203e-11 -3.709316528436984038e-11 -2.630758165784077294e-11 -2.017715027174245497e-11 -8.593352689289768095e-13 1.871401668351361303e-11 1.499264639236954388e-11 -1.132691623871531110e-11 5.157207850679511470e-12 9.877218663686202513e-11 7.195213162818414737e-11 1.010057703092267343e-11 4.263977894641547995e-12 6.177111844842521750e-11 1.740814495568302627e-10 2.750632170916693127e-10 3.894085820417654072e-10 6.620656152748162601e-10 7.171290758727179380e-10 3.579425362629455922e-10 -2.806461351971749456e-10 -1.162574544720557016e-09 -1.280076793104690452e-09 2.952658303797985196e-10 3.771275286157116298e-09 5.765731764934673005e-09 3.975034778740561959e-09 1.167458123595042664e-09 2.018018411785922416e-09 8.830798316854064739e-09 1.348722545322564391e-08 1.269137888899430501e-08 6.074406680183400430e-08 1.960825452619819836e-07 3.863080177157689159e-07 7.215347539587928692e-07
-1.628469925080277563e-06 4.641129737727515752e-07 2.463682948002377194e-07 7.140131861003938280e-08 1.663070708314202216e-08 4.991839605837253396e-09 -3.992348732527204172e-10 5.222353993954672809e-10 5.287179039915556233e-09 3.395037806766580617e-09 1.217047238503135783e-09 7.423840023889083705e-10 1.963228428479139820e-09 1.421362251129420864e-09 1.041713712753194876e-09 2.807852133301156492e-10 -9.652723877862986388e-10 -9.602422831188987767e-10 -1.610868292091612592e-10 3.687030891997109684e-10 9.908448630235015289e-11 3.300843047721447600e-11 1.564730999942237555e-10 1.114634240681898822e-10 1.030299899611043061e-12 1.891097882914767220e-11 4.093328337297548249e-11 9.919262417548748631e-12 -3.245129862173448893e-11 -3.313443823602853911e-11 -2.464746483440436788e-11 -2.082021888088421721e-11 -3.005595653332210209e-12 1.656330632311287178e-11 1.431940926994492586e-11 -1.016651966060834052e-11 3.369681750259028738e-12 9.573470270811239851e-11 7.401922963847351568e-11 1.628475850251839471e-11 8.350143740016315672e-12 5.472975618743217589e-11 1.612460248855977532e-10 2.748006560531841860e-10 3.974184809019025878e-10 6.540280241522849966e-10 6.923385619422518273e-10 3.470220258728248847e-10 -2.827296500639202338e-10 -1.105712316970839880e-09 -1.181737573542119759e-09 3.525284587491443917e-10 3.714732670437692029e-09 5.575087200585580971e-09 3.845534609936215810e-09 1.019419525928396330e-09 1.752563365353273322e-09 8.210497006214533500e-09 1.270659618361874963e-08 1.264491018126138415e-08 6.061309349851498900e-08 1.923458494184240607e-07 3.733138603680875626e-07 6.862750506198907048e-07
-1.858101943109607972e-06 3.991181792911891237e-07 2.135390141725361000e-07 5.592015968215590109e-08 9.526265407843174995e-09 1.561101704148707240e-09 -1.331621607556075788e-09 4.409317314233269914e-10 5.446977102056735012e-09 3.350158764767154157e-09 1.005623291886915674e-09 6.141619967961100711e-10 1.864394751511776251e-09 1.367259986331791523e-09 1.095278647693723413e-09 2.714972167055707305e-10 -9.765368875334202278e-10 -9.315882558790430458e-10 -1.272118254595757124e-10 3.651422364834446397e-10 9.948805195929680434e-11 4.116553263492789975e-11 1.702508447809564443e-10 1.195816198791451324e-10 -1.341369916891447617e-13 1.682752734903374397e-11 4.221941083078724214e-11 1.193327107907340884e-11 -3.401156058988673157e-11 -3.557940747818184990e-11 -2.507297317764212974e-11 -2.128570425407819923e-11 -1.858779033749185996e-12 2.147988547003797199e-11 1.915148382502543831e-11 -7.217891576564869567e-12 6.446883017572878384e-12 9.713597518334680239e-11 7.604435046216244918e-11 1.497466337834896254e-11 3.872831829161229826e-12 5.541191072017183353e-11 1.596550560252191699e-10 2.777521523989186542e-10 4.052660712426420592e-10 6.581306880474239862e-10 6.905150826299210958e-10 3.577896224077384827e-10 -2.649195689129467414e-10 -1.141968620603589755e-09 -1.234525832930114140e-09 2.877681876290672876e-10 3.711187809962402829e-09 5.627474197988627934e-09 3.861519620429264223e-09 1.176482181652731728e-09 2.157604829497817702e-09 9.150046173285112601e-09 1.424755780196185992e-08 1.434946069539846830e-08 6.208510617745372384e-08 1.932414049060082112e-07 3.767952689103484743e-07 7.094497501361763054e-07
-1.903496717182764849e-06 4.675371113932607929e-07 2.525886648769019610e-07 7.366567344063622478e-08 1.462856365070175741e-08 4.096582887108489029e-09 -3.194712149218753953e-10 4.297120030261204585e-10 5.279624710663954826e-09 3.345708605278417733e-09 9.983965222028334557e-10 5.398961427897635375e-10 1.801540866168780348e-09 1.337271011619034436e-09 1.038393345171938879e-09 2.356172044111035667e-10 -9.666185854031971143e-10 -8.838635962071894275e-10 -1.017182450998375595e-10 3.595077833974063117e-10 8.375532351535523341e-11 3.471358887779057162e-11 1.725096764364762752e-10 1.273223257090303965e-10 6.926188247280012642e-12 1.779084662491194479e-11 3.980659787130113671e-11 9.312271232791755171e-12 -3.527448241017867143e-11 -3.523940621092481246e-11 -2.414496742503863595e-11 -1.800521110934659405e-11 -5.860097971526126258e-13 1.970246244649093691e-11 1.734325324701937815e-11 -1.001744419897709038e-11 2.255471705492987423e-12 9.447612780470550777e-11 7.444117397834169358e-11 1.766447020736348010e-11 1.466183734925920497e-11 6.502620876742985665e-11 1.698604339333775298e-10 2.816421302284929258e-10 3.910108381254282991e-10 6.325321450245107345e-10 6.697312689156173923e-10 3.291134063221436056e-10 -3.075376925861374331e-10 -1.166164921930861058e-09 -1.233811840860963113e-09 3.566542180734684204e-10 3.729271099751093315e-09 5.633247715749303230e-09 4.118531553313096501e-09 1.390228940201300088e-09 2.039919442670622619e-09 8.851315921245390326e-09 1.418996061354201437e-08 1.555979423111582044e-08 6.610577869613008224e-08 2.048821236754041841e-07 4.040070290583840208e-07 7.646735658896959775e-07
-1.301400492779638590e-06 5.307174388714199796e-07 2.702915854264571066e-07 7.738549959025183683e-08 1.675171316160042436e-08 4.183899198197816378e-09 -3.868268351644161171e-10 6.024978751616876322e-10 5.494512049360138278e-09 3.658724746937788768e-09 1.174824843369828076e-09 6.809851234639949199e-10 1.870547036549646822e-09 1.312717627522599629e-09 9.857105570153229839e-10 2.432073265478500953e-10 -9.763231583158666934e-10 -9.301223739362151491e-10 -1.247108774134449395e-10 3.785773406777739471e-10 1.140251458720930057e-10 4.190614041328951162e-11 1.640533825712904731e-10 1.163638811018004432e-10 3.349409670417872353e-12 1.995860004824257020e-11 4.014011502404452316e-11 4.844178272511840998e-12 -4.059315372931745253e-11 -3.748919347860103882e-11 -2.685983220941765961e-11 -2.311466535710485607e-11 -2.827682476456747189e-12 1.881376092532750832e-11 1.639244426510906297e-11 -7.299155810766181146e-12 6.185542861155947375e-12 9.517262963573171963e-11 7.078813561421065758e-11 1.183099884125898791e-11 6.883427448151200466e-12 6.031832300336305739e-11 1.653238629514157451e-10 2.672466128969905885e-10 3.916757549888123793e-10 6.447747922774271368e-10 6.826650019540912983e-10 3.236707710248154615e-10 -3.070448992159943041e-10 -1.199681790717327563e-09 -1.231916037777894429e-09 3.563449505601045254e-10 3.696894024812862464e-09 5.711791177773603744e-09 4.236478832711874203e-09 1.599601845966148596e-09 2.296002377480389435e-09 8.799669728890895875e-09 1.344878380397997531e-08 1.343116839450585516e-08 6.188177324425259941e-08 1.980850798882898429e-07 4.005370258001582167e-07 7.643405629171845346e-07
-1.716724116688854452e-06 4.678197390981964460e-07 2.464159893465791616e-07 6.822654637485284290e-08 1.466639468079746913e-08 4.388905394481544032e-09 7.098016513316785367e-11 6.891403111495360985e-10 5.321674849840164080e-09 3.454100767843263256e-09 1.118719679752857521e-09 7.225852458488231706e-10 1.879493552920469497e-09 1.367484935878179067e-09 1.074723499041271268e-09 2.874793858598864802e-10 -9.580721845703788248e-10 -9.187481528775087366e-10 -1.346274526969239716e-10 3.507751591937578106e-10 7.919264218598843300e-11 3.127640673477426999e-11 1.682020891675740311e-10 1.213201464608261138e-10 7.728884735284021902e-12 2.024684082764656988e-11 3.932717865519228346e-11 7.894285104356154318e-12 -3.531997745731617226e-11 -3.493586558181330548e-11 -2.439082961083311269e-11 -2.189266212561755430e-11 -2.314958522320790693e-12 2.074214646388840206e-11 1.962010279694892530e-11 -5.936014244312690514e-12 6.206729279132947482e-12 9.603003719961754431e-11 7.324731146163462132e-11 1.551268931423852626e-11 8.895268311269917560e-12 6.014208752114427937e-11 1.696528719063567769e-10 2.853728332411788213e-10 3.962304672815166295e-10 6.520665811784322809e-10 7.002233758827655242e-10 3.541136818542419082e-10 -2.843940423794464943e-10 -1.185004856535176864e-09 -1.248291338367570860e-09 3.018113257070219512e-10 3.736670221133599981e-09 5.759888078682687762e-09 4.118522549445838979e-09 1.397370694591138270e-09 2.065079705052498565e-09 8.725806853552487934e-09 1.345585210617007984e-08 1.293047670363165746e-08 5.828552215785882030e-08 1.859161653351226017e-07 3.695113001584422067e-07 7.104311239018060550e-07
-1.509494614107220456e-06 5.444624727056259452e-07 2.820578135287813676e-07 8.505416710753200934e-08 2.131251047828109731e-08 6.507272460927798662e-09 6.213513751418495365e-10 9.681149231170459631e-10 5.884670084688829102e-09 3.927581438458701544e-09 1.203074288944791693e-09 5.817608359730829295e-10 1.801302672702480412e-09 1.328809948751810377e-09 1.025195683909298717e-09 2.454459312716847061e-10 -9.694399388047728762e-10 -9.227200360348805411e-10 -1.040444041302835245e-10 3.761022359513069247e-10 8.571123208690362831e-11 3.796432521026857460e-11 1.735229760957503156e-10 1.169480963455798590e-10 -8.633696509729472500e-13 1.701191353139752469e-11 3.952030098783897371e-11 7.273567780160566587e-12 -3.525388009706927494e-11 -3.470059484105491373e-11 -2.529053948389216522e-11 -2.056353090924345318e-11 -3.249949545506967204e-13 2.051029186045434570e-11 1.548016791435753652e-11 -1.150805413125297287e-11 1.920987546194272941e-12 9.274952422612856072e-11 7.074942304378133633e-11 8.910539683733090513e-12 7.439316402379760043e-12 5.962641926829812480e-11 1.639535310249995850e-10 2.777847424667013568e-10 4.192142584433705740e-10 6.959076600555035579e-10 7.265387961633105872e-10 3.384439512618402838e-10 -2.988438204452526415e-10 -1.179064486833723433e-09 -1.257435889066568498e-09 3.980465093560624851e-10 3.804853483616650298e-09 5.651244665089761108e-09 3.987452570780829123e-09 1.294704340434355625e-09 1.892443534577094256e-09 8.820003440848939768e-09 1.426431164985160922e-08 1.495043404882096828e-08 6.540353334916040889e-08 2.059447574863769600e-07 4.105084713582150511e-07 7.821895953930993664e-07
-1.583477659941129328e-06 5.597933503844992122e-07 2.884612237368282099e-07 8.733570698166295884e-08 2.219955259988169655e-08 6.615850431094699210e-09 6.364695349342763355e-10 9.877936457982644067e-10 5.655540802945069390e-09 3.644716068524015178e-09 1.205660075377038409e-09 5.975037870127258118e-10 1.840049871885840181e-09 1.391157738004430541e-09 1.069890350071264734e-09 2.897096192326728203e-10 -9.550192433075174571e-10 -9.009933724417616124e-10 -1.217750851610200037e-10 3.522809464492861618e-10 7.687980654629270915e-11 1.534639173295763682e-11 1.572890145936639002e-10 1.210167611427118656e-10 5.134846282036156160e-12 1.757740380746010241e-11 3.720120011671409821e-11 7.289864685173164847e-12 -3.632572947321091481e-11 -3.455803981772700471e-11 -2.305847910869984947e-11 -1.799919773818614166e-11 -3.333346751817433310e-13 1.937137056881204320e-11 1.670574734214704662e-11 -8.968254807018863195e-12 3.709996375379707881e-12 9.217394484768353008e-11 6.830920303618896429e-11 1.365314257634075475e-11 1.183039722736496286e-11 6.136889848150987455e-11 1.637552586060339545e-10 2.676649943328948668e-10 3.889951325204312373e-10 6.642132955606384318e-10 7.148929855667778068e-10 3.613922241747932120e-10 -2.572157094856639903e-10 -1.110583719766279013e-09 -1.198913174669947830e-09 3.551672023545565458e-10 3.695420837531357282e-09 5.612247284367353795e-09 4.120027605644407064e-09 1.663718542604650538e-09 2.614754610768516502e-09 9.569339263799972582e-09 1.482828082188965806e-08 1.569726877733709536e-08 6.483446143860628761e-08 1.981750656177862696e-07 3.904826832050759193e-07 7.386963719482454254e-07
-1.976163417016388806e-06 5.127230001506171534e-07 2.635435974101343734e-07 7.646369682367004284e-08 1.753758643605190446e-08 4.783569054220909894e-09 1.697186699687754354e-10 9.707605885875450647e-10 5.427797508790679816e-09 3.355468993694687864e-09 1.027396618330307217e-09 5.305502172661710129e-10 1.801640342210018623e-09 1.360438572626796353e-09 1.009757162761875829e-09 2.309504605144291501e-10 -9.694223218865904694e-10 -9.010856719605486249e-10 -9.363129164493746555e-11 3.775114289894080957e-10 9.212841311127849233e-11 3.360953064339832933e-11 1.685605826221938287e-10 1.207702505714242923e-10 6.262406375326144934e-13 1.517022328879270501e-11 3.960312648464132670e-11 1.082510410532375455e-11 -3.434177476288576112e-11 -3.444127754992101903e-11 -2.363947845799337874e-11 -1.821795656803901352e-11 -2.080536138731109726e-14 2.008937451207225456e-11 1.634724043006765696e-11 -8.682278781050514915e-12 5.278465781305212299e-12 9.689779583627375379e-11 7.229049015518483609e-11 1.506304885126072813e-11 3.657944512410243473e-12 4.748047812164189004e-11 1.602997293702193109e-10 2.756326263294454226e-10 3.860811921374546601e-10 6.341756327509863566e-10 6.817681130167320071e-10 3.416677939268683166e-10 -2.616409341195172816e-10 -1.099538226001675358e-09 -1.202666022648815539e-09 3.078485564819479389e-10 3.702519167279448020e-09 5.740897857653779407e-09 4.142570578615781275e-09 1.262016279060596336e-09 1.923290062280949859e-09 8.669989785039834056e-09 1.350506095726727756e-08 1.343300702567408727e-08 6.133357595153107639e-08 1.954779061875433929e-07 3.854786036887694430e-07 7.202123741920413190e-07
-1.376151186240016962e-06 5.055927401850490674e-07 2.563533091008959460e-07 7.185082832264133213e-08 1.607033608977765293e-08 4.710174581085367889e-09 -2.439672882617865567e-10 4.747216288223043047e-10 5.602363229602306237e-09 3.678019455645196571e-09 1.126614222810956881e-09 5.336650203964766873e-10 1.740717200503026417e-09 1.249138973895110014e-09 1.031500336786502654e-09 2.975366480790970956e-10 -9.583110461663176064e-10 -9.166602960887603383e-10 -1.000605699422034245e-10 3.774747950211377202e-10 9.027333303761662676e-11 2.712353879727356087e-11 1.625236709097475941e-10 1.161079190783124530e-10 -2.712727142327449740e-12 1.443380455498346224e-11 3.791039067488874579e-11 4.859016978578253578e-12 -3.739883673989556589e-11 -3.472410318796443249e-11 -2.410182210459208791e-11 -1.980324935785727765e-11 -8.119748159123765758e-13 2.030444641247023395e-11 1.647124433047609971e-11 -9.984838420859369318e-12 3.160215966488699376e-12 9.415501040912083242e-11 7.114176669070777754e-11 1.003472960794300483e-11 2.814613023626475871e-12 5.434651017372701198e-11 1.604215446558196406e-10 2.596628325299514490e-10 3.680354859841769605e-10 6.302580699151696690e-10 6.856688386676201450e-10 3.444341005546210156e-10 -2.753451588867475373e-10 -1.136193680201698725e-09 -1.215408840235671869e-09 3.439239458859047839e-10 3.690094907298780681e-09 5.678043977810827544e-09 4.121272004849787222e-09 1.517024557184277862e-09 2.391456524408446810e-09 9.280314986076047780e-09 1.435991800452184688e-08 1.362917698064175615e-08 6.099755907655151884e-08 1.965035280440646447e-07 3.861435101146236377e-07 7.201487014083058259e-07
-1.238426427496003133e-06 5.549495570283241041e-07 2.755414565210323380e-07 8.201279998128847013e-08 2.001827221644605629e-08 5.540016533261987690e-09 -9.829942767442753203e-11 7.107440050573297407e-10 5.677267235692401838e-09 3.539758534059686282e-09 1.104579861575573845e-09 6.586975979665421795e-10 1.856988932187544689e-09 1.315618991566603257e-09 1.047842168887086928e-09 3.180520196675940128e-10 -9.218327875338978302e-10 -9.066883043711481364e-10 -1.322670959551474268e-10 3.536226507477138178e-10 8.742333945670614128e-11 3.218102160613892157e-11 1.638441573067947125e-10 1.178941809868937329e-10 2.138650149567098647e-12 1.455939722825789563e-11 3.835291487764158068e-11 1.069445585996227338e-11 -3.401841805531453733e-11 -3.462604060358785359e-11 -2.455085973996910920e-11 -2.052812285208633975e-11 -9.507110578047892568e-14 2.070152290410247705e-11 1.500366034235050643e-11 -1.134343592153213257e-11 2.604035241776148907e-12 9.594795860049732279e-11 7.294101027827583371e-11 1.179082880013813338e-11 1.921312541799294781e-13 5.212746388174603506e-11 1.656054501222615154e-10 2.756163019172081888e-10 3.959201264677602414e-10 6.607876190822796060e-10 7.015031490301643135e-10 3.572343021373388963e-10 -2.456507768916701544e-10 -1.138004106795800822e-09 -1.250921335002599322e-09 2.969000564443733258e-10 3.734795641928976485e-09 5.670776288485165896e-09 4.053232414857082398e-09 1.323808027791283540e-09 2.008623181599535423e-09 8.457352865410750391e-09 1.280530618156902084e-08 1.290584754881267994e-08 6.187222479356176075e-08 1.984531916708127867e-07 3.939769142805450020e-07 7.367004435488597654e-07
-1.461143974709885961e-06 4.696469615029464729e-07 2.419861671329062762e-07 6.612367975768881588e-08 1.278708124808849236e-08 2.901629598803107202e-09 -7.271331303970708224e-10 4.899766819969629884e-10 5.494270179288620400e-09 3.507048001915499648e-09 1.048844679146849878e-09 5.743571050388046941e-10 1.819379315291561031e-09 1.376030474102003007e-09 1.071117416588115723e-09 2.693831540481646102e-10 -9.328422876244017207e-10 -8.844792480074250939e-10 -8.960590545798957074e-11 3.840136714258262786e-10 9.507430521400886416e-11 3.512134291618439001e-11 1.622370870679144804e-10 1.142615828599915428e-10 1.580487545022508784e-12 1.696584382693270237e-11 3.979529609222687680e-11 7.765494167938339976e-12 -3.735131364945004727e-11 -3.708888055908180305e-11 -2.655487597433990920e-11 -2.126878499556592199e-11 3.006449850464155651e-13 2.338212054491127418e-11 1.895639074977921123e-11 -8.325482242996038671e-12 5.595257385625660266e-12 9.957514911702486470e-11 7.459430371304737571e-11 1.453740494984364859e-11 1.256506682360571405e-11 6.057488398131222489e-11 1.648471825184621189e-10 2.767089008671758082e-10 3.959458338319253515e-10 6.452693415350922678e-10 6.828103705968089887e-10 3.364785197040454102e-10 -2.591262714138794968e-10 -1.104744447864949464e-09 -1.208697839543722901e-09 3.661392560420348618e-10 3.818162348388512684e-09 5.749582283322178750e-09 4.031663697980176788e-09 1.290782048621272928e-09 2.095846199320576162e-09 9.100005654873870333e-09 1.412215308422525196e-08 1.455118868289648209e-08 6.405822329130236492e-08 2.021469262885908879e-07 3.990090458769406756e-07 7.574210124178123755e-07
-1.643550857122285679e-06 4.246217767668450100e-07 2.285740115072969584e-07 6.335552253769690022e-08 1.278287753326997521e-08 3.304286614683971395e-09 -7.570685079104821466e-10 2.856183609306294500e-10 5.262032895316921893e-09 3.426861057231755356e-09 1.150506370738105825e-09 6.196166815901567823e-10 1.827030792000697251e-09 1.348125993844479992e-09 1.094681715227745649e-09 3.222304826546856817e-10 -9.445781146684213822e-10 -9.241274345907889345e-10 -1.305307960735724758e-10 3.633809914694229296e-10 9.571765580697840978e-11 3.973474665043582703e-11 1.593493718181290366e-10 1.083091954861515001e-10 -3.396359539135976667e-12 1.513466987481382186e-11 3.933137028377948016e-11 9.841528569287684112e-12 -3.594719509855599039e-11 -3.687027155108748508e-11 -2.654584294279128978e-11 -2.195190423776467540e-11 -2.651100140683625480e-12 2.109642357337357665e-11 1.701243929238884033e-11 -9.758803373833182893e-12 5.581253021062810522e-12 9.887124493859776753e-11 7.540991430721238828e-11 1.737652135159196960e-11 6.986395976002405069e-12 5.490998784529485969e-11 1.586888922819653241e-10 2.630582456455833541e-10 3.857436421011829292e-10 6.541300228251713589e-10 7.087530041117565056e-10 3.432148519836686429e-10 -2.934112362750292179e-10 -1.175290970201896963e-09 -1.254409511870872754e-09 3.682657068034103899e-10 3.762657639351099706e-09 5.589732477734591539e-09 3.852034788968016934e-09 1.206526339978128105e-09 1.966158247937433024e-09 8.318776828557905970e-09 1.282075699514098367e-08 1.235409273083680098e-08 5.851305372276905444e-08 1.893425172702964969e-07 3.757303088886269194e-07 7.044537691033094308e-07
-1.504238919992292293e-06 5.003105916046338075e-07 2.631873220940178939e-07 7.893429537637168718e-08 1.933592800026332677e-08 5.710315913414317808e-09 2.893272704107396465e-10 9.726904827899709629e-10 5.568405448127613821e-09 3.524005151683196140e-09 1.134561670086796944e-09 7.027460449286097002e-10 1.883203462042461110e-09 1.385579564445056637e-09 1.080394141165941746e-09 2.877402440322490240e-10 -9.527309415306054173e-10 -9.176395260992397999e-10 -1.116197187328302885e-10 3.743490856026161854e-10 1.003456965850897836e-10 2.964899086126013801e-11 1.570602269869810368e-10 1.171679320195014707e-10 3.371951292174652017e-12 1.994809771256719033e-11 4.051849769477177399e-11 5.955043783971909295e-12 -4.086041376360340171e-11 -3.965938097735023090e-11 -2.507136064335249456e-11 -1.913348130645082548e-11 -1.343005462803629968e-12 2.100737387575447010e-11 1.744769626376547923e-11 -7.789920121295670003e-12 6.978180599360105116e-12 9.930032430100801526e-11 7.146779114472797670e-11 7.081008547698944597e-12 6.160100703254541893e-13 5.568696614423067893e-11 1.688089187349755575e-10 2.836202864965096526e-10 3.963625934277145245e-10 6.395648637074787718e-10 6.729948915332624352e-10 3.210691621035090168e-10 -2.822310068381622009e-10 -1.136125805091571904e-09 -1.181190692873358997e-09 4.399595129088461136e-10 3.815511325494218287e-09 5.762550609061641089e-09 4.145740658396926702e-09 1.359620943232470827e-09 1.994297434194950066e-09 8.368462333567054789e-09 1.300731808383394020e-08 1.332196166439946610e-08 6.383201753770095611e-08 2.031470811097472418e-07 4.078000406297010996e-07 7.717973357673658291e-07
-1.708983623354227757e-06 5.498241231502638136e-07 2.819538568551648525e-07 8.170780307306230212e-08 1.810385019951677738e-08 4.729626790358067776e-09 -2.569159221926420295e-10 5.720346012280060297e-10 5.412049335540256654e-09 3.667275162159677718e-09 1.329312312020579917e-09 7.109281242625220239e-10 1.869385424847640862e-09 1.369165249899923216e-09 1.043506717066031847e-09 2.586512310047538325e-10 -9.948478433904131806e-10 -9.282971031324848954e-10 -1.061849898511870932e-10 3.776275199497594621e-10 9.609420907834105542e-11 3.274488752309719178e-11 1.624291078582342230e-10 1.185801222339253574e-10 8.780539379859178509e-12 1.645038205846283759e-11 3.411800792899670443e-11 5.396617668027526143e-12 -3.491503668072371414e-11 -3.367742947427961325e-11 -2.392411271166487421e-11 -1.966745444885505351e-11 -1.386392318817071138e-12 2.017537212582088134e-11 1.700463168861181130e-11 -6.018446779463314542e-12 9.161842808165388680e-12 9.916214625357382713e-11 7.506183978167653363e-11 1.699955645050832862e-11 1.324066053454723800e-11 6.321133330824811324e-11 1.672185798548817854e-10 2.672095021786575552e-10 3.808257827900409007e-10 6.480616493143358685e-10 6.839013749550600113e-10 3.195820548221185835e-10 -3.007826300139068709e-10 -1.145088039292245014e-09 -1.226811847097652769e-09 3.003048869484010128e-10 3.656399653952138480e-09 5.656775981134052070e-09 4.143644178818700040e-09 1.398627947414126415e-09 1.876924363791085537e-09 8.463210652369589123e-09 1.346324536230475082e-08 1.449116510754854608e-08 6.488146341278345027e-08 2.043337889286620753e-07 4.102637680494990494e-07 7.814518198334606012e-07
-1.331582714476254083e-06 4.432778295869893283e-07 2.419479261592759298e-07 6.770922886527980468e-08 1.379739065400831940e-08 3.559113791243319312e-09 -6.830842241480468638e-10 4.478453644891488567e-10 5.484800320609578035e-09 3.577234799212437556e-09 1.079212393700904842e-09 5.257286514346217159e-10 1.783823305104509398e-09 1.330474322193846838e-09 1.018860848035599278e-09 2.239390594712310534e-10 -1.005132009231408261e-09 -9.392341433545479548e-10 -1.149193740160850209e-10 3.667239187476756839e-10 8.999555935048114437e-11 3.585125530118849876e-11 1.717421373482408978e-10 1.231077004080425018e-10 5.489357584544424468e-12 1.781242855482011293e-11 3.769764913521298791e-11 7.082812074659024049e-12 -3.831898472880139036e-11 -3.616761743282895416e-11 -2.345392440507599464e-11 -2.029214447970292221e-11 -2.388648420631123845e-12 1.935875882877111149e-11 1.628956843036033871e-11 -8.856898544896066536e-12 8.210195456282457444e-12 1.022068464068199397e-10 7.820191847606857072e-11 1.505450327525411408e-11 5.186789635593674782e-12 5.486588691360981669e-11 1.631522860077783555e-10 2.824451271935604984e-10 4.002361805453562463e-10 6.609666083898490334e-10 7.180630847796708185e-10 3.832992775556115047e-10 -2.439050516793921885e-10 -1.122925741448927007e-09 -1.193190769797266107e-09 4.358302494449006602e-10 3.820056888881527467e-09 5.629082756286678754e-09 3.958249761567331714e-09 1.325053399064402415e-09 2.236251750289829762e-09 8.838261796832806700e-09 1.287570237056471343e-08 1.181144195461311690e-08 5.803788170287654074e-08 1.865785443928835597e-07 3.663770034630809690e-07 6.904951546097658826e-07
-1.580304086554329841e-06 5.345601044473897237e-07 2.759395536529302001e-07 7.895545597133376573e-08 1.806779049467874161e-08 5.059853869581199003e-09 1.435802922706204648e-11 6.589717603923293169e-10 5.416451581235839115e-09 3.461969639211420430e-09 1.019550211188490793e-09 5.534444703619262200e-10 1.805179190216329108e-09 1.291728733651676468e-09 1.007718685503958077e-09 2.945166093980735694e-10 -9.467100766301522897e-10 -9.331347893994601537e-10 -1.301575560255525953e-10 3.591917007137587976e-10 9.756886949568435536e-11 4.668255797773261195e-11 1.722836876782158670e-10 1.176945316217644159e-10 2.076831717879726559e-12 2.214589361322153568e-11 4.425232973470689559e-11 9.266055283463032571e-12 -3.484229860134824773e-11 -3.569769018847362070e-11 -2.637687395863223425e-11 -2.262502815322628340e-11 -3.697760069109633358e-12 2.005359719434694116e-11 1.791397158566210481e-11 -8.545438127430891278e-12 6.364880574203231367e-12 9.801163034448574128e-11 7.380682098745291906e-11 1.322423846935816993e-11 5.037588179701973999e-12 5.465607568827945317e-11 1.561869483275502375e-10 2.681434364027955577e-10 3.816944041503768714e-10 6.348940213608414435e-10 7.073686593450020317e-10 3.896015946439387617e-10 -2.378818581137475544e-10 -1.135875222017871553e-09 -1.262412111455455801e-09 2.899262655568970305e-10 3.703738179475581586e-09 5.625062982858612586e-09 4.020560308872228111e-09 1.263314543081054442e-09 1.840068461106450643e-09 8.280964069211126583e-09 1.296551161723502267e-08 1.174948192155768461e-08 5.645268159473537963e-08 1.834167355564769547e-07 3.526961800003596598e-07 6.556812378907253877e-07
-1.466329135598052020e-06 5.027673392503852457e-07 2.607818027821886661e-07 7.664223838424738638e-08 1.854936890913541213e-08 5.505682051224445877e-09 3.320383046239771047e-10 6.782528915199770086e-10 5.388528189921610373e-09 3.498247339847724044e-09 1.189468629409068091e-09 6.554737849101810262e-10 1.844986042532147914e-09 1.355416335624026470e-09 1.073049223494042103e-09 2.819240393061447721e-10 -9.658876071182021774e-10 -9.335634919051814803e-10 -1.209301264730117541e-10 3.715925382955604841e-10 8.851830447699415103e-11 2.273063188931699948e-11 1.560071366162954783e-10 1.109473719774601914e-10 -3.026332055866603670e-12 1.516538972759795267e-11 4.063169201211555333e-11 1.021152329283459962e-11 -3.649209404363819286e-11 -3.660813805035700562e-11 -2.617198220862084623e-11 -2.272029300114444116e-11 -4.956541310504004046e-12 1.838519296674363772e-11 1.592316779527282904e-11 -1.016990250070245157e-11 4.336970621942066559e-12 9.362683712810009167e-11 6.817147585181562859e-11 1.100811646224149690e-11 6.623612423133258610e-12 6.714167880187706672e-11 1.819306453461832705e-10 2.842643883071579937e-10 3.834348664886888891e-10 6.340714298493184265e-10 6.914930992122174968e-10 3.450101311395008413e-10 -2.863194287788144372e-10 -1.160386512663056413e-09 -1.260025518581870122e-09 3.591831218791299648e-10 3.778124144718358997e-09 5.646408425886939097e-09 4.027877797531905300e-09 1.571754148024391557e-09 2.555900656383240740e-09 9.434079687768606907e-09 1.437580975104863230e-08 1.549525512388955615e-08 6.546431751989579482e-08 2.033715800615103031e-07 4.047843048646071846e-07 7.581321606894406412e-07
-1.197638213850752268e-06 5.060721295165833965e-07 2.587728493240984087e-07 7.225582184561724531e-08 1.459602150478283842e-08 3.149032587517984592e-09 -1.031117487301349761e-09 1.867365156983475722e-10 5.239063662621431386e-09 3.474934162246065888e-09 1.106902710860069571e-09 6.016910300085798844e-10 1.789032658791934597e-09 1.280139891938683481e-09 1.030240495141997530e-09 2.686028869070687407e-10 -9.773158047302439105e-10 -9.399264192139208094e-10 -1.207080725225192794e-10 3.741010319330131115e-10 8.183740188669706300e-11 2.807929196218348338e-11 1.675172234566214953e-10 1.282771755854291165e-10 8.811166861559627428e-12 1.638840893336163219e-11 3.790198791108366459e-11 6.678907329967995801e-12 -3.826445945311880654e-11 -3.846890348039759763e-11 -2.832065765001200267e-11 -2.124744868888437435e-11 -1.945450526787674483e-12 1.753630593772330211e-11 1.377035360376821022e-11 -9.421333981313179837e-12 7.521906715543795570e-12 9.708377471990623100e-11 6.996695776944516321e-11 1.082506696552508341e-11 5.524277242815818030e-12 5.918877405233257133e-11 1.720067935456625246e-10 2.887199590219897126e-10 3.966166234050308918e-10 6.446518065389852652e-10 6.859468263690387303e-10 3.426688915407103668e-10 -2.513834223304310863e-10 -1.097281886913502002e-09 -1.186738108180326767e-09 3.375390840986582642e-10 3.679071919295235982e-09 5.563932090919400747e-09 3.919448423435478509e-09 1.326788308976344806e-09 2.235316287576513737e-09 8.882502794579971361e-09 1.370399987864150155e-08 1.352708591607977590e-08 6.117889147772108623e-08 1.955967333723433871e-07 3.924997878353237978e-07 7.488834998210809232e-07
-1.701651399116874387e-06 4.779197427645385535e-07 2.520172830927659303e-07 7.538331056633784247e-08 1.867796781410587117e-08 6.300491572665349837e-09 1.082121329737737746e-09 1.302621033711045764e-09 5.637787785373205886e-09 3.530923671459094545e-09 1.074368120783288117e-09 5.777181620483252437e-10 1.770172684126773931e-09 1.272076999244555479e-09 1.043763760647398408e-09 2.898567010443524389e-10 -9.332488283662291795e-10 -9.151226375337215199e-10 -1.265335304215536099e-10 3.638330024528869558e-10 9.128024327425297138e-11 3.886713297111930226e-11 1.693488630436210965e-10 1.260616268991918002e-10 1.538711543143381015e-11 2.768446330981138922e-11 4.236429970130364327e-11 6.329154538211592765e-12 -3.851540866470845127e-11 -3.660692272303193380e-11 -2.389513966367470765e-11 -1.760145397489782316e-11 1.623215978494169763e-12 2.285503805781386392e-11 1.672552449602314642e-11 -9.927040448371989742e-12 6.018176954342927595e-12 9.838959265168387287e-11 7.340955225539937625e-11 9.108427862733902860e-12 1.191064311526033039e-12 5.365831912910998603e-11 1.720527591451812476e-10 2.883830474075407191e-10 4.008043971627565485e-10 6.565158554997488862e-10 7.085146696991413691e-10 3.638843190066104720e-10 -2.808422848353636355e-10 -1.134344940301979981e-09 -1.202950805598410202e-09 3.951529118372991581e-10 3.794328551653683371e-09 5.715172551054967759e-09 3.982350882458949256e-09 1.157009242258524685e-09 1.886486639225955082e-09 8.727704417442117875e-09 1.445120997465179519e-08 1.579874808955227757e-08 6.490387850081632074e-08 2.012750667739745112e-07 4.002154859116316501e-07 7.564335148643366587e-07
-1.754353773868719543e-06 5.370915297431319567e-07 2.748330767397155878e-07 8.141651471275248755e-08 2.003942348674854605e-08 6.234552339992227629e-09 2.535253584639534286e-10 4.875041066570380926e-10 5.477813197203219957e-09 3.616918873863581234e-09 1.162998328226271051e-09 7.014821391592214284e-10 1.938064522234304686e-09 1.357751319402747554e-09 1.035203675866190487e-09 2.601618216065654371e-10 -9.862555611837344739e-10 -9.405180980774275180e-10 -1.277693777825220724e-10 3.732774932191255173e-10 8.822701021263806750e-11 2.543080817514761793e-11 1.635813770833023663e-10 1.196400275425094123e-10 9.898967795622357158e-13 1.647958115674653657e-11 3.923808017464308374e-11 5.620801660024985327e-12 -3.846760783581889745e-11 -3.748404087357899094e-11 -2.356826890351915093e-11 -1.791728078860088108e-11 -5.444507800494560286e-14 2.002316939439866555e-11 1.459199054086814113e-11 -9.993054808955275476e-12 5.806366320277647618e-12 9.984764355588528794e-11 7.538376973970685754e-11 1.112536024746307251e-11 3.211715669023595334e-12 5.696272258045528372e-11 1.638278805121517282e-10 2.754188054151199367e-10 3.887795147544932968e-10 6.460302461864640786e-10 6.896428152174545506e-10 3.408303608318665925e-10 -2.689707066273100306e-10 -1.097452877472508256e-09 -1.178615588033296213e-09 3.372298470554912600e-10 3.704812865783639059e-09 5.551740625568363547e-09 3.848858155663345534e-09 1.145077908165228135e-09 1.882475270163795119e-09 8.726329861814729824e-09 1.380625956321105925e-08 1.393976746765596395e-08 5.965129949975516489e-08 1.865743921111670983e-07 3.687636553784970944e-07 7.140515141317568793e-07
-1.729767035616138861e-06 5.336827315771430564e-07 2.834800694074501447e-07 8.962413481502390841e-08 2.321225328033906762e-08 7.543301389655401919e-09 1.112062429028154859e-09 1.041230843214931698e-09 5.691682906282441332e-09 3.557472807410925123e-09 1.223743503018042326e-09 7.077045222948735604e-10 1.798468274858606257e-09 1.253142390018235790e-09 1.013043231842847112e-09 2.465430612783135366e-10 -9.746715475834881901e-10 -9.155838257734764649e-10 -1.199270260743162798e-10 3.677152994544434690e-10 9.976360189122229681e-11 3.212057143026363856e-11 1.544865879782478342e-10 1.093012204545270804e-10 -3.542207075591019070e-13 1.721106262522737114e-11 3.801247179041096541e-11 7.571215723110112909e-12 -3.565773127164457345e-11 -3.574451936314213942e-11 -2.487496341218843807e-11 -1.968380487001000729e-11 -9.518401837774338170e-13 1.956323325647891345e-11 1.552413670839198182e-11 -1.000913713296499952e-11 5.066806747660013521e-12 9.594850974737349126e-11 7.117648499055094796e-11 1.524610479703362307e-11 1.169304155051124297e-11 5.742062043145407591e-11 1.607982421056430193e-10 2.772848497873668059e-10 3.945594911658527913e-10 6.625648141720830723e-10 7.046336854758407674e-10 3.446572375754924062e-10 -2.722662186171224467e-10 -1.138681866751439324e-09 -1.236160674574734874e-09 3.100261718198118365e-10 3.643984452761642808e-09 5.559632998009368645e-09 3.974835930910920410e-09 1.235040797296000503e-09 1.799324078842952709e-09 8.183790385768741423e-09 1.273393005648190981e-08 1.269813861195842286e-08 6.102258273380418583e-08 1.958195744218007876e-07 3.899626786687161594e-07 7.349514112558431086e-07
-1.414396099075478361e-06 5.027219735984501132e-07 2.687909861014325032e-07 7.909553104098445848e-08 1.771549609625300198e-08 4.846876205700081485e-09 9.823462377656592789e-11 8.001125373463103831e-10 5.598500575538987816e-09 3.587350517813446345e-09 1.159515639865997939e-09 7.269542873952337280e-10 1.910037935117803916e-09 1.310662475921225944e-09 1.000330488244605807e-09 2.750250856671560661e-10 -9.439414682400947501e-10 -9.042228395531579034e-10 -1.037028596408266470e-10 3.689375016635978848e-10 9.544407050702642386e-11 4.112637973615455736e-11 1.686414926546182068e-10 1.137783683930532810e-10 -2.146603861639645698e-12 1.156931968936992300e-11 3.508177025823376471e-11 3.522638927113795642e-12 -4.140846912582768130e-11 -3.720711495873607115e-11 -2.403202163386098788e-11 -2.074713166260127229e-11 -1.430431996819846921e-12 2.142238120398901401e-11 1.920783945239731720e-11 -7.294020428681809883e-12 6.298724514256262994e-12 9.679063621616853256e-11 7.128539187332832303e-11 9.202832269552608918e-12 3.125119979467514744e-12 5.171472405318763087e-11 1.516112611103697573e-10 2.597286213327873133e-10 3.772271631285924087e-10 6.533491112541520010e-10 7.093016192481625137e-10 3.515819740492867858e-10 -2.672810634606619817e-10 -1.115604028336219169e-09 -1.152787847881107630e-09 4.462522286332399532e-10 3.764512304723680411e-09 5.680759847437920642e-09 4.072825855764405182e-09 1.439279408904805502e-09 2.323241693001366758e-09 9.040422253989579762e-09 1.413099206110249186e-08 1.472867667553891626e-08 6.268077316004601613e-08 1.940156789724806228e-07 3.784935126515633435e-07 7.069519860536871372e-07
-1.573333081677227061e-06 5.191967686977478033e-07 2.699469514554321550e-07 8.043373705525998248e-08 1.978492133534989886e-08 6.398812886705688694e-09 6.220838906492831647e-10 9.969314424314258527e-10 5.630799693796654889e-09 3.632246157696122496e-09 1.134515918750027678e-09 6.445942749234547350e-10 1.900729308732376253e-09 1.377633831137274731e-09 1.013250679065114599e-09 2.118261490328562863e-10 -9.867464830247974243e-10 -9.269251157222644122e-10 -1.288767685229812915e-10 3.460697019709271051e-10 7.928500481964574984e-11 3.811900711565947119e-11 1.728317204206883401e-10 1.197955055178446601e-10 4.901308480206575044e-12 1.971301536935614880e-11 4.030368714526555731e-11 7.893636485475117466e-12 -3.781316681405201085e-11 -3.879564820935533474e-11 -2.531516037729830352e-11 -1.870678771416131875e-11 3.254066933325452433e-13 2.164155963783387877e-11 1.777780283721271070e-11 -7.995834084912714154e-12 4.709046455211757658e-12 9.483771104018753202e-11 7.208504584823331156e-11 1.508775840527748482e-11 1.132527295532078876e-11 5.556621279809783333e-11 1.531466573994970986e-10 2.592966011428446517e-10 3.780351882108846389e-10 6.495482984253717187e-10 7.066502585423701955e-10 3.777214777696762136e-10 -2.313293721480659147e-10 -1.113062550414773657e-09 -1.225957137771352972e-09 3.335605392176917235e-10 3.704450718122834642e-09 5.633592180294860497e-09 4.036912588669755052e-09 1.298122810231092309e-09 1.796091805932384571e-09 8.143503072492590571e-09 1.274822005785882221e-08 1.280483900829383343e-08 6.170622681933517770e-08 1.955532145159338161e-07 3.860540024674997226e-07 7.318347004702086473e-07
-1.676745433634213093e-06 5.232795375502467101e-07 2.681692157696576619e-07 7.764042776698520983e-08 1.686023138906349215e-08 4.707099666603595979e-09 -1.941328557191646859e-10 4.255570427329779372e-10 5.412282695472552525e-09 3.647532385264244803e-09 1.247887634408600842e-09 7.055886984988791943e-10 1.866397707535551457e-09 1.313370620186712506e-09 1.010241017242682363e-09 2.155572294958401055e-10 -1.002791867740007596e-09 -9.256875859051228751e-10 -1.186590823163487698e-10 3.760810893126648207e-10 9.810634722628381491e-11 4.285898964322904637e-11 1.722052869145395174e-10 1.224699756446966691e-10 2.825237453251226459e-12 1.703427453617854754e-11 3.750334226358012957e-11 4.616070990264892298e-12 -3.874564665460963954e-11 -3.577410952527367021e-11 -2.400948241531632641e-11 -2.074818757209670680e-11 -2.693385833952378375e-12 2.030593266711955776e-11 1.813267615326505155e-11 -9.235573968095320134e-12 4.900105063001195707e-12 9.724529073578623641e-11 7.308991432328484543e-11 1.044817861319636008e-11 3.040866380577372792e-12 4.804605783970436294e-11 1.620367152350168114e-10 2.870203351489153618e-10 4.117563702292452420e-10 6.676842649840994059e-10 7.042874505523799103e-10 3.567996247948327205e-10 -2.600161895608771956e-10 -1.123366679299894715e-09 -1.213509536427489961e-09 2.520287801761454760e-10 3.572855891246293278e-09 5.519697482506224720e-09 3.804281098076812477e-09 1.065509187442311105e-09 1.804716997152050263e-09 8.403227220769033297e-09 1.383517140847600842e-08 1.465856263548700646e-08 6.338873040015918210e-08 2.003395182626524806e-07 3.998662748034024688e-07 7.591374944867483522e-07
-1.754060750684251418e-06 5.013139153395430509e-07 2.662882646573486406e-07 7.972431363416169947e-08 1.956602328338517788e-08 5.993208828978350245e-09 5.794909379494624625e-10 1.316174073147822328e-09 5.864755850601277424e-09 3.572761784381809016e-09 1.128612571610973912e-09 6.071424585246986993e-10 1.816052733121327693e-09 1.339576853001491305e-09 1.047468951747352641e-09 2.466915430642862240e-10 -9.898286858203598030e-10 -9.236922207904838888e-10 -1.264694029985419665e-10 3.586155841193244045e-10 9.779440822613696631e-11 3.460644631339913454e-11 1.594642806015220191e-10 1.111086896038752355e-10 -2.651453805509874848e-12 1.726531664809524041e-11 3.706085883904751054e-11 4.960260848450171499e-12 -3.755126952934717412e-11 -3.559377702594893300e-11 -2.593595199357407236e-11 -2.119863582754111040e-11 -1.773365428346746434e-12 1.946228812473277703e-11 1.654693846605682503e-11 -8.263406627956140245e-12 5.967806832862655835e-12 9.752331806256939451e-11 7.247376214558605923e-11 1.294641217124191209e-11 4.512521193983645327e-12 5.336736917828055605e-11 1.616492296646025474e-10 2.719851093183819695e-10 3.900655047806128961e-10 6.389698102046281451e-10 6.968329702694007907e-10 3.633695404012175720e-10 -2.192592423509724651e-10 -1.075585965543205911e-09 -1.162725983851500435e-09 3.955667355194263527e-10 3.748909697015533529e-09 5.669285012472697493e-09 3.987448671937535742e-09 1.297257485049030293e-09 2.042206354174142586e-09 8.572786054438143803e-09 1.271609234184362859e-08 1.229855756652762804e-08 6.037290955195840054e-08 1.916007477803766209e-07 3.707995045420127954e-07 6.965036169101236780e-07
-1.647962290552332546e-06 4.969451146942195452e-07 2.660397908347286269e-07 7.656089590286493479e-08 1.727092601805868867e-08 5.272214905083236463e-09 3.138507736913204436e-10 6.842683692257361301e-10 5.343080949642635241e-09 3.464557236321767684e-09 1.013819511189642067e-09 6.007096665745718418e-10 1.900400416179846648e-09 1.389757255878034891e-09 1.118050883329551346e-09 3.411620627897378192e-10 -9.155062591878700032e-10 -8.987277451133335070e-10 -1.241126705932851114e-10 3.582663734339616330e-10 9.489007859188630968e-11 2.764807374445322155e-11 1.601671910153398981e-10 1.180010359278121644e-10 1.321262938002305877e-12 1.532827077854645743e-11 3.847413572767956055e-11 6.710364633360705361e-12 -3.788313418612570197e-11 -3.659447961423431216e-11 -2.538077905849210060e-11 -2.132625886636407467e-11 -1.017457616391934889e-12 2.300303304594104667e-11 2.005039114600117548e-11 -6.198152776058722709e-12 6.347386892261380346e-12 9.478059489699301646e-11 7.120562663017478078e-11 1.422636006914003001e-11 8.890543576991916189e-12 6.021000208916515144e-11 1.728952731099429247e-10 2.808899078903245595e-10 3.852722132065008408e-10 6.515408462733910412e-10 7.220123505077280055e-10 3.736727158777005755e-10 -2.429885559029337407e-10 -1.147243853299515359e-09 -1.248225967236691885e-09 3.375245974586363642e-10 3.777644350729369748e-09 5.624621631929679590e-09 3.938665479241793981e-09 1.177954206957803817e-09 1.774143769433989340e-09 8.381193109034760549e-09 1.324655589157880686e-08 1.299330277337667402e-08 6.055892980832714183e-08 1.939922137487423567e-07 3.825488771322256518e-07 7.120869276871243920e-07
-1.532163996920823460e-06 5.279600266768198889e-07 2.743387465947777054e-07 8.332336712346925865e-08 2.090189463526640897e-08 7.456154164051038536e-09 1.385754224260897785e-09 1.056478936769769224e-09 5.387587747818420436e-09 3.281299330121088845e-09 8.411151713222870637e-10 5.405364933141470537e-10 1.831443384459023796e-09 1.403148178216073151e-09 1.129777145724770690e-09 2.821834393085593870e-10 -9.861060655584413842e-10 -9.251311429659391153e-10 -1.090715078524164086e-10 3.684793636241828171e-10 8.131699535278504835e-11 2.534089278233943046e-11 1.524581236504023365e-10 1.132907008487692970e-10 1.362685984258405022e-12 1.589154015663791928e-11 3.986943004011820244e-11 1.149649587238808329e-11 -3.418565542737550979e-11 -3.523117572902031436e-11 -2.292407464354593129e-11 -1.761279780689518430e-11 -1.152367911187619113e-13 2.087642055764585651e-11 1.611003332279907481e-11 -8.852580144741244810e-12 6.374252262530931142e-12 9.827741030411796676e-11 7.289155611800426763e-11 1.252120342201584735e-11 4.021912683392568946e-12 5.502711664643238050e-11 1.692511766155105649e-10 2.869865046928102989e-10 3.926080860905422031e-10 6.535509814476827090e-10 7.079261319174978021e-10 3.270927507873031683e-10 -3.095413988529812456e-10 -1.147391556160155659e-09 -1.158630399231927318e-09 4.679118457622526618e-10 3.887026573725225456e-09 5.738202887640235844e-09 4.007729017520429698e-09 1.343758819804007656e-09 2.271326702050546448e-09 8.909370776701905142e-09 1.420455479593474727e-08 1.543477990072212857e-08 6.497465867880687157e-08 2.020536681768185023e-07 4.035031912665880706e-07 7.700661790394537052e-07
-1.176816983003122574e-06 5.706012969518470577e-07 2.890723127656939114e-07 8.555490722548005899e-08 1.999167470161070443e-08 5.922462603358668691e-09 2.577971408146337895e-10 7.804760850353550543e-10 5.281780610091701204e-09 3.235894168514780507e-09 1.096776772015547463e-09 7.681852019634088593e-10 1.942994584992967912e-09 1.369133086887255992e-09 1.039259168367084478e-09 2.429390623498167795e-10 -9.919643541791018425e-10 -9.374863062814510584e-10 -1.274101271085310901e-10 3.642761509792154480e-10 8.111160440946731511e-11 2.603618555781101302e-11 1.556336557645277362e-10 1.135795748820571153e-10 2.645515898699155772e-12 1.806759813680765832e-11 3.833620589864459099e-11 6.055067524938593706e-12 -3.836226759538922509e-11 -3.699811469218205960e-11 -2.406794669193927151e-11 -2.030760308022427785e-11 -7.758907832764213348e-13 2.090510846364583123e-11 1.661115270657439061e-11 -1.066800197453640213e-11 1.201402231803511851e-12 9.136075075537898474e-11 6.860290628285305161e-11 9.647054733280296517e-12 1.098195471460244509e-11 6.467268102719529254e-11 1.776769703844728730e-10 2.896191598127523756e-10 4.027783179659545408e-10 6.503525924882910023e-10 6.974361472857102545e-10 3.402612446285432605e-10 -2.970262841801368874e-10 -1.148489527731033453e-09 -1.185960065767076725e-09 4.604070705660119227e-10 3.797572405676592805e-09 5.586453922204090536e-09 3.802527458968990459e-09 1.029541112947780459e-09 2.192280912626886491e-09 9.275387220380472665e-09 1.442352197286536288e-08 1.542438528648377457e-08 6.767190601082824608e-08 2.139205291026470117e-07 4.342930214508716739e-07 8.454941196457198397e-07
-1.465157301055985465e-06 5.351314743926766408e-07 2.736725786851949903e-07 8.170656755423872026e-08 1.911746560186116754e-08 5.381843566710240747e-09 3.803402098038303504e-11 7.173731077148271939e-10 5.569463538424745333e-09 3.702599845068969127e-09 1.241290505979082651e-09 6.889759897583005720e-10 1.864558074846989606e-09 1.301566630834194861e-09 1.024424439721615667e-09 2.769445114017179399e-10 -9.692144044889207552e-10 -9.166154019915748089e-10 -1.103173195370797091e-10 3.715303694475256576e-10 8.707793206653341294e-11 3.469062919757955313e-11 1.647512004450238879e-10 1.133653744587149186e-10 6.680893947513948128e-13 1.861803892433410738e-11 4.077699885089739218e-11 7.212301577721951679e-12 -3.748596361272713742e-11 -3.497991344325769456e-11 -2.292453441760617783e-11 -1.905326488853873643e-11 -8.153458091505034226e-13 2.009454016001095721e-11 1.802992550091854885e-11 -7.022400920118457607e-12 6.667534730228427571e-12 9.831094254583286824e-11 7.101614457071441498e-11 1.008661274302148949e-11 3.486202215556609163e-12 5.876420824925254889e-11 1.687875462113984502e-10 2.688794720217066784e-10 3.825913164603430497e-10 6.453871351217755014e-10 7.033265141708713519e-10 3.624911597019692593e-10 -2.555566031311348856e-10 -1.097386272089153413e-09 -1.154077054314205670e-09 3.854629200570291514e-10 3.665592346711758831e-09 5.523095129069869422e-09 3.990073443798870055e-09 1.387601455605833713e-09 2.104671867980235656e-09 9.134680968501205098e-09 1.468669792409204967e-08 1.583203820614498053e-08 6.660160084865593646e-08 2.055419456516588034e-07 4.136445077734002483e-07 7.844800114788628581e-07
-1.360993831050857062e-06 5.061236973324071736e-07 2.576371114531614341e-07 7.209266686358419785e-08 1.495350405201438761e-08 3.841817893398230615e-09 -1.568082934601377911e-10 1.004016784382265925e-09 5.584535235148762852e-09 3.435686689694493344e-09 1.066695213095709598e-09 5.779713000913212788e-10 1.778815945681513998e-09 1.332498753830637553e-09 1.031269162498478234e-09 2.490170063798098272e-10 -9.771075230300430944e-10 -9.225542488438680566e-10 -1.174911520267747691e-10 3.609781172081414887e-10 8.259869335360031778e-11 3.582002688634781517e-11 1.655120704770010915e-10 1.146253488073821857e-10 -4.547182753198810715e-13 1.652265803766259418e-11 3.876177188933778632e-11 6.633993049493755198e-12 -3.729982534202246414e-11 -3.685496747031477770e-11 -2.712756757613485939e-11 -2.234044292358049036e-11 -2.514427182973162224e-12 2.076405537683310053e-11 1.839471827797735060e-11 -7.370448527848516719e-12 8.925501711906133660e-12 1.000409315568233491e-10 7.510635366298338150e-11 1.092241406322693992e-11 9.058934391216168438e-12 6.380504013716826240e-11 1.684494756257669782e-10 2.670579312867262177e-10 3.763298528405230612e-10 6.412890096378000471e-10 6.947039903709883127e-10 3.502693259460239911e-10 -2.720827302266557772e-10 -1.133507768868708441e-09 -1.241547341684759346e-09 2.931698652909428930e-10 3.632861308051465276e-09 5.491695494820012385e-09 3.838124492995972411e-09 1.130798892273478701e-09 1.958981856508823225e-09 8.821150642683978826e-09 1.324403641657157694e-08 1.244878308672911777e-08 5.931572996484788770e-08 1.877585673269260227e-07 3.660877539010411109e-07 6.879393526200339770e-07
-1.832128550707535954e-06 5.595613135322602186e-07 2.902263390271993196e-07 8.788070068681044644e-08 2.127174486107553718e-08 6.382635067143578208e-09 4.975543737231569259e-10 4.063428396716332339e-10 5.404985416182024047e-09 3.602261995209285197e-09 1.080222164045756634e-09 5.768520715959080383e-10 1.850291979149136543e-09 1.371766210279177160e-09 1.071885318473638093e-09 2.891395827723611566e-10 -9.518683392153747179e-10 -9.126771573352494029e-10 -1.147433818434569319e-10 3.801335549193181735e-10 9.357603569248326510e-11 3.236908649003568516e-11 1.659314457487389875e-10 1.207143406970188968e-10 4.355470018974202327e-12 1.830649304907872681e-11 4.132394419995168881e-11 1.170755808840196650e-11 -3.199086341090302727e-11 -3.205024207102462182e-11 -2.267893108222877377e-11 -1.990466461020513235e-11 -2.605185608672455189e-12 1.883437470054485973e-11 1.648737963443324339e-11 -1.028791750829239095e-11 2.339256308283545542e-12 9.585022658552497791e-11 7.416307228982866273e-11 1.308954750095103704e-11 4.809481811706094885e-12 5.414809184368723263e-11 1.546447634279060223e-10 2.629793996398134261e-10 3.710091905572084588e-10 6.361897252709351178e-10 7.051937753089918554e-10 3.607167832766270138e-10 -2.468054233033882899e-10 -1.136038958496278557e-09 -1.197797872177769025e-09 4.346706821036194446e-10 3.781481724508033696e-09 5.684364636826547630e-09 3.974857117311144837e-09 1.229181120862328876e-09 1.915236894131024452e-09 8.525312897334796660e-09 1.338682799337902383e-08 1.362670428143668424e-08 6.177060576184369470e-08 1.961877141906537800e-07 3.893203813142024782e-07 7.285035247926603839e-07
-1.658633355171036986e-06 4.902024593206821295e-07 2.495774986620874510e-07 7.079148107550331209e-08 1.529860242149827112e-08 3.650531928309734506e-09 -5.669677064947596933e-10 5.650575435317822618e-10 5.476629460599961555e-09 3.599151857648709680e-09 1.241234070491745638e-09 8.030443318192465539e-10 1.924416665021284382e-09 1.400135932509313135e-09 1.147239223562267887e-09 3.413138503338747246e-10 -9.503703567896444703e-10 -9.266779468342526344e-10 -1.184983553700442536e-10 3.553251249195431397e-10 7.477204482149004415e-11 2.399590135700423458e-11 1.672127910352326715e-10 1.245036916163951930e-10 1.158372276520835919e-11 2.569024254735871219e-11 4.579642146568077895e-11 9.718034590660196440e-12 -3.650748649361859074e-11 -3.598765327408891217e-11 -2.438467605521629505e-11 -1.959223141548801914e-11 -1.317243569420839629e-12 1.986261945597746693e-11 1.597635133035959625e-11 -1.000830960031637029e-11 4.892709536972908433e-12 9.488985860936890342e-11 7.063952091958519980e-11 1.325905864714051970e-11 9.087605249252228698e-12 5.663837243933349320e-11 1.694338965773299623e-10 2.781639005273031884e-10 3.825658188098148924e-10 6.329550666100476011e-10 6.867556414329237656e-10 3.352831056802411083e-10 -3.024501767751363969e-10 -1.160564747313427216e-09 -1.185206592409241489e-09 3.757663540038255428e-10 3.804152980432608821e-09 5.710240936352227354e-09 4.032972802119541178e-09 1.365297073005324396e-09 2.211122879697506377e-09 8.653089760282957926e-09 1.325869082759179106e-08 1.286823207451204178e-08 5.969813769827043366e-08 1.930501395671374474e-07 3.860606447917946573e-07 7.391015857127647518e-07
-1.635106485847327228e-06 4.624318542641935940e-07 2.469597071984501631e-07 7.154052757757065372e-08 1.636133386869339323e-08 5.439638107732365106e-09 3.493323399359069998e-10 8.974060334627578545e-10 5.804370310262611462e-09 3.848097064643457066e-09 1.203108735185039109e-09 5.984345151688475419e-10 1.788802218681008846e-09 1.353695990254873902e-09 1.071091853549131577e-09 3.075577894193382863e-10 -9.524628241385034978e-10 -9.206677152718038376e-10 -1.075090163391613181e-10 3.641857055981716859e-10 8.367724898128573389e-11 2.322659338707246094e-11 1.596402353439414312e-10 1.220920563780835135e-10 9.361033066594261606e-12 1.919772997863082975e-11 4.055689863882098826e-11 9.256362038183321783e-12 -3.642595127872297861e-11 -3.651976950366726618e-11 -2.560373908527293857e-11 -2.122130190685460738e-11 -1.407514226226879639e-12 2.109302531764354916e-11 1.682811875885005351e-11 -1.141897299813312876e-11 -1.906903821190175149e-13 8.973778197374355957e-11 6.906239501845713767e-11 1.410333078088888406e-11 1.171393120852570557e-11 6.368273918292926495e-11 1.652992239051286959e-10 2.696928380971107695e-10 3.742228276206282222e-10 6.243804072905469856e-10 6.783108779615189482e-10 3.512899750836043605e-10 -2.596403069061236316e-10 -1.117441027466254440e-09 -1.167586026639040881e-09 4.075512978270493201e-10 3.745142536387131404e-09 5.564491741130866718e-09 3.911893128205357119e-09 1.275184057266710113e-09 1.977554187462256526e-09 8.722416868544714338e-09 1.360647497981904340e-08 1.340682418181085991e-08 6.034356402233244143e-08 1.923754828995359158e-07 3.742553335731129498e-07 7.120310554605991718e-07
-1.624751102446694221e-06 4.386219910744034954e-07 2.345588618054274580e-07 6.617478548807102134e-08 1.342435045366586431e-08 3.531632587918418489e-09 -7.883432478933949298e-10 1.439800966949969767e-10 5.390541495009806660e-09 3.570512234521433041e-09 1.034499173608202694e-09 5.467045381722643487e-10 1.867369833502995125e-09 1.379630815458134740e-09 1.076860421861766787e-09 2.849821222705729543e-10 -9.399175999412485219e-10 -8.900849962842544711e-10 -1.008534580987955947e-10 3.692248980007343967e-10 9.713438912626900286e-11 3.311466663147813360e-11 1.633159484664528067e-10 1.199548022048726591e-10 5.420150186888112316e-12 1.537936832996664682e-11 3.674008656922653424e-11 6.266465617883226345e-12 -3.658296877238439358e-11 -3.302146068436346817e-11 -2.113391901168171553e-11 -1.987137365866505746e-11 -2.065140573074416988e-12 1.952337865407377847e-11 1.686664471254549696e-11 -8.115917172072513705e-12 5.402541693630600930e-12 9.874645380388981333e-11 7.568728840099139958e-11 1.368184079844141184e-11 8.091053934660380432e-12 5.924786894171798484e-11 1.715988234211078333e-10 2.835345357509070019e-10 3.920993652450087620e-10 6.373585898516662344e-10 6.807496305432676770e-10 3.143221186436042137e-10 -2.921434183071382951e-10 -1.126660660962217391e-09 -1.176407672931254538e-09 3.997031218446027540e-10 3.734840424143233649e-09 5.569892867591067094e-09 3.917956525009906844e-09 1.262555948280197810e-09 1.900632201121764609e-09 8.369022225148016941e-09 1.302038122764682208e-08 1.311531442475621337e-08 6.199437230223597211e-08 1.966112061185241215e-07 3.889329823979584127e-07 7.228267969932574021e-07
-1.608010187598965479e-06 4.952419887634839381e-07 2.564146589002912161e-07 7.418086935153691965e-08 1.667849662975449562e-08 5.004673120752531376e-09 -4.905037428801282895e-11 6.682716621362572742e-10 5.505301859553935014e-09 3.605925858829399577e-09 1.170431612899796198e-09 6.264347956427872011e-10 1.830805680758317823e-09 1.351421737182681118e-09 1.040705222314773358e-09 2.959951512880645735e-10 -9.654561044155898794e-10 -9.429837737132927934e-10 -1.409493025856339083e-10 3.654107742575583249e-10 9.239676115246984341e-11 3.404170122982705946e-11 1.735268121478553701e-10 1.248231802829209101e-10 1.531894952568693149e-12 1.154737372102473964e-11 3.448075430039817046e-11 5.471242150967113530e-12 -3.832785908762791785e-11 -3.674811685998615665e-11 -2.463553681032952173e-11 -2.059529972500664849e-11 -1.270844353590726165e-12 2.046000484670678480e-11 1.673313975807715189e-11 -1.138501997572540900e-11 2.505284360896768572e-12 9.633767537341830150e-11 7.155674024111631290e-11 1.144673626493546127e-11 8.015620829337985347e-12 5.549954106226557045e-11 1.600870285879516332e-10 2.710184679260215471e-10 3.871925839883631472e-10 6.541652772698398176e-10 7.059231357779264376e-10 3.534239802221734258e-10 -2.668042691101660864e-10 -1.128142176091479775e-09 -1.249973084244598365e-09 3.210672927699927280e-10 3.734215658190471745e-09 5.701924407488434910e-09 4.134194980274591316e-09 1.459220595829494357e-09 2.145949549018646859e-09 8.924350731082021564e-09 1.346691360000594214e-08 1.361435353458311831e-08 6.271428101583153732e-08 2.019503144947698440e-07 4.061861467980628577e-07 7.753001569198528437e-07
-1.103213300305552997e-06 5.243424700345623410e-07 2.784839164575377178e-07 8.429815564678854639e-08 2.060058789386204156e-08 5.720688224285037888e-09 1.687544846844394721e-10 1.088558392958620816e-09 5.705401532779020550e-09 3.654778827081287860e-09 1.110647054268777609e-09 5.315537373268220274e-10 1.810473125835720650e-09 1.350622412546814679e-09 1.049013638251723337e-09 2.456394394444316162e-10 -9.940835958721249876e-10 -9.264687337212050947e-10 -1.146884042818921181e-10 3.730385885775257400e-10 1.006517937881873352e-10 3.776942704009294147e-11 1.674506164345405109e-10 1.177599529988437899e-10 -1.000269997502299603e-12 1.156479077340211373e-11 3.574162048973972197e-11 8.495854060439840764e-12 -3.582820002946909970e-11 -3.622866043113259295e-11 -2.441714688481323441e-11 -2.082698834325297103e-11 -2.150797218929538475e-12 1.854249740919251824e-11 1.514105816459087536e-11 -8.290649234941436644e-12 9.247459651299999210e-12 1.005312428184886185e-10 7.421386043716578110e-11 9.023772381882114209e-12 -4.910740432878598448e-13 4.977458788498917469e-11 1.672266960479299268e-10 2.778185648696816192e-10 3.907584589853867418e-10 6.618690535245136243e-10 7.212839589314489904e-10 3.713050625429467115e-10 -2.333842273241792328e-10 -1.099130616921784848e-09 -1.191889548973017806e-09 3.563757932887673133e-10 3.689218800318024305e-09 5.594302508155902382e-09 4.041820996633807435e-09 1.343919611205594202e-09 1.979635241880427921e-09 8.751212442596325688e-09 1.351426598787300600e-08 1.372353912032860511e-08 6.278226791594551136e-08 1.989316597891375617e-07 3.933177038197855482e-07 7.349907669342574538e-07
-1.781693115458279485e-06 4.782624363535590081e-07 2.559263672502497890e-07 7.671509772343996468e-08 1.873606925246370077e-08 6.133809140738693207e-09 5.322900851755707347e-10 9.227020956523854111e-10 5.535965243619755342e-09 3.519979753004919692e-09 1.060571929150378912e-09 6.471805500849104023e-10 1.865035611875345100e-09 1.326183888317014008e-09 1.013314441759432206e-09 2.642524807318517972e-10 -9.534931683300956788e-10 -8.927410162127552766e-10 -1.041190999263095768e-10 3.642611746203689772e-10 8.019048838368151721e-11 2.476526579067986478e-11 1.661543198673969269e-10 1.235482895501680265e-10 6.544275747572867532e-12 1.975418126051565113e-11 3.769982230230976667e-11 8.518075956321274735e-12 -3.478090453752438643e-11 -3.582983830285772257e-11 -2.441101433950727723e-11 -1.995059671256363429e-11 -1.771252802285358215e-12 1.876325496449372791e-11 1.454853670094622943e-11 -1.271294173267294992e-11 3.003862344487003008e-12 9.728034449656258718e-11 7.614450390452603540e-11 1.798075087589031796e-11 1.334452729203610897e-11 6.021543267625202263e-11 1.597075895646933609e-10 2.532252038268928223e-10 3.603507958694107436e-10 6.333775102548747274e-10 6.823322257435791701e-10 3.275235804622530789e-10 -2.722552783704946874e-10 -1.117609927354148586e-09 -1.194928613984101296e-09 3.693699553469971421e-10 3.708155267925988094e-09 5.540756417878981916e-09 3.967327504746807604e-09 1.271441810267911086e-09 1.936915108804320247e-09 8.802077293898260682e-09 1.372516121178850221e-08 1.395483035603954136e-08 6.225324730714423594e-08 1.932980739675932261e-07 3.720185133760597830e-07 6.902556116392216743e-07
-1.713395374793793252e-06 5.264990947340217638e-07 2.747190122550170866e-07 8.316546447625684071e-08 2.097044253621750981e-08 6.607192241940396415e-09 5.827174945801818897e-10 5.789383371517092503e-10 5.358869953192042119e-09 3.555553123926856357e-09 1.156080354448432279e-09 6.692791182021550926e-10 1.872572460478550532e-09 1.352728083576189098e-09 1.039045609897034761e-09 2.368088811702423532e-10 -9.690436381823387200e-10 -9.210863707168147958e-10 -1.113463683875023019e-10 3.752831130627490965e-10 8.560246450392436911e-11 2.885788917795421564e-11 1.653987024146486378e-10 1.206521578072917424e-10 7.373468853580727775e-12 1.967378015143949247e-11 3.786606640447035380e-11 3.742719848415787108e-12 -3.989339642912561095e-11 -3.873917489571751029e-11 -2.672215705169298226e-11 -2.040749609229497355e-11 -2.010119144665153807e-12 1.892976483440268993e-11 1.656657221657372944e-11 -8.333393041510113078e-12 8.079838515562091342e-12 1.005764093073337267e-10 7.487422327107539461e-11 1.363376691209218725e-11 7.503605486080502324e-12 5.273831650596016366e-11 1.702782888401774289e-10 2.854699557395627508e-10 3.996234595339414394e-10 6.583310637738088929e-10 6.952917772082706580e-10 3.266505479734095916e-10 -2.863374458856728367e-10 -1.109992151790393013e-09 -1.173524368385340057e-09 3.904075865689441713e-10 3.746120270353068032e-09 5.687651348590830738e-09 4.090962830626624984e-09 1.389528545464164015e-09 2.077715992526756627e-09 8.986873055641531989e-09 1.444905688430485088e-08 1.551957605020609439e-08 6.478472032975951919e-08 2.001248567886751374e-07 3.963223819501191325e-07 7.545302994965935463e-07
-1.570288838639197301e-06 5.187818308103763904e-07 2.727687997014548349e-07 8.302610907775667508e-08 2.026212237257191746e-08 6.206304552637203751e-09 3.631827849493153658e-10 8.088047623032560292e-10 5.539732028087567113e-09 3.509513203318936061e-09 1.117707120990849931e-09 6.225336146123104707e-10 1.803889923069720108e-09 1.304752406746375689e-09 1.063568007619080037e-09 3.444952816720820335e-10 -9.239715007092480536e-10 -9.149300416705042086e-10 -1.441249438627926049e-10 3.446264495895073647e-10 8.410428169045428296e-11 3.126386711773073607e-11 1.678267336094303293e-10 1.202470860081041821e-10 5.683318934446613274e-12 1.891207752287652934e-11 3.862868304175130393e-11 8.625897324938529636e-12 -3.483509655783636106e-11 -3.402948065609962992e-11 -2.342689672804526017e-11 -2.196083678254416518e-11 -3.517507072167940328e-12 2.166315867660556847e-11 2.044026225074377479e-11 -6.142043683597361928e-12 7.015910190608620925e-12 9.451097553376484321e-11 6.857453868477883144e-11 9.257966609523635372e-12 1.154810694402440324e-12 5.263364854769050321e-11 1.650911159776170031e-10 2.845038888342847193e-10 4.024097829422730752e-10 6.497522295218577207e-10 6.898290339432261312e-10 3.334080827275695133e-10 -2.885988761613631510e-10 -1.133139683302316659e-09 -1.181015564072729824e-09 3.905044837722289157e-10 3.780311528916874961e-09 5.762676213166115757e-09 4.245055612067924552e-09 1.532276680487396844e-09 2.271229454432713307e-09 9.173411861099194076e-09 1.447983484604803453e-08 1.560975933757894081e-08 6.759141949893439212e-08 2.099107154381205438e-07 4.189525918928071948e-07 8.007592977505141477e-07
-1.884266244855915839e-06 4.849123807705983055e-07 2.522427849982477852e-07 7.265622192540372428e-08 1.603542492853642661e-08 4.733746946857880798e-09 3.087880425098510927e-10 1.053073659461791969e-09 5.776783639756923116e-09 3.784486456408253129e-09 1.310848215788074705e-09 7.413331599944505252e-10 1.855820233625175385e-09 1.329006546659674578e-09 1.031680972304706833e-09 2.657402706053197271e-10 -9.669758201748112799e-10 -9.230309621600014331e-10 -1.263034483562694228e-10 3.682047252135870163e-10 9.774644131591933243e-11 4.106422804593080240e-11 1.647019679112378165e-10 1.199135296078068770e-10 7.539616491630556408e-12 2.018107110006117540e-11 4.047503083900924265e-11 9.239088920974525701e-12 -3.448685956091097118e-11 -3.636420467629650459e-11 -2.599121383938614514e-11 -2.097353241118836415e-11 -3.670575201567388871e-12 1.704408257063666961e-11 1.484279895653729474e-11 -9.738785814854664885e-12 7.171822775370755453e-12 1.004916099870844332e-10 7.673746576335220459e-11 1.229436535728299247e-11 7.735001576881430138e-12 6.157069231208123393e-11 1.614204102389761633e-10 2.661526836239832146e-10 3.869983671193182206e-10 6.419958860827734529e-10 6.812717250703039389e-10 3.361545247566901658e-10 -2.777544404027679158e-10 -1.173162238951173820e-09 -1.266119051429636596e-09 2.658002481517429134e-10 3.611737899495954942e-09 5.617564947261446232e-09 4.178622375292906850e-09 1.435183648554847978e-09 1.959841859497281955e-09 8.595056855502126800e-09 1.375394256488174617e-08 1.388206338931042123e-08 6.197156312579246295e-08 1.982276035248227614e-07 3.931065020747629074e-07 7.351423466718445544e-07
-1.769568464031002381e-06 5.362567906413094113e-07 2.779905816097473672e-07 8.462549375011461031e-08 2.079701663922477515e-08 6.425894680254600184e-09 4.398378600268273628e-10 5.976859528225749442e-10 5.314078104313079081e-09 3.304907150389070436e-09 9.503777840420524073e-10 5.513212677348588327e-10 1.835903346491828041e-09 1.376892874268082754e-09 1.101586237381560307e-09 2.966952431222299919e-10 -9.501028767983815829e-10 -9.070578986666372971e-10 -1.144709876392795193e-10 3.637276781063241523e-10 8.389873150796795655e-11 2.859944073822751260e-11 1.591052155175090236e-10 1.168289520193952024e-10 5.122733400456530459e-12 2.021675033770792693e-11 4.199871077805777665e-11 8.097341268943250104e-12 -3.797429631571700128e-11 -3.750827281900144987e-11 -2.560091652023993983e-11 -2.068428856926588836e-11 -1.783730204542746504e-12 1.931272599095464344e-11 1.814342622738129244e-11 -6.664941198574211597e-12 5.025361943762905327e-12 9.778261715396690375e-11 7.309415617537633712e-11 9.507685297538623481e-12 -7.032885679549969424e-13 4.880097179428523618e-11 1.610069031788020661e-10 2.702797559010989360e-10 3.834944679294871497e-10 6.462386461291934524e-10 7.056248800356394012e-10 3.702080024150209447e-10 -2.762956862044230279e-10 -1.108315391436895538e-09 -1.108649257591443931e-09 4.678893845359518571e-10 3.800440575223483870e-09 5.703580685288773629e-09 4.175120596137827274e-09 1.558905584119655895e-09 2.231866237945446176e-09 9.002322778605155905e-09 1.477669178619427444e-08 1.654670847363417112e-08 6.708975233905154017e-08 2.043844800168843906e-07 3.996548176433771221e-07 7.609633035902597500e-07
-1.748262434010000231e-06 5.497197990633972799e-07 2.740397785714846852e-07 8.101416378196254850e-08 2.062493835590208630e-08 6.556359719740079467e-09 2.422674515657478432e-10 4.047070583571584798e-10 5.294771117241776932e-09 3.485080678137316496e-09 1.184295857345455507e-09 6.594426619551576067e-10 1.856998804915590613e-09 1.306110330009857897e-09 9.811176194764847993e-10 2.482656595372158294e-10 -9.633456953395633701e-10 -9.254918230992971907e-10 -1.149289916570801122e-10 3.716617194619469775e-10 9.428087355671019732e-11 3.485613406127223491e-11 1.634206723323105212e-10 1.209088256182482956e-10 1.147864588876157909e-11 2.356747740616870606e-11 4.003740172039586425e-11 7.855084948566832564e-12 -3.885952073494670713e-11 -3.972507456098390182e-11 -2.470072028555034858e-11 -1.769256434920995000e-11 -9.114249707344737489e-13 1.828028016265460546e-11 1.479461624669147352e-11 -8.362907943083643191e-12 8.906586330627181487e-12 1.015969208385381215e-10 7.575648054976193137e-11 1.547196714755607785e-11 4.776300440151200302e-12 5.044613910690231335e-11 1.636589908074072788e-10 2.750498011201683316e-10 3.875960757957694891e-10 6.531234723093634327e-10 7.002272723567482096e-10 3.362892631615532112e-10 -2.897550445848818835e-10 -1.147271102802615145e-09 -1.212224942359119170e-09 3.318504533065034198e-10 3.707148540221832132e-09 5.708924624241798388e-09 4.140688357708740549e-09 1.428395889396565583e-09 2.153095886083110822e-09 8.853138077588192407e-09 1.377030594130284534e-08 1.346073577459990461e-08 6.191026492573326119e-08 1.982375218927691406e-07 3.965643865088258475e-07 7.554676213525891909e-07
-1.708839213139247662e-06 4.826567194636854942e-07 2.491659122405567690e-07 7.109255195944237126e-08 1.665001907991287306e-08 4.860303809763203908e-09 -5.149865684000507359e-10 4.018901032355584032e-10 5.621779338945646593e-09 3.708658667805451332e-09 1.322671335949059674e-09 7.828020322241794498e-10 1.925052832531529684e-09 1.402804647112589575e-09 1.058775083336399439e-09 2.509959076065117358e-10 -9.911728750897969562e-10 -9.434161351509386280e-10 -1.318793191593662863e-10 3.512499503161422640e-10 8.282219739262786906e-11 4.004031121420595152e-11 1.703070947712015464e-10 1.140612917039105585e-10 -4.465483779621101674e-12 1.122791854878250813e-11 3.908597837308326106e-11 1.043421204207922036e-11 -3.635808972511396278e-11 -3.898935165386456016e-11 -2.829114591752495777e-11 -2.202966632158447520e-11 -2.974605189791924044e-12 1.889249660182148299e-11 1.630903320964669729e-11 -7.983711855855327187e-12 8.387683873918759704e-12 1.012628701466812467e-10 7.726151424669093511e-11 1.655435787611535586e-11 1.005580408060376813e-11 5.651168703684745043e-11 1.587494511831009466e-10 2.675707288218853061e-10 3.804195478169646154e-10 6.578507671675175596e-10 7.159512681587122575e-10 3.550124276139040171e-10 -2.850353759170400902e-10 -1.146997678971446273e-09 -1.188028911162401951e-09 3.956139000030830512e-10 3.730785174205335247e-09 5.616819635809788080e-09 3.999193931142329863e-09 1.255205000379782307e-09 1.916359912210912330e-09 8.814136285507571486e-09 1.385616720419975031e-08 1.486969056544834730e-08 6.521694520737139355e-08 2.078110929161233568e-07 4.180967233635167783e-07 7.906286588988502758e-07
-1.787119409197499924e-06 4.455219892527635754e-07 2.327843334015270140e-07 6.399159790099847722e-08 1.283394959240900136e-08 3.461036216143588432e-09 -6.097781839732483313e-10 4.379319223357210402e-10 5.164349511716347189e-09 3.322623278626140663e-09 1.127988119899248419e-09 6.407834393675735355e-10 1.901354386474421987e-09 1.404847751389913723e-09 1.067782013658238382e-09 2.604813891854559182e-10 -1.006749585929273906e-09 -9.691230551026923236e-10 -1.392867936390357664e-10 3.618212160807794358e-10 9.112484714924507428e-11 3.367959006860793306e-11 1.598340180342640036e-10 1.110872952209805221e-10 -6.593226860939292720e-13 2.005193567640483198e-11 4.019997917811801779e-11 7.305315716855632773e-12 -3.686494264996294262e-11 -3.400983493744230366e-11 -2.220101265354600984e-11 -1.803963546515250879e-11 -3.960089845859038590e-13 1.937077280178547285e-11 1.476059209026218932e-11 -1.158234008519040283e-11 3.741474204370497029e-12 9.556881377137406382e-11 7.377991850156194082e-11 1.442635951889264934e-11 7.256062230561341401e-12 5.776606921253660436e-11 1.680758871517715513e-10 2.795464784542989429e-10 3.896976090031113544e-10 6.519725092543389544e-10 7.131130224288669167e-10 3.537006921571644095e-10 -2.884215653836967385e-10 -1.148027800767981299e-09 -1.236413296614667691e-09 3.556104229631759020e-10 3.761317518355953417e-09 5.630106059360106659e-09 3.996962255819604914e-09 1.299456101335506028e-09 1.927381686929526554e-09 8.406591278940089988e-09 1.368568296971588955e-08 1.499026478051464457e-08 6.505648661650788792e-08 2.005472712996173706e-07 3.972549740718505005e-07 7.526429885881972358e-07
-1.791721118734618214e-06 5.028567150193634770e-07 2.618387439635119555e-07 7.586856671314134077e-08 1.670934055471459809e-08 4.802361027349448813e-09 -2.931920614332493441e-11 7.655658171739292331e-10 5.477234500849878763e-09 3.395557980200553150e-09 9.512093190806966306e-10 5.658374022117632715e-10 1.871613752842629614e-09 1.369843469767257894e-09 1.057189198854166771e-09 2.616867382997518692e-10 -9.586048029165224745e-10 -9.118101601426017677e-10 -1.048022709723157917e-10 3.722426979999822080e-10 7.900969098213953210e-11 1.846049636211385071e-11 1.541065855227014111e-10 1.175132777117272289e-10 8.992078070958671277e-12 2.081460299766014667e-11 4.154203584143585358e-11 1.131406397410118287e-11 -3.617248229391559978e-11 -3.853202447980362663e-11 -2.675093087555221727e-11 -2.085667607681256689e-11 -2.085014377635235792e-12 2.006851005255888253e-11 1.764284968206126396e-11 -8.865861584042897238e-12 4.995666305556927201e-12 9.635868307736123925e-11 6.932520475321304153e-11 5.737347520207561675e-12 -3.187139882350023614e-12 5.065096747848693904e-11 1.653009392160369251e-10 2.730904183069195303e-10 3.853717391190172137e-10 6.486675472354121968e-10 7.049842215901440514e-10 3.613532307984054433e-10 -2.546304923068628917e-10 -1.130081500579186646e-09 -1.225638135453067484e-09 3.123252183599467788e-10 3.695081449887022090e-09 5.571099658837696322e-09 3.997918254517870300e-09 1.348893008803012837e-09 1.911481297135421531e-09 8.342697074463184231e-09 1.321244749352885175e-08 1.360450060689908139e-08 6.206993701610770366e-08 1.975023444369376522e-07 3.939862549895325424e-07 7.434708737605683169e-07
-1.572542191360743529e-06 5.504918651188937700e-07 2.791020693850539174e-07 7.974760269698792228e-08 1.817814154733982058e-08 5.246623297773135121e-09 -3.262085415467660827e-10 3.199520147794864676e-10 5.194862818467592637e-09 3.447656630644800258e-09 1.198576909338598685e-09 7.508547440406914399e-10 1.917021818284414490e-09 1.407562361626541709e-09 1.095735082980515780e-09 3.061290957779428495e-10 -9.464662168047831232e-10 -9.024170664145278861e-10 -1.062924808881575100e-10 3.770318415720615281e-10 1.002475802490829800e-10 2.195453632350790812e-11 1.473216434599525259e-10 1.141051575833819192e-10 4.453421929590754375e-13 1.415365876536953739e-11 3.627729281558157939e-11 2.026937450652979109e-12 -4.275942708619271902e-11 -4.040784394143593766e-11 -2.691692518905179420e-11 -2.205592176677126361e-11 -1.709348585746075162e-12 2.117027552924288682e-11 1.763902066328080001e-11 -1.010108655978103406e-11 1.960489683065557116e-12 9.487948273166329919e-11 7.453292040220856504e-11 1.279566524632427010e-11 7.187541188745472445e-12 6.158228671999219349e-11 1.655804295656087520e-10 2.689095490596286812e-10 3.822617294845314253e-10 6.490389089093259336e-10 7.074101612493466412e-10 3.431508205900623952e-10 -3.174113430078249207e-10 -1.210262265012126648e-09 -1.286286387950376266e-09 2.401497131260235269e-10 3.562471902911532436e-09 5.589614150337663578e-09 4.182442079255537082e-09 1.602073343646495677e-09 2.430013820964795782e-09 9.532254127345941408e-09 1.496297427727114452e-08 1.620295689373785636e-08 6.789094838328987862e-08 2.105211805229516837e-07 4.200417024890412760e-07 8.023562712664693839e-07
-1.567890751189040460e-06 4.817832578079484378e-07 2.485739821577544871e-07 6.929230188430169815e-08 1.464433937138984355e-08 3.782456257331574149e-09 -7.519680520125479443e-10 4.277832061218950905e-10 5.399847441512586492e-09 3.456172716404984329e-09 1.064294411110529938e-09 5.514497158656462330e-10 1.828885980208209383e-09 1.350908138044316345e-09 1.008443711465357556e-09 2.540811386696698505e-10 -9.561862356309788129e-10 -8.846590151439126553e-10 -9.032244936374317769e-11 3.758571890978685277e-10 8.689902408312971014e-11 3.307345709072778098e-11 1.651099677672175138e-10 1.197821529449720369e-10 8.828471899020430878e-12 2.472398007866290830e-11 4.272632858024649819e-11 8.975860646279397399e-12 -3.607221774186942231e-11 -3.634521733651570493e-11 -2.764889327465808159e-11 -2.355058193096848082e-11 -4.615935282624441490e-12 1.784497856202208443e-11 1.638608346577235070e-11 -6.581430288157759162e-12 8.059626406398679864e-12 9.820435281008011310e-11 7.300319678870918209e-11 1.380885952845339698e-11 6.243643466963313327e-12 5.467160917908966441e-11 1.622150494515903517e-10 2.755282893945062852e-10 3.881510692177012857e-10 6.416376558039648230e-10 6.799569840756141962e-10 3.368536151711608374e-10 -2.588286663308919084e-10 -1.108784296158722435e-09 -1.186624249963623175e-09 3.931005144955832833e-10 3.746234613048622392e-09 5.646378837335876135e-09 3.937011692690067985e-09 1.164473734300038322e-09 2.011935539714735979e-09 8.548284624215804656e-09 1.299375645539677583e-08 1.237834994091445655e-08 5.838766463501480224e-08 1.861128275490847155e-07 3.643248049668273135e-07 6.857220769141522502e-07
-1.356669682674438122e-06 4.832568167145710150e-07 2.513072153569095091e-07 7.314274782721318757e-08 1.631880242432286404e-08 4.626783628687404845e-09 -6.519906060333508783e-11 7.447738963797481024e-10 5.534009277453532858e-09 3.538396177987008463e-09 1.080160467258455387e-09 5.973404383165259699e-10 1.860018659253038930e-09 1.374623609149644173e-09 1.069187956881526317e-09 2.690102883866936450e-10 -9.593376995050333287e-10 -9.069318156484418848e-10 -1.174313601521395158e-10 3.791600610816611979e-10 1.124634906742354507e-10 4.644092933955182204e-11 1.642488796032328425e-10 1.156845274450217001e-10 4.364669202473365920e-12 1.507294940971429518e-11 3.685525981747002839e-11 7.451525382319007163e-12 -3.641101700714938582e-11 -3.516279080169282504e-11 -2.445438564245414531e-11 -1.881892383653408462e-11 1.451524631565119570e-12 2.269913861918012782e-11 1.845504944603525576e-11 -7.196586198748875148e-12 6.182279354830415513e-12 9.471257700548266598e-11 7.020467268414960380e-11 9.803716938482603328e-12 2.452793850788901187e-12 5.386463669711361131e-11 1.651055055899692484e-10 2.757090968232628965e-10 3.889244127434686166e-10 6.499071770547192384e-10 6.977128980650341477e-10 3.376138768521307832e-10 -2.929448899433299506e-10 -1.183723095336924061e-09 -1.261622611723701581e-09 3.208676991386262124e-10 3.688594956880661117e-09 5.606297488501275033e-09 3.979218973917758577e-09 1.317493570868076161e-09 2.094307253055096809e-09 8.463512631286765674e-09 1.245481499912741572e-08 1.123069356186466234e-08 5.768831732329274137e-08 1.890482182640124502e-07 3.765942221665838804e-07 7.142281940075197174e-07
-1.345785150949823378e-06 5.133266530894992349e-07 2.683278131823349879e-07 7.976953634287867559e-08 1.962889234156959477e-08 5.971050964930540435e-09 3.464793215183254768e-10 8.689506724601827619e-10 5.689445024619480891e-09 3.596561911954970101e-09 1.054812903865471348e-09 5.209644207470938860e-10 1.842705419026854897e-09 1.421007333419387774e-09 1.129456865922886794e-09 2.910699229832263252e-10 -9.757235112747865910e-10 -9.374532887992502283e-10 -1.185961113894231069e-10 3.664623201644601418e-10 8.303890814287868232e-11 3.580343472569940680e-11 1.682053260616253529e-10 1.187691674024554580e-10 1.659527243329108373e-12 1.658656294645349144e-11 3.738027322383772366e-11 5.204773526654159136e-12 -4.354592912567481370e-11 -4.241680323462525396e-11 -2.679951331659221301e-11 -2.020811443234841098e-11 -2.751908571189220236e-12 1.785074786954847388e-11 1.587375674837753506e-11 -8.483597171561769566e-12 7.085037966523874520e-12 9.831276864283682407e-11 7.348777380748745530e-11 1.263099787876012657e-11 3.261988673409685859e-12 4.923872523447509484e-11 1.513057461835017524e-10 2.626341765353532398e-10 3.811069988644258431e-10 6.395513078162566999e-10 6.882137625650495914e-10 3.329111890937390267e-10 -2.916971637707648094e-10 -1.165430567317340604e-09 -1.249193481205728341e-09 3.221367422220395021e-10 3.679469759611549034e-09 5.549515734239086281e-09 3.953015497173601474e-09 1.282429862207841507e-09 1.966998819257207988e-09 8.506795981239096199e-09 1.298653240639887128e-08 1.277295189020239721e-08 5.988816086574160024e-08 1.915301102743198228e-07 3.865636260547457640e-07 7.377348963276435686e-07
-1.364336816443680031e-06 5.117490276560893580e-07 2.651614389463363390e-07 7.602409963162899608e-08 1.684888476919127480e-08 5.298952505204381109e-09 5.104528184566573522e-10 1.313404988362447015e-09 5.858676452946191504e-09 3.651243822127144944e-09 1.243696482153292160e-09 6.665015131630590768e-10 1.718742937489988537e-09 1.270952153829027434e-09 1.090803416212048323e-09 2.739058162061243120e-10 -9.854228687383082977e-10 -9.339004890494203376e-10 -1.352560163303037982e-10 3.601980612672953429e-10 9.328175303858993745e-11 3.517633672220059388e-11 1.648055862698881949e-10 1.172542888919903194e-10 -6.084134108034410329e-13 1.474332864740047787e-11 3.620237339083007778e-11 5.779522681929998734e-12 -3.834216561019729182e-11 -3.825513817688221824e-11 -2.564781412259360629e-11 -1.953370891241128100e-11 4.564821608242640785e-13 2.261419740850973972e-11 1.771229212491415120e-11 -9.215629007230595973e-12 4.412150861292609160e-12 9.476424548368003919e-11 7.307369953581997645e-11 1.934485128446358380e-11 1.471262508925043260e-11 6.091387106882131529e-11 1.665956830199677467e-10 2.728322153307958039e-10 3.733592706661192891e-10 6.365414991595958906e-10 6.829445093986050064e-10 3.372752618021658649e-10 -2.618486622900742972e-10 -1.123044374755560715e-09 -1.254391636176085800e-09 3.018552031424798266e-10 3.669890905273636133e-09 5.599065797075716860e-09 3.974590873654143945e-09 1.344941916241915179e-09 2.081231891374029510e-09 8.915554109874571498e-09 1.432750288821346343e-08 1.533353351143227007e-08 6.384412943483054804e-08 1.992519408069456411e-07 3.974047355225299356e-07 7.459941126569823241e-07
-1.368729778926768331e-06 4.813687752221458039e-07 2.507933276010411686e-07 7.038050535891048256e-08 1.468657655517222564e-08 4.161053331932155735e-09 -5.044310491033434621e-10 2.694773583656564528e-10 5.474998749131082986e-09 3.672024725246765098e-09 1.210528238984496804e-09 6.371552430482389249e-10 1.831415991196155478e-09 1.347558036114266757e-09 1.027146846676603928e-09 2.448597975373928007e-10 -9.631161011211176685e-10 -9.105697146396263192e-10 -9.785675687648897817e-11 3.883414723307529727e-10 1.037324047765697914e-10 4.292040522717319345e-11 1.690095238516465817e-10 1.183532778935730061e-10 3.187017135644718551e-12 1.780195750154311026e-11 3.961823017139769771e-11 6.998793231826284329e-12 -3.817997353688016925e-11 -3.968597828109137733e-11 -2.858355514920250283e-11 -2.199721918141643979e-11 -2.240583593904210201e-12 2.035580581586944417e-11 2.026328035100894211e-11 -5.581094857070700672e-12 7.507732470989027639e-12 9.609758777757839690e-11 6.972603482416569371e-11 1.214230714017267605e-11 1.188792870882755060e-11 5.924636055682797197e-11 1.629134853897920857e-10 2.800118447275043689e-10 3.951295020434889109e-10 6.435648199822335715e-10 6.629401940535054373e-10 3.241589711002173795e-10 -2.828995767734973027e-10 -1.107740912488344016e-09 -1.144357718648120468e-09 3.427216438646018808e-10 3.648046260506961129e-09 5.583173295904221899e-09 3.892155154536009533e-09 1.140616371037688253e-09 1.988888797680911652e-09 8.876214645040725628e-09 1.384183176657181011e-08 1.421045969616256569e-08 6.187330022502718386e-08 1.945133658520111352e-07 3.791250466804749924e-07 7.093202919470718247e-07
-1.441644521066943475e-06 4.929428497977993462e-07 2.595149173207743101e-07 7.746885277126775217e-08 1.918190999305774153e-08 6.190598037641517885e-09 6.053621372124754573e-10 7.573447632793251752e-10 5.306249782459304954e-09 3.432459622111631545e-09 1.107241745345872764e-09 6.449337449874354363e-10 1.917201236315010563e-09 1.405828408255843608e-09 1.109105152160685523e-09 2.712757658060594059e-10 -9.922124578504607783e-10 -9.533496884898063111e-10 -1.385076468140562482e-10 3.634338035105375384e-10 9.624959712494796811e-11 3.659595499109324818e-11 1.636443708469745977e-10 1.189280958342564339e-10 3.333917118245276592e-12 1.989812173240546148e-11 4.041639238907299518e-11 6.883583226239209738e-12 -3.698983404337112889e-11 -3.813453942003402207e-11 -2.649682440083386379e-11 -1.969786817005221443e-11 -4.065333623378072775e-13 1.817139433138105851e-11 1.524887826689533460e-11 -9.201711580180310348e-12 3.945546703930037275e-12 9.518207894624683688e-11 7.380720769948703370e-11 1.346522402527298228e-11 -1.978734296391106710e-13 5.046998995679114341e-11 1.601718855246965829e-10 2.709391420872809246e-10 3.864212833350577200e-10 6.470818514944012174e-10 6.912073296475826276e-10 3.508559379015521542e-10 -2.509281568250428950e-10 -1.111976150268540808e-09 -1.204750050183837807e-09 3.636276563820155876e-10 3.692219658344021254e-09 5.534896185411259982e-09 3.889915919055474477e-09 1.275315299066665488e-09 2.181737450826104419e-09 8.883944324036137268e-09 1.378088753780780197e-08 1.437887590552257480e-08 6.347678520003647296e-08 1.973198210934517242e-07 3.832170123625954555e-07 7.080373683610420373e-07
-1.284695839746495222e-06 4.657031891058303828e-07 2.472720910056825635e-07 6.950611543885659177e-08 1.415488334004398307e-08 3.547485515071202153e-09 -5.195156037935352038e-10 7.217902782388400929e-10 5.460825334187557319e-09 3.385964512972644541e-09 1.119959422146116200e-09 7.618245395267338045e-10 1.950992245191038265e-09 1.412134341099439729e-09 1.032278630589329764e-09 2.390327792431349381e-10 -9.835309461169051567e-10 -9.257874413126808685e-10 -1.104692429981401006e-10 3.728883742765579596e-10 9.774279370156307115e-11 4.372153771031548932e-11 1.798827667492607779e-10 1.283877232382637591e-10 7.824380951147350371e-12 2.266359001853176707e-11 4.417427269631746511e-11 1.013134686265898008e-11 -3.764071854186346532e-11 -3.730254295508686268e-11 -2.452336060257023209e-11 -2.015574894217010686e-11 -1.330758773505967598e-12 2.047323394823540631e-11 1.667861651560729900e-11 -1.039363510553626867e-11 8.415063889267891677e-13 9.392074509345297292e-11 7.306924515985613963e-11 1.075378026721052459e-11 5.330960249018099736e-12 5.636389053403976170e-11 1.653201429011999863e-10 2.719912854014212850e-10 3.976880394649907514e-10 6.675615277025305712e-10 7.085511681311073523e-10 3.546120794235015799e-10 -2.633284561772518263e-10 -1.109152314262659178e-09 -1.177947957778311432e-09 3.565800124247693470e-10 3.697105738704225202e-09 5.554138756772937513e-09 3.881919488347651072e-09 1.386007458137592005e-09 2.293441102022124724e-09 8.955376359397079284e-09 1.341783019436502919e-08 1.356510687512208188e-08 6.218494018506312465e-08 1.953240061600500297e-07 3.806930659849190094e-07 7.065304550521327310e-07
-1.685022127482310800e-06 5.246291549445833049e-07 2.729613814098160438e-07 8.013283301742199533e-08 1.869953135723197792e-08 5.486853302401975487e-09 2.897000402497452293e-10 9.809779461863166929e-10 5.713126392363735132e-09 3.609693471149115710e-09 1.140552193314804700e-09 6.196461803043799949e-10 1.811563376994376440e-09 1.299327884852399223e-09 9.867129124191369900e-10 2.332635121454253721e-10 -9.911409687792250670e-10 -9.406449476309126393e-10 -1.115583025482612708e-10 3.958002523270357646e-10 1.216563456865052885e-10 5.033436767590628379e-11 1.640010981194185945e-10 1.129145774279049382e-10 1.259822948509294585e-12 1.913333669183060902e-11 4.331724011771355439e-11 1.031579665505278573e-11 -3.488248415504942165e-11 -3.487117478003980656e-11 -2.423002836281853215e-11 -2.084882551396693975e-11 -2.970588629072097651e-12 2.058753385144441227e-11 1.846546270420578034e-11 -7.750519516041009649e-12 6.984140192163344474e-12 9.859180852060408604e-11 7.313984229767930117e-11 1.317297849992325660e-11 8.561819970793984040e-12 5.296111083722839312e-11 1.549023647339473512e-10 2.579435604457950615e-10 3.710604348812068167e-10 6.400044065875886631e-10 6.998323379154827636e-10 3.593748783342251768e-10 -2.447608260875462516e-10 -1.078023302240639322e-09 -1.139593128354366643e-09 4.398971837279893366e-10 3.798295978693062785e-09 5.687453020426338867e-09 4.097577390689716413e-09 1.324317957583059153e-09 2.022937784110961584e-09 8.745517060272014975e-09 1.388245598176662942e-08 1.529925990937304360e-08 6.584253534311002819e-08 2.030621206229598380e-07 4.007675797237476332e-07 7.614557785105038205e-07
-1.741678915391993981e-06 4.764323262183096716e-07 2.460831500127612748e-07 6.876916183621268396e-08 1.455806799440562257e-08 3.807219467356206610e-09 -7.090227605658293711e-10 4.640623209486550255e-10 5.542821130868997863e-09 3.486644660393588608e-09 9.945219689930828444e-10 5.158079444446992275e-10 1.790322334125989629e-09 1.359729086781616940e-09 1.068417056919845804e-09 2.525817076317877354e-10 -9.849775296521829631e-10 -9.262677674777362055e-10 -1.264719382867386419e-10 3.684330057575568048e-10 9.089915541716177583e-11 3.448837460300871501e-11 1.545519467193500435e-10 1.076031608141862486e-10 -8.370068280905900858e-13 1.850902428677780375e-11 4.080343131580867913e-11 7.250519070992834956e-12 -3.944288144955298893e-11 -3.809080139095682051e-11 -2.631857883940924924e-11 -2.154004993584496432e-11 -1.435445697326448710e-12 2.190188725142486598e-11 2.035420934500368813e-11 -5.367193568102654949e-12 8.048505082347599395e-12 9.525158441970485507e-11 6.853344119779240108e-11 7.803805861240749269e-12 5.553693118808259607e-12 5.529281603690605322e-11 1.571570149593468572e-10 2.742292741841814572e-10 3.909331327473102622e-10 6.336563955802429326e-10 6.824113470039277712e-10 3.319823021078011997e-10 -2.939415330807308580e-10 -1.121812098076761570e-09 -1.171680252745886539e-09 3.580638910682478865e-10 3.634948974872278587e-09 5.505657413501454325e-09 3.852177622426418082e-09 1.152958280458539205e-09 1.758616849349872746e-09 8.685391842651413155e-09 1.434380468996851093e-08 1.527443345130380045e-08 6.342342969022120104e-08 1.978289711413657671e-07 3.949757224300449800e-07 7.500418999214230514e-07
-2.019984957992540179e-06 4.910134172511508885e-07 2.642790282061237233e-07 7.933785025800189860e-08 1.872813139425358576e-08 4.839376744267070588e-09 -4.632116165589261965e-10 5.317061305303709870e-10 5.492560742298590881e-09 3.480446935566085194e-09 1.046424561691491126e-09 6.885214603195096854e-10 1.868274195101899526e-09 1.303900548454295757e-09 1.031854145636002698e-09 2.742424236496828371e-10 -9.539898163074168958e-10 -9.035999912161561115e-10 -8.479261765610857624e-11 3.989898453145644999e-10 9.615835756045196748e-11 2.493885715129337544e-11 1.536323485900515074e-10 1.109176390508466022e-10 4.608908529773045346e-12 2.421374750092817870e-11 4.613843752612321800e-11 1.005369979097939847e-11 -3.735890839513592989e-11 -3.647030959429154470e-11 -2.588098168921043060e-11 -2.181099436179850746e-11 -2.457860866853015237e-12 1.845457881015957933e-11 1.769579469767687936e-11 -7.548383404012400854e-12 7.566273834945394066e-12 1.021576437533326180e-10 7.683104299057911950e-11 1.610941944645089345e-11 6.390537622493496728e-12 4.818688405817244738e-11 1.518120546663226765e-10 2.620963494445869197e-10 3.879887859192956385e-10 6.577519314902304384e-10 6.894371249027131820e-10 3.131151538665912068e-10 -2.822786434601968207e-10 -1.109784051911227188e-09 -1.203139253616313503e-09 3.097835490781199085e-10 3.660564836879019088e-09 5.601489731111295746e-09 4.091085130740610580e-09 1.514329233548027832e-09 2.155634331702145365e-09 8.474627761591931500e-09 1.308446411315225341e-08 1.299431564819621616e-08 5.991566895107351979e-08 1.915082354475057988e-07 3.749405404422058795e-07 6.961367322052881119e-07
-1.473665417161781796e-06 5.190233822087347900e-07 2.661612341475530587e-07 7.757675739750578495e-08 1.784579032008520998e-08 5.144825022049227524e-09 2.793913854637565573e-10 5.000979333829050845e-10 5.111373591711543773e-09 3.305345988421356913e-09 1.105301001074846974e-09 6.556324320343052450e-10 1.777700462500432114e-09 1.338064822165524717e-09 1.089588163439241657e-09 2.632517754432798792e-10 -9.872446486534500810e-10 -9.387934988468757954e-10 -1.083619059061931202e-10 3.912812119447255362e-10 1.040817480869441837e-10 3.878150190837528628e-11 1.672961349487398808e-10 1.182507327786553169e-10 -1.779051648835509756e-12 1.227092949531078441e-11 3.474832788127280908e-11 7.547454437129898323e-12 -3.496232147763517574e-11 -3.333069749416181246e-11 -2.253879223889571058e-11 -1.936274826356252750e-11 -9.168448175976280657e-13 2.122176397008943594e-11 1.794767299767273473e-11 -8.110885427218693657e-12 3.276796256496871803e-12 9.369795203734371879e-11 6.981809033319118794e-11 8.356625702921583797e-12 6.321720643580158590e-12 6.301641851793927570e-11 1.682279617961004152e-10 2.737297943440787701e-10 3.892330087929899171e-10 6.582917195484041761e-10 7.133492964066703506e-10 3.599063524194277864e-10 -2.900642615945659750e-10 -1.193783308648024416e-09 -1.296026853834789415e-09 2.853491088634603189e-10 3.677346404376896772e-09 5.553292185757320323e-09 3.943857430998320966e-09 1.207797048217209262e-09 1.909013691789982351e-09 8.649718829486764774e-09 1.380910181887273196e-08 1.417919792879578766e-08 6.133169770007612788e-08 1.916330513903371930e-07 3.786089380097558466e-07 7.173860780289025715e-07
-1.401048173200761796e-06 5.252957707896073762e-07 2.703580630416922933e-07 7.856115010810874670e-08 1.803777710701078504e-08 5.625419017135520664e-09 2.379305531723798662e-10 6.406965617473654320e-10 5.476104863802228205e-09 3.423783470795246363e-09 1.098350569831966419e-09 6.222639730208822952e-10 1.808252982766565813e-09 1.357865363567183713e-09 1.045064439858650381e-09 2.767835369678586752e-10 -9.578079346809668059e-10 -9.197269851898235760e-10 -1.276864928818614304e-10 3.681992749201623437e-10 1.048019344197856122e-10 4.087364441182399152e-11 1.669709074951952213e-10 1.188094160544828716e-10 2.450412913149266827e-12 1.753066998790213342e-11 4.084483651435971474e-11 1.012244248935099560e-11 -3.502460273981554711e-11 -3.636032728331176935e-11 -2.632822659097353217e-11 -2.065340629970094475e-11 -1.881967489240398834e-13 2.302082758138752946e-11 2.078655509129208413e-11 -5.711438510372481868e-12 7.927782469928977925e-12 9.939169865493960141e-11 7.260205593817746234e-11 1.322011204468541048e-11 9.982300280996414562e-12 5.327991450899924189e-11 1.511162245021713546e-10 2.604290358647926098e-10 3.809667999125023259e-10 6.499417546165546289e-10 7.320031624591912826e-10 3.763016012792967799e-10 -2.644746696779049038e-10 -1.166420221360500699e-09 -1.266593084231576361e-09 3.459209098768503340e-10 3.806313045497492972e-09 5.719130024920851519e-09 3.980779771837853861e-09 1.352882017135253807e-09 2.157038192909573301e-09 8.603548769175871097e-09 1.402455739868951534e-08 1.516103560889489878e-08 6.447765211811925897e-08 2.026216113593672717e-07 4.010566272539647895e-07 7.563842530952573483e-07
-1.857538748824193717e-06 4.972121228062704510e-07 2.608424363624935143e-07 7.612355442570294097e-08 1.708007422327929624e-08 5.066607030323828746e-09 -1.262640469234752489e-10 3.997885909134612860e-10 5.321080460158861665e-09 3.610486920610597368e-09 1.252183637452834610e-09 6.086857233606954019e-10 1.736423099530444972e-09 1.234266794314817979e-09 9.720526995484398299e-10 2.477164048736601146e-10 -9.823955286128005154e-10 -9.531814091820429531e-10 -1.336312285445365834e-10 3.617703540589681734e-10 8.473171879482068420e-11 2.808552470043337635e-11 1.691046638767447577e-10 1.195628984594069658e-10 2.301601600667321418e-12 1.855760679387488902e-11 4.292459926394777353e-11 1.236439110319046775e-11 -3.260673948563957525e-11 -3.441065569875247053e-11 -2.550510390409947346e-11 -2.104352769167651123e-11 -2.475117619543288521e-12 1.883810474267231653e-11 1.457130744842762798e-11 -1.087598798036905854e-11 4.230264771165792204e-12 9.882249710539708023e-11 7.470498245591347221e-11 1.259420080952599475e-11 3.102809195783222792e-12 5.749841716773581947e-11 1.758664950731121504e-10 2.888990172234273772e-10 3.950811760619776459e-10 6.487370050826153585e-10 7.011175548498543325e-10 3.555141117467652123e-10 -2.539130470383155875e-10 -1.109655588425683463e-09 -1.207150992371491639e-09 3.489856865054266436e-10 3.725278069507105063e-09 5.649994258478118989e-09 4.097747623072837822e-09 1.456619789852979168e-09 2.090625214015377274e-09 8.681662146233717885e-09 1.362956231424214736e-08 1.439031926211508760e-08 6.406102065615687851e-08 2.014981381828589217e-07 4.030777186919150235e-07 7.682041078825824756e-07
-1.296178154927292632e-06 5.421804468912560924e-07 2.740587675367877356e-07 7.982702703474919188e-08 1.886865174315264761e-08 5.746523770235716868e-09 1.361260525224666311e-10 6.510087695356461464e-10 5.291175579468367794e-09 3.427240204122331415e-09 1.194140524146195479e-09 6.037589939901156233e-10 1.783949454842995101e-09 1.334676813121576603e-09 1.067029113519337266e-09 2.970249498254833990e-10 -9.346877483087731048e-10 -9.237025632664141826e-10 -1.234532135342494726e-10 3.731732135979379771e-10 9.418429450855793197e-11 2.906499013924095004e-11 1.589230978271928683e-10 1.164864196897682938e-10 2.635661634188146376e-12 1.777061600144482339e-11 4.086608292194107636e-11 1.315173771527833868e-11 -3.046500905137307328e-11 -3.323781838351502762e-11 -2.401250498089447830e-11 -1.912182733313396584e-11 -7.324893144491065678e-13 2.032017697200911870e-11 1.835580986776088428e-11 -6.870338471908710046e-12 7.810066060184941801e-12 1.001760773755124173e-10 7.663034927614046891e-11 1.729609864914132131e-11 9.394079534113676890e-12 5.197233262803775056e-11 1.506990853209509266e-10 2.595352309155322542e-10 3.823758873014198454e-10 6.403726239102004427e-10 6.904383740014399155e-10 3.502044449554498004e-10 -2.839143608947438864e-10 -1.173006053887847156e-09 -1.216446788727095226e-09 3.384258506516081250e-10 3.781071266585048663e-09 5.772529818665674276e-09 4.146438273252699111e-09 1.542869725813700860e-09 2.355272900520186145e-09 9.048108806130243093e-09 1.369023448758689343e-08 1.362820457175036963e-08 6.110296135638594157e-08 1.911422144568529514e-07 3.753481716003584427e-07 7.011621152706010424e-07
-1.373804735540740543e-06 5.190854651328311096e-07 2.671352667971884216e-07 7.731232582289709952e-08 1.795578672881715137e-08 4.956752284931057820e-09 5.224799328754566707e-11 5.164195923228408212e-10 5.257767828415887690e-09 3.435691193642367280e-09 1.116079240770629027e-09 6.222238644419067203e-10 1.796093965955406771e-09 1.261400414613921199e-09 9.910675447882261441e-10 2.547508970120067011e-10 -9.118226370852868724e-10 -8.704941861034865339e-10 -7.533447894037664751e-11 4.030503339484854847e-10 9.942041598566928843e-11 3.594471483714320949e-11 1.631906308493069404e-10 1.190130609420993871e-10 2.371832928661540098e-12 1.551885560665957321e-11 3.770615997494955707e-11 7.306572562529113184e-12 -3.642104852072009536e-11 -3.600894985719510765e-11 -2.480220144711432581e-11 -1.928752301561737384e-11 -2.483371446087914096e-12 1.826636750582105295e-11 1.664396380891806750e-11 -8.145541484140397152e-12 7.274650474586540332e-12 9.900874165371784545e-11 7.558070881043893641e-11 1.655360834898239744e-11 1.191640599047525337e-11 5.975643872686699254e-11 1.633433990646328484e-10 2.787606912411853360e-10 3.970404915888175706e-10 6.443192943708595232e-10 6.716273528815533217e-10 3.334475872957758044e-10 -2.826958670950542603e-10 -1.149901742766115570e-09 -1.175498161690091288e-09 4.119086995706154828e-10 3.780625955302842274e-09 5.710621817005045887e-09 4.044617327681855217e-09 1.272699640829452266e-09 1.887002572562432936e-09 8.384067509632269262e-09 1.310220116596398617e-08 1.344771002223950441e-08 6.276326144119551840e-08 1.994238686239302895e-07 3.921372585346994698e-07 7.280202062067905835e-07
-1.839478996940236392e-06 5.262040094101770524e-07 2.759533480920068375e-07 8.252680536989812584e-08 1.961317339795394627e-08 5.947079955827250931e-09 1.693912570475541138e-10 6.469619015608311823e-10 5.261803311409359662e-09 3.325395837383732972e-09 1.089108020897541883e-09 6.692552661364024628e-10 1.917933929950322578e-09 1.363459831049848774e-09 1.058730546211747189e-09 2.873425545079933543e-10 -9.963177847089385989e-10 -9.623971217609148037e-10 -1.361337123907243425e-10 3.525119127497521885e-10 8.965971728202188090e-11 4.495293927538334175e-11 1.786357004308387692e-10 1.252588539857173178e-10 9.171819999145610870e-12 2.573395713294597158e-11 4.282039547632283325e-11 7.755171340590147170e-12 -3.580071794755982141e-11 -3.416774739830017151e-11 -2.378380903994811500e-11 -1.905445187351744690e-11 -5.826274642580160452e-13 2.102818735180935376e-11 1.869800468365337869e-11 -6.355034897286342957e-12 6.656329382246207396e-12 9.675974163404052749e-11 7.159751536526201766e-11 1.251144281710208826e-11 1.478628645041670674e-11 7.159554923383015522e-11 1.746004345837221798e-10 2.722460130481858645e-10 3.691007732507460483e-10 6.238209189598767171e-10 6.890364885714202136e-10 3.591456813493932098e-10 -2.644093109938501619e-10 -1.147174160827390926e-09 -1.211252417155659388e-09 3.697301144163775692e-10 3.792144219601400148e-09 5.684248145224605592e-09 3.977356611142830252e-09 1.313521208434112402e-09 2.257784371081957888e-09 9.033805906825678715e-09 1.429601979286361586e-08 1.638358171984798737e-08 6.884030835997294064e-08 2.081473823100012476e-07 4.092407802608495145e-07 7.765805917927343330e-07
-1.671219906129486121e-06 4.717596631442263966e-07 2.474525763369012497e-07 7.043522613148532904e-08 1.573109650575488382e-08 4.174752409077756964e-09 -1.942642130151745819e-10 7.300084014277243372e-10 5.467261743890091760e-09 3.368553104755755891e-09 1.076453195846866482e-09 6.151500255123852413e-10 1.802946920876230142e-09 1.321124078196589578e-09 1.041865128431261750e-09 2.555908411894640201e-10 -9.699596584475145084e-10 -9.072284703260241264e-10 -9.091138657314297555e-11 3.897227433188535817e-10 9.390940380238690747e-11 2.738772339065594757e-11 1.598781810897080975e-10 1.141895040134161263e-10 1.655739385976311926e-12 1.958033767793415223e-11 4.169789145544989702e-11 9.267926533684719586e-12 -3.669102020672331656e-11 -3.586384470207786384e-11 -2.655423571419329213e-11 -2.263644459177466932e-11 -4.374531309516048420e-12 1.747833251764823858e-11 1.638043714824665296e-11 -6.652033658992417326e-12 7.453530435183225733e-12 9.742577001781454374e-11 7.528120739414312484e-11 1.311611404829531632e-11 2.251660073266946921e-12 5.256156978711856719e-11 1.676225020712042712e-10 2.800683504601421565e-10 3.983676647458105831e-10 6.433554295194538180e-10 6.821713731626285350e-10 3.309507408034413746e-10 -3.111308109441842035e-10 -1.169610135831735832e-09 -1.195881264940716958e-09 3.700427522976638723e-10 3.734228900913065843e-09 5.606714691541580498e-09 3.946339543083502945e-09 1.214705122033645055e-09 1.955853540029672700e-09 8.505957327915282507e-09 1.309021849411514786e-08 1.374609295362182039e-08 6.452920641097541082e-08 2.042145239144108409e-07 4.051451813870408400e-07 7.616938718322451811e-07
-1.858126086583901758e-06 4.917202120213525756e-07 2.584223423099431521e-07 7.438463679452866088e-08 1.578825438902668538e-08 3.194429947668123761e-09 -9.662200104746933545e-10 4.297182203251989462e-10 5.398046165132542628e-09 3.334942747750588733e-09 9.584259938108002906e-10 5.859830872994220696e-10 1.821777795838121823e-09 1.299243433119746970e-09 1.003421840690554945e-09 2.177157284996205939e-10 -9.897820218273713970e-10 -9.192028013466368575e-10 -1.244531081033477953e-10 3.690840453296272435e-10 9.508176537088403169e-11 3.411844016780583843e-11 1.567603394751747352e-10 1.123994909612915060e-10 2.480939303143111570e-12 1.944153482235616538e-11 3.795602410880673955e-11 3.970033071819808771e-12 -4.190853099176933230e-11 -4.096393480614400341e-11 -2.698526565681492548e-11 -2.152780824982617447e-11 -1.550553671298663616e-12 2.083251171331041509e-11 1.736971386382729502e-11 -9.676924979323904467e-12 3.992014451028681704e-12 9.628445868056516646e-11 7.341526887388634369e-11 1.474788269928638214e-11 9.882746532467572186e-12 5.742099158125105091e-11 1.671940952417518173e-10 2.755728522291040880e-10 3.849950444604437521e-10 6.365635086218745453e-10 6.725720017474712612e-10 3.130554940628833551e-10 -3.003396231170769361e-10 -1.147541935090202377e-09 -1.188341053032608504e-09 3.871821316488057535e-10 3.733599638814740820e-09 5.650164413992030151e-09 3.994090647874383235e-09 1.279566647418836794e-09 2.036141073140078078e-09 8.695743851558298246e-09 1.358410306966126260e-08 1.407473263824104884e-08 6.301303261225138229e-08 1.993155707607881698e-07 3.957906506855432054e-07 7.493873415731697304e-07
-2.432588623264573846e-06 5.082179506614987006e-07 2.678680648645047429e-07 7.874938946924368710e-08 1.872026118382547450e-08 5.613290048974820654e-09 8.329269405404868731e-11 6.482674586741458343e-10 5.346859122439600564e-09 3.260231137844081669e-09 9.611723702187639516e-10 6.427464345132802267e-10 1.966867409032481676e-09 1.436560855982770219e-09 1.060591987382150924e-09 2.939425072056071162e-10 -9.041260036541690244e-10 -8.687733140908764684e-10 -9.046272041029347140e-11 3.754492268272255765e-10 9.892364059223345328e-11 4.026318787660692537e-11 1.621708501177264194e-10 1.083129345661389671e-10 -6.055079134255201073e-12 1.132555706640851723e-11 3.711542644995067115e-11 9.142739021853145364e-12 -3.507566253662999730e-11 -3.529596507611653377e-11 -2.453439605690109786e-11 -2.041072047436182406e-11 -6.069169342047299905e-13 2.150366224599920139e-11 1.778608580614560278e-11 -8.587410254847403397e-12 5.497106992244421699e-12 9.625211870437559367e-11 7.184673658450695815e-11 1.418517292760878498e-11 1.450618920971739709e-11 6.381230285016192086e-11 1.590866822336849862e-10 2.730411493335942693e-10 3.771661169945773681e-10 6.204238190260254051e-10 6.767273248282489472e-10 3.474817744211124556e-10 -2.598792028075469927e-10 -1.110570303768310114e-09 -1.201200587142776189e-09 3.818753298587894219e-10 3.768236775944629519e-09 5.666809110626823161e-09 4.075352557207622531e-09 1.479215646099521478e-09 2.389584115789665244e-09 9.458461389556848965e-09 1.454122247801104695e-08 1.469802716406565198e-08 6.321264738905930729e-08 1.959200812911758601e-07 3.826699150384769290e-07 7.194288504787142108e-07
-1.896976145877062147e-06 4.010884843284018801e-07 2.158361551809056252e-07 5.757061363179988238e-08 1.023845880861883430e-08 1.895476126881733074e-09 -1.377940681770662850e-09 8.676838471022253326e-11 5.192426546668931849e-09 3.305071627406184178e-09 9.987661002022579155e-10 5.842699783127224702e-10 1.854456923429886579e-09 1.474602043834674328e-09 1.184272497735629734e-09 3.308365647302225582e-10 -9.481041149490151639e-10 -9.269642408413161359e-10 -1.356190139229962628e-10 3.551359459986646204e-10 8.834405674599281363e-11 2.578232260664780525e-11 1.517968580470261912e-10 1.102323339925798734e-10 -2.697466437626000629e-12 1.108909622431645469e-11 3.186861950958387945e-11 2.401557000524841254e-12 -3.951958781167285370e-11 -3.808561778906014036e-11 -2.562252748523065749e-11 -2.010055807717755966e-11 -2.961131617198173300e-14 2.092788440921672669e-11 1.554536000250207667e-11 -1.140752850905996779e-11 1.541261938365807832e-12 9.177473043345663869e-11 7.150807255655603413e-11 1.578077356982153035e-11 7.340118384485264231e-12 5.788505172091536820e-11 1.735244025802072876e-10 2.770052851999815054e-10 3.892096642252245878e-10 6.529537876898240663e-10 6.982371469734809499e-10 3.259565999205915206e-10 -3.241379377608032163e-10 -1.182850386881040832e-09 -1.191086003246644443e-09 4.145772643574485778e-10 3.755324019678730426e-09 5.697536250427881710e-09 4.130785255074315579e-09 1.551092310102723444e-09 2.465468919033596530e-09 9.182609905207629660e-09 1.411848591257826272e-08 1.542087541592855010e-08 6.559024219628484878e-08 2.035389203316472616e-07 4.022252469552583296e-07 7.471528397314696401e-07
-1.280133460434124999e-06 5.295319186739182860e-07 2.761688654134529574e-07 8.403626068610226154e-08 2.029613667345313126e-08 5.888891554670112016e-09 3.454174911700450311e-10 7.930679119732090847e-10 5.777007858723783636e-09 3.781572217039471956e-09 1.264008671826262107e-09 6.807031480543718422e-10 1.839966574817720981e-09 1.350957379579163559e-09 1.051942312986057637e-09 2.893816279824451816e-10 -9.492663254174857455e-10 -9.193978505349939365e-10 -1.231162067378550627e-10 3.646786032547810144e-10 9.320458220889877099e-11 3.061213053999650606e-11 1.648613393280137324e-10 1.234126403572511275e-10 7.897145110097962150e-12 1.887617376805114576e-11 3.649751862362903354e-11 4.334780031480471635e-12 -3.762929438086838843e-11 -3.543108925586708970e-11 -2.428099510551697645e-11 -2.122803292219496435e-11 -1.597212757113177906e-12 1.982557159099703772e-11 1.611138233824363223e-11 -7.788905359142855906e-12 6.577672554862232708e-12 9.771290451174008150e-11 7.503609433897115817e-11 1.494549323460264866e-11 1.062815541943490373e-11 6.118289441335848155e-11 1.630724980086236872e-10 2.720138117852507585e-10 3.879395930906020984e-10 6.488727514386131878e-10 6.875569140836224967e-10 3.286992254503516843e-10 -3.016378163132552990e-10 -1.156446505866001145e-09 -1.241524676225690911e-09 3.149994585740557794e-10 3.728770996181455994e-09 5.672865374575487858e-09 4.043852197796481557e-09 1.301633898768249263e-09 1.874004549820878737e-09 8.563171711480623807e-09 1.367071196553300644e-08 1.392454686665027811e-08 6.140238927871045176e-08 1.965303868248951299e-07 3.945670803076718151e-07 7.566893814580147618e-07
-1.746969876189032084e-06 5.736696694910183207e-07 2.905691411855374797e-07 8.590638811139735909e-08 2.063714139242024644e-08 6.186816255132017518e-09 2.980603438793691955e-10 5.664133285794770037e-10 5.317796497944482338e-09 3.450093969975031686e-09 1.185800650897051091e-09 7.154785581582377920e-10 1.819004203173330272e-09 1.309397267539532745e-09 1.016220643968490795e-09 2.651753462656467247e-10 -9.736971312408845458e-10 -9.134969787594762924e-10 -1.032311044091686310e-10 3.888229170819064469e-10 1.141144220738368305e-10 5.289266709850726472e-11 1.742499431896020412e-10 1.183629524523554699e-10 1.053020596714764181e-12 1.779188790961607320e-11 3.759028520200190574e-11 2.751579770776027391e-12 -3.979382014609731245e-11 -3.570275704839575787e-11 -2.408697072205189550e-11 -2.066144570721909330e-11 -1.958364494201112032e-12 1.945186717980498310e-11 1.691311714010322432e-11 -8.741868915387777554e-12 4.929004735666207233e-12 9.843716135199672610e-11 7.500768177442238069e-11 1.714047511302571457e-11 1.492257120252673282e-11 6.188485003612870824e-11 1.627677854245186335e-10 2.691407133692546196e-10 4.017853129511838763e-10 6.716628919512452245e-10 7.145045488562686027e-10 3.777660819505768677e-10 -2.296052812218828554e-10 -1.088572734894296015e-09 -1.206719533487438669e-09 3.393802871351876134e-10 3.716010239157599374e-09 5.619375024963856915e-09 4.070658463836199653e-09 1.381809418801462555e-09 2.272475320804553740e-09 9.293712189622603591e-09 1.463690202037536349e-08 1.607187399916794179e-08 6.599830851454599143e-08 2.049304250910931285e-07 4.111223152132431102e-07 7.876367609092437356e-07
-1.136090717038738745e-06 5.307446082737291654e-07 2.718833990207168028e-07 7.930019498452187049e-08 1.773549166259228466e-08 4.692296917179834355e-09 -2.464020963212919604e-10 5.035085836158661235e-10 5.242396725163108645e-09 3.343463016639616153e-09 1.083268080150514664e-09 6.224817445128113225e-10 1.826890533085321614e-09 1.346433214159226559e-09 1.032042338813994607e-09 2.256720301378751915e-10 -9.802539272473231773e-10 -9.291834576693756081e-10 -1.378516852638739025e-10 3.730371643811615980e-10 1.126307118437852356e-10 4.338787977693174438e-11 1.676043862840264287e-10 1.236269379881796605e-10 6.478654486035407085e-12 2.134251295111576869e-11 4.069010701528605302e-11 6.386907424372399351e-12 -3.778352867963656695e-11 -3.683012545516347797e-11 -2.409846706666296044e-11 -1.823311712153783890e-11 1.193405318966528394e-13 2.160438285522002353e-11 1.772130194318479264e-11 -7.694210087336619549e-12 7.683233943152174421e-12 9.765691694419234646e-11 7.185118263239523005e-11 1.208235549926165856e-11 4.907832639558115441e-12 6.398825592788109985e-11 1.721525842495081882e-10 2.627720795747119895e-10 3.712969155768780431e-10 6.370760626396204591e-10 6.820167085397068381e-10 3.336964050828553807e-10 -2.918200044771014494e-10 -1.168389185017907347e-09 -1.230677441217539039e-09 3.805907741264907228e-10 3.819849288152270974e-09 5.806087177027152590e-09 4.137835800665995534e-09 1.332059071128357738e-09 2.105364418210170681e-09 9.016499508225348232e-09 1.426730000566130119e-08 1.496407630884244861e-08 6.215787384435629238e-08 1.954430659343096962e-07 3.908827224597493048e-07 7.337393937457683845e-07
-1.895915725715183908e-06 4.981295267025045646e-07 2.570046933480018077e-07 7.488597038444119939e-08 1.813222393917041337e-08 5.211500166012760915e-09 -2.720668601905740837e-10 5.253245678401529320e-10 5.346585943995479588e-09 3.503322782410188238e-09 1.010144211003674823e-09 5.154665655449397431e-10 1.849518057939528747e-09 1.401808287031418947e-09 1.114054546109388556e-09 3.098848752113924390e-10 -9.444701440976399105e-10 -9.240256515496633432e-10 -1.169073632472436353e-10 3.775495697600293741e-10 9.596697058605853813e-11 2.442990820408479742e-11 1.653907394886316180e-10 1.236245618721473121e-10 7.174696367382320509e-12 1.842194492856086408e-11 3.804434506729523299e-11 5.882583581152123702e-12 -3.799179253220195409e-11 -3.711719141649848334e-11 -2.545164936934603931e-11 -1.947083724837435290e-11 -1.212943705320717106e-12 1.904127735986048597e-11 1.642859535116181741e-11 -8.009884267114999603e-12 6.071172508031599518e-12 1.000678746763191512e-10 7.772319400185063530e-11 1.261543104199414688e-11 5.698413234883430622e-12 5.284873746745314599e-11 1.588579222959572975e-10 2.695946569458671711e-10 3.888181142002040146e-10 6.628935547870478201e-10 6.988901146477672098e-10 3.185285369362626444e-10 -2.940234228774379942e-10 -1.131245749567137509e-09 -1.208606956189710722e-09 3.947338544571583795e-10 3.837319755148023955e-09 5.772546322645801328e-09 3.995219971445866064e-09 1.074623151533146104e-09 1.877397017607384743e-09 8.531943313762305148e-09 1.294897154017793403e-08 1.221481106887847082e-08 5.982115097464671101e-08 1.935228064536336726e-07 3.841941658435300644e-07 7.328893497907920914e-07
-1.645344659779090159e-06 4.871645053294994820e-07 2.543034139424304963e-07 7.316060163879906662e-08 1.658576357820850695e-08 3.775075714460730141e-09 -1.215168956983859782e-09 1.759817479785176771e-10 5.388725863327576818e-09 3.539063931401627676e-09 1.074652909271135948e-09 5.002702415996021831e-10 1.736513366891972610e-09 1.290209173507629256e-09 1.000208052528832789e-09 2.402110403773522178e-10 -9.753179170911895327e-10 -9.279243475066743314e-10 -1.306532120308291010e-10 3.596794169475179348e-10 8.996814586393076975e-11 3.887400089360572894e-11 1.697945732364995572e-10 1.183755514803782969e-10 3.043299070464636999e-12 1.640342907309654995e-11 3.915270708020360079e-11 9.700182427131247568e-12 -3.535229708866973624e-11 -3.705843213615182088e-11 -2.643811834036074708e-11 -2.090333836258858702e-11 -1.945208037963176337e-12 1.897795051765069153e-11 1.567285414735307755e-11 -1.006824399290551403e-11 3.850873016327483693e-12 9.629848777580548963e-11 7.256097768942663970e-11 1.278738046859373279e-11 6.691554526495044830e-12 5.725346764037933962e-11 1.650502243671355730e-10 2.686730981813608287e-10 3.778950545100177065e-10 6.362158117660888717e-10 7.004907875097720743e-10 3.676617604414172646e-10 -2.732330168023887485e-10 -1.170902715047881098e-09 -1.255210341877027612e-09 3.371924900432819966e-10 3.735846284605922443e-09 5.632931306048562505e-09 4.082839363740336173e-09 1.400198117363252490e-09 2.097826071939471824e-09 8.906477937081490040e-09 1.437904890987372571e-08 1.529708171059788350e-08 6.464115702925596546e-08 2.004317154281193329e-07 3.937887620130655264e-07 7.322511005224882788e-07
-1.632126015174940297e-06 5.425258388362516124e-07 2.790176642491563986e-07 8.207419493364733350e-08 1.931025623837545746e-08 5.430504530026552012e-09 -2.044873442377599885e-10 6.011606020196928893e-10 5.472319728111357875e-09 3.340693005503692626e-09 9.527926562525959966e-10 6.350803201901099086e-10 1.837623576099473179e-09 1.309861494116568215e-09 1.009262803560047993e-09 2.491916060759013215e-10 -9.663101058721592802e-10 -9.265160961093402924e-10 -1.147831086851227476e-10 3.609015712797043754e-10 7.989087494640846991e-11 3.059503790454669967e-11 1.668593102975942344e-10 1.165946170560243784e-10 2.484860586992080319e-12 2.121161061154328229e-11 4.102810811325783383e-11 6.299807853536287554e-12 -3.710530438891486087e-11 -3.384341968591110703e-11 -2.242484290908756378e-11 -1.943544113568920963e-11 -3.021131095173555314e-12 1.820819543496406467e-11 1.537640701514394813e-11 -1.033319187127241537e-11 4.401524305744312212e-12 9.655304664402648100e-11 7.336994693483662691e-11 1.168914770655457878e-11 6.208478471036465690e-12 5.969766814648632837e-11 1.706393408282014037e-10 2.806336813389019877e-10 3.907113662815113413e-10 6.440378717342204513e-10 6.894406493591261555e-10 3.421990120626536483e-10 -2.875893713844460621e-10 -1.164344704886196185e-09 -1.291658312703158396e-09 2.389669800930419906e-10 3.643674707191622335e-09 5.607624298827988308e-09 4.110950274022317018e-09 1.502883349013272085e-09 2.199271635430731081e-09 8.987100099954705395e-09 1.376484506650688601e-08 1.394881463841177799e-08 6.312096203884112694e-08 1.980233806516489967e-07 3.899170966268982305e-07 7.344237352380279354e-07
-1.002970918816664628e-06 4.997663048752339770e-07 2.597034409477768895e-07 7.539128862490082238e-08 1.700579474743677255e-08 4.963914708218205570e-09 -2.755488322410879341e-10 1.088475031888370012e-10 5.029898812810143518e-09 3.409971326280278689e-09 1.144440242710619855e-09 6.679675897411673665e-10 1.834502041705636096e-09 1.302783837310782958e-09 1.021488518273469313e-09 2.853772362368503293e-10 -9.479008728383560719e-10 -9.142896093089451645e-10 -1.066779511537308448e-10 3.819308813164382836e-10 8.832922197834588203e-11 2.362171137463083340e-11 1.608490806753298502e-10 1.239849629864057488e-10 1.057632211130145883e-11 2.705682518028841605e-11 4.379067385329810910e-11 9.742151056947972464e-12 -3.458031552060405734e-11 -3.214382313359578389e-11 -2.143904892098250837e-11 -1.847610393510444037e-11 -4.979110430289108976e-13 2.053819848354361472e-11 1.895583060911402014e-11 -7.152749721364470156e-12 7.342349868982072868e-12 1.011332947099755359e-10 7.807290252147686582e-11 1.421915910448072717e-11 3.419523869069132546e-12 5.495132007739531654e-11 1.630454863035176280e-10 2.678070589869647894e-10 3.939606869579494382e-10 6.662692555295825412e-10 7.142339964512534728e-10 3.888159976253116212e-10 -2.346669928560554176e-10 -1.128056920095237296e-09 -1.221780690953432844e-09 2.987507640598161999e-10 3.602268895133109438e-09 5.514791587099696312e-09 3.994608609381411522e-09 1.471039435144907966e-09 2.194691491830836710e-09 8.721033582935315179e-09 1.340301919499409035e-08 1.392077694075688060e-08 6.285312045608331444e-08 1.993123210119235816e-07 4.037515233264118404e-07 7.828323275857579054e-07
-1.124328279086479907e-06 4.930061206776930082e-07 2.540812360828391271e-07 7.324070263160385971e-08 1.621528839882776188e-08 4.426034696895146672e-09 -6.304009483739167791e-10 1.675676271482004214e-10 5.458008205491130239e-09 3.709178027287043135e-09 1.249669664304335670e-09 6.792172684078945549e-10 1.853311851253319718e-09 1.354411396085863140e-09 1.022715329610081990e-09 2.463957723311710760e-10 -9.784042138235468321e-10 -9.325478501373800045e-10 -1.191981247512727443e-10 3.720508091355699578e-10 9.473889605296811940e-11 3.539603957911380270e-11 1.681012158944489336e-10 1.165235581726879899e-10 3.247380728688131231e-12 1.844678998679274966e-11 3.705044683020777333e-11 5.291814007852871187e-12 -3.740854675721668507e-11 -3.597887856736864276e-11 -2.527685151204772460e-11 -1.938735354059073270e-11 -3.191352860880726161e-13 2.079219028530890180e-11 1.697925585172069170e-11 -7.630831554932885722e-12 4.829947342392360653e-12 9.430245091251054094e-11 7.185576984924864576e-11 1.258521676551325228e-11 7.429059411410541656e-12 5.994136977568212851e-11 1.689962396178984810e-10 2.800713679063328172e-10 3.933284109889513170e-10 6.513448999032725570e-10 7.043047537910101086e-10 3.573283740788619524e-10 -2.643396297469051131e-10 -1.098998222340446705e-09 -1.177280993164665801e-09 3.656726631089312936e-10 3.741327955613656793e-09 5.675241733135177467e-09 4.054197405282005971e-09 1.245065505315329994e-09 1.715620828525723534e-09 8.306762576383962045e-09 1.297154044570085967e-08 1.223419459810056639e-08 6.024332351180770653e-08 1.956211683383689655e-07 3.854485246145760772e-07 7.149641886779598135e-07
-1.623734531807502363e-06 5.153882541798793352e-07 2.696317183304022457e-07 7.891419020445095184e-08 1.737869021724782435e-08 4.178725160199403106e-09 -6.620910539612803339e-10 2.099313994338282935e-10 5.138192057154012405e-09 3.471245116390157913e-09 1.197734343076438199e-09 6.320019243436433330e-10 1.793284713910263005e-09 1.233514131742039895e-09 1.009536114065330754e-09 3.205971603061803596e-10 -9.203652278800743808e-10 -8.933199524361106559e-10 -1.156761924916839824e-10 3.582898524341609985e-10 8.201652819664921803e-11 3.252495058358118479e-11 1.729993662787989567e-10 1.276607565065559191e-10 8.633921798330259050e-12 1.841610017465165473e-11 3.908538127076572822e-11 9.186390355219420603e-12 -3.551784803552834659e-11 -3.706239784813745952e-11 -2.498516210823782198e-11 -2.074366325560443374e-11 -4.805122562351048412e-12 1.635133411732333489e-11 1.419516332899781133e-11 -8.692098313602800106e-12 5.493662691664033843e-12 9.651760070860198793e-11 7.297132323565287617e-11 1.166258696333308897e-11 9.987674602323990812e-12 6.397665572351166550e-11 1.636254364610966945e-10 2.678683367666933377e-10 3.871055940645934978e-10 6.580889834800634581e-10 7.175713368335791962e-10 3.687904317449237791e-10 -2.616861333142033282e-10 -1.100670343847609474e-09 -1.170722557792227747e-09 3.353574843043169952e-10 3.676966233669376432e-09 5.636836318729721782e-09 4.035133210614536809e-09 1.305587549078687765e-09 1.952445187436939194e-09 8.380305982696717846e-09 1.309695779662954625e-08 1.336255186935147571e-08 6.228077254382087456e-08 2.011158329607213506e-07 4.048793425354704116e-07 7.734666712132845880e-07
-1.326412332883296300e-06 5.707367992250523885e-07 2.935659721865904535e-07 8.904979416689796953e-08 2.231474332719756705e-08 7.348109261793542412e-09 1.268596349253408925e-09 1.397223208208307240e-09 5.854255067334424296e-09 3.627526701487726483e-09 1.028146339194944859e-09 5.988835562539336577e-10 1.851777074645326137e-09 1.364883185432512650e-09 1.068637971210239059e-09 2.756226654953842590e-10 -9.584975922104631351e-10 -9.305375277114594922e-10 -1.179457150177370323e-10 3.770885992358186065e-10 9.824204764675900222e-11 4.545578933223652066e-11 1.680688966840745185e-10 1.165042645147037699e-10 4.661900538680911461e-12 2.162640815837949458e-11 4.393466262741398083e-11 1.106663054627255814e-11 -3.521166783967012198e-11 -3.436961984708726950e-11 -2.349268298050319356e-11 -1.952708614091942363e-11 3.805454273266562702e-13 2.115283368639689867e-11 1.619833039596217472e-11 -7.676168778348661880e-12 8.319202645015627984e-12 9.708438212745821717e-11 7.238342764771600502e-11 1.492970505214775162e-11 1.386381900646392254e-11 6.237679459183164300e-11 1.642090317561095747e-10 2.680745984951843483e-10 3.914062848576821182e-10 6.505290204670695018e-10 6.903783750935923299e-10 3.412408977956008698e-10 -2.920336579715386832e-10 -1.135128227430405988e-09 -1.156225746926225730e-09 4.096101784412095897e-10 3.774415735559593480e-09 5.797312219873860412e-09 4.129092657453453881e-09 1.104518237910994907e-09 1.723442530004320464e-09 8.579428218138546609e-09 1.394260368602299080e-08 1.539994571215098193e-08 6.639724293681624263e-08 2.075401861324821243e-07 4.165957684905540086e-07 7.999649788910877428e-07
-1.615560178501275163e-06 4.587738709245992821e-07 2.431249674989777267e-07 6.826011183096881795e-08 1.315734891498974719e-08 2.909814878071697369e-09 -9.926699783584573442e-10 2.194976010217971876e-10 5.382093370046565606e-09 3.483721251507833238e-09 1.143043991155818441e-09 5.549338738268121777e-10 1.736838632804831596e-09 1.282210877823725085e-09 1.043486244082984682e-09 3.288849291588793732e-10 -9.035292175562880485e-10 -8.993591719894322477e-10 -1.225823842013369611e-10 3.513869616277017794e-10 8.443838782185921823e-11 3.278700043191259347e-11 1.645565581176282515e-10 1.262787023131308650e-10 8.395877835587083774e-12 1.778128030054089020e-11 3.814210680931844638e-11 9.227555034165106124e-12 -3.646036957822342614e-11 -3.644016687661965763e-11 -2.442195960108256459e-11 -2.081190497265709720e-11 -3.087095387067861749e-12 1.704063797500181675e-11 1.390648067839211453e-11 -8.867983959260841308e-12 4.746672990648901822e-12 9.691400821054952379e-11 7.363709611149822844e-11 1.238763461166296232e-11 1.058485097646092237e-11 6.491374661454320175e-11 1.650534639718503176e-10 2.614724479498267855e-10 3.816505112555435039e-10 6.476606259755605889e-10 7.077617964118548006e-10 3.597235901565465070e-10 -2.930352078769508123e-10 -1.172023870597777088e-09 -1.203185051071978855e-09 3.652789105786275809e-10 3.700452079835097965e-09 5.563294326025405203e-09 3.897118883929619371e-09 1.233332744536343187e-09 2.177933011201961789e-09 9.134125548535751764e-09 1.401078892260567260e-08 1.397948137789743483e-08 6.256704371038154952e-08 1.958721349315218681e-07 3.905439628256703801e-07 7.483742018137695560e-07
-1.675707885356508139e-06 5.318091498166613953e-07 2.687185681534997146e-07 7.846584565559528516e-08 1.876493495367454594e-08 5.944057391757769970e-09 2.228500753686486622e-10 4.415476821115496831e-10 5.241551596641047889e-09 3.402734809388782615e-09 1.138632687520229379e-09 6.857815599098369044e-10 1.879385197366399391e-09 1.391356318099266945e-09 1.092775518866270929e-09 2.571177476520353653e-10 -9.904776626320833269e-10 -9.295256468687264581e-10 -1.070185673154116601e-10 3.694639830018819021e-10 9.190603010643448448e-11 4.401014701767419298e-11 1.750006010746886396e-10 1.236624042358118292e-10 2.093930635272890628e-12 1.094652352752683856e-11 3.146984063628521529e-11 2.226420728000514200e-12 -3.957770853666533574e-11 -3.689211537159321008e-11 -2.394350197273979344e-11 -1.961713573407371180e-11 -7.284467290436146861e-13 2.015929316633265739e-11 1.536986670021197950e-11 -1.260440948879922944e-11 1.301165740446487985e-13 9.533932262422340950e-11 7.651886491194884221e-11 1.745947826474552964e-11 8.891472945688046371e-12 5.497928593364098814e-11 1.561440601680376388e-10 2.644545145560933214e-10 3.773781610290627434e-10 6.403866751878233244e-10 6.795312379066301098e-10 3.215001934529818131e-10 -3.115457797738728020e-10 -1.186545134298239554e-09 -1.271229186768563592e-09 3.328439086704717803e-10 3.704319163481894227e-09 5.725608938657267360e-09 4.238068267662572436e-09 1.562657474824805504e-09 2.269590106965329612e-09 8.844572709984943728e-09 1.363263480605265402e-08 1.312953938387436992e-08 5.999673590729777583e-08 1.906415433603314725e-07 3.799011215170486546e-07 7.238021288761179935e-07
-2.073016161578039808e-06 5.334999473559399459e-07 2.783548859994883294e-07 8.450808228002306826e-08 2.132987573636709307e-08 6.893622504727084904e-09 8.442817738714446631e-10 7.753791815668113244e-10 5.580165524739609742e-09 3.619438669664165637e-09 1.239485430797371648e-09 6.858442887143481885e-10 1.807596243810586001e-09 1.309907587617286492e-09 1.049699279166191088e-09 2.621361612387507294e-10 -9.618687614369208430e-10 -9.042854684142984573e-10 -1.131352006549209395e-10 3.664699765256482195e-10 1.018107265688042221e-10 4.874696342983237670e-11 1.726764105146055515e-10 1.206664120660526775e-10 7.150729075734836112e-12 1.847492948990612908e-11 3.685038532465605703e-11 5.535341356196988441e-12 -3.605192147816896060e-11 -3.481007894049481835e-11 -2.505858998158842870e-11 -2.032289720519555310e-11 -6.130333996801353639e-13 2.198798449456295107e-11 1.668543623268478969e-11 -8.892218051889104758e-12 6.914741328319980301e-12 9.640001139729758611e-11 7.222135257479285598e-11 1.229966727797334098e-11 1.759994692073422169e-12 5.108193273800719196e-11 1.605176680433905893e-10 2.738027136484739115e-10 3.936494787033971712e-10 6.605946393626394309e-10 7.203299216397077088e-10 3.642543843050181526e-10 -2.586885844709650244e-10 -1.130599011729589309e-09 -1.239451182516390315e-09 3.112514951825657678e-10 3.701930051066340728e-09 5.672280565213127339e-09 4.051188169466539914e-09 1.170630800021401609e-09 1.800741193793319445e-09 8.303096926113704243e-09 1.331100273062539777e-08 1.358093283031327207e-08 6.064063812207725099e-08 1.899339778739466329e-07 3.742072482038837785e-07 7.052380703541180791e-07
-1.997402764297180662e-06 4.774838522871438069e-07 2.589122080695348895e-07 7.677063077246424379e-08 1.844525243577454087e-08 6.015378196407764093e-09 6.014120778383151075e-10 8.162388143590895639e-10 5.434738371639907246e-09 3.402263764494545410e-09 1.003582711630519437e-09 5.389728618088964231e-10 1.755344162645453861e-09 1.285123477740353908e-09 1.034446936426238642e-09 2.436610641792537179e-10 -9.919520059166282123e-10 -9.283347669920662587e-10 -1.183805337811827530e-10 3.620414882521254816e-10 8.298094675693436441e-11 2.217888379242079595e-11 1.584736481546891680e-10 1.210833007639449315e-10 7.027135050184942978e-12 1.923264253539172198e-11 3.873151073215478639e-11 8.031123889045197654e-12 -3.669413413639204048e-11 -3.701023012925750465e-11 -2.613268407875680918e-11 -2.124279460433046825e-11 5.159086049153130554e-13 2.498357243191031261e-11 2.196690718781475812e-11 -4.209513317456882039e-12 8.416889080827576238e-12 9.760606833546179646e-11 6.949559150314019449e-11 8.164376390877369482e-12 4.860311277718401700e-12 5.753583789367429190e-11 1.586858109611833757e-10 2.616059102406680631e-10 3.769428984115579737e-10 6.372200945425681980e-10 6.866031126523942207e-10 3.395327643652276234e-10 -2.908900227937433772e-10 -1.149659379897065507e-09 -1.215360205030353612e-09 4.014840447277497040e-10 3.747881303079447100e-09 5.670085690545815790e-09 4.037189806684547583e-09 1.189167104539528371e-09 1.689312499557297901e-09 8.183812247939858279e-09 1.294090761210226302e-08 1.279306153826988382e-08 5.972248979339639646e-08 1.913264999727681184e-07 3.762253972618470072e-07 6.956489513844698085e-07
-1.906613788015834355e-06 4.757492977525192104e-07 2.516363072006074644e-07 7.550744336778229599e-08 1.826279098763754325e-08 5.138146978451154217e-09 -8.319181368857113874e-11 5.494729583155970417e-10 5.299770403044877389e-09 3.474383690029669571e-09 1.156792108054012511e-09 6.942554080465257823e-10 1.914659491427640207e-09 1.354282351660690734e-09 1.062070662976896753e-09 2.938516330210418505e-10 -9.447839950164770555e-10 -9.317627368884512491e-10 -1.335119238875623850e-10 3.672984790567783704e-10 9.904284308489089124e-11 4.651094749464452617e-11 1.754792599553536604e-10 1.277793897653271740e-10 1.649895475027024613e-11 2.395329937083243241e-11 3.981131745792760103e-11 1.005775763128633919e-11 -3.372310161175095492e-11 -3.509024771407438374e-11 -2.679070548870531612e-11 -2.260605104597437367e-11 -3.606795858713146127e-12 1.942228186140532762e-11 1.672103195937115279e-11 -8.565635148905597912e-12 5.764764856732535832e-12 9.540654678015085144e-11 6.999717690693260016e-11 9.091939638815314032e-12 5.809205561427703624e-12 5.736332527830830623e-11 1.612659342312190771e-10 2.677402869166989980e-10 3.882520036409148185e-10 6.382297077694324406e-10 6.911070468013807646e-10 3.653182589060153719e-10 -2.709790667789900989e-10 -1.150673170310270252e-09 -1.219590049706408929e-09 3.684422508180426089e-10 3.649504957341584232e-09 5.467573172544747357e-09 3.857291028892449685e-09 1.194057481510626448e-09 2.008010100366016676e-09 8.692448924713572762e-09 1.363995322318704718e-08 1.414290018755423647e-08 6.244907392994298621e-08 1.980037641565242456e-07 3.922819912618057994e-07 7.350485633155024445e-07
-1.221033979408638926e-06 5.594882262786060368e-07 2.881168744610523727e-07 8.755149764971164972e-08 2.189621815905649502e-08 7.472414619035749099e-09 1.404120310620281071e-09 1.312412867021049836e-09 5.722536285029729559e-09 3.503892698412791796e-09 1.086152223608124383e-09 6.304063928765738760e-10 1.826251285476183489e-09 1.330931228637439736e-09 1.029877252873944240e-09 2.519416315446588087e-10 -9.655873909521908960e-10 -9.127214246786330601e-10 -9.530376671765572069e-11 3.756123167380178595e-10 9.252210561246158714e-11 3.161858465559036953e-11 1.610506770607806357e-10 1.149200253095430025e-10 1.805439022598710001e-13 1.609432202490234986e-11 4.054198141205840277e-11 1.006281572882144002e-11 -3.692994611892708789e-11 -3.754664258022387207e-11 -2.689459109347595001e-11 -2.168321188129193956e-11 -9.333345383973403278e-13 2.082930397655394318e-11 1.745904205935596674e-11 -7.434961406919834402e-12 6.083176203908664031e-12 9.848843092659231495e-11 7.570247404963140638e-11 1.745102411901198871e-11 1.142212434749706404e-11 5.246908528088530952e-11 1.516941559551578573e-10 2.636624768839955696e-10 3.732630617149727757e-10 6.469910231749556102e-10 7.020866683294770673e-10 3.463955391581823211e-10 -2.726800181905811009e-10 -1.100009899735745964e-09 -1.163231593863484750e-09 4.168785532335587345e-10 3.793337691615314889e-09 5.719840438128531021e-09 4.103314922462902528e-09 1.375749389001659694e-09 2.286349192025793837e-09 9.341545213218037636e-09 1.441436681449304345e-08 1.450350367864844609e-08 6.268490957531908065e-08 2.011911323540142113e-07 4.062377958763384462e-07 7.809617054230230941e-07
-1.423917093440798379e-06 5.167622230632952189e-07 2.675932027077859693e-07 7.942996470545024429e-08 1.904686221800982711e-08 5.211799089173756183e-09 -3.093424463910333153e-10 3.680060220246818758e-10 5.150975467250279812e-09 3.311173309909309896e-09 1.052108177050923022e-09 5.291415171525314954e-10 1.765403380215566459e-09 1.328015236248695828e-09 1.052023762352147682e-09 2.896361721918971469e-10 -9.478087128964232693e-10 -9.292246696800483406e-10 -1.301616162241995714e-10 3.712139848673605774e-10 9.276015044107928297e-11 3.247760032112249137e-11 1.639338966103281546e-10 1.237224376043468845e-10 8.362877536334127496e-12 1.936443543558185866e-11 3.890680916932176236e-11 4.390364893165599000e-12 -4.166112415471969151e-11 -3.972205357383180126e-11 -2.647245978635742159e-11 -2.056292715002225257e-11 -4.387039480922592239e-13 2.241392216368382018e-11 1.923377200155700664e-11 -8.190244755462237457e-12 3.294485383218029880e-12 9.545927643578943766e-11 7.578659688620888378e-11 1.598315963365687820e-11 7.942107997602217498e-12 5.853804655792260402e-11 1.650040274588240354e-10 2.656633535744114398e-10 3.828724700305380439e-10 6.595663225870345321e-10 7.088388943076808920e-10 3.402648768761107434e-10 -2.932940128523908984e-10 -1.161360976391388008e-09 -1.225773149463643857e-09 3.804140437182811692e-10 3.768572054145943150e-09 5.635503967561102148e-09 4.013808831781475907e-09 1.448179316505031970e-09 2.414137276511495200e-09 9.083060212195059586e-09 1.371487917482687756e-08 1.339846603771069090e-08 6.157741823295150771e-08 1.966002770236349448e-07 3.880087957367182495e-07 7.288755391298726137e-07
-1.689456194227019229e-06 4.946418201140581466e-07 2.564850010431044086e-07 7.371590081046409078e-08 1.589402169134847021e-08 4.608369057605141552e-09 -1.687239854286940877e-10 6.126111660970499792e-10 5.655781191799491110e-09 3.707037068777241795e-09 1.292679282143351965e-09 7.198667060441094737e-10 1.837087352497211011e-09 1.314771553665319059e-09 1.018655137610125840e-09 2.402769713853646928e-10 -9.925010604106674657e-10 -9.468225669810129823e-10 -1.398443317805035387e-10 3.681282656245561295e-10 1.053141070975021264e-10 4.562096303530606544e-11 1.657276708525411607e-10 1.158658796972426250e-10 9.663375737260658370e-13 1.507307623838395404e-11 4.012835765742022523e-11 8.040350016215962058e-12 -3.901442938993813691e-11 -3.961701186384251222e-11 -2.810765395107212134e-11 -2.361813024808507991e-11 -2.778200320300509667e-12 2.137227545577066044e-11 1.804293957467841215e-11 -1.031009480934907729e-11 4.557994801657526961e-12 9.536247049821583156e-11 7.063006176745692734e-11 1.321907068136325137e-11 1.087886603149767920e-11 6.235098387623808578e-11 1.713265146805195854e-10 2.764876386123287589e-10 3.841068921337999486e-10 6.432321078345875169e-10 6.884489797947920423e-10 3.377938044070200909e-10 -2.798239236878468390e-10 -1.145752491532238581e-09 -1.236274361330454768e-09 2.843482315643694335e-10 3.707982710534006427e-09 5.771432993212535485e-09 4.170090333673294490e-09 1.465234412161322971e-09 2.069495959193587962e-09 8.567628781376731762e-09 1.313378867339170982e-08 1.251455682584798387e-08 5.999630394087195951e-08 1.936972469665615347e-07 3.870660634084429897e-07 7.332843229451943451e-07
-1.915544790865308289e-06 5.033841892728391064e-07 2.609528476748048067e-07 7.536443843283005060e-08 1.734798566070311539e-08 5.259883486570268340e-09 5.807645925885354201e-10 1.177369396897872581e-09 5.642187983343538514e-09 3.563145289577919463e-09 1.076005439145405426e-09 6.439621459688953237e-10 1.934774129046601472e-09 1.377664270325376843e-09 1.055752717689819088e-09 2.903091170739161143e-10 -9.462245964321531768e-10 -9.128264517187512862e-10 -1.144443051811996176e-10 3.733776366653913352e-10 9.545910953624526323e-11 3.896518990215927849e-11 1.737909783421868972e-10 1.267045948115259498e-10 6.815973654761105570e-12 1.537241402608160431e-11 3.390987630883658185e-11 3.617979284237715472e-12 -4.127182407076159486e-11 -4.194248144228415179e-11 -2.960884869811053152e-11 -2.140546500435691176e-11 -3.825994423083374222e-13 2.054040611092289039e-11 1.599934917560092047e-11 -8.640839815173636821e-12 7.796710797075331150e-12 9.971443934287484976e-11 7.398893659367272225e-11 9.552917287091414480e-12 4.802326109144765173e-12 5.866633867690713261e-11 1.705152541522669257e-10 2.866340934492940329e-10 3.934919447065951412e-10 6.538894138659313299e-10 7.100429998499874722e-10 3.658123748035602522e-10 -2.702389633327052687e-10 -1.147604922811005233e-09 -1.241063204452564179e-09 3.176465015685148754e-10 3.677659223530193168e-09 5.556265453514368320e-09 4.027859065280293519e-09 1.441291760756071489e-09 2.346757588382550973e-09 9.092707272434178059e-09 1.401165586317227750e-08 1.402469540024108877e-08 6.242242663491718133e-08 1.970378232782579071e-07 3.890346675231820484e-07 7.392191499172541570e-07
-1.469442341787214451e-06 5.877216249171218393e-07 2.962781791536490390e-07 9.042087556626657493e-08 2.359427958433868093e-08 7.348086593694029295e-09 5.831000599636845388e-10 7.609433665093872328e-10 5.641001382486020820e-09 3.688572503375860340e-09 1.190073916771389884e-09 7.356998426241597318e-10 1.948222122114108678e-09 1.366988788303560137e-09 1.025411466088521182e-09 2.510700039232425709e-10 -9.727564331481657406e-10 -9.220527094302759524e-10 -9.392563556495863230e-11 3.910628587069331343e-10 9.678431575722674026e-11 3.159836601687505934e-11 1.594173964847998293e-10 1.153163793676401058e-10 2.337249053421987850e-12 1.938178151612175286e-11 4.336046229187525564e-11 1.077225916727570657e-11 -3.654229603123245092e-11 -3.602236278132722081e-11 -2.483053167468619863e-11 -2.135217422386178968e-11 -3.192007494207225512e-12 1.781489745730675059e-11 1.516988131231584400e-11 -8.638444699088347588e-12 6.424067639941135155e-12 9.681950678598083420e-11 7.147994933666246852e-11 1.103140447081160670e-11 6.401058692881739897e-12 6.045895794756358305e-11 1.675097487574400410e-10 2.773933145594314489e-10 3.950634374462527386e-10 6.415594198960779977e-10 7.006806817013061377e-10 3.651017222007759765e-10 -2.671534159875372419e-10 -1.149457539378320914e-09 -1.264461153146156385e-09 3.107615582224941131e-10 3.753433630894215508e-09 5.677021421555819223e-09 4.115990222653005748e-09 1.397608619476657664e-09 1.999500661279988809e-09 8.403700960749051728e-09 1.332368661670954973e-08 1.350494912246547881e-08 6.089402807653749827e-08 1.938208378079373904e-07 3.894445949464914108e-07 7.485089413951230229e-07
-1.993906531439079600e-06 4.659192056814854470e-07 2.410887134063315386e-07 6.636986680552880436e-08 1.328094474747788135e-08 3.638308149819222005e-09 -6.917140081492235071e-11 7.674884960219269699e-10 5.590404972577096565e-09 3.433859102400082841e-09 1.048769609261351916e-09 6.766308370549067552e-10 1.895133230599566115e-09 1.349741734319963557e-09 1.028075950821633107e-09 2.536014298451067534e-10 -9.879912016187297867e-10 -9.352348568419474891e-10 -1.014313493583967597e-10 3.832448653559178491e-10 1.017573958972887138e-10 4.989565179520086043e-11 1.754011073358027931e-10 1.204956626083069042e-10 4.975526549507662273e-12 1.935125379866407720e-11 3.792768319826198896e-11 6.501049071089696638e-12 -3.778353298701276837e-11 -3.619305392924339554e-11 -2.503356301398417804e-11 -1.945530861593681007e-11 1.859564295370263158e-13 2.033908928443203630e-11 1.630288124286293261e-11 -9.944013171727443244e-12 3.327175416424489090e-12 9.345067608905289505e-11 7.193954922602015271e-11 1.430253198183469813e-11 8.960537645976985242e-12 5.768351356727645113e-11 1.584784775843441126e-10 2.641891864918502546e-10 3.816247520058470032e-10 6.517036638514148691e-10 7.094535750295980399e-10 3.596405393784317109e-10 -2.565555365730985412e-10 -1.126275880610802378e-09 -1.208748287428367255e-09 3.532162936251706429e-10 3.782032676304413826e-09 5.756414669940605845e-09 4.146668282956125446e-09 1.415899826462621780e-09 2.053214833884620890e-09 8.608905327964735629e-09 1.375488021288800626e-08 1.432059052795801300e-08 6.129938212544848573e-08 1.915346260576043755e-07 3.794562435786153676e-07 7.137522498513194115e-07
-1.779562600582139212e-06 5.094553316563439282e-07 2.668803497314757498e-07 8.071921330765660862e-08 2.016194789856625157e-08 5.880514771890009621e-09 -1.285722977215551571e-10 4.787748588233808982e-10 5.366877948565841851e-09 3.453139091043138661e-09 1.068784995142123613e-09 6.645191720437789572e-10 1.837399906046571011e-09 1.329317340212558592e-09 9.861753418216315418e-10 2.196758630066412593e-10 -9.812148318410236035e-10 -9.320235368300359650e-10 -1.254126562637071614e-10 3.585725257275561293e-10 9.343169239304253406e-11 3.706999969028360452e-11 1.650749330369879007e-10 1.185291860422268839e-10 3.556980075343144345e-12 1.661290701010567446e-11 4.105755916118645427e-11 1.090531520018212461e-11 -3.531634814975717807e-11 -3.725407495812742660e-11 -2.822742250933209408e-11 -2.393018898716824207e-11 -2.567260636272200704e-12 2.132975164823122230e-11 1.790549086122958020e-11 -8.508441642926021060e-12 4.976273137655649252e-12 9.541025320768258285e-11 7.171709438432501971e-11 1.059650252749745918e-11 3.533282640599723610e-12 6.152298211900549284e-11 1.725830823473644126e-10 2.683650131805038473e-10 3.721007111650047897e-10 6.310701173154806446e-10 6.748995401620241412e-10 3.203816254905858131e-10 -2.953520722576522597e-10 -1.121359302378912223e-09 -1.182457502021124318e-09 3.334594531456573735e-10 3.757408912772848026e-09 5.769222297931459482e-09 4.128154674813549250e-09 1.421417323836672019e-09 2.147740986042455207e-09 8.914029408875158999e-09 1.393136974987283294e-08 1.465099585994981592e-08 6.478288537168927867e-08 2.028641197644096122e-07 4.018733297487364582e-07 7.443409548607752360e-07
-1.313788781140448530e-06 4.529752700318634386e-07 2.422428152506173271e-07 6.625934824792249678e-08 1.281497972589043330e-08 2.871053402453438143e-09 -1.272156844294748691e-09 -9.740589494790017606e-11 5.221596198385717195e-09 3.589095971943162631e-09 1.180715475399288392e-09 6.209050450971492938e-10 1.870112137384318301e-09 1.408400443877830065e-09 1.082130550240313581e-09 2.770125677579266707e-10 -9.578103735098741824e-10 -9.189645339932979683e-10 -1.268239075261971637e-10 3.563737175501518539e-10 9.007484511454492501e-11 3.020379009816971764e-11 1.610431095061705821e-10 1.217453597269208253e-10 1.232502805278510594e-11 2.346635476491148310e-11 4.080015062141938993e-11 9.283075693165309525e-12 -3.514435999055566284e-11 -3.589513754969659866e-11 -2.455720796769361883e-11 -2.004282837311561916e-11 -1.065203526600316362e-12 2.122964723128802641e-11 1.760014620107461395e-11 -8.411478411674035836e-12 3.691031355379728902e-12 9.507858303193900641e-11 7.130631015885398760e-11 1.280770632103016683e-11 7.224706230576640514e-12 5.991867761404511072e-11 1.687142927915674894e-10 2.816157233758700420e-10 3.939873913502886564e-10 6.528215768689955806e-10 7.147467318516037344e-10 3.802260010563184889e-10 -2.497926406551395011e-10 -1.104759187464399354e-09 -1.173170005113650185e-09 3.287135985105943624e-10 3.709554636377572060e-09 5.703758837673441577e-09 4.086441259390232265e-09 1.234473345805695929e-09 1.718232234579750993e-09 8.079350143427053144e-09 1.290551796436322463e-08 1.275293082361866461e-08 5.992338715503684847e-08 1.910852200611931516e-07 3.720268029946374610e-07 6.911430966696824471e-07
-1.690581606378661358e-06 4.980095559889170781e-07 2.604524898024339185e-07 7.654960926539658992e-08 1.835080449667742945e-08 5.653148571072150258e-09 3.453342792629808595e-10 7.403985022433346918e-10 5.467752991827650338e-09 3.555726435581489385e-09 1.129213675006868499e-09 5.779302909130360026e-10 1.793296266219167659e-09 1.322221061998257405e-09 1.003245321374083546e-09 2.493732089265092145e-10 -9.490023512408549346e-10 -9.111026328879675376e-10 -1.266509932808415907e-10 3.524773435309686100e-10 8.594759258384474662e-11 3.958573816504624677e-11 1.673980853564627425e-10 1.147137717386063933e-10 5.703053270341876259e-13 1.621315976322840626e-11 3.439453561853082124e-11 3.000156891378227247e-12 -3.982966146562368055e-11 -3.618831717908632576e-11 -2.330804452053937634e-11 -1.962572773951799165e-11 -8.370805610888200049e-13 2.315335970653569582e-11 2.045803103406099419e-11 -8.388158972776710461e-12 4.150417420150036633e-12 9.553066436717939999e-11 7.022021238367892266e-11 1.063717988161366407e-11 5.097132595984117692e-12 5.164518681028665427e-11 1.619699595074116061e-10 2.796204855792203010e-10 3.846716584476584010e-10 6.314763204886977067e-10 6.858552993403377287e-10 3.471078624668675336e-10 -2.828496662507808559e-10 -1.142669714988275559e-09 -1.234441638283864301e-09 2.933823876429494349e-10 3.687817864847451032e-09 5.588855071358565814e-09 3.921412561812769451e-09 1.448466601051690268e-09 2.506775050547472359e-09 9.228436317631826343e-09 1.400373545812299475e-08 1.432514389872050092e-08 6.307069102491024656e-08 1.982220776473540896e-07 3.922339161040405572e-07 7.374874267114772371e-07
-1.397214114259850329e-06 4.928023834221974655e-07 2.535049769222503050e-07 7.203741257660342231e-08 1.616042310493613875e-08 4.814735601704598908e-09 2.052375188216347112e-10 1.155915412936031573e-09 5.921048411683704723e-09 3.676690350585130769e-09 1.082265861597774616e-09 5.593378462449955055e-10 1.769894469298199324e-09 1.292707320153641385e-09 1.064267850315836401e-09 3.088581956501110529e-10 -9.416828151165315781e-10 -9.032986047865699930e-10 -1.148155529836185886e-10 3.645519381202200179e-10 9.049506107851993516e-11 4.058046988173152896e-11 1.689506218479927985e-10 1.145765062732483032e-10 2.085202870821321122e-12 1.653248736532632192e-11 3.873943198601682375e-11 8.110890726948580241e-12 -3.796408727576325394e-11 -3.666686819255185515e-11 -2.423711268173205126e-11 -2.110055713665057828e-11 -2.916245195986981599e-12 1.893079687638026544e-11 1.635491080990399977e-11 -8.913117740374110324e-12 5.360640523104337474e-12 9.518912645293106391e-11 7.183209815212679463e-11 1.479812583760732113e-11 9.766068117809365722e-12 6.440329567054606736e-11 1.714711276112818599e-10 2.795129956926341571e-10 3.893976665641688732e-10 6.307758354276598454e-10 6.652078831519254928e-10 3.216010436484986085e-10 -2.863199497359701878e-10 -1.127935507440374164e-09 -1.168209639957782449e-09 4.535100753675751706e-10 3.865147902010619838e-09 5.696224002564649124e-09 4.126554468529951409e-09 1.429669407031110792e-09 1.875659076589459216e-09 8.155965318641415969e-09 1.281950437304197455e-08 1.425986930124735495e-08 6.470931249677010055e-08 2.018704530106107777e-07 4.025354095588646349e-07 7.631902750690392585e-07
-1.940306179930938282e-06 5.015438491820199846e-07 2.571172365170552695e-07 7.536761169114027420e-08 1.779344250792458848e-08 5.525407605330354255e-09 2.334649330182588862e-10 7.445716464648865427e-10 5.399066106465766908e-09 3.466855192267871611e-09 1.142333264895288747e-09 6.173400454534999656e-10 1.813466908423201673e-09 1.296515171041076053e-09 1.056405206984015774e-09 3.342328170742905996e-10 -8.935198254868857235e-10 -8.680462256520345809e-10 -8.115010343190155204e-11 3.885655989855934424e-10 9.774697048008526905e-11 3.349674989888444533e-11 1.646649906680928443e-10 1.152992320381161219e-10 4.042099728630702661e-12 2.093874308723425315e-11 4.257052172314316494e-11 1.234202604155172108e-11 -3.225829930736136864e-11 -3.297638178888611511e-11 -2.363879934285575922e-11 -2.129489889336210403e-11 -2.071692353922026563e-12 1.875830005134069274e-11 1.602406850911475764e-11 -8.285483464031666603e-12 4.140815392303251907e-12 9.411844141460500359e-11 6.979533302598614526e-11 1.074022432750962814e-11 9.000229480859098408e-12 6.249029855137635258e-11 1.661117332386140973e-10 2.657144866566417913e-10 3.686866300798200099e-10 6.486279965595332651e-10 7.235971392568870369e-10 3.783991211313237723e-10 -2.608754544894570965e-10 -1.164432693405115533e-09 -1.248850047243063783e-09 2.873366453818758480e-10 3.703654861048609691e-09 5.715708648459895049e-09 4.103402758644880881e-09 1.376536255225254774e-09 1.959169748869094684e-09 8.317674085685792472e-09 1.335289058717818143e-08 1.340317683751276097e-08 6.084420744731235076e-08 1.963778785756886367e-07 3.990934216303154161e-07 7.602734817290664493e-07
-1.801464605867783840e-06 4.841519350384963593e-07 2.574312326209256202e-07 7.804689284716209594e-08 1.872758822748825576e-08 5.286535943231145249e-09 1.304195507668233459e-11 6.993901918605095435e-10 5.440415442504540427e-09 3.445461478783631516e-09 1.049366849592662037e-09 5.942829216136602368e-10 1.843447603912022637e-09 1.332925043413487871e-09 1.017226922546014716e-09 2.504767507725558750e-10 -9.517031624033353702e-10 -9.099278928759144527e-10 -1.070673804083531008e-10 3.721626598328614314e-10 9.459881542121684300e-11 3.225560106774759201e-11 1.616064639790660999e-10 1.148939313782906753e-10 4.246373720857182567e-12 2.098697889807213368e-11 4.112016715892870106e-11 9.357257828280252586e-12 -3.681536097868661809e-11 -3.507269292262363707e-11 -2.199327357234157408e-11 -1.910966344777671982e-11 -9.818812906729020478e-13 2.087403121723381889e-11 1.860668924245189060e-11 -8.235363528907795261e-12 4.133540162420464512e-12 9.629751728438070177e-11 6.986104676136579445e-11 7.878946254282340206e-12 4.693294863613374268e-12 5.814830239722355848e-11 1.692070741811815642e-10 2.777671736722403302e-10 3.904222860085300114e-10 6.356436489633099594e-10 6.588792156968899689e-10 3.221444644517821434e-10 -2.925399214615153980e-10 -1.152354830080646042e-09 -1.166067164750568621e-09 4.425481493862805479e-10 3.790798503137913084e-09 5.763275552213691867e-09 4.209872195416615324e-09 1.585789891501583537e-09 2.443914001651264389e-09 9.011314427511882969e-09 1.328086785102017012e-08 1.243848170247870126e-08 5.848563243799560873e-08 1.872484284482457868e-07 3.663726544813197060e-07 6.695901673716084147e-07
-1.606471026951857008e-06 5.028564937768222024e-07 2.622925087138791498e-07 7.617191740103176444e-08 1.772911240906576938e-08 5.245193869889407020e-09 2.537991515422584828e-10 7.058320364195290943e-10 5.357771713758907810e-09 3.412282430130108063e-09 1.093555746829759563e-09 6.447285918294010500e-10 1.864178714558103813e-09 1.359382974196369045e-09 1.040950970782020674e-09 2.923784738736086771e-10 -9.473831701691614827e-10 -9.217761320256320638e-10 -1.087087891268830023e-10 3.825670777748122114e-10 1.017950382512803110e-10 3.823018161071898270e-11 1.717803640396985726e-10 1.329358888536382040e-10 1.533735065470902557e-11 2.123102042924111089e-11 3.984664445029562345e-11 7.059717131320609935e-12 -3.897759270684012498e-11 -3.873653203613373219e-11 -2.650172106812996583e-11 -1.987535759177694146e-11 2.948270617786271549e-13 2.216612556696701931e-11 1.804953722440109404e-11 -9.364184923314168961e-12 3.439803050273061779e-12 9.574781229399823541e-11 7.401370173023165418e-11 1.023660598903862788e-11 -7.499884442659834202e-13 5.259929850599374768e-11 1.601336709898293490e-10 2.658905704078824547e-10 3.804589103282689539e-10 6.365639691465728701e-10 6.884182819962800294e-10 3.590325263997447221e-10 -2.541571821873199284e-10 -1.159420195209986472e-09 -1.251491890955487627e-09 2.886783197609858435e-10 3.646614046853884852e-09 5.621666117524824733e-09 4.073286149463171070e-09 1.390900987522668605e-09 2.201485310564623569e-09 9.040773408452750484e-09 1.337389576705163370e-08 1.165800306286575818e-08 5.648820569400251411e-08 1.833767622138672944e-07 3.602221842312434492e-07 6.653528899875689580e-07
-1.324661755931396441e-06 5.187252555874791092e-07 2.669174617751339437e-07 7.780979237381295728e-08 1.882841264262350267e-08 5.891216080845468916e-09 1.505575679366585023e-10 4.740035286538826932e-10 5.238177254577138316e-09 3.381980526671854131e-09 1.004033765751335612e-09 5.361407656417903783e-10 1.750901771020659862e-09 1.281463484917808390e-09 1.023103200582019892e-09 2.620570011842353965e-10 -9.620362249435750690e-10 -9.025936083465495375e-10 -9.671159728164529767e-11 3.808082418601439284e-10 9.470085143131974665e-11 3.518454712661708833e-11 1.598982452808773195e-10 1.116006162916734236e-10 3.354621803603336807e-12 1.970487805332565100e-11 3.979764092741011529e-11 6.322899663255124068e-12 -3.636099174298268107e-11 -3.396820677071854190e-11 -2.282392650306244241e-11 -1.893464154194044837e-11 -1.780023143996722693e-12 1.893508932817077338e-11 1.623741194855067687e-11 -8.209031531740121966e-12 7.592657011653975153e-12 9.837433096049931251e-11 7.270637755539739028e-11 1.202894668736715922e-11 2.328808185441777346e-12 5.173911383199247623e-11 1.551060109628296043e-10 2.645654921974132764e-10 3.780489465720082164e-10 6.501392424953003497e-10 6.984257128184008580e-10 3.526244468083207013e-10 -2.597845304621449531e-10 -1.144532887818313024e-09 -1.241994384720363902e-09 2.903372832084989040e-10 3.663661513654448427e-09 5.682039873173392388e-09 4.120740464704110757e-09 1.252453653114049916e-09 1.951194972275339124e-09 8.930597120011224165e-09 1.423890993335609167e-08 1.514385412896153013e-08 6.330930003350935561e-08 1.986931117706709122e-07 3.956272741795015952e-07 7.591449142624907905e-07
-1.714907195139778897e-06 4.445466768817027531e-07 2.289363450958601085e-07 5.852607460436319713e-08 9.669137326372793850e-09 2.026922232614471907e-09 -1.336661170703142455e-09 5.035250061573633740e-11 5.369319560828269108e-09 3.545963096195578174e-09 1.191083040704108838e-09 6.669189394047948923e-10 1.839178153804817903e-09 1.304076730717979558e-09 1.035300614297483655e-09 3.081791758109284371e-10 -9.253207075053554400e-10 -9.231947418887739899e-10 -1.157256724149184933e-10 3.786869963043678377e-10 9.535533870034442535e-11 3.291950432759636980e-11 1.705010770955582573e-10 1.277358101907224017e-10 4.321009419848597484e-12 1.752919833866909652e-11 4.035464894100936596e-11 9.311313833423785640e-12 -3.709333360829682500e-11 -3.603225241864480473e-11 -2.238798326470585316e-11 -1.923102627669186523e-11 -3.001574732040677439e-12 1.858603915509406271e-11 1.721065291615872127e-11 -7.623201629494519180e-12 5.381087057243727211e-12 9.555215079306000292e-11 6.922810427252117384e-11 8.042390747803123862e-12 6.297490788191443534e-12 6.392724662057624649e-11 1.747700230881758779e-10 2.818886746721136051e-10 3.970602940824536205e-10 6.541140492172921089e-10 6.939892006470546439e-10 3.443234055020542492e-10 -2.771305673759304028e-10 -1.154865139273478609e-09 -1.267021084114941776e-09 3.109523671454670253e-10 3.714623358074612030e-09 5.576913202786805930e-09 3.890183232220419548e-09 1.200844690990586387e-09 2.125780244983467379e-09 9.230789936720889240e-09 1.439508919101997127e-08 1.460852668736151238e-08 6.391723660437616447e-08 2.017173612160917814e-07 4.097966936690070016e-07 7.840873815750341550e-07
-1.816897877095457171e-06 4.766141027101874506e-07 2.544796565342900752e-07 7.260740069098862487e-08 1.612412719904498707e-08 4.715922997637827884e-09 -4.977516345874614220e-11 2.114003242910988368e-10 4.810794597324793579e-09 3.175765665364453822e-09 1.028636952158132764e-09 5.642147435271394703e-10 1.819634769465472789e-09 1.341605047086917371e-09 1.079207572760851127e-09 2.827353099218503971e-10 -9.539060724737706160e-10 -9.077423249352220667e-10 -1.132973751301045655e-10 3.722988093300633404e-10 9.027639101366692504e-11 3.364125320053028668e-11 1.666209197270041381e-10 1.208320800396536393e-10 7.041543558748677296e-12 2.201202830960759103e-11 4.227323271609432549e-11 1.028792183503647065e-11 -3.585845661987538622e-11 -3.476087519899863896e-11 -2.351849110547238592e-11 -1.997252683723066396e-11 -2.041845220346682437e-12 1.835420016171930708e-11 1.527922396887835604e-11 -8.719220227827849209e-12 5.192686376976435071e-12 9.784839023063934965e-11 7.294144959905489983e-11 1.073898198524119339e-11 7.478915500566444671e-12 6.196769207025759913e-11 1.694855025447033988e-10 2.780956125439786067e-10 3.943055413566897776e-10 6.439065547002088188e-10 6.715459431751287803e-10 3.185960492398167242e-10 -2.948653991875594544e-10 -1.145021729200219637e-09 -1.243115805641651829e-09 3.551229734282017162e-10 3.794590193118027998e-09 5.677762421244352271e-09 3.835130508234900144e-09 9.465265334586717747e-10 1.646843135986870392e-09 8.300727601236663343e-09 1.250495483579416210e-08 1.176824772228071639e-08 5.721356618030618224e-08 1.851969301835789046e-07 3.618549148742633747e-07 6.718108736305157837e-07
-1.230093700442751851e-06 5.147125504135252106e-07 2.702176553952605768e-07 7.836232367764238946e-08 1.786443366076653698e-08 4.589672351990195579e-09 -3.691931199593032679e-10 4.321115954250882115e-10 5.326764658281148874e-09 3.497486710812335318e-09 1.187708097402497822e-09 6.995720113748328606e-10 1.888321301800330841e-09 1.368277399829600125e-09 1.056434513209511515e-09 2.618208613196589650e-10 -9.575475755315716141e-10 -8.862866603097785783e-10 -8.772440845305219197e-11 3.737935263078664287e-10 8.526193478726581652e-11 2.524012375215022716e-11 1.584814889280325516e-10 1.172793231515013455e-10 5.574122534304087065e-12 2.068242456287702961e-11 4.174124238127165768e-11 7.519445702733025923e-12 -3.650812402260824325e-11 -3.403085985575374048e-11 -2.279535216695987335e-11 -1.796420601644775297e-11 -5.812153473121105904e-13 2.001856386242315953e-11 1.667764000131006548e-11 -1.113969241833294279e-11 2.698373015027985994e-12 9.488288705812562510e-11 6.997259963031882539e-11 9.842889710612897810e-12 6.167982488649253118e-12 5.909828190088523994e-11 1.696462763780046337e-10 2.752218737411582194e-10 3.753907702898786221e-10 6.196785576403942735e-10 6.672399131131318471e-10 3.416412670750660818e-10 -2.509484979825447270e-10 -1.113991279160938500e-09 -1.192174117733668203e-09 4.073532511572348757e-10 3.767849656471453585e-09 5.686545524452076590e-09 4.019916076321665771e-09 1.271828650854390021e-09 2.166254837681364862e-09 9.002939709288408040e-09 1.411226017971793948e-08 1.521852586232419775e-08 6.579984634363751209e-08 2.056145223024274940e-07 4.104717492641994103e-07 7.871874637783254514e-07
-1.616997961993554879e-06 5.107054317188243938e-07 2.657560228891366667e-07 7.722350549124250985e-08 1.693036375447134403e-08 4.068756255328077083e-09 -8.031028412092106526e-10 3.231257197778552288e-10 5.502515089332275806e-09 3.677991822636119430e-09 1.129260115397958539e-09 5.990322023569935906e-10 1.864130420894432529e-09 1.367416206427462863e-09 1.032082049181846874e-09 2.655246168942116136e-10 -9.679250079819926910e-10 -9.163334328290557739e-10 -1.128642690613450591e-10 3.527928985542024121e-10 7.303312142076390481e-11 2.260961269751425054e-11 1.605522156635261044e-10 1.189559859828629551e-10 4.001923503878761749e-12 1.825645538247113740e-11 4.001127097785189941e-11 9.466972376518886324e-12 -3.322115294758585172e-11 -3.319159530858058740e-11 -2.301189769640411341e-11 -1.818211884943328982e-11 1.181612716635506236e-12 2.293495491498591739e-11 1.851319606007902861e-11 -8.872622665968565950e-12 3.067167540311209196e-12 9.415539141818940111e-11 7.066881261638765594e-11 9.555931385653705053e-12 1.952458022223689457e-12 4.965142684089108629e-11 1.551881027475114734e-10 2.712704165840654241e-10 3.851679124966611693e-10 6.500914838190728829e-10 7.178329484989070717e-10 3.742862887030663850e-10 -2.474908056389950159e-10 -1.132353562374736340e-09 -1.238340740933060221e-09 3.014910863760664767e-10 3.755689300685899061e-09 5.734852548552086396e-09 4.153956293827457143e-09 1.482918449812839639e-09 2.160894324186360441e-09 8.861007432711267386e-09 1.328640196831102482e-08 1.227645940473841256e-08 5.976446513022334592e-08 1.923372861432469981e-07 3.820636661449477507e-07 7.332200208996686501e-07
-1.487115551566784155e-06 4.731677895445119747e-07 2.498973261371055925e-07 6.984090334017392611e-08 1.437615696459977459e-08 3.572615968059630792e-09 -4.476789608096290479e-10 5.616921328617582267e-10 5.452357826091098489e-09 3.524665078057169868e-09 1.092602882621864280e-09 6.251909196496283706e-10 1.872000411426267944e-09 1.347622759783288850e-09 1.047048443271239068e-09 2.670031418598134881e-10 -9.713723598034098717e-10 -9.394751239086284912e-10 -1.336967573124164979e-10 3.572465576951494330e-10 9.166733972171936301e-11 4.332355716357896341e-11 1.698196357224945640e-10 1.190566471831587356e-10 7.255354833325188089e-12 2.288548183558415700e-11 4.160741994526339984e-11 7.880154386978207573e-12 -3.768632744911421797e-11 -3.845897085368074142e-11 -2.572506878422786420e-11 -1.925097898294454496e-11 -1.985209438737969751e-12 1.948842083629547837e-11 1.659718626141491367e-11 -1.066121287556751861e-11 2.880900382720446412e-12 9.697952417877600672e-11 7.579082454227771662e-11 1.297518414044528402e-11 4.641907756320026489e-12 5.864002766337121824e-11 1.681716713134429948e-10 2.845099329653059401e-10 4.031744865114950743e-10 6.542949229111736768e-10 6.930163633995755942e-10 3.273101718311248233e-10 -3.160479170436125966e-10 -1.158020809146232550e-09 -1.212709982645946835e-09 3.305484131218019769e-10 3.724485830658814267e-09 5.608736038559901249e-09 3.885727001407273956e-09 1.071145652006289380e-09 1.762794602118608783e-09 8.411807454678407961e-09 1.332854706894121029e-08 1.348000344908474869e-08 6.045324801185223265e-08 1.922208904267621277e-07 3.783701890469560291e-07 7.036799594439896525e-07
-2.039602901289983173e-06 5.010502180368138519e-07 2.673129220298878631e-07 8.030592993610473345e-08 1.942644524801810688e-08 5.737262671983797691e-09 8.468304761728689881e-11 6.826334734903083425e-10 5.783772327011640892e-09 3.917584459070522421e-09 1.333639265701045590e-09 6.738280153610738361e-10 1.791269251888394534e-09 1.297792634049439376e-09 1.041855204884486709e-09 2.656247415674840276e-10 -9.753050319373996868e-10 -9.300338804966006302e-10 -1.231805467062851416e-10 3.717925064819322806e-10 9.507924688618261776e-11 3.451190871599700638e-11 1.648619326091560339e-10 1.174460972596685198e-10 5.214989080683163026e-12 2.188656532281759567e-11 3.964106539410867691e-11 7.736868190714007941e-12 -3.461493621396829220e-11 -3.590469297872888401e-11 -2.595864232633085351e-11 -2.181778556841497422e-11 -2.006235823450089063e-12 1.996678324175687956e-11 1.360497917315575355e-11 -1.291171106986470154e-11 3.409659616085745976e-12 9.818628614459861627e-11 7.474051511893649903e-11 1.248484822928061589e-11 4.706480186867450848e-12 5.439619806856747933e-11 1.655044732032486041e-10 2.839082410475335891e-10 4.012135371266126812e-10 6.615126754563000695e-10 7.039594806291372129e-10 3.626483984970205203e-10 -2.814642553277690871e-10 -1.188113589064138207e-09 -1.274378492959631544e-09 2.580376570822003557e-10 3.648323250196501173e-09 5.585337660474642012e-09 4.039114278182800995e-09 1.424356438555511550e-09 2.196622488900104492e-09 9.045369978756196715e-09 1.387829271830781902e-08 1.387317355787259333e-08 6.222335670246266915e-08 1.956412294508019806e-07 3.799185398100915350e-07 6.975941010254954687e-07
-1.510353614446445075e-06 5.364065370297463759e-07 2.757939330301495385e-07 8.397648278551335307e-08 2.181865498963899793e-08 7.348549549413549298e-09 1.073693930221444700e-09 1.418077042665994403e-09 6.109879238952051007e-09 3.765099766227028391e-09 1.090182787796903983e-09 5.260695029153101499e-10 1.791718358875607217e-09 1.403065744177774782e-09 1.099539826400312610e-09 2.885822766430145835e-10 -9.726025395826750506e-10 -9.257456458618639550e-10 -1.059464398470625699e-10 3.746281417980005847e-10 9.283061442920279415e-11 4.087385847189890191e-11 1.752056128506478641e-10 1.206905270844670823e-10 -1.950273844424948609e-12 1.319231839499099241e-11 3.976274187852607116e-11 1.023678192011199047e-11 -3.668306936872024024e-11 -3.873701652834000918e-11 -2.491861920759080449e-11 -1.839888741995015515e-11 -3.806174308959008922e-13 2.114797579018707937e-11 1.578527114368435011e-11 -9.995661329067983576e-12 6.040523032143084982e-12 9.787624847842112432e-11 7.212016530453143167e-11 1.078315021158998609e-11 4.637441777832080921e-12 5.987103929236712437e-11 1.686720313062925088e-10 2.738718781574947412e-10 3.896871836569388902e-10 6.553780790637105354e-10 6.865365128839903862e-10 3.063625813800835715e-10 -3.265312315335343923e-10 -1.170831490412380346e-09 -1.244182148452222446e-09 3.202276569309495734e-10 3.749762435042667088e-09 5.623503057658686630e-09 3.895637038491257355e-09 1.230296787362203281e-09 1.933112367919121050e-09 8.783309237378386980e-09 1.456682144121405729e-08 1.646037506899329218e-08 6.876932966868530389e-08 2.118374908489813582e-07 4.232265838710882641e-07 7.998863178190770269e-07
-1.825025569864739534e-06 5.137240592047027473e-07 2.710879432189789580e-07 8.178306985113573397e-08 1.973139479912334067e-08 5.649848743683960587e-09 9.507556768583837715e-11 5.181208164994934484e-10 5.535489051755456744e-09 3.450602052892642214e-09 9.834880472186596614e-10 5.266776214001169564e-10 1.852427457997269633e-09 1.417970635831901178e-09 1.111031146640584606e-09 2.985906979683553547e-10 -9.413673711739110434e-10 -9.147246013387694247e-10 -1.187035975204795575e-10 3.766831007385505795e-10 1.026657816224085689e-10 4.304766578505639343e-11 1.645776609598945381e-10 1.145960041136442803e-10 -1.657314681004873436e-12 1.538892608842032941e-11 3.998604298991205345e-11 1.030578197029124212e-11 -3.625818641106960819e-11 -3.709494891520275424e-11 -2.525844964660580681e-11 -2.032248046903728989e-11 -4.692917486678648147e-13 1.976125630882115062e-11 1.514143168409408726e-11 -1.167538762094250889e-11 2.406626848483850653e-12 9.319923942688325911e-11 6.957427611724907619e-11 1.528671184904672267e-11 1.028961521016426449e-11 5.547816613583003570e-11 1.582394511495306421e-10 2.685899628437191234e-10 3.850533143067223624e-10 6.505482409726155179e-10 6.936803786509078820e-10 3.340160499657022822e-10 -2.795873978927839748e-10 -1.128698688583831012e-09 -1.198625691259378613e-09 3.247390249895428932e-10 3.658351118357833394e-09 5.658965170270276863e-09 4.139655695976399554e-09 1.231620855810363531e-09 1.841654281397051169e-09 8.638120646329785299e-09 1.347509995752542070e-08 1.328165619920395845e-08 6.103918323427243569e-08 1.943540602709088508e-07 3.811191793245905962e-07 7.128269556279650576e-07
-1.910284538747654569e-06 5.060887641591181208e-07 2.605364041586840068e-07 7.611862467291459885e-08 1.815407956435101752e-08 5.862132192374129060e-09 8.410865037879317112e-10 1.135811212945280840e-09 5.896157961933737390e-09 3.794991323186218273e-09 1.106600955208817712e-09 4.954089159486505076e-10 1.713481432740345271e-09 1.256746981636964393e-09 1.014475425077259688e-09 2.768247165186260514e-10 -9.539540860516568531e-10 -9.092659167032053147e-10 -1.114397042416137722e-10 3.651763352529684106e-10 9.681322654557281574e-11 3.721961243347339925e-11 1.702634891599986053e-10 1.169172872271056292e-10 -9.332629667099334025e-13 1.246723602030370128e-11 3.810568761965117148e-11 7.417705491617512153e-12 -3.588687916035025389e-11 -3.507381569464984470e-11 -2.325794201789405578e-11 -1.873935090434454466e-11 -2.109175179808939040e-12 2.053674882372874037e-11 1.683994351741227774e-11 -1.003087849753663161e-11 3.541803035692719263e-12 9.299647483952919988e-11 6.621212337215548614e-11 7.358536380319734424e-12 7.275046280831628625e-12 5.869415862219754319e-11 1.603213413846116496e-10 2.609128579462274335e-10 3.719017046583213367e-10 6.458180517360419480e-10 7.188717194487467087e-10 3.793050885491519364e-10 -2.630269914831787332e-10 -1.153707564289491092e-09 -1.224674605435352819e-09 3.473616765530749178e-10 3.723069522200481974e-09 5.637385666455285873e-09 4.024481816536708496e-09 1.469550113632105227e-09 2.207206569319760262e-09 8.719896663887873430e-09 1.315875298907066564e-08 1.302644044278167382e-08 6.243592992270488345e-08 1.990593202268915181e-07 3.939415097334235551e-07 7.455710904487269884e-07
-1.095637544175587568e-06 5.436745358406958010e-07 2.752667602931854219e-07 8.191068748914127853e-08 2.118519026123626862e-08 6.789641016328107346e-09 6.633881686351212153e-10 8.710797682436368215e-10 5.517767551776959843e-09 3.516332917767289989e-09 1.072266729983900555e-09 5.614931086461028169e-10 1.765756318958825753e-09 1.359818675423603696e-09 1.141680161133010192e-09 3.513129791845160195e-10 -9.132301448603021024e-10 -9.098494895003429149e-10 -1.296348767922207218e-10 3.491072087556849503e-10 7.953404863976193869e-11 2.794844117895942630e-11 1.565972720264209852e-10 1.154313511061930789e-10 1.185191380604823670e-12 1.446055708217726710e-11 3.528032560582794671e-11 4.879775748829314063e-12 -3.834146792579486909e-11 -3.798326646961804664e-11 -2.800571809907849056e-11 -2.243297531601346593e-11 -6.339422482523041949e-13 2.400111643219076687e-11 2.107191075713552901e-11 -5.284649294413044129e-12 7.106097153839482561e-12 9.868797121617438181e-11 7.631659102628262133e-11 1.131417900800573628e-11 -1.585312579880395007e-12 4.969676681365865978e-11 1.608290555889306040e-10 2.767790463069874870e-10 3.987387943220563345e-10 6.514568322091018224e-10 6.931029253159262463e-10 3.269717835757523039e-10 -3.117045444700720141e-10 -1.199469695718964689e-09 -1.282024097184512061e-09 3.218396275218855367e-10 3.724278004594230677e-09 5.630797863291691644e-09 4.035532712088587513e-09 1.462172274843559704e-09 2.358731964873873720e-09 9.196881611198323034e-09 1.444638006050771205e-08 1.553837829136935603e-08 6.572213942184240478e-08 2.074843630037636323e-07 4.203507666464793695e-07 8.050154517131555326e-07
-1.668865468603036755e-06 4.212279214312473926e-07 2.274490782833893572e-07 6.239129186282475432e-08 1.081112752926104526e-08 1.983792783737394543e-09 -1.153302216223019397e-09 4.558215451555094795e-10 5.625957767767827962e-09 3.640699656518274158e-09 1.137426616624560996e-09 6.807260910423181304e-10 1.876115070467800508e-09 1.322944961415369052e-09 1.027817606767491879e-09 2.191639275099470453e-10 -1.015495697658846152e-09 -9.657279862299991170e-10 -1.467406240088132737e-10 3.505833186051177299e-10 7.822353225231547007e-11 2.829636095317361064e-11 1.656001998832476065e-10 1.195138150851766695e-10 5.470469101516173696e-12 2.197579427764128549e-11 3.947265840094247884e-11 4.596340383436504325e-12 -3.843236485652731130e-11 -3.819242324756143359e-11 -2.687132606913785231e-11 -2.269870330137328874e-11 -3.100459624756989930e-12 2.128816466147896661e-11 1.693033723377983068e-11 -1.173007241160143356e-11 3.449270933115920983e-12 9.326640804174341019e-11 6.997608318750172854e-11 1.253558495387786332e-11 5.382693561920841492e-12 5.912692098543870672e-11 1.738002793235040009e-10 2.872864030826215092e-10 3.984557151403463657e-10 6.367531911399147946e-10 6.590014174643073180e-10 3.187047609646121767e-10 -2.846031625710473746e-10 -1.162403005234912350e-09 -1.230078050211908116e-09 3.366781677548559748e-10 3.687215330035165611e-09 5.593999077616099755e-09 3.922139163976492790e-09 1.236474008350200725e-09 2.112957975947323103e-09 8.837129222346168255e-09 1.363943682660199865e-08 1.291072269368691113e-08 5.776592339558329358e-08 1.849142743880767991e-07 3.632585572266135982e-07 6.730541819493364031e-07
-1.498200720912518520e-06 4.965522280685923756e-07 2.581202594905096042e-07 7.269807724019566893e-08 1.460599273136858759e-08 3.502620483353785302e-09 -1.023041984872599366e-09 1.303484105360504094e-11 5.000230532551895506e-09 3.109153596736774625e-09 9.026029021482107565e-10 5.878942892931233014e-10 1.797886967162029788e-09 1.248763406020637176e-09 9.673606475531749922e-10 2.516078810457487059e-10 -9.356512196038406911e-10 -9.134318545273480780e-10 -1.348197026809617329e-10 3.569871723235400343e-10 9.773346036591284549e-11 3.128020290747142972e-11 1.612843808334071688e-10 1.235295059972142089e-10 9.218779950514564497e-12 1.992208199290113660e-11 4.015622906582915387e-11 1.031345346256565001e-11 -3.355010672812946259e-11 -3.477731064820625737e-11 -2.623781195482560687e-11 -2.269547168711029634e-11 -1.713833520218189436e-12 2.086273160996879261e-11 1.609465684753612077e-11 -1.117007024069912185e-11 4.191149505448429560e-12 9.615468249365809411e-11 6.944152278388394475e-11 1.019237031091160511e-11 5.785134948986635530e-12 5.847795417707100866e-11 1.639611037871158274e-10 2.790880869348398328e-10 4.130754616012366615e-10 6.724564609012690301e-10 6.819193238457121071e-10 3.214306911352685483e-10 -2.698064978331691520e-10 -1.107284452024982081e-09 -1.177530779139909724e-09 3.748934502988848591e-10 3.702324042025885982e-09 5.587192903831937464e-09 4.103867543894927997e-09 1.586825964562024105e-09 2.355672730969723638e-09 8.990350099771786360e-09 1.386251228991559945e-08 1.490055960582033805e-08 6.554017194469343880e-08 2.043083585816510733e-07 4.061705067312788268e-07 7.789894235517207739e-07
-1.471763758317438585e-06 5.580524640753219173e-07 2.869546807342528346e-07 8.667966534296020757e-08 2.166905468369968100e-08 6.807765268648818436e-09 6.009728370684499676e-10 4.837691592154643286e-10 5.294358986312590703e-09 3.407838053355271098e-09 1.084941698015644481e-09 6.141233190860685607e-10 1.828272963636258146e-09 1.318446442806542128e-09 1.001254138716619630e-09 2.315399668602590247e-10 -9.860689633712279470e-10 -9.350497783833894827e-10 -1.204746112145364824e-10 3.777161786162114215e-10 9.312348226319795367e-11 2.916600654775133986e-11 1.580216568562692850e-10 1.168990311392251417e-10 6.522139412076258939e-12 2.320760195223513259e-11 4.324878965135319977e-11 9.873160046911161318e-12 -3.561415582280586889e-11 -3.455875908234085628e-11 -2.283342877870338098e-11 -1.914288495620054683e-11 -1.003184905938580815e-12 2.049024590616293330e-11 1.586554669910650327e-11 -1.030362750214736204e-11 4.890118155176890386e-12 9.686196941479657606e-11 7.072835724074481605e-11 5.873859320893841299e-12 -2.758364481987976306e-12 5.459009765215668489e-11 1.769843395341143437e-10 2.892248998320373791e-10 3.984152408342048213e-10 6.373128721446762652e-10 6.773529813573738978e-10 3.477123289587014836e-10 -2.836032247572742687e-10 -1.147762080364217484e-09 -1.181797949330139587e-09 4.381374997586259861e-10 3.825750544747027278e-09 5.719565899746228293e-09 4.166336533399533603e-09 1.486213484067597354e-09 2.060103915201733342e-09 8.565709537506988273e-09 1.272718816035738984e-08 1.230210954006921294e-08 5.990613658882045657e-08 1.931876759618324953e-07 3.827244232063107353e-07 7.126831348975717897e-07
-1.777804303905265605e-06 5.037636794201790685e-07 2.639153532983309609e-07 7.721423479017652993e-08 1.797594064967666509e-08 5.239441436704703578e-09 2.961434702657135973e-10 9.014126117999262330e-10 5.477298183219721390e-09 3.268557307360559250e-09 9.748238709453082321e-10 5.857564393347911888e-10 1.821518446628966918e-09 1.302687540157404590e-09 9.908866435107048616e-10 2.556087873844278091e-10 -9.455767303978150082e-10 -9.079980424184060607e-10 -1.178126538969001555e-10 3.634092113478795231e-10 9.152220469764021589e-11 3.914844237034394099e-11 1.697364383902640446e-10 1.209982470838963784e-10 2.966727538808796845e-12 1.529148568100913296e-11 3.678094040638787766e-11 4.771576103007985268e-12 -3.916074533180966751e-11 -3.611818082331963384e-11 -2.459585120210977942e-11 -2.036630352046550350e-11 -6.625147263736149666e-13 2.131388014601246048e-11 1.871806558304310674e-11 -8.885122362294016841e-12 3.621847797395221078e-12 9.471641761021611702e-11 7.091547811043511241e-11 1.287539312961835526e-11 6.453043485132204110e-12 5.088820494580886731e-11 1.559866312774799816e-10 2.696139118038850892e-10 3.979569934920488567e-10 6.714827605552757287e-10 7.273271205528385130e-10 3.593518370756175937e-10 -2.921971265482669340e-10 -1.157053668966009616e-09 -1.211444471723612956e-09 3.513571081187554512e-10 3.648313960845435299e-09 5.542688585503713929e-09 3.950665445605162278e-09 1.311947454227974900e-09 2.172640688911266148e-09 8.982861120498818202e-09 1.392262933426211474e-08 1.376478899440808047e-08 6.034631705065120869e-08 1.887696805756277019e-07 3.698228113754424221e-07 6.877688733733845757e-07
-1.487303742615241487e-06 4.455278056161606956e-07 2.312499424424642144e-07 6.156287120958724042e-08 1.092337065997145827e-08 2.216949669951993187e-09 -8.634314419020818518e-10 4.431309785984240029e-10 5.347046737740673629e-09 3.284559132903807335e-09 1.021550519600864565e-09 6.418630575487475288e-10 1.856140555659369090e-09 1.344452691301458714e-09 1.060527035645116901e-09 2.986103264777106179e-10 -9.321635129823944635e-10 -9.309163497104358123e-10 -1.297481465247824513e-10 3.797922420987817824e-10 1.063170167823755966e-10 3.705146036467043785e-11 1.666524440471509264e-10 1.252089387392185306e-10 1.361727846882983428e-11 2.492953791724135487e-11 3.813447343124772256e-11 5.150957915196025269e-12 -3.694870869417202149e-11 -3.571890647118260358e-11 -2.359724462402540309e-11 -1.955176770474495910e-11 -1.731879877975155422e-12 2.069451613176195305e-11 1.873774835206824765e-11 -6.976580389244228630e-12 8.089535458590414125e-12 9.895954494001553969e-11 7.332392521788218699e-11 1.495894639075256517e-11 9.702312427423187507e-12 5.449013787981441763e-11 1.601783320816341215e-10 2.763383221700417605e-10 3.935030305925611095e-10 6.366798061632287102e-10 6.889793999908396447e-10 3.567465484685321402e-10 -2.572279850405509462e-10 -1.113827098524877828e-09 -1.250302839743633722e-09 2.771952351604546911e-10 3.607534663926836397e-09 5.587771434398479544e-09 4.086281555630975518e-09 1.423151527443559836e-09 1.960650358972538486e-09 8.221325222507836656e-09 1.247613138586895352e-08 1.233100582998663052e-08 6.178751310863118543e-08 2.000311937349162897e-07 4.058970040013387748e-07 7.905880019570182584e-07
-9.774419219880352164e-07 4.707431811347833668e-07 2.482010796829433512e-07 7.024648700058904414e-08 1.422348421031905982e-08 3.246985475323880064e-09 -6.503843918493428901e-10 4.957611906471005799e-10 5.324324699368291599e-09 3.519789618727365117e-09 1.125626245716371800e-09 5.984415374726351359e-10 1.736262943268625931e-09 1.261200788898625921e-09 1.004733580476817229e-09 2.317097844798269991e-10 -9.903855041931238420e-10 -9.132607112302377734e-10 -1.056144351934383887e-10 3.793413867401854758e-10 1.039839462227013734e-10 4.525699778059337293e-11 1.651874073609181165e-10 1.188684735380477360e-10 1.782165862458398533e-12 1.539802393301452599e-11 3.799985949372039145e-11 9.904301021681065323e-12 -3.535710579277205479e-11 -3.613471387896548148e-11 -2.400080634508240773e-11 -1.992753890797743999e-11 -4.544655923526775894e-13 2.186504382265580779e-11 1.918113961054681188e-11 -8.331108949574585848e-12 6.090017687518441334e-12 1.000438798682352612e-10 7.513745595946266034e-11 1.572958585452880926e-11 9.809087834228945088e-12 6.084052675275380906e-11 1.704192004321749817e-10 2.781720636745791692e-10 3.794642742581448447e-10 6.273082278712814567e-10 6.867445485479752707e-10 3.235301366025265725e-10 -3.440408183039432532e-10 -1.194852046111276388e-09 -1.232455280286836010e-09 3.836096907526996120e-10 3.758617058446893258e-09 5.589031842761621068e-09 3.931578200412874411e-09 1.408726891171258543e-09 2.316852871249048600e-09 9.173044539301742885e-09 1.471876412178987647e-08 1.664846428363889227e-08 6.857458073559339048e-08 2.122965180331851729e-07 4.304092938446919372e-07 8.288919232144127789e-07
-1.292875357216416084e-06 5.482316097541491073e-07 2.791735027647937002e-07 8.497960385806392329e-08 2.176731969944692385e-08 6.921445432484636765e-09 3.987161267916523719e-10 6.775316003356796424e-10 5.515539433499176139e-09 3.535381749884983003e-09 1.187512539108265913e-09 7.435810921064896969e-10 1.934467109317021773e-09 1.392938755298264461e-09 1.061654270316608700e-09 2.458749540729823038e-10 -9.581225241538059944e-10 -9.024812297055684412e-10 -1.089774032793497769e-10 3.812899813542450519e-10 9.183896587178396826e-11 2.445881055573455438e-11 1.519703577880876034e-10 1.117234751198036822e-10 2.358926003625565784e-12 1.763869954583970208e-11 3.829979380303275764e-11 7.366351414219643483e-12 -3.446016046726040657e-11 -3.296986633932203439e-11 -2.601328441131033629e-11 -2.239158616706974366e-11 -2.134517520738361709e-12 1.996314504873707553e-11 1.632177963641836294e-11 -9.800039420856862726e-12 3.519983156424193530e-12 9.695020145399155706e-11 7.560073688604557763e-11 1.355358078746439301e-11 5.608048234166966510e-12 5.767629876605019155e-11 1.657210178420353123e-10 2.776304972557396606e-10 3.873523828832047838e-10 6.496749779801274593e-10 7.184836000580337451e-10 3.864726541533345782e-10 -2.507816894554337785e-10 -1.139943730641020891e-09 -1.191587337499423038e-09 3.725456997470672922e-10 3.690440305530908858e-09 5.637544077478184736e-09 4.139008145229559234e-09 1.565238471316215863e-09 2.372821619595520117e-09 9.072426291019120104e-09 1.411754485264169468e-08 1.441822453000828710e-08 6.511653374556927930e-08 2.054614838772449393e-07 4.133373671900505279e-07 7.955272617486404827e-07
-1.248903203995469640e-06 5.384565755447129477e-07 2.775444945373063294e-07 8.212996116227582840e-08 1.970985469863863026e-08 6.338955338477427383e-09 9.964573627192339611e-10 1.448011360064088823e-09 5.773968995951313371e-09 3.606197490169540182e-09 1.193517308682401208e-09 7.057779990117792132e-10 1.883465232581815939e-09 1.399623069770885030e-09 1.086747083974419432e-09 2.749004255138937444e-10 -9.562236730460188252e-10 -9.244298402963388940e-10 -1.328642379714117828e-10 3.714019205454830158e-10 1.037735326122038329e-10 4.292133040278305994e-11 1.692351543222511451e-10 1.237004874243522363e-10 3.045874431603371476e-12 1.500434535294305300e-11 3.627672533294628994e-11 8.997850068729163282e-12 -3.453938853919925261e-11 -3.567828092984722209e-11 -2.571272778407466525e-11 -2.155155277901153332e-11 -1.981955075832735559e-12 1.953031381468425198e-11 1.511436935656691618e-11 -1.137659217027693617e-11 2.886105316585563617e-12 9.526857010262444648e-11 7.019308418155800383e-11 9.172393224952458218e-12 7.069984707372953643e-12 6.431189467222396691e-11 1.732190598098838300e-10 2.825699022785000232e-10 3.828717114120922344e-10 6.423396552926563874e-10 7.097971953118872967e-10 3.600496222559600432e-10 -2.762259146396424751e-10 -1.165067804997857843e-09 -1.271537090240224622e-09 3.188534349240594318e-10 3.749342233493731742e-09 5.683154175897990842e-09 4.110381338314252440e-09 1.512377298605455451e-09 1.987197100099802059e-09 8.192297499405057333e-09 1.256873940632029968e-08 1.246749929482788819e-08 6.086954535047989870e-08 1.941353544898428042e-07 3.844298796806472410e-07 7.247510133310260841e-07
-1.642726619111576326e-06 5.604598856529334783e-07 2.832468792175023440e-07 8.794425897178470691e-08 2.190734116403814267e-08 6.590713284492697507e-09 5.575040072010002685e-10 7.181109036863622382e-10 5.514214574267158444e-09 3.489259800851928970e-09 1.141942006057891032e-09 7.004150268737279860e-10 1.892096891316440690e-09 1.369827836792848203e-09 1.067416795038149066e-09 3.246107083423842201e-10 -9.393827180767707843e-10 -9.119167554593181016e-10 -1.123963507666155538e-10 3.801334182317590041e-10 1.064728068315839529e-10 3.354656558464483100e-11 1.647455590510973521e-10 1.213390706712792045e-10 4.882389204600583588e-12 1.832564869807215383e-11 3.848510337600589928e-11 4.344109990846478063e-12 -3.799977295214178814e-11 -3.544670705672281515e-11 -2.528730597979751560e-11 -1.958482426040556353e-11 3.884648957492512537e-13 2.257006055729876745e-11 1.831268132568844877e-11 -7.378488425198523646e-12 6.685849417077705050e-12 9.930016163060035622e-11 7.771120935616564682e-11 1.653181473077763354e-11 4.144922949842353996e-12 5.498305080950989892e-11 1.668209903384034806e-10 2.738361371948257406e-10 3.886847082461864238e-10 6.430066982497607024e-10 6.856232021268426993e-10 3.204276210659975248e-10 -3.223955986227497982e-10 -1.181946366119902333e-09 -1.261643500721469905e-09 3.167234833465390396e-10 3.779844957914718846e-09 5.697689520413895464e-09 4.034766544099449636e-09 1.286802757642118390e-09 2.066489410199165263e-09 8.922810930555263525e-09 1.388215886547827477e-08 1.397504205499788191e-08 6.171354313169622190e-08 1.968435302280580373e-07 3.945759297426860911e-07 7.556258032729280109e-07
-1.672670582036189167e-06 5.143372452404070058e-07 2.642241305659580530e-07 7.782445100730411475e-08 1.765543724334883212e-08 4.721160916331651911e-09 -5.254818373254758463e-10 1.993240690830864211e-10 5.278696628914305657e-09 3.486538635741467389e-09 1.226851833642834598e-09 8.195082139979393498e-10 1.875696283079841181e-09 1.255337299674069019e-09 9.687396157294967322e-10 2.318126502521394787e-10 -9.594215975805131227e-10 -8.909400869059712585e-10 -1.011890861514455296e-10 3.760561889362048669e-10 9.501717404040486064e-11 3.959397633330057931e-11 1.661755849275660094e-10 1.083445380802498383e-10 -4.173923048998451284e-12 2.044283670483485642e-11 4.384088373306510732e-11 1.004291399413282604e-11 -3.510301511808848756e-11 -3.408274650584236288e-11 -2.406247470797516418e-11 -2.072307690021078203e-11 -1.707837706991475542e-12 2.060380820542620445e-11 1.711323884162795965e-11 -9.548198525329547468e-12 4.506630395315206845e-12 9.657660514373197834e-11 7.212203573276564619e-11 1.149163642820960865e-11 4.945725335915566541e-12 5.357691345041323905e-11 1.549333392840037489e-10 2.649409966563589220e-10 3.921267738654808187e-10 6.669695446674671519e-10 7.136436646255378374e-10 3.584431674278696453e-10 -2.626829721153540597e-10 -1.135924299469668730e-09 -1.214544509254650356e-09 3.632479449353815897e-10 3.809203375410520927e-09 5.691341410098203491e-09 3.898130604459679592e-09 1.235360231955912557e-09 1.941739043317369198e-09 8.483993017084718557e-09 1.328221637559374047e-08 1.324120561443906652e-08 6.005615217208531862e-08 1.911759157564015602e-07 3.790898632009900868e-07 7.092154636678939495e-07
-1.604441866448958887e-06 4.995593213297431301e-07 2.596982271943538307e-07 7.622452621492697093e-08 1.713555181024448443e-08 4.481925973864596185e-09 -4.911911686741986130e-10 3.589601994134591842e-10 5.342486500354060129e-09 3.500110264956804696e-09 1.095499228173907471e-09 6.120155806920890724e-10 1.856835498102142014e-09 1.350076405848746417e-09 1.046659286206428863e-09 2.741920645323209820e-10 -9.230193423655094286e-10 -8.734948277171258098e-10 -9.967847595725422460e-11 3.688291617915382091e-10 9.147789550010845803e-11 3.242466543211675543e-11 1.676828509705091055e-10 1.229276027692105360e-10 6.519300407807336667e-12 1.825862100866379500e-11 3.823327561958669090e-11 6.328448252988041287e-12 -3.916641514456686353e-11 -3.729301999178280048e-11 -2.604046089663894142e-11 -2.125191350465258446e-11 -1.677943165597621177e-12 1.959953509840523325e-11 1.677130167627566759e-11 -8.954423388759019040e-12 5.024860815213328631e-12 9.653794629643484239e-11 7.482547271557205205e-11 1.753484031234313316e-11 1.385627401723320681e-11 6.126829843488712958e-11 1.612878841159281603e-10 2.657133543309758138e-10 3.636266644368481457e-10 6.056383768125063588e-10 6.581094516725912989e-10 3.153045003397720098e-10 -3.090107736338660232e-10 -1.129236354774810746e-09 -1.163107126030002240e-09 3.325016496214717067e-10 3.635448467946254367e-09 5.523126407831898885e-09 3.879199237837535980e-09 1.371674366170966166e-09 2.237471268076158014e-09 8.870116185678376854e-09 1.404156602161401755e-08 1.477479797218314362e-08 6.372126235837294588e-08 1.997749012801590974e-07 3.965753745991211433e-07 7.512838077172280405e-07
-1.498966921119586371e-06 5.157799008446701867e-07 2.661117781736010267e-07 7.822836740882839156e-08 1.897256723225578050e-08 6.321204264503822662e-09 7.943488347700195253e-10 9.408029180287188729e-10 5.257369575219786316e-09 3.187106474922440942e-09 1.020847196100536778e-09 6.803460784122921038e-10 1.990904277935091108e-09 1.466976987741441309e-09 1.082416793168054433e-09 2.491455122585979669e-10 -9.872619282216120126e-10 -9.236565229765750032e-10 -1.130410796610987082e-10 3.710402621740716313e-10 9.129410949938032494e-11 3.059774090482427985e-11 1.566800074949821963e-10 1.124119418747202255e-10 1.942520138997013303e-12 1.541015843539029175e-11 3.123734137423463927e-11 3.126125694129974247e-12 -3.677698854378666793e-11 -3.486150449335122140e-11 -2.299742329951796075e-11 -1.878815478327571181e-11 -4.057735914976298801e-14 2.132849993294079959e-11 1.757640449389970886e-11 -9.076572121610698911e-12 6.049977467859554195e-12 9.745349616887142825e-11 7.064359524093703489e-11 1.240764782546244475e-11 1.098386642228038250e-11 6.207775720544961272e-11 1.654210882659755222e-10 2.662295299769657031e-10 3.816011801939550760e-10 6.364974681148905642e-10 6.845778089975387739e-10 3.511412595584379276e-10 -2.809151684228288282e-10 -1.156841829717988686e-09 -1.234998650317813709e-09 3.616826315364349623e-10 3.748438407528279777e-09 5.608209136684691029e-09 3.923043294651287564e-09 1.141497894221493247e-09 1.754874166048701860e-09 8.414844506099242360e-09 1.300887070562434942e-08 1.242571318230251989e-08 5.925464268671334901e-08 1.918612870392289632e-07 3.814214016682574158e-07 7.248987893316537260e-07
-1.778665287261864876e-06 4.887452087657702608e-07 2.569363942228745568e-07 7.536466100377418162e-08 1.846812470810190195e-08 5.251820017505664007e-09 -3.090754280397473770e-10 4.932862888915194311e-10 5.439750603120910412e-09 3.463397555046191646e-09 1.166276964120185320e-09 7.514628025556430256e-10 1.912373302282341755e-09 1.321533937639523138e-09 1.043683082138004763e-09 2.791710471818666379e-10 -9.655376741272268884e-10 -9.420427652011872804e-10 -1.391897777338402405e-10 3.699920164968979993e-10 9.123709022804198525e-11 2.294842066601937043e-11 1.566397922189947465e-10 1.168924228908469582e-10 3.985865428671230359e-12 1.817774224701989700e-11 3.935477860736336557e-11 6.031372847150878976e-12 -3.719711727398952999e-11 -3.538280424831228001e-11 -2.329589564339433317e-11 -1.852858917948497676e-11 -2.035390476203425961e-12 1.649961860613357083e-11 1.126148138469418820e-11 -1.253566885037745950e-11 6.662970938896444824e-12 9.867030251567336368e-11 6.878662255334719224e-11 6.149763187910841044e-12 3.977336522504907534e-12 5.984728767494290294e-11 1.634654492645160055e-10 2.682453103531233758e-10 3.938820874549212230e-10 6.646185408922334421e-10 7.103782695822679261e-10 3.571689946552093951e-10 -2.932096567228981303e-10 -1.168433717055228637e-09 -1.202429118739448879e-09 3.925413381705806746e-10 3.752586503834940309e-09 5.704025539921478416e-09 4.084106051630797595e-09 1.392410782231420529e-09 2.249581685534025695e-09 8.908493736919111864e-09 1.337840113426139206e-08 1.292648818313874496e-08 6.016111034538552642e-08 1.904846162331429713e-07 3.723263656789099788e-07 7.034749059813263589e-07
-1.915586287394016269e-06 5.339574173719282483e-07 2.808231734132137124e-07 8.736449692723467208e-08 2.265137734081223940e-08 6.994194349986125244e-09 9.834523438308589450e-10 9.805759449648743636e-10 5.347825399789864599e-09 3.324835930242490202e-09 1.004462758747684074e-09 5.240310076728005006e-10 1.712319496307178696e-09 1.297935377294654586e-09 1.038218497476632081e-09 2.813739864540105326e-10 -9.484788630383738782e-10 -9.066638909867807786e-10 -1.010165654103184628e-10 3.892773691964841904e-10 1.015343597256433779e-10 2.614072999140917462e-11 1.527692402532558269e-10 1.081207535767506471e-10 -7.975902421660691616e-13 1.630833638641495663e-11 3.710709198632570595e-11 7.338745796334334984e-12 -3.449953499490348839e-11 -3.479641990619707884e-11 -2.421670277254421586e-11 -1.959302443296645428e-11 4.084117842548761929e-13 2.161499331896483822e-11 1.793199453984511965e-11 -8.514044482886022596e-12 5.663312515473036023e-12 9.497912280058613713e-11 7.185924019540327210e-11 1.338411550888932468e-11 1.175975429225589341e-11 6.223912517710071525e-11 1.742177149127416474e-10 2.870103067867037006e-10 3.840477846556748405e-10 6.371786837820020878e-10 7.068041854433275627e-10 3.679347139710932528e-10 -2.582347307575874517e-10 -1.111160095117838109e-09 -1.203678134917548486e-09 3.194420791170795080e-10 3.643916594254446187e-09 5.639543075798365668e-09 4.133022570840594933e-09 1.342563287988999377e-09 2.038120519516458989e-09 8.841768895603333029e-09 1.380116682223353874e-08 1.388966177197080828e-08 6.138258498719551332e-08 1.958971025432789615e-07 3.896732426389730969e-07 7.351345661736955262e-07
-1.556937249480530675e-06 4.781898150401217667e-07 2.562005198097038954e-07 7.857806493098260548e-08 1.927973731260481167e-08 5.903951428891632602e-09 2.475225250757313503e-10 6.324791083210866453e-10 5.594047038051149014e-09 3.734997328047470276e-09 1.219061230126117360e-09 6.054330170436680279e-10 1.754724105546606844e-09 1.295320298325690407e-09 1.027221483807087883e-09 2.713176384613061617e-10 -9.544051712287958317e-10 -9.245813215585067221e-10 -1.229938379953025566e-10 3.706297500630667977e-10 9.961903104428991616e-11 3.900599405377208152e-11 1.657483244048031002e-10 1.198349538525113363e-10 6.404910457695841513e-12 2.009663672893188027e-11 3.932882933925907850e-11 4.649466336753579241e-12 -3.979604840478629415e-11 -3.781394916277156199e-11 -2.523918449519461628e-11 -1.995692872959326441e-11 -2.167951648225069284e-13 2.153693632859110326e-11 1.731185971984256397e-11 -8.914844958634513553e-12 4.040361973301383290e-12 9.262783903803537437e-11 6.893530633801660512e-11 1.150901962400166848e-11 4.469024940447566729e-12 5.275581906173990536e-11 1.655516428501356669e-10 2.772363413564830410e-10 4.045119162786663193e-10 6.758765675533037342e-10 7.159186351106755915e-10 3.412976676509543107e-10 -2.745802813246275976e-10 -1.126934827940890786e-09 -1.222500130537010852e-09 3.364811136072788605e-10 3.692162063060657470e-09 5.601320865671114250e-09 4.016520503829387829e-09 1.463941027971035197e-09 2.412846185721604098e-09 8.947265751481427692e-09 1.367726409200193652e-08 1.384877790806057974e-08 6.134149379774111706e-08 1.919262667980900134e-07 3.772401415769512944e-07 7.114444850862005184e-07
-1.599404770341023333e-06 4.764971996003867095e-07 2.481217017623504087e-07 6.921961335010900464e-08 1.439681221056317203e-08 3.802012649151101556e-09 -3.952608009437725311e-10 6.517257192785864672e-10 5.668883905015935940e-09 3.652731829309134352e-09 1.169613369066288839e-09 7.460111823270027602e-10 1.936809097759144329e-09 1.366662337754878164e-09 1.087651964365042749e-09 3.304009320220967465e-10 -9.152693795747758255e-10 -9.166286383799743270e-10 -1.296697900688052175e-10 3.498222489099804021e-10 9.531288388635955170e-11 3.856338483941372433e-11 1.640390819790498768e-10 1.177177837462312716e-10 3.554019993848894564e-12 1.540053049218440892e-11 3.334031775383734475e-11 2.367022688677540556e-12 -3.810521053977993884e-11 -3.421883910548282241e-11 -2.212887098588899968e-11 -1.853988513543224890e-11 -6.837644380892556636e-13 1.894623499351372563e-11 1.419284401576327904e-11 -1.055665704013412261e-11 3.360837407375713208e-12 9.636582020823354574e-11 7.435939620834433571e-11 9.818505155663761756e-12 -3.207686586461677887e-13 5.169977411881478070e-11 1.653617535884849632e-10 2.923721076130345660e-10 4.228318849398304666e-10 6.795857975583848599e-10 7.161838636526933403e-10 3.622885146846408545e-10 -2.829816227724300003e-10 -1.136516235775418131e-09 -1.192389990345505702e-09 3.349583602770959241e-10 3.667843003794081580e-09 5.630811157478474025e-09 4.056116472495590302e-09 1.477732537918461786e-09 2.470346396906726609e-09 9.296812119566267647e-09 1.406349207484015814e-08 1.448154140926481293e-08 6.551385738571675249e-08 2.074489414493390850e-07 4.129730494278265153e-07 7.814519811655862979e-07
-2.063514840751742866e-06 5.165423500482830417e-07 2.675800179667847977e-07 7.773014222837635568e-08 1.779358672724092633e-08 5.198885283265762090e-09 -6.831573969446313338e-11 8.134041991715928836e-10 5.801538293529129521e-09 3.792421748482130772e-09 1.239563600678310765e-09 6.880029713420363318e-10 1.875310117852939734e-09 1.391949113062850149e-09 1.065499694948835030e-09 2.964147740482745613e-10 -9.471622857421350813e-10 -9.304306989727283030e-10 -1.330045738992469943e-10 3.699566778632739623e-10 1.025774475306748163e-10 3.730028778041472946e-11 1.599167817279972353e-10 1.168116524433558114e-10 6.538287047206104499e-12 2.256384139621323997e-11 4.360214392764782381e-11 1.004895229974851894e-11 -3.666028547186951246e-11 -3.461363719349063457e-11 -2.440068169998413530e-11 -2.197032620780446885e-11 -2.625551535118640654e-12 1.943774800722203164e-11 1.736006735731000232e-11 -8.142778215422842232e-12 3.832864965100698987e-12 9.497644483495062402e-11 7.243941299695523977e-11 1.036201371603717688e-11 3.053575505848216032e-12 5.861862093343001554e-11 1.692669403450622103e-10 2.707506963046173869e-10 3.810637329093977476e-10 6.403792084792755018e-10 6.981331939124418652e-10 3.631503732062242012e-10 -2.579103755298134291e-10 -1.135196657125879049e-09 -1.250508443306314668e-09 3.290028672329825882e-10 3.732927115522580371e-09 5.710439485097003534e-09 4.009804397202976962e-09 1.117612678923654985e-09 1.787142285078609701e-09 8.601540640047552972e-09 1.377028790783749098e-08 1.432762655575479997e-08 6.238158617210677438e-08 1.955504616689902006e-07 3.802146809090085191e-07 7.057925532052889885e-07
-1.494050121087040924e-06 5.022460512113375883e-07 2.667014265918531650e-07 7.919880789668168553e-08 1.788161233301894710e-08 4.851530384860835604e-09 -2.041479312645992988e-10 5.513067164511678014e-10 5.415572081137875343e-09 3.596296286860577738e-09 1.237211458527846192e-09 6.065822730973459242e-10 1.729718662134929717e-09 1.216027221360855221e-09 9.889813607719556467e-10 2.294626810155417592e-10 -9.774070735243395005e-10 -9.009736199080466099e-10 -8.847890734573042200e-11 3.921367308245909832e-10 9.636703140906650495e-11 2.477972117475160553e-11 1.556401995240842493e-10 1.187499610465095228e-10 7.322642355583094854e-12 2.121749435150054277e-11 4.181737118785512609e-11 1.154078240678313366e-11 -3.555264811461428101e-11 -3.710411200223260112e-11 -2.645380761255302214e-11 -2.174335519501534058e-11 -1.833909278922740672e-12 1.992450534141391899e-11 1.631495052938059380e-11 -8.322686108016649707e-12 6.439146637878634413e-12 9.764491199285546347e-11 7.200228567062608751e-11 1.105712410734395907e-11 3.567787664718718881e-12 5.374300176699778864e-11 1.600455858017969825e-10 2.694344153051259282e-10 3.876138120401913325e-10 6.459652614604988054e-10 6.901312860175804362e-10 3.379197809687965800e-10 -2.882207703983213078e-10 -1.107288192230205295e-09 -1.123250385745424130e-09 4.332072798154172081e-10 3.834526460905586934e-09 5.876049223393807520e-09 4.338327432824004721e-09 1.513633223105950648e-09 1.848207326302049023e-09 8.181826820046668665e-09 1.282633691214877356e-08 1.208214220007095647e-08 5.869548429772578042e-08 1.897979362046949575e-07 3.700139986592481911e-07 6.910564294700706339e-07
-1.442878449417017665e-06 5.522177450854513076e-07 2.837943427534191338e-07 8.639866470955064945e-08 2.292430191867281745e-08 7.535294296030964565e-09 8.725532869926384981e-10 1.030237229700724625e-09 5.607328147578258090e-09 3.587235682170205841e-09 1.134088391221188269e-09 6.636348196960671443e-10 1.841880793069857149e-09 1.285563170056834248e-09 9.618737927951188083e-10 2.190389119971273755e-10 -9.567808454561773063e-10 -8.981148794843893088e-10 -1.136993145196914811e-10 3.586522331852278017e-10 8.711768900762326661e-11 3.468362942525128901e-11 1.654464557266736543e-10 1.212997185176765003e-10 6.769167754961819314e-12 1.999721575092845436e-11 4.298815361472174575e-11 1.252634192807750448e-11 -3.214794653845076755e-11 -3.512348946710757525e-11 -2.477892529962017933e-11 -2.029412358571364169e-11 -2.277904821845420896e-12 2.016360193834053520e-11 1.656719230403864989e-11 -1.045732081305340582e-11 6.611128002546315148e-12 9.993521011994354782e-11 7.365292365934237013e-11 9.677349836965388954e-12 4.303067096085218817e-12 5.941324916929793125e-11 1.644757732704693903e-10 2.738243049382863176e-10 3.857761275371325531e-10 6.393950989265560082e-10 6.797913224582430277e-10 3.257987691087222502e-10 -2.952374903780280976e-10 -1.178909937747249245e-09 -1.256807211658425272e-09 3.588044928374387115e-10 3.771797604961070941e-09 5.652980264767092715e-09 3.988465324931335468e-09 1.397907403597278185e-09 2.257754262408120395e-09 9.267295476164335133e-09 1.452128523185048664e-08 1.554560742001885902e-08 6.701450181429884083e-08 2.095478579913261766e-07 4.141675481731566771e-07 7.779053722385245865e-07
-1.784914170119691895e-06 5.201697095553138821e-07 2.656535204988344417e-07 7.531171313316788374e-08 1.617274931471601934e-08 4.693083042676654292e-09 5.122103652115796742e-11 8.883565758323062012e-10 5.671533957156301552e-09 3.624321449562860067e-09 1.318315420852550781e-09 7.956605394324934542e-10 1.882298943761482071e-09 1.308982479011776470e-09 9.967284951984097608e-10 2.701343347782396020e-10 -9.436695887716549294e-10 -9.272194466991693282e-10 -1.304565828669242231e-10 3.670844520687305907e-10 8.580246466820978964e-11 2.518593419239177155e-11 1.654407562655412582e-10 1.203416745621184612e-10 5.251680497440179513e-13 1.108856095570690353e-11 3.117568992413968851e-11 4.089752132954657113e-12 -3.644314477613870063e-11 -3.477153311851279601e-11 -2.378064184119128398e-11 -2.009223535759607849e-11 -2.418540414828703001e-12 1.886465697138376749e-11 1.580823876260193284e-11 -8.228843512466228888e-12 7.301955018651501965e-12 1.000084066582308300e-10 7.753250867026264376e-11 2.074341161623618468e-11 1.074155361835848051e-11 5.282930135310721900e-11 1.558972874913634207e-10 2.615775771552664863e-10 3.628888926461373305e-10 6.231181125349431417e-10 6.836063215031906857e-10 3.446092179832730256e-10 -2.821258371758810162e-10 -1.158776744330645945e-09 -1.257502742378866033e-09 3.261322564295894262e-10 3.692154712883460218e-09 5.620004005409063545e-09 4.069631467906148483e-09 1.319768080438868544e-09 2.169844329159199942e-09 8.885187686928693534e-09 1.387538793868970861e-08 1.498901407396667293e-08 6.629635414043688529e-08 2.090710890707760201e-07 4.209749255610087296e-07 7.998184544614851239e-07
-1.857292818949693746e-06 4.739598037495641947e-07 2.460778789573694929e-07 6.924783165503824712e-08 1.521620178648178781e-08 3.589826175039965873e-09 -7.755854341805759007e-10 5.253493459310601547e-10 5.430751831987284642e-09 3.371829493870772580e-09 1.037621269225907273e-09 6.147334882660154464e-10 1.874651469389990764e-09 1.359784790366292397e-09 1.039823090609476339e-09 2.991538557920938386e-10 -9.317477389832697883e-10 -9.102713474433068568e-10 -1.005768991175828354e-10 3.690766956021165991e-10 9.692851662163643233e-11 4.089725292143202642e-11 1.715588576376946849e-10 1.230964268027966320e-10 2.169022760401836545e-12 1.792491772511961385e-11 4.315988729432831884e-11 1.227967229197833527e-11 -3.668308278917712892e-11 -3.757169108508853430e-11 -2.488942333083995640e-11 -1.983620263146919916e-11 -2.392694305800861665e-13 2.121599297439620021e-11 1.676489214415248304e-11 -1.118240845805943853e-11 3.023779199769075052e-12 9.666455826875935611e-11 7.434240376070993886e-11 1.328723852562272785e-11 8.141269212323698300e-12 6.003741666527187391e-11 1.659966478294275762e-10 2.770864930525261575e-10 4.010229882242022591e-10 6.586235157354768780e-10 6.911853881982537055e-10 3.413128868937679352e-10 -2.664595720748187595e-10 -1.146489034873167963e-09 -1.212686561134284708e-09 3.350622421924371260e-10 3.652130508157352490e-09 5.556544812921353818e-09 3.853774011353033283e-09 1.068241537351764166e-09 1.876926934868626085e-09 8.619655441065318409e-09 1.348226449247713594e-08 1.347271821157718390e-08 6.116923687869300641e-08 1.939644930016150178e-07 3.831451128243813705e-07 7.160898405995356414e-07
-2.055017327353668952e-06 4.466902248350718927e-07 2.402957948374803119e-07 6.878096647360674108e-08 1.546580126501470586e-08 4.547876784895103845e-09 -3.345694020009181883e-10 5.213083788863950231e-10 5.242536667304178913e-09 3.321141506629237221e-09 1.008414401180046961e-09 6.011592752762232103e-10 1.854489918293603457e-09 1.351940484016178445e-09 1.014218917102889846e-09 2.540441633334340120e-10 -9.365908078384679323e-10 -9.035836353348741003e-10 -1.205136971622323107e-10 3.571331974606411562e-10 8.446940936153242616e-11 2.999455167199153383e-11 1.629964503447107556e-10 1.144681019043710546e-10 4.473988602458326257e-12 2.159992855367825327e-11 3.909365936285342875e-11 4.715876969510629694e-12 -3.752546190267109485e-11 -3.593798752082904659e-11 -2.452995062282012186e-11 -2.042649837177294843e-11 -3.000470956335931448e-12 1.884678617596469144e-11 1.468604920775054053e-11 -1.085701068838989649e-11 4.795153648444009762e-12 9.713590580310965166e-11 7.511905063630824908e-11 1.527741342560214223e-11 6.282637376675715728e-12 5.096879881109789857e-11 1.601891360291335955e-10 2.773101656628906085e-10 3.985381696452197711e-10 6.648058988247671581e-10 7.170021765189903012e-10 3.672223556993098590e-10 -2.872468791768034757e-10 -1.148627754688610775e-09 -1.207027841505968965e-09 3.891823504460061897e-10 3.791476075459731073e-09 5.679845337808125965e-09 3.890439033058102524e-09 1.030353752598429096e-09 1.564637319595840318e-09 7.866919596958998938e-09 1.243467687275875181e-08 1.113842100603324238e-08 5.650524717131558141e-08 1.868348112132605766e-07 3.723162389058467328e-07 6.993313728520936548e-07
-1.816494976002820918e-06 4.880338652969576292e-07 2.492447831496310301e-07 6.842041238972331221e-08 1.343762141787605567e-08 2.761043668286504690e-09 -1.046834086615319843e-09 2.704167867539127548e-10 5.555479549369559944e-09 3.681187410965407481e-09 1.220363350968605073e-09 6.308772226522907551e-10 1.796600679539281191e-09 1.283257688326298279e-09 1.003494833314559062e-09 2.716630638939565119e-10 -9.559274996617692138e-10 -9.336070065321428511e-10 -1.304322147616629263e-10 3.657062968311129813e-10 8.775801903671981677e-11 2.871007657314503458e-11 1.681409622546341616e-10 1.157907806631462699e-10 -1.009079567061140468e-12 1.862179367852655374e-11 4.263404604869402420e-11 9.376256026185959301e-12 -3.553601446943383857e-11 -3.412016939538540015e-11 -2.147193040609794720e-11 -1.818240930612022561e-11 4.608724208157828247e-13 2.097446432378134722e-11 1.457237724967292295e-11 -1.255369117731437892e-11 3.253349849428579332e-12 9.614805691289513667e-11 7.383476133218540120e-11 1.592694134919002252e-11 1.062451046450356412e-11 6.437146746807450253e-11 1.695442007824027779e-10 2.731169518138426228e-10 3.802325748187113570e-10 6.415207599179222259e-10 6.931382089903386245e-10 3.569989431637156115e-10 -2.260210395245113205e-10 -1.087468252802068565e-09 -1.195399267455287498e-09 2.962373864171198143e-10 3.642628993552787583e-09 5.619060881319620694e-09 4.092938982156499291e-09 1.421469076702030577e-09 2.206855848076949717e-09 9.009150190003641120e-09 1.410684541165525330e-08 1.605170626296314797e-08 6.858210820497242390e-08 2.101694118850002622e-07 4.180147968837824799e-07 7.909797701464606975e-07
-1.483314140931096622e-06 5.129191145209849571e-07 2.616670857059151940e-07 7.655607671911520797e-08 1.765090229647070884e-08 5.086426700398569083e-09 1.303710081350759557e-10 6.299353699432894802e-10 5.333564808086948025e-09 3.330272825175002456e-09 9.099241610926006609e-10 4.768137390728744044e-10 1.800283577897153581e-09 1.340991101990679914e-09 1.050778643961684873e-09 3.041233104873752727e-10 -9.421368238802290991e-10 -9.043010111423028437e-10 -1.043742089908023110e-10 3.795359583573690841e-10 1.002967850874810875e-10 2.984672657059658199e-11 1.581682369623153235e-10 1.174338855375030111e-10 7.850461051060253547e-12 2.014109426768412406e-11 3.857183834224722912e-11 8.323928020537417268e-12 -3.719035254307881302e-11 -3.720865307762342790e-11 -2.328788740817870605e-11 -1.890305918799277787e-11 -1.810655350531418734e-12 1.918013956635944505e-11 1.587801194301735368e-11 -7.157183821984240638e-12 7.182327452113327613e-12 9.776253968067723800e-11 7.271702064475809774e-11 7.944061207497850087e-12 -1.626506493391302597e-12 5.253787625684439021e-11 1.623727895977556379e-10 2.803707950389446556e-10 3.996672026884291831e-10 6.616158922717715529e-10 7.146845646279693410e-10 3.890903044487426050e-10 -2.264578429011796673e-10 -1.091833179780826961e-09 -1.179959302725328209e-09 3.544650158701744522e-10 3.698448775033443125e-09 5.665654080720649005e-09 4.007777999419955077e-09 1.227954736406468000e-09 1.807113304925055076e-09 8.062122826466435242e-09 1.291019160088186982e-08 1.328621352630600037e-08 6.227602551236057424e-08 1.980608914605284427e-07 3.903325059681609976e-07 7.374915386183176821e-07
-1.591787859324327490e-06 4.998700607449770126e-07 2.619835642821945108e-07 7.574233904325772421e-08 1.578017289383389483e-08 3.852340659795224408e-09 -2.761196443350669297e-10 8.180173648362988698e-10 5.489052078467632968e-09 3.324625080380411605e-09 1.133371310484439597e-09 7.529951859944375051e-10 1.912677986307387987e-09 1.367954669707334955e-09 1.063019925834223944e-09 3.142858861897742298e-10 -9.280782666985195275e-10 -9.242848455438603038e-10 -1.111256378292389256e-10 3.777330786320204045e-10 9.798962818908606362e-11 3.011942828500178535e-11 1.621308157605516524e-10 1.214544070928768174e-10 7.870779347669257207e-12 1.979962734103018127e-11 4.034714076518427067e-11 7.032630312631601560e-12 -3.715021458804157602e-11 -3.555261441050877354e-11 -2.465013193979860487e-11 -2.210685694242859778e-11 -3.734653829707080396e-12 2.015144671661116423e-11 1.697773315556522996e-11 -8.054775319903381851e-12 3.749162473320785760e-12 9.219045353656115086e-11 6.836703841837358310e-11 9.029785638457755135e-12 3.129962088957690671e-12 5.706407347104293072e-11 1.652440742800974972e-10 2.786207422879458025e-10 4.002370598148363322e-10 6.647426719881342117e-10 7.152180384517614908e-10 3.655525961685989701e-10 -2.703516071175526071e-10 -1.143726427329132814e-09 -1.217883992320291794e-09 3.506195175321840428e-10 3.750592316363292544e-09 5.735601832793599869e-09 4.156636967008000225e-09 1.189130062601288914e-09 1.679543227718178324e-09 8.377318863555547423e-09 1.359170959867094769e-08 1.500813964695265021e-08 6.482531015185500734e-08 2.011152522681032644e-07 3.995678485601058298e-07 7.539353003447370467e-07
-1.103481667552307400e-06 4.702258129999489147e-07 2.485096491324017222e-07 7.259929573375369757e-08 1.668477606053183141e-08 4.962704575483009833e-09 2.296346526474512581e-10 8.427923623671901252e-10 5.485605074845837237e-09 3.324021147020659855e-09 9.610051502364972219e-10 5.509995190538328600e-10 1.810821592546981552e-09 1.344832276610014934e-09 1.030869916020220695e-09 2.607669867197023213e-10 -9.406847866932836066e-10 -9.026403895107472532e-10 -1.041078286474296282e-10 3.774767815591414669e-10 9.366062284120717878e-11 2.415758330653322882e-11 1.544126975344958448e-10 1.188945178063407850e-10 1.040728449787745195e-11 2.319259781114577074e-11 3.978952488165646806e-11 7.119564823863482481e-12 -3.430136219544484402e-11 -2.992747378010426021e-11 -2.044918922631806786e-11 -1.999529425699202660e-11 -2.587462652923778804e-12 1.808224587864721912e-11 1.528605336439134746e-11 -8.902634180432819663e-12 7.514358616989615175e-12 9.960398335395874198e-11 7.541498064102618147e-11 1.085161659865174833e-11 1.920463061464703723e-12 5.290911364772564611e-11 1.684318535525154553e-10 2.789552417191044230e-10 3.920795041539779418e-10 6.577674584595647592e-10 6.938682663011016767e-10 3.494617130959563642e-10 -2.863364172193050285e-10 -1.168991472472861452e-09 -1.259091584843413232e-09 3.089093057539030365e-10 3.661619186123609063e-09 5.578544966746586220e-09 3.967209097895591017e-09 1.277898319545784439e-09 1.927120110181366105e-09 8.686365967637172330e-09 1.359354209758588872e-08 1.347979822166600178e-08 6.119910513636858683e-08 1.948193633142290921e-07 3.837877801602873447e-07 7.155917676189970350e-07
-2.000386622453236222e-06 4.854668137558911949e-07 2.563303201554107092e-07 7.451294463157109422e-08 1.528765543150859694e-08 3.334465385363078503e-09 -6.805488546845194760e-10 5.893370755950884689e-10 5.644957266217372907e-09 3.622090439475150330e-09 1.162837737373443838e-09 7.069361550784684990e-10 1.867819287288743705e-09 1.293574704230070089e-09 1.052867771373317613e-09 3.146020521814324513e-10 -9.448108171976705935e-10 -8.990066080377423765e-10 -8.962010276107450018e-11 3.768614671064369790e-10 9.716002695281337839e-11 4.609744311715429943e-11 1.744341302053185631e-10 1.224857800664693667e-10 8.299070500462920223e-12 2.054506705066274952e-11 4.131336245969863914e-11 9.036775914637281075e-12 -3.566296723899742014e-11 -3.558205249912072686e-11 -2.476036249080203871e-11 -1.900993819515248316e-11 2.335276639089940091e-13 2.155804213885777711e-11 1.602353139534226520e-11 -1.017821208058973286e-11 3.420647242106195218e-12 9.515946192196903860e-11 7.059344901549110822e-11 1.479547952058291087e-11 1.545141109019372469e-11 6.123397237070591279e-11 1.648848618587042444e-10 2.780449868334357778e-10 3.827125885187496066e-10 6.442202321494906177e-10 7.026984911576223696e-10 3.415407650163843667e-10 -2.819002896458137500e-10 -1.111839271899827706e-09 -1.173216913482979932e-09 4.018732418475937571e-10 3.814889846753300586e-09 5.736620850983359187e-09 4.076923064555709635e-09 1.453849958158410711e-09 2.286058175374103289e-09 8.912882156275206987e-09 1.314017219793714804e-08 1.325907909368649786e-08 6.281108502291316408e-08 1.983790939108254063e-07 3.936008930571378656e-07 7.415926071604285622e-07
-1.351660987767346789e-06 5.044447639874888527e-07 2.618359280854543149e-07 7.523797104934452885e-08 1.737371760565605249e-08 5.033601681980308134e-09 -5.138535906464303971e-11 3.595911075287769078e-10 5.239594030915933846e-09 3.360623142515853135e-09 9.873531170550680153e-10 6.250336128069987530e-10 1.933750845863246729e-09 1.421738303106373361e-09 1.054408097631287558e-09 2.881056009600711011e-10 -9.348754313073170747e-10 -9.109756337633999180e-10 -1.144866325154089934e-10 3.682585888756949259e-10 9.218377258364499643e-11 2.943311008771096946e-11 1.565290615811570865e-10 1.104912898622088928e-10 -3.091434066684078869e-12 1.583341891725435222e-11 3.855530490348142984e-11 7.054145926433743772e-12 -3.763283463996807305e-11 -3.532367682192814138e-11 -2.179961484079782957e-11 -1.751722502740805325e-11 -3.384710719028213025e-13 1.960074791411161811e-11 1.604580929364466136e-11 -9.276555771307768456e-12 3.853006004899196161e-12 9.503979398624495533e-11 7.484537078014701446e-11 2.101463267423535232e-11 1.340146565362875709e-11 5.491473970471280353e-11 1.580620197036839984e-10 2.717316389849057351e-10 3.970578472171754697e-10 6.488563530198045429e-10 6.859495793711472971e-10 3.381858578188298916e-10 -2.575988850017199318e-10 -1.149181279629282745e-09 -1.291407626501654231e-09 2.987911865067308523e-10 3.711768203152291160e-09 5.600997360724315554e-09 3.922900656046055384e-09 1.287523579617013866e-09 2.231504269039100051e-09 8.914351276953450220e-09 1.362663889574278187e-08 1.358818997050523909e-08 6.164252442255355462e-08 1.961853279296556920e-07 3.868385017765452513e-07 7.249362984503003928e-07
-1.986923105537967401e-06 4.604300009283040654e-07 2.432958593795573976e-07 6.889073234645430137e-08 1.386538247674850545e-08 2.899953572759886129e-09 -1.521672165930164399e-09 -2.544991394710321068e-10 4.915450068338304702e-09 3.312344277352725701e-09 1.183698618042432631e-09 6.430135350275237786e-10 1.830677838357771885e-09 1.301495581158541991e-09 1.065664531512968902e-09 2.997369861707129617e-10 -9.251406158285609928e-10 -8.842015264730207739e-10 -1.144908801277069423e-10 3.576497193938467974e-10 8.577349344060829820e-11 3.390842381923807272e-11 1.670574817005945810e-10 1.197666449705177958e-10 1.880011197530487087e-12 1.713916658879402149e-11 3.937009537088520598e-11 6.496539256688078445e-12 -3.843494676483560471e-11 -3.708887594699260098e-11 -2.523196435785160922e-11 -2.086097367345699819e-11 -2.920011265034260987e-12 1.820719778290509343e-11 1.482011111397646992e-11 -9.610658782609274305e-12 6.710008038604746236e-12 1.004848207894376686e-10 7.507408214998867631e-11 1.633680203395346432e-11 1.481814159074837928e-11 6.414114420651073120e-11 1.656023529617880652e-10 2.754261442809815147e-10 3.878623631474922415e-10 6.370527146389866215e-10 6.850897208575329222e-10 3.605874993826946220e-10 -2.697839351388438955e-10 -1.111608538320014953e-09 -1.173423185045887523e-09 4.032902714226497617e-10 3.794636009400735614e-09 5.732423732388666217e-09 4.150795948675708374e-09 1.368231210629247203e-09 1.877933645578335269e-09 8.454023814488114858e-09 1.335290311969658097e-08 1.323515491671261399e-08 6.097132023848799590e-08 1.943547033045194125e-07 3.791575356405317875e-07 6.999978730627975222e-07
-1.322447066835504919e-06 4.774961399768341332e-07 2.477499687955254773e-07 7.014264363770717418e-08 1.433700026078854997e-08 3.655752031694664423e-09 -6.604692484879052210e-10 3.315149016492891464e-10 5.208795850413539811e-09 3.377808779644423474e-09 1.067800193072833279e-09 6.795578817635431153e-10 1.865465956105643566e-09 1.308386463607636796e-09 1.044233920826676560e-09 2.922330673361853570e-10 -9.305576400842619655e-10 -8.948729530158645743e-10 -9.713204156472530353e-11 3.872205021453851875e-10 9.436741667204007180e-11 2.775876512018661671e-11 1.584276373451844490e-10 1.047902232162846082e-10 -4.789437400507892481e-12 1.998469151583233285e-11 4.237671982194687222e-11 7.785404511114586480e-12 -3.692473584873511691e-11 -3.670979501121414541e-11 -2.457711598808083134e-11 -2.100255434430674333e-11 -3.587160706037604453e-12 1.760303482110161968e-11 1.640539603598387819e-11 -6.779108484260655824e-12 8.321310486477616971e-12 1.003870178472118174e-10 7.975847885644302307e-11 1.414476530866600477e-11 -1.102359756787544029e-12 4.110499371484814669e-11 1.504445213685850556e-10 2.644752343908892415e-10 3.900775601670123658e-10 6.422421492536692715e-10 6.880324639404686662e-10 3.466105791159070909e-10 -2.680027594734082358e-10 -1.153070270586413972e-09 -1.256814332512786290e-09 3.156731703338521260e-10 3.731527033806938339e-09 5.755745897409555325e-09 4.119557676796089393e-09 1.245552195218098640e-09 2.000877426279024535e-09 8.909348838270206781e-09 1.395478181045749505e-08 1.415024405322649758e-08 6.155709724853105492e-08 1.931118899173210747e-07 3.806489940068346170e-07 7.037924926154160408e-07
-1.665602323686330728e-06 5.365210968288594795e-07 2.728265981312718255e-07 7.987306345719874556e-08 1.790652612049743528e-08 4.869527762034106387e-09 3.671435269712694440e-10 1.154355134956368780e-09 5.623164655939815732e-09 3.463385185747683516e-09 1.098431450093545594e-09 6.746331904330508876e-10 1.832091653044339952e-09 1.280443217776907279e-09 1.003390734397752184e-09 2.704103717082348718e-10 -9.461746701816918457e-10 -9.101282910909039611e-10 -1.049352002083673099e-10 3.868067023252567251e-10 1.051594420640665113e-10 3.947535123798128434e-11 1.695751772366951719e-10 1.238947193489844389e-10 4.979976219967088420e-12 1.450682755778094480e-11 3.947330379175313976e-11 8.331906278704889919e-12 -4.032884792097138906e-11 -3.829978039354847149e-11 -2.418532874689209421e-11 -1.852112793650900843e-11 8.580746755125024785e-13 2.161532066754276929e-11 1.873835523064169591e-11 -8.534512600839383989e-12 4.434107446556074432e-12 9.711772382491003450e-11 7.554572630049290122e-11 1.479469420962909020e-11 1.301474359476759471e-12 4.389258179493281495e-11 1.562827235723977689e-10 2.784217853602666731e-10 4.054400114454341597e-10 6.642792548869481873e-10 6.964330409512835955e-10 3.410755196583183383e-10 -2.760115242812349325e-10 -1.150807600273599438e-09 -1.226539607669105645e-09 3.538857902030661373e-10 3.732372147687555664e-09 5.644807454203497041e-09 3.990007667250236700e-09 1.282070925700462317e-09 1.928882733779011876e-09 8.263729598282571461e-09 1.279375660865255450e-08 1.277038760628700015e-08 6.024983051070441271e-08 1.940058876512150605e-07 3.863711148971729063e-07 7.307617775573452450e-07
-1.752235785345553267e-06 5.305981290077691342e-07 2.742824817044191134e-07 8.171225659017639954e-08 1.971603836563644077e-08 6.081517998065752794e-09 6.830465715277975831e-10 9.281439075398629162e-10 5.559080169217147097e-09 3.569841858413708877e-09 1.043619225263514640e-09 5.335619539147130719e-10 1.735896994113718290e-09 1.298437277098906362e-09 1.085434595229384774e-09 3.474329198624377330e-10 -9.038530993285088326e-10 -9.023584141968929754e-10 -1.096372541870301638e-10 3.690599858256513632e-10 9.100916573073660740e-11 3.352239764856032170e-11 1.594121880029525614e-10 1.142240106941114168e-10 1.670313848039450459e-12 1.907876324324463449e-11 4.047230264013107597e-11 8.570854956649577320e-12 -3.670635613613161921e-11 -3.691705398505086157e-11 -2.526804856282601370e-11 -1.971751105951285842e-11 1.531626759361926119e-13 2.224396814451673314e-11 1.720003364772511867e-11 -7.708353431131869206e-12 8.908421782624466953e-12 9.892079231306546108e-11 6.993388582130614198e-11 3.215279189883572173e-12 -1.072848108195850641e-12 5.304638760192986643e-11 1.604848219362102379e-10 2.632734237635388138e-10 3.938181371626286140e-10 6.607391749084330510e-10 6.976440293003083352e-10 3.452052775764195401e-10 -3.043341585040254007e-10 -1.172302022396345623e-09 -1.227472658379304159e-09 2.851964478824158876e-10 3.618072893522122174e-09 5.590599001062703542e-09 4.118836326016671854e-09 1.576158420233630192e-09 2.481595358122954518e-09 9.133137710245246327e-09 1.385381573485431753e-08 1.398337139917178986e-08 6.203529431095310758e-08 1.983982297767866365e-07 3.977890206772153970e-07 7.622792083714295122e-07
-1.926910219124300432e-06 4.872382139873239341e-07 2.611762328659704897e-07 7.655841822870251941e-08 1.777325511853386173e-08 4.780003764514059263e-09 -4.202020890259791753e-10 3.411605791450869553e-10 5.363388267213408812e-09 3.509732215616683909e-09 1.132017931355541678e-09 6.476314976743523724e-10 1.847715764635085302e-09 1.316537800229442331e-09 1.037453967692694943e-09 2.842307534878875385e-10 -9.522190727623020740e-10 -9.342862349340060480e-10 -1.173395927455273678e-10 3.744803181861461643e-10 9.331789614115116697e-11 2.792727967445478613e-11 1.424428704848019917e-10 1.001647748612744474e-10 -4.447592557070174716e-12 2.070184621116184242e-11 4.375492618407054135e-11 1.170189238762725465e-11 -3.427857553237478790e-11 -3.478509582288328247e-11 -2.299628352133533851e-11 -1.870691026495987889e-11 -9.864744410872925589e-13 1.970993015651635347e-11 1.712728381108706271e-11 -7.963438468158635703e-12 6.445793609203530776e-12 9.870880272903809580e-11 7.562353842938574007e-11 1.127103949235837880e-11 7.116975375928385826e-13 5.429333544211584953e-11 1.617541570542099270e-10 2.698707484275475443e-10 3.940920885427170737e-10 6.523928182726960317e-10 6.824767642488268088e-10 3.074341443884788667e-10 -3.313470871190342662e-10 -1.165583876117505514e-09 -1.183811036905652107e-09 4.454663754870240878e-10 3.779057268380607851e-09 5.619805548365661594e-09 4.019497369297761395e-09 1.227594600781169224e-09 2.060205104579619237e-09 8.763270983390406014e-09 1.385721725648394477e-08 1.496984393187795518e-08 6.478261707482160205e-08 2.000426941530802296e-07 3.970710470276384014e-07 7.453602828582501144e-07
-1.171556387572872324e-06 5.094263060328094738e-07 2.663599447190012368e-07 8.102217005179878162e-08 2.045809003937868334e-08 6.503412119747966253e-09 6.528632264025597454e-10 9.569527965788826803e-10 5.515533671785910539e-09 3.496864279019884341e-09 1.163323328953409334e-09 7.182978366392808577e-10 1.898367000332012313e-09 1.384623763970814895e-09 1.062586557334015009e-09 2.582591110425427834e-10 -9.504917341944254148e-10 -8.892164952816939336e-10 -9.910090283946153316e-11 3.749995718517395939e-10 8.909396808818544312e-11 2.860710465592143967e-11 1.600944976558782976e-10 1.179376543183214706e-10 6.996779541068602702e-12 2.035830307484221041e-11 4.134900466359662326e-11 7.479461731938726925e-12 -3.852673304879060490e-11 -3.674953889418279207e-11 -2.166150078050127834e-11 -1.728230613716001371e-11 -2.186879650026217210e-12 1.772327010847798284e-11 1.555293159837692923e-11 -8.887288121617288826e-12 5.880024248382459874e-12 9.806414251449306266e-11 7.477628580074812735e-11 2.082988346815065582e-11 1.448770337946374253e-11 5.942202337070454398e-11 1.664760101496904944e-10 2.672438186952843566e-10 3.660722287790355238e-10 6.263235884204936893e-10 6.935278719755665268e-10 3.724280482618294287e-10 -2.541601322330037793e-10 -1.163159079615666017e-09 -1.270296623117349134e-09 3.460797449096843464e-10 3.788738882503740742e-09 5.722140470356325912e-09 4.082044229702057942e-09 1.171306667995418997e-09 1.822068462143975076e-09 8.746168544435386606e-09 1.359574405361879119e-08 1.259495690862345296e-08 6.044401320592907781e-08 1.956094455262591492e-07 3.948576478215028095e-07 7.556151239716361819e-07
-1.478231975810188219e-06 4.836132319420945500e-07 2.560717192855272144e-07 7.514796107628198377e-08 1.613271219190539301e-08 4.471340189536536707e-09 -5.217243557009056979e-10 1.982252968549961072e-10 5.415723982744735339e-09 3.679586677151332457e-09 1.263564136231149198e-09 6.555855824229932337e-10 1.811780095769246570e-09 1.265690669978897885e-09 9.358414684541984545e-10 2.102276011993610600e-10 -9.902523778996802931e-10 -9.318975383826107076e-10 -1.180893811850413895e-10 3.789407808678075334e-10 1.134360237674902478e-10 4.896348885667878627e-11 1.715380394603071879e-10 1.217581817483172694e-10 1.416423371603649584e-12 1.209568446338491378e-11 3.507275229580002001e-11 7.112025565095415085e-12 -3.581778790451593903e-11 -3.518134029489541329e-11 -2.285545258069093657e-11 -1.798412205871456614e-11 1.429906064992084565e-13 2.184073876740421025e-11 1.689687022208375517e-11 -1.016969609309749722e-11 4.064545246044543649e-12 9.480373768142286193e-11 6.972408866704290547e-11 9.321839872768705863e-12 4.703222485748650282e-12 5.618125405370439131e-11 1.612533553665536535e-10 2.693491437954557889e-10 3.823330097471346402e-10 6.471340941229412859e-10 7.071517651521222240e-10 3.630577949005214353e-10 -2.489640313356141543e-10 -1.118839162355462779e-09 -1.196925514953850041e-09 3.352923805838480035e-10 3.673091485345440630e-09 5.556297556009744233e-09 3.908560702576062329e-09 1.108841388694997532e-09 1.808189577691656060e-09 8.577669426029656266e-09 1.349009722649886649e-08 1.315364474886916795e-08 6.049463292652216049e-08 1.944391066438000166e-07 3.875874151449141404e-07 7.477524052352833042e-07
-2.122066642681467114e-06 5.652508572331118789e-07 2.883132495362992801e-07 8.479485793490783445e-08 2.033775868774954848e-08 7.010783849692615183e-09 1.456375098479009220e-09 1.302990655937166876e-09 5.575264799252303501e-09 3.408312372296028181e-09 1.114921274457891371e-09 6.634492469676481960e-10 1.863483720931730749e-09 1.346457645052427819e-09 1.040150460242514004e-09 2.470497234533551184e-10 -1.003400589780851329e-09 -9.300801479673286565e-10 -1.166643141640248328e-10 3.663829940500116391e-10 7.969030556050831045e-11 2.538286235594078540e-11 1.618637118742320163e-10 1.192994695382115681e-10 3.823254893585198489e-12 1.244760773618013520e-11 3.466070310805855034e-11 4.369124001882689079e-12 -3.612213349618717003e-11 -3.574570454532968944e-11 -2.497966808871934019e-11 -2.139237564011598946e-11 -2.177004020024592237e-12 2.061566068832604992e-11 1.555916011805123512e-11 -1.050238187562041474e-11 6.306494928770015931e-12 9.894683389570719373e-11 7.189243822067481268e-11 8.556350911903635605e-12 7.325633904105759829e-12 6.145027092425797918e-11 1.700960670014446424e-10 2.818222402235683239e-10 3.930623234891928187e-10 6.473992290398882995e-10 7.047202419541494252e-10 3.680923558994198089e-10 -2.305894446657799594e-10 -1.109439591762000460e-09 -1.239819479755523590e-09 2.985766936670466550e-10 3.661811034226746551e-09 5.636648976916304152e-09 4.047110150963866566e-09 1.460369697784185696e-09 2.402000830858835940e-09 9.208469467593685342e-09 1.417404838331984565e-08 1.541738576554737716e-08 6.587682274591585243e-08 2.046522267194224022e-07 4.034710669223434950e-07 7.608640902661730745e-07
-1.514053436993777281e-06 4.577908401210182986e-07 2.427587760913172902e-07 6.990506807678293924e-08 1.656800685901791929e-08 5.497562532975168162e-09 1.772181634887114785e-10 5.531555741827569454e-10 5.175373320070917079e-09 3.178271870160479949e-09 8.805490364253378333e-10 6.316356504404214205e-10 1.963058640572651123e-09 1.415004617806288973e-09 1.113984831622542195e-09 3.300877351959297080e-10 -9.430171593727188331e-10 -9.415619863128233705e-10 -1.349305675100756165e-10 3.630229062498547260e-10 9.286615132214207041e-11 3.232853247421735789e-11 1.534851157533746297e-10 1.102852305684773046e-10 3.929465329694260825e-12 2.031270336576194312e-11 3.867620297333826405e-11 3.327704009734653162e-12 -4.234943241351774982e-11 -4.031264611621079490e-11 -2.867205005247264522e-11 -2.242499691394378772e-11 -3.996423107315342819e-12 1.757654258374005580e-11 1.876348338710594040e-11 -5.060316167821761181e-12 1.030496420498210130e-11 1.013975139018809663e-10 7.707150210403504813e-11 1.142911320046393986e-11 -1.745047719728680899e-12 4.861201025334402255e-11 1.640052409645043586e-10 2.789946094383379498e-10 3.977619939156445144e-10 6.571592563869555743e-10 7.070810163568722065e-10 3.354084542079684904e-10 -2.881838340826566013e-10 -1.128210455263038095e-09 -1.164182167391375877e-09 4.293344089322622938e-10 3.729360288249119911e-09 5.617030156271640014e-09 4.008660446285762004e-09 1.323518104971204738e-09 1.868683257577641124e-09 8.777887133445677923e-09 1.463954207747651416e-08 1.604523946511822799e-08 6.716620574116265309e-08 2.086030813720750324e-07 4.205304885850441654e-07 8.027743132396770346e-07
-1.425240166925321810e-06 4.952889490200454409e-07 2.655419530371107613e-07 7.933872768560752137e-08 1.893931228112907904e-08 5.502645907985213845e-09 1.071827828041103015e-10 8.010588777310599138e-10 5.577698169001117163e-09 3.709286428955164323e-09 1.319536265892757407e-09 7.793601181881119488e-10 1.922200161539178940e-09 1.347892721131283332e-09 1.062680937527930150e-09 3.266337009428132542e-10 -9.295222524421356825e-10 -9.123296072653465940e-10 -1.256483276950839504e-10 3.660555931828896942e-10 7.647568063628374592e-11 9.874953426997590694e-12 1.480775479668214243e-10 1.149950309916300804e-10 4.772201469880315288e-12 1.878766991403678607e-11 4.021479331475020110e-11 8.231692293604822479e-12 -3.616084529385868909e-11 -3.553851169021894264e-11 -2.294641247544774057e-11 -1.951169770073550254e-11 -2.442463555394491590e-12 1.927922539049090193e-11 1.734166647324082427e-11 -6.773495428259758397e-12 7.788023179304578422e-12 9.886791188846808446e-11 7.228912152181662058e-11 9.079901569103568831e-12 6.299227072823797200e-13 5.239738103922159108e-11 1.613440889724339577e-10 2.712232064159020926e-10 3.878227218383804040e-10 6.489028429776033315e-10 6.929944999107602296e-10 3.458901359697585433e-10 -3.054938374550586361e-10 -1.179473460014540148e-09 -1.216668168557901606e-09 3.632544968277628153e-10 3.744291227702651434e-09 5.714452551211725543e-09 4.111985881382767052e-09 1.233519016835469890e-09 1.901081931373319922e-09 8.458192432387759406e-09 1.296686981723238017e-08 1.242105382321143225e-08 5.952217467341918264e-08 1.919385566188959650e-07 3.772202554671936854e-07 6.892473507926627793e-07
-1.887319022613809295e-06 4.458111507610882023e-07 2.411764403767284347e-07 6.646154957404886117e-08 1.336374593394497092e-08 3.510144542060821647e-09 -7.118271369381685149e-10 2.413976839423059057e-10 5.328300870081977159e-09 3.488399388035338555e-09 1.124116526463204098e-09 6.719695864987487190e-10 1.833494690604016433e-09 1.326201636390102429e-09 1.033936892302582398e-09 2.922813008547305852e-10 -9.535155570234740103e-10 -9.390469283374961664e-10 -1.423832535340320824e-10 3.547606801462991986e-10 8.119050410766188621e-11 2.873506535628785422e-11 1.628114025834188866e-10 1.156670337805254800e-10 2.155918006426192930e-12 2.237082572719895976e-11 4.551373391608919283e-11 9.690035874700069297e-12 -3.796962529875083384e-11 -3.790488945109705772e-11 -2.600118225970644727e-11 -1.974405072952346230e-11 6.281230460480968598e-13 2.048660757977880567e-11 1.478227198978960818e-11 -1.160577046726021763e-11 2.850525980355814804e-12 9.533457060000408795e-11 7.087592081917594898e-11 6.732780115827430928e-12 7.757311464583850351e-13 5.424266791516779475e-11 1.633276510791489458e-10 2.804445836531119094e-10 4.092771263018356878e-10 6.838393290236582519e-10 7.377407786360083679e-10 3.852802592890579167e-10 -2.555604826449027837e-10 -1.139123196892411766e-09 -1.193004199196106187e-09 3.819887162654402934e-10 3.714296870466709157e-09 5.584597596084971520e-09 3.962103950136325378e-09 1.253931210215694421e-09 1.957768779461720795e-09 8.429391713151024966e-09 1.281724534529229131e-08 1.180223489334408541e-08 5.701203907452857988e-08 1.833113824778080848e-07 3.592728945350358551e-07 6.755390207318852946e-07
-1.251317731825658956e-06 5.065573506370154955e-07 2.646633394908006196e-07 7.677388147278280984e-08 1.779791389200967580e-08 5.589813210168417885e-09 3.596163732938130427e-10 7.437088362280212635e-10 5.565150591999742942e-09 3.731715765829916168e-09 1.223795442786135389e-09 5.771270444851858656e-10 1.765275208346750187e-09 1.282641974233226151e-09 9.876914067149239583e-10 2.235604570965983073e-10 -9.953791712743206963e-10 -9.189735232946728362e-10 -1.121235027793928781e-10 3.829937709796617737e-10 1.136257712159183941e-10 4.908061479692939527e-11 1.671269679035881220e-10 1.178807957645556063e-10 4.001624088143979498e-12 2.223787294103165663e-11 4.228261490529825551e-11 8.714944837325279085e-12 -3.807175872856417000e-11 -3.743185097140187424e-11 -2.410895621202464997e-11 -2.065613800353880117e-11 -2.174363366778584407e-12 2.020410111814914815e-11 1.598726097409565009e-11 -1.071910695507082174e-11 4.237474426815052214e-12 9.474573410357322513e-11 6.958360891286319447e-11 8.798121731969337815e-12 2.217812999213684789e-12 5.342275091071380127e-11 1.583801788742592217e-10 2.746348022032387214e-10 3.955858862523870133e-10 6.654711315417348429e-10 7.353660747630794511e-10 4.074880534498977323e-10 -2.080740314209679745e-10 -1.107560213218933188e-09 -1.230928654670282616e-09 3.555155295646759063e-10 3.744184203325713034e-09 5.640337995642996283e-09 3.891469760939622345e-09 1.129420549647207865e-09 2.098375769609656283e-09 8.789296827784323915e-09 1.337367694117610038e-08 1.310071712116112647e-08 6.037382127377692482e-08 1.945433418240125140e-07 3.942600017866724149e-07 7.720970865204034929e-07
-1.258242334536736739e-06 5.355647841835366366e-07 2.720734780382696275e-07 8.059107411329199400e-08 1.861410870853321541e-08 5.360289171944125622e-09 -9.981926405120940675e-11 3.485431066390926034e-10 5.268151080182948470e-09 3.304549439551489143e-09 1.011393348898171841e-09 6.808400349246819471e-10 1.907205243219790987e-09 1.393400099382744176e-09 1.035913420390416767e-09 2.362762830263297182e-10 -9.632851334422741809e-10 -9.151721316835959916e-10 -1.187519059252087640e-10 3.730892257703912638e-10 9.795547445863511308e-11 4.010591500127114877e-11 1.724183526044004940e-10 1.249904862502435473e-10 6.777735410329230821e-12 2.023084560148387908e-11 4.043512379682377593e-11 6.606348131211160021e-12 -3.976410814895207367e-11 -3.856527642258926469e-11 -2.471535083898344319e-11 -2.008915331512248785e-11 -3.467480746314399151e-12 1.569346517040602045e-11 1.311102739867708520e-11 -1.059067271006239658e-11 6.070910759025229185e-12 1.017166037203488752e-10 8.005738669442752952e-11 1.765709967462089336e-11 1.004715389830589077e-11 5.819650768192735758e-11 1.634898642174795815e-10 2.686951927859222687e-10 3.769249388090095447e-10 6.396351333891235727e-10 7.132743901747665877e-10 3.781113419189390523e-10 -2.428527739891062435e-10 -1.137589936389376416e-09 -1.250109677210751068e-09 2.897344940085223517e-10 3.664097996866655118e-09 5.639857640529352408e-09 3.970219572798262174e-09 1.209299322286295389e-09 1.966874074194659342e-09 8.614884932119156257e-09 1.337301609651676085e-08 1.353778873464136850e-08 6.093885762294693801e-08 1.934276582835350479e-07 3.839536255457954877e-07 7.281083268515284576e-07
-1.416435483609054987e-06 5.650536015935467246e-07 2.836773121522632248e-07 8.200885027308360931e-08 1.897795938679891201e-08 5.661449265748318930e-09 4.804085260908134588e-10 9.168255402512186935e-10 5.366073235057126227e-09 3.318919531004228414e-09 1.117030385077807480e-09 7.090021642246243232e-10 1.883181101678167942e-09 1.361292490455084259e-09 1.040810546290362149e-09 2.449213475950253956e-10 -9.925115140166128897e-10 -9.438669156947804062e-10 -1.203469719164244498e-10 3.689446554695495658e-10 8.634492164274733061e-11 2.529502291605192956e-11 1.584098669317202532e-10 1.137683587210551435e-10 2.475075606298655102e-12 2.063918670174839318e-11 4.292734176087886548e-11 9.801554994695376794e-12 -3.791584778016688168e-11 -3.829401548810625983e-11 -2.511353691295939410e-11 -2.029025989978106529e-11 -2.982823898538351498e-12 1.747434406597991850e-11 1.381578165400892768e-11 -9.438488565980597981e-12 6.834758630947354554e-12 9.834197465831949251e-11 7.405384158729561726e-11 1.700501480933474533e-11 1.294926196421090154e-11 5.516411365679464390e-11 1.642727257272943737e-10 2.815115306717968381e-10 3.941802296307526424e-10 6.448574598115598205e-10 7.022381667453231141e-10 3.578561184428741936e-10 -2.772772506156084398e-10 -1.139894282308903164e-09 -1.198536410892713389e-09 3.835434355252856935e-10 3.738753684487586338e-09 5.623831551751393321e-09 3.940966477893711877e-09 1.116246643040419461e-09 1.915740332804169021e-09 8.988182541017478908e-09 1.394054751862354987e-08 1.438939067829172295e-08 6.397124886700300352e-08 2.003044904103570977e-07 3.928053780149740045e-07 7.366398167565656776e-07
-1.511894192447561602e-06 4.337966006508455399e-07 2.323639035526276619e-07 6.633964643633193333e-08 1.376124700080954108e-08 2.788064719201586580e-09 -1.080011182072263169e-09 2.649476428593118966e-10 5.393248929324909936e-09 3.502097185695509078e-09 1.157979508454938136e-09 6.545783653705450512e-10 1.884173001508467910e-09 1.345950164289805164e-09 1.007342798893059895e-09 1.746402894374465920e-10 -1.041612145373837273e-09 -9.611319861925481720e-10 -1.294708470535854298e-10 3.695119018200842601e-10 9.561307955674175029e-11 4.146853382451847364e-11 1.692158198189825370e-10 1.207829452392428208e-10 5.932562735304801476e-12 2.105220299742901241e-11 4.109611990298988787e-11 6.448356059583678572e-12 -3.880860279878973223e-11 -3.841831963973468781e-11 -2.717072825558336925e-11 -2.245757399992005538e-11 -2.698488567624373518e-12 2.126992598560935525e-11 1.892099485007464832e-11 -7.028148087889851478e-12 4.022971861721519280e-12 9.254412657059950197e-11 6.817712026474333841e-11 1.302641307996480002e-11 7.043188777468421353e-12 5.746380429818494281e-11 1.675563767392019826e-10 2.766956570181280301e-10 4.002641057493009445e-10 6.641710165416253644e-10 7.142586315312790973e-10 3.610692663112770630e-10 -2.567132505978129802e-10 -1.142404743969951117e-09 -1.221293230359868176e-09 3.374007615622600069e-10 3.744507850882912800e-09 5.708076598626200398e-09 4.097027332678051168e-09 1.513175295412564778e-09 2.334189229695857129e-09 8.650527689266149510e-09 1.360584276653098770e-08 1.469062360413208127e-08 6.469383424694682118e-08 2.015742475647762095e-07 3.914219047210577788e-07 7.300058154150472256e-07
-1.848320396656376237e-06 4.723321936068152596e-07 2.471844108219391496e-07 6.945222399435841388e-08 1.563002052949845832e-08 5.385885815049538161e-09 4.010694909572151567e-10 8.973283472412818644e-10 5.637630076573336117e-09 3.591308535266683306e-09 1.213148848016209483e-09 7.036549763813602715e-10 1.885123589645383811e-09 1.359094286469783387e-09 1.035240080914918191e-09 2.461614197007847053e-10 -9.703933968363812051e-10 -9.237990970266887181e-10 -1.059204363544394098e-10 3.796363681830924130e-10 9.242495483924179060e-11 3.214731383230920988e-11 1.601937535546834660e-10 1.178051312616333167e-10 8.510793413643739037e-12 2.311462635949503979e-11 4.342618549511844268e-11 8.336940591402834174e-12 -3.718135383450876737e-11 -3.797857700154899930e-11 -2.893016355956083425e-11 -2.354948957852765936e-11 -9.653633957110404349e-13 2.232180786849064532e-11 1.944561297643031774e-11 -8.050704154074331411e-12 4.082096079198992851e-12 9.559905967023954871e-11 7.324726222653214965e-11 1.426041311346367511e-11 1.019297512543644124e-11 6.304796005425412032e-11 1.664164732168915179e-10 2.689955865281934140e-10 3.811183796595646100e-10 6.432939722826470478e-10 6.986772878188517332e-10 3.748353191032963638e-10 -2.686014391681875243e-10 -1.162379433636257452e-09 -1.253472539904972000e-09 2.858251673320160729e-10 3.669965788991239549e-09 5.600308185364633363e-09 3.906486269760859138e-09 1.397389384843268010e-09 2.511689297900858613e-09 9.579638892496970034e-09 1.460638475217335878e-08 1.571178532833799817e-08 6.504470482530533063e-08 1.989822022561532382e-07 3.900988144172816410e-07 7.289550035515416548e-07
-1.619523868477026180e-06 4.166003080087565906e-07 2.268320801799590863e-07 6.323017193773273495e-08 1.251104002795781946e-08 3.418896830825820722e-09 -5.218093078656253563e-10 2.510629274907465084e-10 5.227141570212361633e-09 3.317045932604479180e-09 9.195531225080454653e-10 5.928103753750920372e-10 1.860834601692600433e-09 1.370213228259190835e-09 1.091240181729866088e-09 3.103077956371284603e-10 -9.528943488988562852e-10 -9.433045601924306298e-10 -1.290322976690778796e-10 3.695666103743669956e-10 7.961712374715212143e-11 2.458398086584191400e-11 1.639982898001187947e-10 1.174042176985676768e-10 7.327240882572843241e-12 2.084310930623648060e-11 3.977742768381880469e-11 9.820583947649121197e-12 -3.550447427619977915e-11 -3.792485328178984842e-11 -2.752029314707096179e-11 -2.130474611275707005e-11 -2.333449691758854635e-12 1.911230256546715494e-11 1.689280483412027900e-11 -8.219114414528315348e-12 5.965201829779332359e-12 9.812048020915794160e-11 7.499696156932155459e-11 1.569070471477970378e-11 9.954045825839406157e-12 6.138614651851861190e-11 1.704689071427742200e-10 2.749535649972391046e-10 3.862276405352412790e-10 6.396775578866432792e-10 7.042372215885855422e-10 3.671047207391989830e-10 -2.497357941215693876e-10 -1.097628835089690102e-09 -1.184396951506499820e-09 3.593645210868373231e-10 3.703426993879758244e-09 5.703416985672486928e-09 4.195612055939272172e-09 1.414245398000810890e-09 2.197999969594315193e-09 8.944895277224137437e-09 1.322230528012023657e-08 1.278515492438190435e-08 6.041627672235866914e-08 1.930042649202736135e-07 3.815785437386061275e-07 7.236120305700716603e-07
-1.896290042570373817e-06 4.914839440456843689e-07 2.633071423341876930e-07 8.013814782928714697e-08 1.891152913785051559e-08 4.998895650137912136e-09 -4.747540399021624678e-10 3.797801710686087716e-10 5.455356645300027832e-09 3.624887913693887394e-09 1.194046853129325231e-09 6.914735736995632964e-10 1.879897616886919245e-09 1.388517750536679522e-09 1.102005718782950515e-09 3.013825560692843891e-10 -9.610458214345461423e-10 -9.424210085029400826e-10 -1.346942639785750996e-10 3.655980963789895956e-10 9.632829822865957062e-11 3.975486771918253863e-11 1.705604534427447781e-10 1.174509424011077178e-10 -1.183760590837433183e-12 1.515622091476752818e-11 3.911410272490646747e-11 7.482939605230049949e-12 -3.639870800939448627e-11 -3.525185990483391945e-11 -2.566533408887827394e-11 -2.055657947559220168e-11 -6.416940059539741070e-13 2.056342122905891179e-11 1.588528681853259654e-11 -1.012647392637669916e-11 5.248278231914263915e-12 9.550406972799566937e-11 7.260513854723572569e-11 1.460229872469384115e-11 2.919394420063881558e-12 5.723482806931045958e-11 1.707337998675072349e-10 2.772966066565183955e-10 3.854849332899333388e-10 6.407918413340334072e-10 6.824689467610791837e-10 3.390689035426399348e-10 -2.762299735714258695e-10 -1.141162638712463588e-09 -1.225612429935025520e-09 3.252820637328197212e-10 3.683481048107265284e-09 5.603455336499756625e-09 4.049105829882017290e-09 1.628446430690520362e-09 2.351103711700827746e-09 8.818849540321877918e-09 1.365011174199895146e-08 1.327055589877459072e-08 5.982125121675668483e-08 1.880134515642342944e-07 3.642140994846927366e-07 6.699849767053182663e-07
-1.662157043362913459e-06 5.632465551182766779e-07 2.895244843096565325e-07 8.898459178071238281e-08 2.339977175052327144e-08 7.938111879621059567e-09 1.128065754819903988e-09 1.338036821241819745e-09 5.899289152363985351e-09 3.813491287748763845e-09 1.160512592920173502e-09 5.634778942488516923e-10 1.787401107565224300e-09 1.319627512741224845e-09 1.063159668591295758e-09 2.739063812101241792e-10 -9.500466403297573774e-10 -9.149125499093163793e-10 -1.194156473493845090e-10 3.574943650872075104e-10 8.431186158793606785e-11 4.118733100985318737e-11 1.769811488082261399e-10 1.280415014104166843e-10 1.262465271390338409e-11 2.126141552631615576e-11 4.189131930842665618e-11 9.850738397683760165e-12 -3.443208500022742226e-11 -3.327571736820728409e-11 -2.174305392776621331e-11 -1.957728164606733588e-11 -2.328706077405061797e-12 1.951153927070630887e-11 1.678242418485611578e-11 -7.360428072458537722e-12 8.638778897985228591e-12 1.031920662463004056e-10 7.683585379084873991e-11 1.221669036700573956e-11 3.784896576797392183e-12 5.649389834808125772e-11 1.693331244671158894e-10 2.757712346596933886e-10 3.817741834017001615e-10 6.339041677419389118e-10 6.980068017828147903e-10 3.620713283587435924e-10 -2.611368991911276180e-10 -1.132899836758998410e-09 -1.241331650937806509e-09 3.377439033405276134e-10 3.779639639069728734e-09 5.695396943100554193e-09 4.042546253083976142e-09 1.213752209527448872e-09 1.976285875809016073e-09 8.791641301992104085e-09 1.372166353117805094e-08 1.440508305495273047e-08 6.502322377188871143e-08 2.048682414226871019e-07 4.089853388873623442e-07 7.804726939749135627e-07
-1.870481907051762647e-06 5.322590988315165079e-07 2.780694875743003486e-07 8.403029017209784987e-08 2.070517066481162980e-08 6.093486770626810689e-09 4.292166420555217640e-10 1.029694824787128663e-09 5.674398113387204753e-09 3.578211226383868378e-09 1.119959567249351571e-09 6.309863871397431935e-10 1.863412199208717949e-09 1.339919567111309947e-09 9.957923199097574144e-10 2.432095710850063246e-10 -9.760288439876238983e-10 -9.148857034523392085e-10 -1.248942871811003069e-10 3.553270255128845863e-10 8.562198242184356969e-11 3.560161581384374069e-11 1.656181837808485304e-10 1.147874361711087510e-10 1.685275297399238714e-12 2.014645552691325059e-11 4.117584397225428002e-11 7.419727721771849132e-12 -3.700619559466263433e-11 -3.728539014764473024e-11 -2.734521410217419043e-11 -2.315283622141133868e-11 -4.522134929649099015e-12 1.758365691122896071e-11 1.726740631032503735e-11 -8.315577189406822551e-12 4.189083804459131895e-12 9.689748230907703427e-11 7.429031217123022086e-11 1.376503280930392070e-11 3.105282600143776106e-12 4.702231262046559874e-11 1.448214964009491849e-10 2.541185065529860083e-10 3.829495880908565890e-10 6.509093759657281812e-10 7.057662055474556165e-10 3.427486085194260527e-10 -2.996347443746715896e-10 -1.183691761218927825e-09 -1.226778415574991078e-09 4.209606877502492503e-10 3.796936465533036212e-09 5.634993783461639693e-09 4.021638857197519601e-09 1.321126284522326628e-09 1.959525255800109278e-09 8.445854807251346520e-09 1.329678076454993688e-08 1.384550629718403251e-08 6.258743248955994547e-08 1.990946199651814881e-07 3.938655859386877798e-07 7.379402688583239180e-07
-1.236291226061377346e-06 4.881213589344494031e-07 2.554794100437363734e-07 7.415971681617532437e-08 1.692898566582610766e-08 5.387985006056400738e-09 3.421584414978239264e-10 7.739448263443351772e-10 5.462005686021822777e-09 3.588308106628430069e-09 1.210805619926222943e-09 6.389605685701496446e-10 1.828183532387802625e-09 1.345239659309141993e-09 1.023762472102193738e-09 2.541551727948230738e-10 -9.565078910338739687e-10 -9.062072300104576128e-10 -1.089031606609099248e-10 3.678041588453025842e-10 8.550434230973700600e-11 3.072971177945275781e-11 1.644364668972081384e-10 1.175962824898397366e-10 2.367060398777500202e-12 1.877887781402193316e-11 4.136197917547123703e-11 8.554853986810449563e-12 -3.750839041199060630e-11 -3.697943453157706842e-11 -2.574269806092335119e-11 -2.178900970292858136e-11 -3.228756681166750784e-12 1.875962900529841568e-11 1.513745732051043893e-11 -1.105521086470636474e-11 5.777301475631470481e-12 1.002765454506020286e-10 7.767520213074058061e-11 1.805334686262244638e-11 5.043672919239927933e-12 4.764613256132687828e-11 1.508627555708752137e-10 2.629409326297036171e-10 3.859309559745441255e-10 6.484023483597933644e-10 6.915025265954276246e-10 3.437720899846589504e-10 -2.689018814787861136e-10 -1.160635918892097302e-09 -1.225803577780871771e-09 4.087193179336557646e-10 3.817346311035624087e-09 5.742452687905209711e-09 4.160646853469104425e-09 1.565417391586424998e-09 2.499685770535330256e-09 8.989000785438071503e-09 1.376339023857726776e-08 1.321791796750289770e-08 6.014170255473578813e-08 1.921903674802867495e-07 3.789981977179872296e-07 7.200199213986379936e-07
-1.472856537310781371e-06 5.237450593427098858e-07 2.684270548927660389e-07 7.840600526393989911e-08 1.744053527436849804e-08 4.237325070681175839e-09 -5.031751729361353881e-10 6.735567141405097600e-10 5.552102538133454158e-09 3.563395164807676980e-09 1.263824323028068647e-09 7.458038721999356658e-10 1.917372204950330045e-09 1.390723110957625682e-09 1.089051140173535244e-09 2.544132262760712109e-10 -9.868171783506710945e-10 -9.153350639002513851e-10 -1.024559325011185052e-10 3.676950334249998697e-10 8.928451892425799748e-11 3.374216971779070338e-11 1.631925708118859958e-10 1.200295343462717377e-10 5.686295302350219471e-12 2.113495649212818805e-11 4.185501666591945479e-11 1.094337510420964468e-11 -3.378638240538499046e-11 -3.677594688111466937e-11 -2.638244718073805348e-11 -2.230417636871536071e-11 -4.939264636447498650e-12 1.693872823410174964e-11 1.487023466711753100e-11 -7.409056625284581642e-12 8.050202499635340575e-12 9.711433594152769794e-11 6.962771598126184791e-11 7.251328122683231176e-12 3.894928927900247931e-12 5.222270433877712415e-11 1.530441297251622509e-10 2.665228309653459534e-10 4.002862240259377598e-10 6.836546010943097301e-10 7.399864657124763205e-10 3.811550983428047449e-10 -2.644385668064215129e-10 -1.144647010278790772e-09 -1.228956226380123865e-09 3.715807229592751149e-10 3.777104852885196061e-09 5.645766502556484149e-09 3.941722719919423954e-09 1.161838650155708040e-09 1.751561089941868843e-09 8.439642599584265670e-09 1.315814305255351106e-08 1.237459767073731697e-08 5.803369043220443350e-08 1.886685462575295955e-07 3.725275114188485134e-07 6.963990561030211026e-07
-1.510919387123011133e-06 5.091857554463953916e-07 2.589476362432485132e-07 7.336854368116728306e-08 1.574112084964310278e-08 3.935732431432550142e-09 -5.346024228604961485e-10 2.547616909381108455e-10 5.114116242335867388e-09 3.462354393900119836e-09 1.268114494608196952e-09 7.251047081308517133e-10 1.846847937741255964e-09 1.315289724508291201e-09 1.049131484297325138e-09 3.003190218365689317e-10 -9.249313505934585034e-10 -9.148300185976588078e-10 -1.416380112525692445e-10 3.499115524617992204e-10 8.868397898438355438e-11 2.106351464815922025e-11 1.509694252349946910e-10 1.082214392827238702e-10 -3.145470982054126877e-12 1.748221884001491900e-11 4.197663145385707763e-11 1.035726406249782760e-11 -3.558340963569143980e-11 -3.725381900180018565e-11 -2.596132765054999661e-11 -1.856659950034201514e-11 4.271874987880689686e-13 1.976250726438788223e-11 1.507567524093990764e-11 -1.074901578530691899e-11 4.525803536180810081e-12 9.485315677703904368e-11 6.932929138030284500e-11 1.002985288211323604e-11 6.010402293853353378e-12 6.191463738450139245e-11 1.614315557594721098e-10 2.623812264179759142e-10 3.875324920239216198e-10 6.587745638351461236e-10 6.935810108999004890e-10 3.294460888232491789e-10 -2.960966583754993244e-10 -1.176579600040609565e-09 -1.250869890570606112e-09 3.184269298221936283e-10 3.738587847200448315e-09 5.708793441984554884e-09 4.038854942984591778e-09 1.070629782579544031e-09 1.676122764236859101e-09 8.217908307888088706e-09 1.309433901477870018e-08 1.372292010585278677e-08 6.397960158644604337e-08 2.034971142236353351e-07 4.087002243608320838e-07 7.745315574322034031e-07
-1.564599920893533304e-06 5.214969314059528109e-07 2.720288622132848376e-07 8.027396809529665711e-08 1.896636477116268693e-08 5.519163087183035295e-09 2.233141403993253063e-10 1.196446135182971098e-09 5.804884988827258499e-09 3.464256673047743701e-09 9.906970510081546940e-10 6.102591697963523146e-10 1.931005694330014606e-09 1.414480297881515129e-09 1.052783364761206146e-09 2.150254705064344947e-10 -1.051124124540505572e-09 -9.830490980496962520e-10 -1.234051703353854528e-10 3.781184287711942685e-10 8.374315380892299562e-11 2.294203479521301742e-11 1.638282558901116335e-10 1.275495037132982558e-10 1.317620538837504624e-11 2.104246462829671160e-11 3.590550829744709806e-11 5.933315770079529445e-12 -3.479862576542690741e-11 -3.485582458004923387e-11 -2.503710847765051333e-11 -2.142715484400518098e-11 -1.798101765747250359e-12 2.132408852035378246e-11 1.857829756421789370e-11 -5.469455049690430454e-12 5.485524764523094511e-12 9.234526882949760202e-11 6.971758932131943686e-11 1.530564446390259696e-11 1.067653064837445067e-11 6.152873287013083943e-11 1.661044351963249931e-10 2.758136687414398521e-10 3.966374315543643586e-10 6.504175248531356856e-10 7.034439046329351151e-10 3.743732553924672611e-10 -2.379728249254355378e-10 -1.112636166347596925e-09 -1.227735794984856727e-09 3.508260394137884286e-10 3.730279928594625479e-09 5.638673927685136566e-09 3.931540291170397805e-09 1.037666838121153518e-09 1.573004574456304375e-09 8.247797160905121870e-09 1.273121162879364388e-08 1.222528436502845139e-08 5.905517388655889333e-08 1.902271803875199733e-07 3.761398583523160417e-07 7.098278594622888905e-07
-1.628004905058240528e-06 5.240844685530372080e-07 2.694603315914877808e-07 7.838612206216224297e-08 1.684114209952411872e-08 4.504710523483914846e-09 -2.787993532739004687e-11 7.474052203854989561e-10 5.581059314175704704e-09 3.724112929613682147e-09 1.164878389696940129e-09 5.260582323579119562e-10 1.775527862172458305e-09 1.286708302972750090e-09 1.004616125100249323e-09 2.665987908092414190e-10 -9.537660287002095394e-10 -9.131334044279989186e-10 -1.040703283907620384e-10 3.720563432673895141e-10 8.673774509442641467e-11 2.360633749288954125e-11 1.572333231399621343e-10 1.183117977289283061e-10 5.365481030009831961e-12 1.973571332543978950e-11 4.025014073498924593e-11 6.344089205764886064e-12 -3.905043937357288989e-11 -3.814761417717162259e-11 -2.709624798285777822e-11 -2.131016632642850554e-11 -3.553732841509234637e-12 1.803690893325016202e-11 1.669983192218906927e-11 -9.080503015944460904e-12 4.111428064300522659e-12 9.776475095888175929e-11 7.845790097598552805e-11 1.960041696177153506e-11 6.773253731024211576e-12 5.195172011098855801e-11 1.571012699037993620e-10 2.614010514412103994e-10 3.743461726709173467e-10 6.466311186243331852e-10 7.088806028461520103e-10 3.537523375702762456e-10 -2.897109844848343124e-10 -1.119659542916425693e-09 -1.196535736999000869e-09 3.742735682541240838e-10 3.770225036010057039e-09 5.717916469967994553e-09 4.235430897434529523e-09 1.738533101311366181e-09 2.418526938199762515e-09 8.980157938017440041e-09 1.475332667444168715e-08 1.655720579815923202e-08 6.717666773410244136e-08 2.076100211491642102e-07 4.175655851984151105e-07 8.011366501928441069e-07
-1.787657303680139576e-06 4.740052833248552763e-07 2.507523925515340027e-07 7.056720408981329696e-08 1.470815134084119439e-08 4.921757837523687665e-09 5.693191483158678132e-10 8.017786458716513503e-10 5.450734936404797129e-09 3.336028702237290402e-09 1.011307336296219435e-09 6.357307341501984817e-10 1.854723344803082720e-09 1.344271302715654168e-09 1.044164784560431214e-09 2.763629346116029371e-10 -9.444589979829545650e-10 -9.090558792743230428e-10 -1.150576141307859729e-10 3.690180061909270712e-10 8.950689641752830752e-11 3.262021614248305749e-11 1.589208041865104657e-10 1.147629765168072072e-10 -1.925705305000341128e-12 1.010767549690907185e-11 3.902839676074532832e-11 1.037885248894892899e-11 -3.707315766831585296e-11 -3.636674760926265474e-11 -2.379848443901978840e-11 -2.007602455687775892e-11 -2.373962466322996876e-12 1.856460699363153513e-11 1.547575202624442268e-11 -7.902487828847416293e-12 8.790765162982136182e-12 1.010637993001071364e-10 7.540435329008366368e-11 1.513485323068780993e-11 1.230290517980575595e-11 5.890382190799381933e-11 1.587247777814276312e-10 2.620170709285194582e-10 3.617756308817564782e-10 6.177481740907369103e-10 6.950959118128218241e-10 3.651915316427643587e-10 -2.519042411033732680e-10 -1.126599401441066947e-09 -1.213702045324801946e-09 3.404484173202662985e-10 3.733083359804754121e-09 5.740188648171740791e-09 4.254317569695862624e-09 1.634254727477512510e-09 2.390096641048099639e-09 9.046727437494102673e-09 1.379728894146578872e-08 1.418261882313182253e-08 6.253524560085208471e-08 1.952208821378609057e-07 3.872895214071374822e-07 7.347748091810193405e-07
-1.398895254712433697e-06 5.048404617917853731e-07 2.604847766163988733e-07 7.605719421678149260e-08 1.667338566299453212e-08 4.195376546029102697e-09 -2.469243099258505787e-10 7.595554647292466971e-10 5.570504913330201745e-09 3.530067865288698745e-09 1.120019660810756487e-09 5.587988680406216164e-10 1.781216194274565998e-09 1.340339147331497232e-09 1.052509606938176733e-09 2.852518978968229389e-10 -9.459534488776003736e-10 -9.124745449756372922e-10 -1.146511941428058348e-10 3.659470021026495742e-10 8.267974475715367319e-11 3.463487392777700937e-11 1.607944116038238187e-10 1.209979725270223991e-10 9.123096255046763442e-12 2.095536551950103621e-11 3.876401117098071326e-11 5.706028874860774990e-12 -4.047811346671735920e-11 -3.720204029655882187e-11 -2.455441192535138220e-11 -1.885786111648369943e-11 -5.612552994126001715e-13 1.952430539712577820e-11 1.525036762410323324e-11 -1.014879335362269235e-11 3.900148030911045347e-12 9.493716706675234790e-11 7.304154079926027904e-11 1.462787468621227550e-11 9.547756493605311547e-12 5.668692122509575509e-11 1.545091355794887869e-10 2.628748665521537060e-10 3.887109446027043930e-10 6.544284518594171333e-10 7.018454242508429925e-10 3.464864991275975586e-10 -2.909890655121493073e-10 -1.128305959524255135e-09 -1.164952418498335096e-09 3.894542126820104780e-10 3.716565898932943270e-09 5.632370065092901317e-09 4.051981166254834665e-09 1.390203845384324121e-09 2.038777882057152618e-09 8.649248850137676907e-09 1.353361704802085472e-08 1.435680856781028564e-08 6.375946571591066020e-08 2.000196181032983722e-07 3.991966097156725985e-07 7.476428528640091410e-07
-1.821554451974716284e-06 5.221450858547094070e-07 2.767171233575078297e-07 8.300168833768504765e-08 1.967012365733038590e-08 5.581602490055005822e-09 1.626075761157266432e-10 5.572249558468426054e-10 5.387289665264457057e-09 3.527235778742587583e-09 1.175576278733078760e-09 7.046104468149730514e-10 1.916158245054309026e-09 1.348968021426222760e-09 1.034799429425392089e-09 2.398276991787863881e-10 -9.968147527839227339e-10 -9.471574214321986581e-10 -1.392265690151836469e-10 3.718253683513261066e-10 9.291156679022808109e-11 1.749479855402756674e-11 1.550515141488088667e-10 1.155803825780488086e-10 5.511251298745568798e-13 1.404826431357622360e-11 3.990220519398550426e-11 1.055865812027587973e-11 -3.311101677309442685e-11 -3.469369385765151434e-11 -2.659806865592028230e-11 -2.218637777414151915e-11 -4.003487452820033273e-12 1.685875377806825441e-11 1.630280849538816155e-11 -5.840438195915179654e-12 7.352749314836973602e-12 9.960022159853534342e-11 7.867489071707658214e-11 1.753431187458633710e-11 5.663525488851864770e-12 5.079093164791374679e-11 1.594812623802291490e-10 2.628004705535364314e-10 3.745417279825787965e-10 6.381537597449670990e-10 7.173829812416172247e-10 3.902714686071050562e-10 -2.444362539130433172e-10 -1.138077183694468527e-09 -1.224441499532161768e-09 3.734718350830035000e-10 3.786756000242278956e-09 5.689612219179421246e-09 4.030609175555563189e-09 1.273822498605568725e-09 1.879911224521788227e-09 8.654911956632897926e-09 1.347706586022048565e-08 1.376799241933148934e-08 6.170768569292176898e-08 1.969682943440281242e-07 3.915424170341572425e-07 7.351738776858722961e-07
-1.769286837454364087e-06 5.279915932070165066e-07 2.731242685866565252e-07 8.108652149399308198e-08 2.018834116350337996e-08 6.261510519658731812e-09 4.272263002928602368e-10 7.572028803013771961e-10 5.484670676369030703e-09 3.646142678900075534e-09 1.181614700323506270e-09 6.575347439562263274e-10 1.886456319556702188e-09 1.393445281494196565e-09 1.054456779149562609e-09 2.758955688929853368e-10 -9.239090979234214814e-10 -8.836461335273044832e-10 -9.329315878473383532e-11 3.688907913131168161e-10 7.485377414674231839e-11 9.079766378010453683e-12 1.457506073394302126e-10 1.139161546965315535e-10 8.518852689268692018e-12 2.770460520813021070e-11 4.879084717341489156e-11 1.340711453771341503e-11 -3.759007252971744197e-11 -3.947823677154667257e-11 -2.546566586620249486e-11 -1.880170979897603174e-11 1.102217892194195970e-12 2.095732119013930845e-11 1.784716335456925924e-11 -5.639186735271890935e-12 1.123868848436341915e-11 1.010983235119205872e-10 7.323352890054197802e-11 7.892498667375320721e-12 2.173953436923743300e-13 5.583029363515824328e-11 1.701921006870680362e-10 2.742301095671536188e-10 3.895380029411791839e-10 6.529495942980494238e-10 7.160554044693222883e-10 3.606793804972017932e-10 -2.818874267695343915e-10 -1.165662965235010035e-09 -1.257054358689023058e-09 3.848844358835399700e-10 3.876854290326829596e-09 5.775465795150045699e-09 4.133096313830687095e-09 1.421666732921194563e-09 2.179924894875178078e-09 9.063419967815290464e-09 1.435919825073752340e-08 1.510226573888161691e-08 6.223810249848105066e-08 1.907083227766273498e-07 3.697824837688686151e-07 6.964205901443736503e-07
-1.600123054548128492e-06 5.212366753149748491e-07 2.700946572221993050e-07 8.072666395410979733e-08 1.967714011381008946e-08 5.964201907103858044e-09 1.683094070905223925e-10 4.915052512860145210e-10 5.291497489348122910e-09 3.458179511983801035e-09 1.065574524593529720e-09 6.490986510665832730e-10 1.851301926980761319e-09 1.318572579156530591e-09 1.032402802674083775e-09 2.928647930528760003e-10 -9.082872546105155434e-10 -8.872412025421087246e-10 -9.516811660158780980e-11 3.637129351719190711e-10 7.861353972052671803e-11 2.978695145910528515e-11 1.659807919435028371e-10 1.191817331097643674e-10 6.388446275737205916e-12 2.152978051487482854e-11 4.084089043562194005e-11 7.458179712627306518e-12 -3.739480910906463305e-11 -3.641218555526791591e-11 -2.684217951327114595e-11 -2.258330213033397737e-11 -2.851028975261557129e-12 1.948056533350033031e-11 1.758492612133768859e-11 -1.026473752201800332e-11 4.069229975890960362e-13 9.313958224854255030e-11 7.500209146333115615e-11 1.650868816380667532e-11 6.995120287763398409e-12 4.966122359397016511e-11 1.529330237747741736e-10 2.587649422805338229e-10 3.752386193318485756e-10 6.392061105086284462e-10 6.861086683399554149e-10 3.396406225238728560e-10 -2.701033349077299115e-10 -1.109086434125970859e-09 -1.166660197795221053e-09 3.906651805819810562e-10 3.752290102590375755e-09 5.723801451877202928e-09 4.101137437163233654e-09 1.305720853807504064e-09 1.904218233932145359e-09 8.681376512966368136e-09 1.385546883684676820e-08 1.584824835248769238e-08 6.802849798117924424e-08 2.100064689099679038e-07 4.227336428987175250e-07 8.146444761055707769e-07
-1.602226847887287518e-06 4.829778827156265794e-07 2.576272068419434844e-07 7.431377686303191169e-08 1.575224102837512572e-08 4.097513194956984244e-09 -4.146292471736821104e-11 9.340184584917931227e-10 5.622965515293511442e-09 3.746168506788830144e-09 1.479513734257875457e-09 8.291152552932239301e-10 1.856444181846427456e-09 1.306971300435027816e-09 1.050117674403682986e-09 3.292541807287339540e-10 -9.011266603474124242e-10 -8.955790482221100315e-10 -9.987210096065011786e-11 3.843765754401614820e-10 8.224245668315727617e-11 2.134018751163342203e-11 1.617237903273654018e-10 1.169433491652910039e-10 2.590504578838621029e-12 1.623382523288378630e-11 3.880677398226593766e-11 8.576356161255575256e-12 -3.559045308128733585e-11 -3.402679235177107366e-11 -2.270198622914123301e-11 -1.855272516297877509e-11 2.342373624564569093e-13 2.170265823867005680e-11 1.956297077239850873e-11 -5.534161213790258182e-12 8.713374311424643115e-12 1.005536274106975630e-10 7.470309528230103407e-11 1.239201936897541457e-11 1.204401158655770860e-12 5.242774461929999489e-11 1.565733066041434231e-10 2.670160758293321757e-10 3.970362380387524482e-10 6.616327267894215792e-10 7.010452343267842154e-10 3.599429256894142002e-10 -2.613101590300996501e-10 -1.134748797570427506e-09 -1.222832006876519131e-09 3.966276371019369864e-10 3.826245915289042752e-09 5.762455174857052938e-09 4.180313756062681300e-09 1.564058674653996622e-09 2.270877812493347240e-09 8.603263558338473388e-09 1.294473714458021092e-08 1.249312770139172553e-08 5.835565878307381373e-08 1.893311323650108943e-07 3.724019082578480644e-07 6.850891424030205130e-07
-2.143340435668048232e-06 4.904786348636070560e-07 2.606455316676521043e-07 7.708914157808495654e-08 1.923283528770040961e-08 6.136457867768458972e-09 -7.065041738010551613e-11 4.050545961496022862e-10 5.459214005267932657e-09 3.620216974106148633e-09 1.116178258980296481e-09 5.576498647563254655e-10 1.816150140146724038e-09 1.349556833895576058e-09 1.081169821494922498e-09 2.770138805664111221e-10 -9.679258166747008272e-10 -9.432940550281352321e-10 -1.416265690464783059e-10 3.413288720855288926e-10 7.579318428620188787e-11 3.689734853376159726e-11 1.687186012881670040e-10 1.181347126259862116e-10 2.729716944222107132e-12 1.680378327614770339e-11 3.746419227641620089e-11 8.621731550972807561e-12 -3.501087286489969606e-11 -3.526113603551778432e-11 -2.388381290320852035e-11 -2.017387660065394617e-11 -1.590504715304064155e-12 1.824880960210646656e-11 1.444075295919182234e-11 -1.026028846884574840e-11 4.953002653778186539e-12 9.693136429058943509e-11 7.481598344269130314e-11 1.671539047365412605e-11 1.131828705661525835e-11 6.065562429441807986e-11 1.715998958440114163e-10 2.836695809829376405e-10 3.918253179326338721e-10 6.338025419117912741e-10 6.883328267973221380e-10 3.595729340129051866e-10 -2.749295870857424936e-10 -1.113930986203472975e-09 -1.180309315806364592e-09 3.788399916101854518e-10 3.733502889568461769e-09 5.645938254804526290e-09 4.108166419551509359e-09 1.530398584561267552e-09 2.384452180906266693e-09 9.101213059627428578e-09 1.366433483879266306e-08 1.319115742201266015e-08 5.970408162571208481e-08 1.892713758474925536e-07 3.718801274767575794e-07 6.981019596377234265e-07
-1.338533070807356099e-06 5.236003291504462656e-07 2.705090643938686771e-07 8.036035669617388516e-08 2.023587951757981113e-08 5.592832083649647185e-09 -1.850950875806341062e-10 4.401842166471530010e-10 5.247760933185120458e-09 3.370861414502324175e-09 1.004581361280628118e-09 6.253534465253703273e-10 1.892709061390041577e-09 1.377494839722544410e-09 1.071241979117180991e-09 2.822255391317642438e-10 -9.770099093302137968e-10 -9.487982244053579770e-10 -1.450921850280723139e-10 3.517416176342263250e-10 8.335411763567540850e-11 3.585874232698347214e-11 1.694421216419229306e-10 1.239025052213648782e-10 1.198359316265490375e-11 2.376214914524627904e-11 4.239959450730308600e-11 6.996422895791981013e-12 -3.912508479729565363e-11 -3.735230603280096722e-11 -2.376005404053351993e-11 -1.885573554277406889e-11 1.857466313749664123e-13 2.333576367458728374e-11 2.045975276632425824e-11 -6.038388475018157190e-12 7.061759663824122491e-12 9.663391281894617466e-11 7.367004638340554547e-11 1.919419501876190899e-11 1.309462407141662423e-11 6.093727985946378969e-11 1.747224294763992855e-10 2.822558301904598867e-10 3.887334042131478342e-10 6.407482217620528165e-10 6.821714630098380269e-10 3.221829588359306138e-10 -3.026520787661257465e-10 -1.159413628417643679e-09 -1.275060752931101649e-09 2.423292215283383658e-10 3.585016126609986396e-09 5.562443676558332181e-09 4.006374099836885520e-09 1.233195982669524135e-09 1.898427014918075276e-09 8.436133215724981058e-09 1.364191762258489032e-08 1.454331456599514364e-08 6.467679956948378489e-08 2.019193614063326722e-07 4.012946389820053229e-07 7.749703071995454633e-07
-1.646838760596475992e-06 4.986131749240226458e-07 2.617244048854252231e-07 7.513808723198665960e-08 1.590858217472100599e-08 4.294947326924984856e-09 -4.458441057814937921e-10 4.001619997480130316e-10 5.474921845811801050e-09 3.676036861641867620e-09 1.175104118161431397e-09 5.710093520849752967e-10 1.789793458664171125e-09 1.312357015819928560e-09 1.042448544039456247e-09 2.904733079234201387e-10 -9.508340928207581993e-10 -9.230969165885387993e-10 -1.161656960470455304e-10 3.720104510791214010e-10 9.216742228201707247e-11 3.363794982415110707e-11 1.672246488072326480e-10 1.211098074136579097e-10 9.655864156192935636e-12 2.129709872674709095e-11 3.588827827195644108e-11 8.460595207200021756e-13 -4.465999046827605488e-11 -4.136067726892799414e-11 -2.697552464207133490e-11 -1.973324016768489907e-11 -1.818398828459506545e-12 1.856368496237098482e-11 1.493703183632463296e-11 -9.758994689483405111e-12 7.247224614836428315e-12 9.896845509450666623e-11 7.387595525741185238e-11 1.505751584020464661e-11 1.004939316269285270e-11 5.881329617026020545e-11 1.650618851832636151e-10 2.769187819864416243e-10 3.912400251203519802e-10 6.397905837303938138e-10 6.958257414025828650e-10 3.738711952476700461e-10 -2.428713515159560995e-10 -1.100862838588879192e-09 -1.130458231340913971e-09 4.645355538528588750e-10 3.824180914474049992e-09 5.647251804439794402e-09 3.910365318582215169e-09 1.307863571816713050e-09 2.090992995925662913e-09 8.571948396454472970e-09 1.311418619787169304e-08 1.254997597249837264e-08 5.775010359457198547e-08 1.839036075028627952e-07 3.538429558801864220e-07 6.432555084726798690e-07
-1.710015786252680115e-06 5.201867819838696616e-07 2.655663374829158390e-07 7.614366365105737464e-08 1.596862503991163842e-08 4.215387455350172224e-09 3.942459733296237490e-10 1.226311326945561770e-09 5.831252668670486046e-09 3.600068843415247349e-09 1.205221281000778956e-09 8.012330979871550226e-10 1.978564732103108794e-09 1.444706963617021733e-09 1.069990174954890943e-09 2.309509239001543158e-10 -9.816680593500370686e-10 -9.209946286540107648e-10 -1.042859495371616452e-10 3.792663211248921896e-10 9.770324093304519593e-11 4.804565197464952713e-11 1.786417440962582469e-10 1.210293487097879215e-10 -1.058175689896112190e-13 1.236377212772572203e-11 3.587003602160339469e-11 7.678273229289928698e-12 -3.673051837405133850e-11 -3.622588624815939621e-11 -2.490066515466303076e-11 -2.082480253668992455e-11 -1.365569383061943022e-12 2.197288000550159236e-11 1.854900948253549991e-11 -7.818832519125097485e-12 4.015938190238193318e-12 9.262726277743611965e-11 6.940004113481918746e-11 9.660881909663034063e-12 7.828103017221760455e-12 6.247524236533852845e-11 1.663783457531063231e-10 2.644806651702909135e-10 3.855940677177722361e-10 6.636280603191491876e-10 7.178053043143287919e-10 3.371032164748834587e-10 -3.052094391913827794e-10 -1.178237438579710858e-09 -1.273730917768576557e-09 3.037453033152608079e-10 3.638510094312924128e-09 5.582287188210508748e-09 4.046496727483445414e-09 1.264383270303407594e-09 2.100925545261197590e-09 9.265591021683122343e-09 1.476424189615757242e-08 1.553720910815561793e-08 6.519426349760239146e-08 2.021286639882692505e-07 4.046892117706508539e-07 7.852525219209728422e-07
-2.220277420420905056e-06 5.148247711295024396e-07 2.630112139552521300e-07 7.730080713783118624e-08 1.833240137699312655e-08 5.496108344299335760e-09 -2.984255511572445991e-10 2.884340490885691337e-10 5.283130868183475892e-09 3.531112262446554948e-09 1.230374820468655231e-09 7.546656900446321552e-10 1.935240005835030505e-09 1.402676890616711082e-09 1.135799524269016771e-09 3.248910765494179410e-10 -9.532053698737065936e-10 -8.974379084681732271e-10 -9.628735028717355308e-11 3.827636895623777470e-10 1.088314842819361666e-10 4.363174987443342498e-11 1.698470099636147608e-10 1.219000372124085841e-10 7.690869971298695036e-12 1.966703847149331532e-11 4.213232621369670810e-11 9.127519775940173704e-12 -3.776119745426368190e-11 -3.796275143737549922e-11 -2.497856835871310347e-11 -2.048458588135211874e-11 -2.344679920311277774e-12 1.962325320932122998e-11 1.748259278873755279e-11 -8.761434877603248202e-12 4.362387452023264488e-12 9.667914187822313413e-11 7.360848423548783410e-11 1.600972022402299700e-11 9.437673404616483343e-12 5.455364588684346895e-11 1.649349484099171649e-10 2.736772976257841205e-10 3.918428796391833218e-10 6.573084706376658684e-10 7.097220731733907636e-10 3.638400972147191347e-10 -2.564119931587089243e-10 -1.110282907360199231e-09 -1.143708475972910091e-09 4.337655879530354808e-10 3.751784484554100501e-09 5.631469146747602688e-09 4.129308132887134368e-09 1.556647713008883261e-09 2.328153044404380213e-09 9.120131772131384131e-09 1.410633237060660426e-08 1.459850760899743123e-08 6.387866973941401274e-08 1.997254552056932488e-07 3.946259247324115671e-07 7.364916278000737303e-07
-1.351936743113886874e-06 4.319156197494757245e-07 2.234091958397768708e-07 5.904357778362751844e-08 1.062516755522338301e-08 2.407689110252151898e-09 -1.111513361230739593e-09 8.028115311354989339e-11 5.281200328175097236e-09 3.454946903537758206e-09 1.118607275775385754e-09 6.251783363740194096e-10 1.824414682770452733e-09 1.351627428055243933e-09 1.075618290266194462e-09 2.963840762301731537e-10 -9.543234818264204397e-10 -9.165961969293755409e-10 -1.205529285627722750e-10 3.536131250573543208e-10 7.968481316744101054e-11 2.125135164182201835e-11 1.472029934655927816e-10 1.088915978504982743e-10 8.499142554766103951e-12 2.179815478631515577e-11 3.776578592205862212e-11 8.482167278476279068e-12 -3.565182800201530563e-11 -3.510482538286318347e-11 -2.292915382473629466e-11 -1.715878293763065031e-11 8.452587464528363369e-13 2.079409473694869282e-11 1.518664669343997734e-11 -1.109167934798567049e-11 3.605774710845935828e-12 9.811347217447747672e-11 7.338870281917910550e-11 1.282913989369067538e-11 7.576351409364599081e-12 5.849083280430728362e-11 1.718347895754933156e-10 2.892910029389889489e-10 4.020098574672180325e-10 6.561024036887015944e-10 7.122180213420210486e-10 3.629328548707989451e-10 -2.757796209794160862e-10 -1.143714567661933117e-09 -1.197550970233745157e-09 3.898776845395590919e-10 3.776284188768010393e-09 5.751897607637225027e-09 4.136155521639233139e-09 1.381750950769693424e-09 2.177699012275786008e-09 9.201753189673777685e-09 1.440746080262323710e-08 1.512947192721116097e-08 6.437492170942923918e-08 2.014449432769361978e-07 4.023267427506849782e-07 7.586090918371640336e-07
-1.375229363404081388e-06 5.156212883803820829e-07 2.621384182198287357e-07 7.616191830142790838e-08 1.653927132504483413e-08 4.237397604750605304e-09 -6.085164125487835739e-10 4.603721386476623756e-10 5.374967658450194010e-09 3.489750203860208657e-09 9.676646118764300692e-10 4.802994989789983883e-10 1.746537859735177123e-09 1.268433949093907133e-09 9.820186065951772549e-10 2.438734413192240648e-10 -9.531418823270122759e-10 -9.104589388816108772e-10 -1.052126326991321475e-10 3.872317523729226889e-10 9.539808801852106136e-11 2.940746476157273206e-11 1.608937753817832611e-10 1.150748043169792206e-10 3.960237622972357305e-12 2.013861948356860217e-11 4.198278772082980063e-11 9.212956778426968596e-12 -3.759775635712704334e-11 -3.630581418543264741e-11 -2.350275051755781412e-11 -1.811143578553453143e-11 3.123476311376353445e-14 2.126845375023048820e-11 1.862200835661040457e-11 -5.543481766363422106e-12 7.056822711102678855e-12 9.611259960550197206e-11 7.101601601826357102e-11 1.201222759839939322e-11 7.267193870250673115e-12 6.310040221153966074e-11 1.740100433931736349e-10 2.834248053676163221e-10 4.041517048791222265e-10 6.644839097997639861e-10 7.045611023812250271e-10 3.534826898742284729e-10 -2.738361445543678176e-10 -1.105373406540099096e-09 -1.174644630983653547e-09 3.695277012197035652e-10 3.643481846432978498e-09 5.587600224740303015e-09 4.099986102579978834e-09 1.340539111343708966e-09 1.955619298956357904e-09 8.505895327979243509e-09 1.343001978175562981e-08 1.418753709352086704e-08 6.427126537129314897e-08 2.023445194121760047e-07 4.070093243707620168e-07 7.785281096264244270e-07
-1.893674636832072517e-06 5.371823207714285284e-07 2.733787721580174597e-07 7.877314454073534448e-08 1.829213810671639750e-08 5.303528342878677283e-09 -6.275138872350447810e-10 -1.645944220960590795e-11 5.146257305412344841e-09 3.399184596165419044e-09 1.098578633900992912e-09 5.609048798535160548e-10 1.791255024286526056e-09 1.315000576130328954e-09 1.070083490589060260e-09 2.914340324821539080e-10 -9.510971408506773311e-10 -9.271719679336028463e-10 -1.169338933258852720e-10 3.820102190787115713e-10 9.713910770383969360e-11 2.986339433796434491e-11 1.553641262149265559e-10 1.151102045114225780e-10 7.697538425899416577e-12 2.309614468683149514e-11 4.041739785727522453e-11 7.000087381513473399e-12 -3.699859249782923897e-11 -3.757450238013710629e-11 -2.649976527165737605e-11 -2.295891613128297743e-11 -2.422136040038136412e-12 2.224930436535304874e-11 1.852817771769899717e-11 -8.807947254466076439e-12 3.869043608496970402e-12 9.630743884054723965e-11 7.530840199013341997e-11 1.672073213610712923e-11 8.605361200424295877e-12 5.475342374951113515e-11 1.562378305516622821e-10 2.645413312093356552e-10 3.868924580627372599e-10 6.537290010387479437e-10 6.947155342778071353e-10 3.365384085958967456e-10 -3.072288769704343674e-10 -1.154556070050791227e-09 -1.149710591780182112e-09 4.754556114651557747e-10 3.792427641672674317e-09 5.664356362401815263e-09 4.043727998428204467e-09 1.339725919113742258e-09 2.062715530874337589e-09 8.831813657477625317e-09 1.346859030987154014e-08 1.446346769282854963e-08 6.242735697855973502e-08 1.915273057180011755e-07 3.695321247023936306e-07 6.821419506560932171e-07
-2.051728171976544284e-06 4.940642873631748044e-07 2.625375297974817880e-07 7.624908882594124285e-08 1.699301112204183936e-08 5.055974502398143061e-09 -5.838055641118128562e-12 9.434592355825574263e-10 5.649257651380772960e-09 3.629418781445510950e-09 1.108226272381919036e-09 6.581043083645470906e-10 1.843727335150368221e-09 1.306719024717076428e-09 1.005475449331140023e-09 2.479529371992461378e-10 -9.706210070199350763e-10 -9.308074320097152679e-10 -1.256402290098220346e-10 3.773799868107857101e-10 1.015496451312878154e-10 2.743247853533454679e-11 1.527212874099338223e-10 1.090065202338703266e-10 1.371230061905011005e-12 2.218800071505536162e-11 4.639274330593825648e-11 1.254070484260265388e-11 -3.577745280605854342e-11 -3.858720100868661052e-11 -2.761964978996421066e-11 -2.062257619483226646e-11 -1.791428191161657492e-12 1.878020222694532358e-11 1.568264352254826365e-11 -1.084002093783215767e-11 3.057168460420708167e-12 9.275789626001773586e-11 6.970816128547300809e-11 1.330763392751529848e-11 8.747008631280764538e-12 5.478188499489749729e-11 1.591021547501736014e-10 2.772722685118684167e-10 4.061101058388583959e-10 6.631123106574302784e-10 6.950639913060183742e-10 3.350938231036973970e-10 -2.771629109420632709e-10 -1.112815388656637828e-09 -1.189316949347593597e-09 3.441694727465010002e-10 3.623309847420579458e-09 5.520833018703057378e-09 4.088337508486346168e-09 1.501132550106997003e-09 2.144248791343986206e-09 8.625988118468352475e-09 1.361826473444476347e-08 1.419041687924682150e-08 6.290417018990171620e-08 1.988755608075728112e-07 3.949896596491640381e-07 7.447070998592353712e-07
-1.584600063657261732e-06 5.410655611518215550e-07 2.750293292056540372e-07 7.968528267727532128e-08 1.936918788005844388e-08 6.652451801533644836e-09 9.278862460308958728e-10 9.724424912460257201e-10 5.696723466256048716e-09 3.536673707827402814e-09 1.014600879512410719e-09 5.866551337666811087e-10 1.873786911935580802e-09 1.335976170905677438e-09 9.978563215137525677e-10 2.320047472095602956e-10 -9.695708078366465052e-10 -8.872015419628151506e-10 -8.544329932517915090e-11 3.829407121403179256e-10 9.431608629720668512e-11 2.324808019125700198e-11 1.608796761624004584e-10 1.209329336554954211e-10 8.276208342631127539e-12 1.981782613621613327e-11 3.879214918961330873e-11 7.714295251444647959e-12 -3.622374285114010624e-11 -3.801329860308892909e-11 -2.682283140367101173e-11 -2.035386188197658037e-11 -8.846963895280557091e-13 1.962373919369942595e-11 1.716643384442614542e-11 -8.281483295839949822e-12 6.331976203049966050e-12 9.634955656297889002e-11 7.520200171455567573e-11 1.738558689609606563e-11 4.867673382397256021e-12 5.479699706428996269e-11 1.645897214062609797e-10 2.889849120831706958e-10 4.067691776482906215e-10 6.596909364233947709e-10 6.925265493994915072e-10 3.357643849914932524e-10 -2.734574356599433083e-10 -1.113556895947734072e-09 -1.138557186820829687e-09 4.063336300845040694e-10 3.705390621898808020e-09 5.636851340696656684e-09 4.058609576671618050e-09 1.454103837510220185e-09 2.200761207382982905e-09 8.742891865055484921e-09 1.402930205077047631e-08 1.529317006538958823e-08 6.415810560186278932e-08 1.974967185429791362e-07 3.895685507804275120e-07 7.383691198997523778e-07
-1.404227685043462096e-06 4.980650498273972404e-07 2.576052194220930975e-07 7.494291909595225833e-08 1.554431952733834343e-08 3.610765811182162360e-09 -5.942231666550867423e-10 4.102025078067502553e-10 5.294051619406047628e-09 3.408479820106752440e-09 9.808339968313376803e-10 5.676804755451073651e-10 1.866497316285159755e-09 1.343899119560171825e-09 1.031228381122772762e-09 2.720693009580314415e-10 -9.642250665634202930e-10 -9.152095470023836396e-10 -1.107598737962639471e-10 3.669537281866889679e-10 9.204845636951496503e-11 3.201484803420742244e-11 1.541994510029240522e-10 1.094183394377157133e-10 2.261726997044020989e-12 2.195314766248631909e-11 4.286372794763148099e-11 1.091264488239126613e-11 -3.578953849594808983e-11 -3.510741472106162028e-11 -2.361817784775006693e-11 -2.047799106549692370e-11 -1.944356998079977980e-12 2.010753430598227087e-11 1.764659066973503319e-11 -7.810654633402150775e-12 9.597157601884218986e-12 1.034654254431204939e-10 7.917334136008100638e-11 1.306867168706669555e-11 1.146823149307034849e-12 5.574729907357215099e-11 1.646299447198137560e-10 2.763059112095612178e-10 3.911275518643035083e-10 6.427247212199333754e-10 6.837455855480457441e-10 3.352535458999010362e-10 -3.144747921835865084e-10 -1.164474895552508467e-09 -1.211407398081219176e-09 3.850123723094552945e-10 3.782159491762604528e-09 5.762752746148311053e-09 4.211773611428068988e-09 1.432833990005146815e-09 1.983355149986520853e-09 8.524400750647062325e-09 1.350823201888989394e-08 1.450748141565875405e-08 6.558435179521111707e-08 2.029056969570320203e-07 4.050302214079019792e-07 7.768901108604151603e-07
-1.710189969073641345e-06 4.688659526019797204e-07 2.418634736898826286e-07 6.579024310649184437e-08 1.411801695580476877e-08 4.205679816433707489e-09 -5.068783429871701105e-10 5.270221895724701919e-10 5.447035108390383634e-09 3.548015188317052854e-09 1.078225236894024688e-09 4.905387490687439967e-10 1.703470443332540917e-09 1.252930098894831451e-09 1.010292946106882452e-09 2.295740741243569905e-10 -9.828524095012600891e-10 -9.126178745064068972e-10 -1.082695507734733296e-10 3.731634977320255060e-10 9.737673719955583727e-11 3.440371712254951449e-11 1.538300656952840844e-10 1.096689755791055835e-10 1.542253330162821659e-12 1.780778812078344655e-11 3.856903316441880649e-11 7.906112356894112448e-12 -3.387604263883974888e-11 -3.539173765307376425e-11 -2.444185708678660494e-11 -2.002271159505778378e-11 -2.076721130122675718e-12 1.799973785129354707e-11 1.510014591118473082e-11 -1.063172223802519420e-11 3.457843447745728569e-12 9.623790841040976076e-11 7.143730887246690076e-11 1.270487416125989081e-11 8.443697010369534890e-12 5.442734980296451333e-11 1.495057622432307066e-10 2.521392947091100288e-10 3.743684911638395703e-10 6.460748279619367089e-10 7.087920003729903239e-10 3.894296358318744447e-10 -2.293015462885845230e-10 -1.120207708887539824e-09 -1.264342264392723345e-09 2.899721258575219983e-10 3.666129180885721531e-09 5.618802575251274380e-09 4.023919945570977507e-09 1.434396591762307094e-09 2.152125537373063051e-09 8.419676183887993690e-09 1.272411500148757903e-08 1.178456051099311768e-08 5.686598537924006927e-08 1.838734700978419461e-07 3.603690133377277690e-07 6.773049714785313592e-07
-1.922999056616742071e-06 5.195484278570628514e-07 2.648090507952704414e-07 7.518341501430207413e-08 1.664244044369293644e-08 4.730525349930117679e-09 -2.373798400249384324e-10 4.644987050353631287e-10 5.411890096625770267e-09 3.554097411562580368e-09 1.227880938123387290e-09 7.273125204682005644e-10 1.883815892527837386e-09 1.320571182948072121e-09 1.026177454454835866e-09 3.128303719396294916e-10 -9.559236238155615916e-10 -9.396511964523693084e-10 -1.241801927771318288e-10 3.790883066100711093e-10 1.104228712153815866e-10 4.740791188548358849e-11 1.683158687597459921e-10 1.139171799938303117e-10 -4.129986394222171489e-12 1.670101496300035882e-11 4.287708262009797582e-11 7.595828772415752115e-12 -3.712858656699301553e-11 -3.789263871349226499e-11 -2.635630823047239165e-11 -1.954393251071806327e-11 -1.846372355854452656e-13 2.055117862797700414e-11 1.638298291372520655e-11 -9.136382710223189243e-12 3.567741321208314194e-12 9.255575236482523524e-11 6.826737278702317373e-11 1.176734963986880993e-11 4.901587227670427331e-12 5.292425486177620401e-11 1.628955023368945099e-10 2.780242264565113479e-10 3.973582923313334834e-10 6.574701062492000522e-10 7.152904591783535359e-10 3.876572369784392369e-10 -2.234787430340203795e-10 -1.105030516599278417e-09 -1.197503564118888359e-09 3.385574524140547886e-10 3.683803165551041640e-09 5.530443121704377552e-09 3.807359770977812664e-09 1.150339156518149021e-09 2.003370379967913992e-09 9.033352723356654418e-09 1.445592824128535612e-08 1.530054980191048075e-08 6.516937268332320252e-08 2.035843595859984467e-07 4.005847362817702003e-07 7.594000888966781692e-07
-1.720646276512633269e-06 5.239398032949187059e-07 2.754808559939672831e-07 8.379759396540593363e-08 2.083068581312231596e-08 6.307085658370473720e-09 5.047985951235888495e-10 9.180643451384247996e-10 5.710553801672659975e-09 3.731066431376992304e-09 1.208460710198788501e-09 6.226173376521298323e-10 1.848618214863302801e-09 1.357448658423408568e-09 1.122857470574847396e-09 3.557963452366380769e-10 -9.333350160936595642e-10 -9.213368511837802155e-10 -1.315976594706947868e-10 3.368532123342193262e-10 8.877863451482946088e-11 3.645461259949248046e-11 1.625477004918215983e-10 1.109797902584320927e-10 1.893712098414890530e-12 1.845990915817132727e-11 3.680839235084189314e-11 4.646893647635420098e-12 -4.066215869477150175e-11 -3.742118851021315656e-11 -2.393241330972663476e-11 -1.822672551589442214e-11 -4.286764388139320353e-14 2.053211199980320552e-11 1.670642712773007840e-11 -9.645879921851837071e-12 7.665160764726475023e-12 1.027750977457667821e-10 7.579362410936125374e-11 1.003321623838505800e-11 1.280045398510498288e-12 5.107524667626017391e-11 1.566847876396205877e-10 2.709770963883350943e-10 3.849228132917495382e-10 6.429197930990033005e-10 7.059217361507526302e-10 3.421244440133336443e-10 -3.240435000706467859e-10 -1.235496049901262041e-09 -1.324278268012248642e-09 2.939345060728976081e-10 3.676182858081554683e-09 5.582642054721174187e-09 4.087497877600008932e-09 1.508821538694752422e-09 2.110346566067251751e-09 8.677410241980700475e-09 1.365226815903800437e-08 1.458812569260445445e-08 6.379726549886434956e-08 2.025356414528268073e-07 4.095608613069554980e-07 7.793089394286326825e-07
-1.564831923928005808e-06 5.235977694156427832e-07 2.670960455622389797e-07 7.674366557192559734e-08 1.705649959137749025e-08 4.691776314729355115e-09 -1.692377198914760790e-10 7.541906894302603599e-10 5.562943846444687782e-09 3.390422514272899244e-09 9.549951139632909861e-10 6.272292180756273296e-10 1.898575097484774915e-09 1.430408458118186017e-09 1.139018729173255922e-09 3.087266928560503079e-10 -9.565842172373823973e-10 -9.370505325864461949e-10 -1.391734768415615475e-10 3.533797885383444253e-10 8.444080208808602941e-11 3.384703052263972627e-11 1.701746497172362447e-10 1.218164302348007937e-10 3.983372564706906650e-12 1.795807733083429815e-11 4.102737274233976779e-11 8.485805245688632716e-12 -3.512228248983652864e-11 -3.443056270977114470e-11 -2.318793637022553105e-11 -2.020227356827929015e-11 -3.503856697825389516e-12 1.696815696483748572e-11 1.572213761395782114e-11 -8.513084474470773307e-12 4.079759682595922613e-12 9.714578949175569552e-11 7.432036229012000038e-11 1.387254578936722885e-11 5.758291898637973592e-12 5.731145388294920602e-11 1.576645197204579826e-10 2.646518358727548179e-10 3.822280331277207998e-10 6.502216336161797732e-10 7.123154653809869192e-10 3.937668971782796910e-10 -2.500178627125058240e-10 -1.155865913116549823e-09 -1.220935681226299510e-09 3.607964122184271808e-10 3.713756034054954445e-09 5.680817038907862974e-09 4.100164480977918703e-09 1.483657836342626419e-09 2.139966804634088528e-09 8.708105676116933189e-09 1.317111205550580955e-08 1.292549327062994155e-08 6.122173464120757252e-08 1.942828899665153761e-07 3.849247627673789724e-07 7.311469432264990526e-07
-1.319773305662611100e-06 5.509424754590184966e-07 2.833296618383256845e-07 8.160634276761311927e-08 1.928075733285250651e-08 5.474290848675825273e-09 -1.828712451976931411e-10 4.401589762594332425e-10 5.333271846761099348e-09 3.447475228974859991e-09 1.085316727256414420e-09 5.833352166469582260e-10 1.836773773588388802e-09 1.341553179048305012e-09 1.036793366312197853e-09 2.822742361024112032e-10 -9.362136347516294847e-10 -9.093078074807428633e-10 -1.130499486741931792e-10 3.659623258472379459e-10 8.579043036766857122e-11 3.350148487478181085e-11 1.657779590412564986e-10 1.147665491174403502e-10 -6.612324171700634048e-13 9.312255974789512265e-12 3.300634470721842795e-11 4.829273951695948395e-12 -3.707357693694799415e-11 -3.505890544081989090e-11 -2.426353069481596026e-11 -2.096038549331273340e-11 -2.413703193457812717e-12 2.016250472909546054e-11 1.714730932114898673e-11 -8.895106369241200461e-12 6.820429458906006809e-12 9.778554386207252370e-11 7.257890867859499865e-11 1.339135474876837028e-11 8.182275268765247550e-12 6.213368672211433288e-11 1.693078961512945475e-10 2.712068006653720913e-10 3.850614557617115734e-10 6.427699046088095741e-10 7.000071978030659702e-10 3.703603197802798186e-10 -2.542624967886912290e-10 -1.141295486397738393e-09 -1.181388843409202141e-09 3.695034150503315919e-10 3.725834733461712321e-09 5.664122050041645557e-09 4.048148002549968812e-09 1.343991785820572700e-09 2.110120778143698251e-09 8.684003174618652342e-09 1.363767413149190224e-08 1.375532157838813768e-08 6.107954967176030409e-08 1.947820602139007365e-07 3.916263042642501986e-07 7.503743039740291334e-07
