3.219847450768539149e-02 1.244937649223328523e-03 4.411466354766142091e-04 1.600056454249655180e-04 5.856822231710077638e-05 2.154230239224803642e-05 7.931995350834337513e-06 2.921281712086543084e-06 1.075050950175075397e-06 3.961587551357211532e-07 1.453084137262486521e-07 5.342263104180642234e-08 1.898161967270360264e-08 7.206443466736193182e-09 3.587018782585517438e-09 1.770007604721751696e-09 9.177432304704668241e-10 1.852531606504280601e-10 -9.172333092104736634e-11 -2.180323706000717197e-10 -2.427085574496189287e-10 -2.151360261630452214e-10 -2.403729133834358611e-12 6.760759293966563961e-11 1.085184763127382128e-10 -2.995343448967996877e-12 -3.960092620964821123e-11 5.951702593748634927e-11 9.667554627785799085e-11 4.916013997190780073e-11 8.343672529068127540e-12 -2.859772412954860864e-11 -2.054459854820569530e-12 -1.392523118186338886e-11 -2.946242171987341464e-11 -1.008676669375412758e-11 3.882468274904421067e-11 -5.059204287438547651e-12 -1.005929812888659136e-10 -1.096249523613244155e-10 -1.053288823112247544e-10 3.036395752446647657e-11 7.078504958987924543e-11 -1.166824447749782975e-10 -1.113414342887405768e-10 1.214255826970278112e-10 2.687406201741849695e-10 7.151789042663097059e-10 8.973220437888432531e-10 5.646044198223226767e-10 1.511845588077814760e-09 5.525825441093733866e-09 1.878321390566956593e-08 5.604638648686370038e-08 1.495475262177495767e-07 4.014425872884630400e-07 1.079946026467937121e-06 2.922345020222773689e-06 7.930506514940862433e-06 2.154425164760081420e-05 5.857267329844818491e-05 1.599568634756883012e-04 4.410032808417085372e-04 1.244511752077134088e-03
3.219787099122255192e-02 1.244862579430761626e-03 4.411238775456986761e-04 1.599994735824437659e-04 5.856828836156575117e-05 2.154267630742908078e-05 7.932626890115713174e-06 2.921955523222395124e-06 1.075575218100233026e-06 3.964960052460629096e-07 1.455308099522519391e-07 5.366653370176250879e-08 1.906176330475348724e-08 7.173957181271270060e-09 3.553667277633170405e-09 1.733534517526388325e-09 8.756716619627705413e-10 1.620773559041910007e-10 -8.290491804582141292e-11 -1.951091685293144476e-10 -2.165971382835917864e-10 -2.050296856267573941e-10 -3.284157465935269131e-12 5.704306823794581662e-11 9.409782081715836160e-11 -8.302514227005196822e-12 -3.905801499280784870e-11 5.849818666972637389e-11 9.432315581214356366e-11 4.637992395993267050e-11 5.353042899724650675e-12 -2.943227822464647203e-11 -9.564067939455196959e-13 -1.166990941025783725e-11 -2.932384683942672326e-11 -9.818313371096156161e-12 4.026261196789904033e-11 -2.004621021452335222e-12 -9.678813023308093906e-11 -1.114413781363382471e-10 -1.101724450706082812e-10 2.802025442526269569e-11 6.953391850801986640e-11 -1.133307797881143732e-10 -1.061338857893369571e-10 1.209926609491124094e-10 2.607245870952071934e-10 7.356766441122443646e-10 9.102948686355307845e-10 5.487121573294239897e-10 1.513946889313539074e-09 5.524051543971427711e-09 1.885826192259492643e-08 5.621458506605174918e-08 1.496850676557211443e-07 4.016162099139037416e-07 1.080107460318084376e-06 2.922358963524239776e-06 7.929539656535965095e-06 2.154144351093724088e-05 5.856802283252627390e-05 1.599502777247921502e-04 4.409859143083206439e-04 1.244463876236370694e-03
3.219795174810513583e-02 1.244899459110567104e-03 4.411442332614455087e-04 1.600053156214429457e-04 5.856774147016003405e-05 2.154156767969629316e-05 7.932176237876617408e-06 2.921977937428588981e-06 1.075584793546979489e-06 3.964308750342828193e-07 1.455244681947862412e-07 5.362336386176850453e-08 1.903602132353012962e-08 7.196098843238192688e-09 3.606148712618669196e-09 1.749438695018514977e-09 8.813057972389962623e-10 1.471476130879244546e-10 -1.045116694505101140e-10 -2.051566461478554148e-10 -2.292103269526429962e-10 -2.224926786559608241e-10 -1.941501999586624911e-11 5.510215023689099147e-11 1.054238887398982510e-10 4.821530185949656799e-13 -3.449986260616592249e-11 6.260443825741251770e-11 9.533774390450938508e-11 4.626527572009723396e-11 6.696441946922167170e-12 -2.674128878110719194e-11 8.957509838480104794e-13 -1.056196057586870957e-11 -2.916574224619096633e-11 -1.157589943044216751e-11 3.835655237467382743e-11 -5.822476350801092474e-12 -1.025000048270872160e-10 -1.103118257406400124e-10 -1.006419617809349369e-10 3.699766022107717735e-11 7.108025777874416137e-11 -1.277811426289556682e-10 -1.279787992864350864e-10 9.903859248308626299e-11 2.632036284418485863e-10 7.568463755395361126e-10 9.782483030369945328e-10 6.370009533976531191e-10 1.600959236016142398e-09 5.550514688585366988e-09 1.873956067991785630e-08 5.595987134545863021e-08 1.494199069618189616e-07 4.011965618983524880e-07 1.079616319167039784e-06 2.922172862952670846e-06 7.930067278075233244e-06 2.154259476802064630e-05 5.857010390309085323e-05 1.599557592458584674e-04 4.409943424379564087e-04 1.244458079343550112e-03
3.219804626011351506e-02 1.244922537347872013e-03 4.411458652170357044e-04 1.600051215229647160e-04 5.856763876695009061e-05 2.154137902393215293e-05 7.931973302355790645e-06 2.921723814511769370e-06 1.075346631854897184e-06 3.962968589075624041e-07 1.454494234909976762e-07 5.367775502034273100e-08 1.920202779481774101e-08 7.202279567885766077e-09 3.499388602107919470e-09 1.690767018354911165e-09 8.644645326085522645e-10 1.504159987840461285e-10 -9.782869340366805648e-11 -2.012010756848459328e-10 -2.192613370160615892e-10 -2.066462337849025537e-10 -4.138819423253553539e-12 6.035167290395357105e-11 1.003724967051813899e-10 -4.353782332926161540e-12 -3.375648166783599604e-11 6.654573072841011250e-11 9.916638012425077010e-11 4.851738847396105131e-11 6.130122859610928905e-12 -2.929579179899525237e-11 2.694515088202286745e-13 -9.676411737156708087e-12 -2.667797357415362552e-11 -7.719533993311987275e-12 3.981001387179932654e-11 -4.216265031792372721e-12 -9.806799499290288375e-11 -1.132240793799851829e-10 -1.093038224532563270e-10 2.606436544809713536e-11 6.298104067350127715e-11 -1.247693483818796502e-10 -1.193278370798931894e-10 1.198588592032566367e-10 2.686248056490253993e-10 7.229807819971029741e-10 8.899409434710639656e-10 5.144888095455354135e-10 1.472671713130279957e-09 5.537295015136343891e-09 1.874936563842399074e-08 5.596857880634758004e-08 1.495681948791232887e-07 4.014714530655759517e-07 1.079946431997672254e-06 2.922298528470851761e-06 7.930337013748100792e-06 2.154429201307688546e-05 5.857484527510107848e-05 1.599657098723368607e-04 4.410190291517606092e-04 1.244528842508489360e-03
3.219825896084341221e-02 1.244913744665884564e-03 4.411409368213520146e-04 1.600035869260001034e-04 5.856758026216830838e-05 2.154196472992880553e-05 7.932250247333522502e-06 2.921557082245761177e-06 1.075399434890206818e-06 3.965384795089324051e-07 1.456518994072857776e-07 5.362879809513953319e-08 1.906840087467423053e-08 7.277412285698314706e-09 3.652337393735450431e-09 1.776613424129570854e-09 8.922476782125542030e-10 1.603711485220362967e-10 -1.013073782706077645e-10 -2.159414859811802172e-10 -2.274513700158060026e-10 -2.087436773782858153e-10 -1.009046934488819057e-11 6.199970101459692773e-11 1.021453832388578575e-10 -4.899707358431658391e-12 -3.850661100522453072e-11 5.979781368290826846e-11 9.495080116585159603e-11 4.744896210844670333e-11 6.359916948343872213e-12 -2.987859483097119407e-11 -1.919871360131197423e-12 -1.114492314753645574e-11 -2.950311209744519925e-11 -1.161564726602937300e-11 3.938935482028536529e-11 -5.916692783151260194e-12 -1.017026215242499236e-10 -1.136574637071890053e-10 -1.096595115840154342e-10 2.402889890278686287e-11 6.446807960629832227e-11 -1.229656125808916854e-10 -1.135481533125537083e-10 1.249428589173426715e-10 2.859124601675108947e-10 7.767287299214561955e-10 9.850943961357613658e-10 6.104151135210083039e-10 1.536302005267057636e-09 5.538368445192015684e-09 1.879794834374670306e-08 5.603351924738625531e-08 1.495087305671471281e-07 4.011225141973764067e-07 1.079289888533824875e-06 2.921543244042243289e-06 7.929780675865942289e-06 2.154344996025508421e-05 5.857276610327055136e-05 1.599620284479382436e-04 4.410105355363243599e-04 1.244507749339523539e-03
3.219798301617828040e-02 1.244978155259810967e-03 4.411697036118337719e-04 1.600149917477438678e-04 5.857175894118435135e-05 2.154362717248296439e-05 7.933087899654482614e-06 2.921977949277541451e-06 1.075475360557033955e-06 3.963113402774317421e-07 1.454065123266553474e-07 5.338554434022221751e-08 1.885652878611422830e-08 7.111604928340709160e-09 3.584609296170899338e-09 1.802529207042735193e-09 9.427257971547944261e-10 1.844457314431095822e-10 -9.380549102508357853e-11 -2.109692091115523351e-10 -2.332628306665869309e-10 -2.151603912704651153e-10 -3.456742537521404027e-12 6.485181534747092473e-11 9.855681674307096593e-11 -1.082433692170403558e-11 -3.928438070322668725e-11 6.174491476111923322e-11 9.682834351738954031e-11 4.690235574465563015e-11 6.069149105980447701e-12 -2.751763559309494278e-11 6.705152086150516580e-13 -1.063028056344887768e-11 -2.877202540630328177e-11 -1.101403320058360773e-11 3.744468746536043237e-11 -4.892280373729082271e-12 -9.775313783194949610e-11 -1.084914205303586215e-10 -1.056198481938469418e-10 2.688803182954305761e-11 6.591716626558458133e-11 -1.279985628354652216e-10 -1.309334707164076160e-10 1.062605155099133399e-10 2.614610301766392317e-10 7.358914556581471828e-10 9.209246959678805066e-10 5.565223635120574292e-10 1.530395712422821450e-09 5.538451339373706621e-09 1.878100187896143553e-08 5.610915092440596380e-08 1.496615992269599718e-07 4.016632037409587830e-07 1.080146213360702278e-06 2.922310172405233276e-06 7.929999281891163076e-06 2.154322450583564131e-05 5.857280675146337763e-05 1.599612562514711011e-04 4.410131569545004768e-04 1.244517429875646687e-03
3.219821801786341281e-02 1.244901176106579703e-03 4.411434347275338796e-04 1.600067130922411523e-04 5.856923711133310540e-05 2.154297324516923768e-05 7.932688980699994515e-06 2.921776063219646457e-06 1.075394921822697062e-06 3.963593762426129437e-07 1.455017434541139199e-07 5.358237302870347108e-08 1.899491042946161933e-08 7.142168055647329294e-09 3.571347094642109205e-09 1.761368987853036525e-09 8.922214548429989637e-10 1.677961584109806260e-10 -1.195930116865325958e-10 -2.078284679299344568e-10 -2.234537445966534191e-10 -2.119029916209257515e-10 -1.807217219526671157e-12 6.374294561903401903e-11 1.022754579233056842e-10 -4.959342286024525728e-12 -3.630565411893452333e-11 6.422732115602168792e-11 9.921461793348987322e-11 4.973098810147701261e-11 7.109144870978876451e-12 -2.852723735370042197e-11 -3.010108828438274073e-12 -1.424497131975358959e-11 -3.082655482408819100e-11 -1.185485240177890148e-11 3.997240513513207406e-11 -3.419751501886773432e-12 -9.974407316201893764e-11 -1.099768527910290294e-10 -1.053344908061520337e-10 3.116081088071225332e-11 7.553409001161133349e-11 -1.172314591244434432e-10 -1.187941566551447577e-10 1.003470675665437187e-10 2.404110782950122743e-10 7.215774157911649279e-10 8.986889054354843378e-10 5.335684325421773663e-10 1.468547114017334176e-09 5.488929082040218258e-09 1.873187702831143677e-08 5.612728473986771003e-08 1.497857085703280505e-07 4.016911221281815879e-07 1.080221612084173573e-06 2.922828738860200553e-06 7.931262108705974817e-06 2.154599369356012927e-05 5.857603067138164295e-05 1.599653956313536369e-04 4.410132266858798390e-04 1.244502616588152909e-03
3.219822298901877516e-02 1.244850644597266876e-03 4.411172060590589066e-04 1.599963549182355661e-04 5.856615946491272503e-05 2.154175517615284559e-05 7.931987291323755676e-06 2.921535049518622479e-06 1.075258307074969359e-06 3.961486067287908364e-07 1.452755602506905465e-07 5.345373364393128228e-08 1.900377064917443386e-08 7.190710977109120081e-09 3.552563031837001089e-09 1.730638706513416734e-09 8.870444349525916702e-10 1.684947301510958170e-10 -9.363522556796762075e-11 -2.096485153582212111e-10 -2.362672464098313669e-10 -2.221412726502189486e-10 -1.344878604815795908e-11 5.986640540695703661e-11 9.762145901874929274e-11 -1.092271744711727180e-11 -4.004450460270172122e-11 6.042788177829285840e-11 9.726174853398231792e-11 4.694104439157478115e-11 7.002363126912801700e-12 -2.697553226650943082e-11 -7.557552254011305680e-13 -1.317699711323492376e-11 -2.964536113090308301e-11 -7.161278906814342287e-12 4.513108193111401531e-11 2.104915198444480635e-13 -9.794830374267822365e-11 -1.150171289919149922e-10 -1.163971693748588479e-10 2.099389581978905219e-11 6.254781145575436742e-11 -1.304162243963665368e-10 -1.172582925406981495e-10 1.176539958236219148e-10 2.513443156929430264e-10 7.176809599105820685e-10 9.134432557099725575e-10 5.707754682333141112e-10 1.570332642774923640e-09 5.634333470199817338e-09 1.881762744514835544e-08 5.612450464906185449e-08 1.496618322317270185e-07 4.014539609556099747e-07 1.079874584584303391e-06 2.922197031259671586e-06 7.930271002127435009e-06 2.154471661153047721e-05 5.857431536800854140e-05 1.599602593297630741e-04 4.410002624675370565e-04 1.244476624321185681e-03
3.219810849971176808e-02 1.244933273393228346e-03 4.411493277225685930e-04 1.600063953684987628e-04 5.856776142969940608e-05 2.154127305560765815e-05 7.931985958582375517e-06 2.921897205736723692e-06 1.075488891054490428e-06 3.962389635966512821e-07 1.452727550073550696e-07 5.348253726069446471e-08 1.897720942767379959e-08 7.137572526635253944e-09 3.602942645852567679e-09 1.774123138182541091e-09 8.965279534591735474e-10 1.747652188205594971e-10 -6.666887953230821774e-11 -1.794131468819297562e-10 -2.067870242702462701e-10 -2.047952362020543963e-10 -4.542538254491972357e-12 6.426871097935500703e-11 9.875692993492479823e-11 -5.304595359717013821e-12 -3.540623268420936467e-11 6.606745036017567314e-11 9.907459130160656343e-11 4.881209313498052505e-11 5.981879088249445256e-12 -2.698829304796563375e-11 1.386724726252388074e-12 -1.196620631751788969e-11 -2.979049224032957313e-11 -7.203547720488907760e-12 4.386533744774658019e-11 -2.594512550935522972e-12 -1.007226812378715845e-10 -1.125703083149474047e-10 -1.069245935961198571e-10 2.886614556284300248e-11 6.144918868712345254e-11 -1.298768876613142925e-10 -1.180665148828743502e-10 1.135710895848876532e-10 2.530261957749461327e-10 7.331921154898611568e-10 9.637769248097455714e-10 6.401383875363061223e-10 1.583766679594292413e-09 5.552692429755042923e-09 1.877833547553084327e-08 5.616626537656033853e-08 1.497556189748850781e-07 4.016049971070910812e-07 1.079796230656910371e-06 2.921720291396382127e-06 7.929360082206878148e-06 2.154187749921867952e-05 5.856832120872521215e-05 1.599491197693633955e-04 4.409784146424635038e-04 1.244441135735764419e-03
3.219793624287636824e-02 1.244953182447649685e-03 4.411530736974766790e-04 1.600063118988023032e-04 5.856823353272023330e-05 2.154199120367534712e-05 7.932041416346705755e-06 2.921792978980612441e-06 1.075402574622240066e-06 3.962569507047837990e-07 1.453078128642852080e-07 5.344917966939995911e-08 1.900801645179614659e-08 7.263586528225224220e-09 3.631063844300802567e-09 1.761500988743990793e-09 8.863324537006974251e-10 1.527131595881440559e-10 -1.075285617845320903e-10 -2.033459851263861439e-10 -2.231596532961709923e-10 -2.082320516393304958e-10 -1.166159402751827150e-12 6.706334305858246558e-11 1.054937375822530094e-10 -4.322208659380881294e-12 -4.023426176583866621e-11 5.813143371150839679e-11 9.671768904867304588e-11 4.867785847899829934e-11 7.909076221095158918e-12 -2.749479416280489178e-11 1.103267903944197496e-12 -9.187864695789149322e-12 -2.699495619650972447e-11 -6.338865145227604131e-12 4.264822414849831194e-11 -4.278718967248061523e-12 -1.006381182403613025e-10 -1.133218927556640852e-10 -1.082277835638009713e-10 3.735246088783645881e-11 7.943755732037143687e-11 -1.153371479086927223e-10 -1.174462448855230527e-10 1.060513978152000874e-10 2.603739738531423361e-10 7.246088393309137085e-10 9.014131384014504298e-10 5.419639036799879515e-10 1.485550966518488911e-09 5.500613587717674851e-09 1.875046610673634433e-08 5.603932349407911922e-08 1.495189297897344879e-07 4.013637686891737979e-07 1.079725416610929596e-06 2.921786664992946266e-06 7.929354007849410117e-06 2.154207541126296966e-05 5.856997926544155110e-05 1.599552471023077274e-04 4.409922486631423456e-04 1.244480193173745078e-03
3.219758024975313132e-02 1.244881636278852505e-03 4.411288102549839251e-04 1.599971736100591559e-04 5.856478504153946919e-05 2.154076874198977375e-05 7.932268235417114943e-06 2.921960268684296332e-06 1.075570668371295863e-06 3.964464996319852965e-07 1.454747319622086503e-07 5.344626780306135932e-08 1.895104535435649144e-08 7.134708125713413383e-09 3.556950471595657076e-09 1.764287801950854848e-09 9.087438781076156131e-10 1.753683246187883542e-10 -9.439618080925064253e-11 -2.095534569731624496e-10 -2.237678282779912151e-10 -2.098863832575780435e-10 -1.282001456774617395e-11 5.223979097460051544e-11 9.138810454498037090e-11 -1.400765802369816613e-11 -4.509287002972769375e-11 5.636569263974690388e-11 9.555649651879428771e-11 4.876362403956217428e-11 5.844674083568196394e-12 -2.968584509096447875e-11 -1.371945309012670702e-12 -1.331391549973465971e-11 -3.095574921925612891e-11 -1.002040572121487046e-11 4.026984260506998372e-11 -3.192463356874632059e-12 -9.482427376117677594e-11 -1.046357740897374417e-10 -1.000313126111896511e-10 3.846359380785730691e-11 7.442050636399091009e-11 -1.249760596071641898e-10 -1.216912922729804247e-10 1.125178811163487573e-10 2.828657609840090513e-10 7.570449824033183232e-10 9.207180740341334666e-10 5.521635355893134679e-10 1.471639300059139362e-09 5.492759979925676041e-09 1.881593270868682043e-08 5.614369400360363359e-08 1.497766914034570617e-07 4.017359802207182822e-07 1.080188701577152619e-06 2.922441162520552769e-06 7.930547305989686527e-06 2.154454825614851777e-05 5.857633525141770782e-05 1.599678642509365042e-04 4.410166726451179571e-04 1.244521638191857602e-03
3.219770932053187679e-02 1.244921860205072282e-03 4.411421167337001249e-04 1.600078122184587647e-04 5.857093121247280401e-05 2.154316757861740884e-05 7.932713804801410880e-06 2.921858274800606197e-06 1.075345343206717913e-06 3.962761805479121678e-07 1.453750483827167546e-07 5.354498661796548913e-08 1.898046344989744438e-08 7.189994120492040585e-09 3.628157094495379703e-09 1.814076348987041943e-09 9.352326884131543679e-10 2.030280119919708535e-10 -7.026719091834990058e-11 -1.900783531093024864e-10 -2.198325542372929334e-10 -2.117709466901621760e-10 -1.493446524779254369e-11 5.440036370286064336e-11 9.903366412799387104e-11 -6.123127381516284590e-12 -3.804660830628279603e-11 6.274386441642712448e-11 9.863812267761121945e-11 4.782731314548007137e-11 6.119413518345351045e-12 -2.861548479324328008e-11 -2.635344503633500832e-12 -1.422961488029054741e-11 -3.100426221458356363e-11 -9.175144844193278930e-12 4.460788815514750518e-11 2.481391619348572728e-12 -9.537147622084928937e-11 -1.069261798491867031e-10 -1.045064021221795915e-10 3.300483406526844180e-11 7.327368430812593164e-11 -1.121205536212440460e-10 -1.002929866447450642e-10 1.356316496684801085e-10 2.825857458612745897e-10 7.516510385624705915e-10 9.492690048767606186e-10 5.782060016342701234e-10 1.468684060266899989e-09 5.458533072479530130e-09 1.865914238827543703e-08 5.592319911976497069e-08 1.493934379979723557e-07 4.013755829432681450e-07 1.079883084059508799e-06 2.921617801812372990e-06 7.928881965195314917e-06 2.154192940933899255e-05 5.856967890926212259e-05 1.599537312139377384e-04 4.409911356684508726e-04 1.244464130697247109e-03
3.219810708941779620e-02 1.244975059706927931e-03 4.411725469068941046e-04 1.600168424432424927e-04 5.857266881434756018e-05 2.154436615048926419e-05 7.934082239420496411e-06 2.922730859412547621e-06 1.075529626729765064e-06 3.962329936613909593e-07 1.453926212764534076e-07 5.354322016655966116e-08 1.898219875496062579e-08 7.117152626693344991e-09 3.497420485122153995e-09 1.709852473067474073e-09 8.821010444350385225e-10 1.527476763112341939e-10 -9.163081153500318590e-11 -1.896133355821173679e-10 -2.154335469795437056e-10 -2.104519621330486825e-10 -3.368016652995371355e-12 6.441769816203792047e-11 1.023871673317659564e-10 -3.054358539477712394e-12 -3.852627397642961392e-11 6.214031245648250702e-11 9.818964785308493225e-11 4.803596962690542864e-11 6.645280216959139089e-12 -2.878729664566027448e-11 -8.043735552028823091e-13 -1.242052112390454500e-11 -2.931598334290509576e-11 -8.663494636864939077e-12 4.379200012895217372e-11 -1.283524745040942856e-12 -9.779839614151243623e-11 -1.113710556098369103e-10 -1.070174359576356111e-10 2.996712580387615801e-11 7.011137478871638676e-11 -1.167946786470930960e-10 -1.185947053661789466e-10 9.736633730055099050e-11 2.409729930527362909e-10 7.310798543443897756e-10 9.615894198377399271e-10 6.552230004660726027e-10 1.578555886542793118e-09 5.499056292351543837e-09 1.864839231315957032e-08 5.593943891080873410e-08 1.495954391916153051e-07 4.016128319955278882e-07 1.080238757369021478e-06 2.922516569269510890e-06 7.930446749596884197e-06 2.154424200689077673e-05 5.857461553392643319e-05 1.599664414714075192e-04 4.410172734518342922e-04 1.244510832325225773e-03
3.219835426608395196e-02 1.244872231372077696e-03 4.411257110506298365e-04 1.599989144589867055e-04 5.856560405152808188e-05 2.154091098559797246e-05 7.932166402382092262e-06 2.921795888566594775e-06 1.075556027034589403e-06 3.965946589517732718e-07 1.456109948164419792e-07 5.352572608916859865e-08 1.892760865370734837e-08 7.141455431687588221e-09 3.541448534910061268e-09 1.730555142403885015e-09 8.907932744685126664e-10 1.525687294700341961e-10 -1.068424390067170252e-10 -2.038109996181987881e-10 -2.298763046224288259e-10 -2.165232218462405443e-10 -4.847959667944928581e-12 6.585207962428861663e-11 1.028570908654218907e-10 -6.925672908956505252e-12 -4.045089103523033041e-11 5.785886114703248749e-11 9.258427130938835657e-11 4.534663173522301896e-11 5.611049174966527796e-12 -2.963081010896553065e-11 -1.497109856451129074e-12 -1.277767544280352457e-11 -3.025442890664558816e-11 -9.130197706233332088e-12 4.190238329415441933e-11 -3.854668490196562458e-12 -1.002475797088724151e-10 -1.118383465365339669e-10 -1.047813871518763107e-10 3.365696427396608527e-11 7.545739221372516627e-11 -1.181201870523044780e-10 -1.244595391339047484e-10 1.030009569511173187e-10 2.563613200425267189e-10 7.588181226874066940e-10 9.550761776565120388e-10 5.714224516053613544e-10 1.499231363042388554e-09 5.502024847540493309e-09 1.871219948276236151e-08 5.596489985327356450e-08 1.495679779381669184e-07 4.015315211395307660e-07 1.080021151468095393e-06 2.922077505579845271e-06 7.929773367006978207e-06 2.154311603745152201e-05 5.857311368690006640e-05 1.599619244973016522e-04 4.410136517002303754e-04 1.244517283720519623e-03
3.219845164039261687e-02 1.244933801258855856e-03 4.411507606881056752e-04 1.600100509812516175e-04 5.857213084211646638e-05 2.154427696071569285e-05 7.933364004055479395e-06 2.921959574271403581e-06 1.075109199895748885e-06 3.962612466708265853e-07 1.455406551329946931e-07 5.358886627246808710e-08 1.907468417728124194e-08 7.261379864516502717e-09 3.606604624081641089e-09 1.731845862340606531e-09 8.851924459329859614e-10 1.682305994266467193e-10 -9.015741203443641503e-11 -2.004157074909000034e-10 -2.194198330681489330e-10 -2.067317799265886640e-10 -6.405367803466351390e-12 5.859608973589475104e-11 9.691104032944858702e-11 -1.297669045802448152e-11 -4.371884782954879060e-11 5.955599950817567868e-11 9.503980007448870286e-11 4.601964076502607269e-11 6.131535858211159782e-12 -2.831756285237388798e-11 5.479267273012137343e-13 -9.943534430088554080e-12 -2.754164371558292747e-11 -8.560850353658696205e-12 4.168407643121993472e-11 -2.540953566089679948e-12 -1.012563313237502615e-10 -1.164916257443190912e-10 -1.097159308274233511e-10 2.977701574637509165e-11 6.663309996966349968e-11 -1.200956014864540012e-10 -1.133998397652782879e-10 1.148038093551170529e-10 2.677014918668303568e-10 7.384708911344380599e-10 9.227467250970922203e-10 5.662786018317475237e-10 1.464267832379184856e-09 5.425901612379638134e-09 1.868743231794165767e-08 5.602493581102616846e-08 1.495621493589474803e-07 4.013596675849783689e-07 1.079759790082271524e-06 2.922443360263804515e-06 7.931347794697071830e-06 2.154640080693341912e-05 5.857871874502297842e-05 1.599738289030802564e-04 4.410369056083923776e-04 1.244578816135880539e-03
3.219802809245270875e-02 1.244937293423614179e-03 4.411551169027832847e-04 1.600112446406523235e-04 5.857072989611204620e-05 2.154300426230424474e-05 7.932954111720278898e-06 2.921971882251877108e-06 1.075348116727104463e-06 3.963412398353289722e-07 1.453939228150407971e-07 5.348065144560932844e-08 1.899888887117360889e-08 7.224322166664642828e-09 3.605519790359102130e-09 1.727914818315965995e-09 8.820207219168773552e-10 1.545322260591805213e-10 -9.805525857355776773e-11 -2.006813045225015863e-10 -2.247375796502642530e-10 -2.134121972240139367e-10 -8.582494805801675240e-12 5.942482727310934521e-11 1.003684571386571770e-10 -4.227911557464541655e-12 -3.528860749812463533e-11 6.265582324987182997e-11 9.713856740343670953e-11 4.831824797119157167e-11 7.578456148576797184e-12 -2.678140642642417907e-11 3.363193868907467686e-13 -1.166413175118968010e-11 -2.930375662261936572e-11 -8.686525359946703368e-12 4.294208259616229818e-11 -1.281683526790023150e-12 -9.784740044771895286e-11 -1.099415528804085102e-10 -1.060021110131003885e-10 2.720499214924191967e-11 6.259325296627652922e-11 -1.323990761702084500e-10 -1.249238135540190438e-10 1.148948632279449460e-10 2.620936005017323268e-10 7.207772123027942559e-10 8.979027692683336280e-10 5.365226545618052712e-10 1.477327741660966230e-09 5.505937624646105852e-09 1.878922654002918702e-08 5.612603625222953126e-08 1.496296320831098527e-07 4.014186708592763818e-07 1.079718830815800646e-06 2.921713107267537179e-06 7.929565600992043300e-06 2.154343220749682961e-05 5.857454882379244788e-05 1.599651732417515691e-04 4.410151906511553498e-04 1.244526484289324494e-03
3.219756713099816009e-02 1.244916751121830523e-03 4.411447916687352634e-04 1.600069968906162520e-04 5.856992450304291515e-05 2.154329592681481509e-05 7.933049879254459172e-06 2.922110814785036905e-06 1.075544564709559917e-06 3.963724647833633728e-07 1.454415341374171362e-07 5.358222583632250537e-08 1.914559440221476411e-08 7.325982907147824900e-09 3.639415378320343930e-09 1.759637005059807363e-09 8.767250306283906225e-10 1.419625647000549210e-10 -1.039234462672183449e-10 -2.029936832902150012e-10 -2.224894030079653066e-10 -2.108721793697584859e-10 -1.150530566402860705e-11 5.418347573129977808e-11 9.575968861456995474e-11 -7.637505114856134555e-12 -3.831995865181293136e-11 6.248015034609613876e-11 9.656012473227896384e-11 4.527774480419509942e-11 4.933352210314726390e-12 -2.960495697336540970e-11 -2.189804838754911986e-13 -1.092068279685330264e-11 -2.746797598350379348e-11 -8.447028548179817513e-12 4.065970723403886735e-11 -3.652831443985259094e-12 -1.021124816878212822e-10 -1.094020800620124157e-10 -1.025508971885216912e-10 2.970684782770546741e-11 7.321896998012125385e-11 -1.078210781329783801e-10 -1.108909603504768548e-10 1.012036280263494223e-10 2.465805374680365585e-10 7.256043558692588967e-10 9.255835351161898757e-10 5.756204625649938205e-10 1.514739406445162512e-09 5.522463659405697347e-09 1.873620300982544158e-08 5.599876736743507653e-08 1.494458321192409305e-07 4.012686087242035602e-07 1.079651147994132012e-06 2.921810511793299543e-06 7.929304815386151138e-06 2.154164359272517400e-05 5.856742153813134958e-05 1.599453997232836214e-04 4.409635153092500231e-04 1.244390860571224040e-03
3.219828233616988528e-02 1.244928454070884588e-03 4.411496140960934217e-04 1.600070301998687979e-04 5.856791365678640742e-05 2.154171768811512675e-05 7.932691433885256189e-06 2.922070463661050398e-06 1.075433146356309563e-06 3.963029520367472371e-07 1.455056131111931700e-07 5.358097553663711870e-08 1.911056117871573686e-08 7.343371717247425668e-09 3.656565516440173452e-09 1.758019485059103064e-09 8.824675300473709920e-10 1.583082850881969236e-10 -1.133732046853726909e-10 -2.204396211787804048e-10 -2.325222190457147927e-10 -2.108315875191429232e-10 -3.307057881341552935e-12 6.026837310743598876e-11 9.994293104315923242e-11 -6.299492832610915337e-12 -3.444238449090683854e-11 6.363900419896361999e-11 9.684176581137508087e-11 4.710583836086210545e-11 5.091998492170183430e-12 -2.922148049075711159e-11 -1.037219029217305369e-12 -1.290197984660797246e-11 -3.218610175148489355e-11 -1.020520415075030789e-11 4.422899053250373342e-11 1.428742373806704509e-12 -9.598070562489740736e-11 -1.151312412473250578e-10 -1.125349897398968269e-10 2.749630899609040901e-11 6.672657646216846474e-11 -1.241872770406763592e-10 -1.212652790303353047e-10 1.188282437505480079e-10 2.779823963669226045e-10 7.631732847961419739e-10 9.379016725711513810e-10 5.929962037523902306e-10 1.515904632547404289e-09 5.514474885091167742e-09 1.880068766737602852e-08 5.609743353339351976e-08 1.496659234348417775e-07 4.015778682516564222e-07 1.080023512383537564e-06 2.922066409072576281e-06 7.929710249466007758e-06 2.154198037933978879e-05 5.856766137975689994e-05 1.599469533663101079e-04 4.409789356003369692e-04 1.244454069386566027e-03
3.219808422969332867e-02 1.245024148111433231e-03 4.412029097307939196e-04 1.600311024961624767e-04 5.857971381327874507e-05 2.154747931780196676e-05 7.934720771296655171e-06 2.922684345891044622e-06 1.075673198196975715e-06 3.964568206062511231e-07 1.455374465570383714e-07 5.354366202559606281e-08 1.899945813042442990e-08 7.220294469262871595e-09 3.629364054798288220e-09 1.793476184967097193e-09 8.755550115995080099e-10 1.436816115488372779e-10 -8.989997274076607927e-11 -2.050242181550601226e-10 -2.331656203586694550e-10 -2.120727287647967402e-10 -2.822147273039796506e-12 6.699306035482927136e-11 1.030200521891198037e-10 -8.434870430899986714e-12 -3.946583723299241678e-11 6.155775029748891440e-11 9.749331269736856425e-11 4.857843258520835802e-11 7.171057515085794583e-12 -2.824235178477889581e-11 -5.001910022984171403e-13 -1.250902553945563017e-11 -3.059190486001995593e-11 -8.851118443894688009e-12 4.180696460690734711e-11 -2.410958020124054762e-12 -9.634457939659514434e-11 -1.079897134959441779e-10 -1.056460588003300883e-10 3.080172570663018603e-11 7.146373560934723389e-11 -1.157382444425096650e-10 -1.111091781096579333e-10 1.080246545858769226e-10 2.550191419392939363e-10 7.385161610624858955e-10 9.379571110306046784e-10 5.862705701436323020e-10 1.515171222792998817e-09 5.499514604991657372e-09 1.878790463201782415e-08 5.613135669651293845e-08 1.495597472954940935e-07 4.013972043556653260e-07 1.079959319387443625e-06 2.922433278218252839e-06 7.931038738832685566e-06 2.154536524116924652e-05 5.857691768810427532e-05 1.599706675929608672e-04 4.410311131449865842e-04 1.244565689973245416e-03
3.219818650353555023e-02 1.244886928530917905e-03 4.411309499698994833e-04 1.600002186662180395e-04 5.856704721269584001e-05 2.154173439052690570e-05 7.931924244050163501e-06 2.921216304982117274e-06 1.075062669732085799e-06 3.963693720638598190e-07 1.455293023942332370e-07 5.363921340632206196e-08 1.902275190689373944e-08 7.161678857097442167e-09 3.616001079598277023e-09 1.782240144975989185e-09 8.916467720969535190e-10 1.442309831416030663e-10 -1.133490642025671915e-10 -2.230336979306659084e-10 -2.380448003322053157e-10 -2.205957402963230200e-10 -8.031886232608293639e-12 6.039921799600427219e-11 9.681259525974469507e-11 -1.153932230826200059e-11 -4.105080801906521187e-11 6.116673858264987851e-11 9.724329390762042397e-11 4.858832578998854906e-11 8.137384285245128125e-12 -2.727016747775781740e-11 -5.056497848380560986e-13 -1.253543455401441640e-11 -3.107728318455870897e-11 -1.029203942089035458e-11 4.045661496403321688e-11 -2.684238504474862758e-12 -9.971849089579844962e-11 -1.124844419161630356e-10 -1.064015792738819203e-10 3.111378480550422486e-11 6.614725479063351488e-11 -1.209391912421073929e-10 -1.110524967202022488e-10 1.336095606827460848e-10 2.891591914835732674e-10 7.241870950657377419e-10 8.662672529520020519e-10 5.243247437696196564e-10 1.504517491276258702e-09 5.482736856900432342e-09 1.871183467825598693e-08 5.604296242223005104e-08 1.496835804172878340e-07 4.015733772217189569e-07 1.080055871292449085e-06 2.922119010168685843e-06 7.929887411033148902e-06 2.154411684698051224e-05 5.857533505873872333e-05 1.599690777408672776e-04 4.410273922713933508e-04 1.244539609411674788e-03
3.219777216143569765e-02 1.244927168027778596e-03 4.411491327111040426e-04 1.600086739798143448e-04 5.856981182323537326e-05 2.154241932878415728e-05 7.932184106616453419e-06 2.921768607272997732e-06 1.075514949845365807e-06 3.963874484553555669e-07 1.453680373566172658e-07 5.335247862500405916e-08 1.891898850390894473e-08 7.181571799028843847e-09 3.588831895331350115e-09 1.757412662502240061e-09 8.887931006882268266e-10 1.668655144014117227e-10 -1.105646482732394814e-10 -2.196355463856686999e-10 -2.344876619820687830e-10 -2.163510269113500581e-10 -7.549196337816463721e-12 5.955616467527547944e-11 9.937692220736420548e-11 -9.940419979254005059e-12 -4.058862932111208482e-11 6.225382311672349007e-11 9.871740701272230137e-11 4.881779231841616927e-11 7.126520993937899023e-12 -2.907219846422046618e-11 -1.486375738072667212e-12 -1.134368458900900949e-11 -2.847122713642972927e-11 -9.734478778095645528e-12 3.939459665629640336e-11 -7.263965473497605756e-12 -1.038259258220955569e-10 -1.136611674073416094e-10 -1.037379249916628009e-10 3.561669321648472047e-11 7.046261123945620813e-11 -1.225064383547606500e-10 -1.185288339468512568e-10 1.204251930676336492e-10 2.757330819021843378e-10 7.422256751905091009e-10 9.442279288536040170e-10 5.907671422623807441e-10 1.495574720673722449e-09 5.459562333449186355e-09 1.870803246665959199e-08 5.594684688785838866e-08 1.494733563379794061e-07 4.014584001917773805e-07 1.079875374646323680e-06 2.921735060951450123e-06 7.929347819208306972e-06 2.154232142433998228e-05 5.857051719801561942e-05 1.599549359405652777e-04 4.409902903630690289e-04 1.244469579168717543e-03
3.219769321828092057e-02 1.244917550231866262e-03 4.411461472412592320e-04 1.600072946005184199e-04 5.856896433499081330e-05 2.154245347392148046e-05 7.932551829458296216e-06 2.921968431318425180e-06 1.075444241556579611e-06 3.963521831197952906e-07 1.453569929531732628e-07 5.336239690375223100e-08 1.895068993692731538e-08 7.191052635783996978e-09 3.589922395080066084e-09 1.799807611098538366e-09 9.302471545249988859e-10 1.656699452633342878e-10 -1.006903376351794530e-10 -2.051648866370291948e-10 -2.355576066610005830e-10 -2.183519991010183705e-10 -1.364599884548421904e-11 5.463352003239816289e-11 9.493011176601491812e-11 -1.083449889132831879e-11 -3.899188613816442592e-11 6.247576005569600485e-11 9.809262111796780879e-11 5.011610006203581366e-11 8.060079937733155565e-12 -2.790862251523639235e-11 1.266750398005590458e-12 -1.040050968142911782e-11 -3.024288714066071544e-11 -9.856919556450694610e-12 4.476577650937819808e-11 3.260864023634162243e-12 -9.233541690097632050e-11 -1.064189542765082514e-10 -1.063187305023382602e-10 2.407991353743607582e-11 6.302178432621478031e-11 -1.176712483703602084e-10 -1.106879238441306590e-10 1.101788585771967580e-10 2.502338207369338439e-10 7.392671407908910103e-10 9.453185285286790231e-10 5.859690162281003216e-10 1.519230989040682041e-09 5.515493700063214267e-09 1.873962965858295139e-08 5.593304034342285279e-08 1.493179428149869004e-07 4.010870784757646308e-07 1.079512321814855554e-06 2.922179471513738524e-06 7.931341446648808158e-06 2.154635686735038153e-05 5.857808677682637322e-05 1.599727700749271713e-04 4.410339994877569532e-04 1.244560129059839662e-03
3.219879458993719912e-02 1.244907525259287195e-03 4.411443730731576295e-04 1.600065530159431508e-04 5.856896221797225740e-05 2.154231880162807948e-05 7.932292609434025645e-06 2.921886512198495098e-06 1.075597515163146283e-06 3.963834767375058327e-07 1.454068159657716308e-07 5.355405762384356336e-08 1.899648302329847032e-08 7.171972078762604143e-09 3.547897894305492077e-09 1.699292083930216945e-09 8.409891259163800873e-10 1.673695632643139835e-10 -6.958072798630154067e-11 -1.842615661929940886e-10 -2.211106421516814484e-10 -2.210345510676522670e-10 -1.645587673318124366e-11 5.399525174840750442e-11 9.968275948909050085e-11 -4.486725084599348000e-12 -3.852610799429544964e-11 6.177021812981616807e-11 9.653937214124332191e-11 4.738701015687277081e-11 5.120654228119268617e-12 -2.992015665261233664e-11 -1.534924863815286308e-12 -1.264458006078844685e-11 -2.844588216795057739e-11 -7.775471372385581142e-12 4.203614148458739235e-11 -6.567766791692300793e-14 -9.401689873914489940e-11 -1.107027150790063983e-10 -1.100339493815403843e-10 2.763952260123307753e-11 7.400499951075726124e-11 -1.115346171586164040e-10 -1.083899458034198112e-10 1.250097743797540458e-10 2.708405494910206596e-10 7.151475578993350722e-10 8.903180598800767242e-10 5.360305558399668085e-10 1.469483069426126496e-09 5.506833791066706709e-09 1.875195362149588288e-08 5.601036017562848209e-08 1.495892596871895088e-07 4.015475033630493199e-07 1.080007694719590481e-06 2.922188766173431968e-06 7.930233920104510438e-06 2.154444603533383278e-05 5.857484968411150059e-05 1.599680532103166838e-04 4.410316822379372454e-04 1.244566473144294912e-03
3.219787963758158345e-02 1.244883090126367537e-03 4.411276857824438869e-04 1.599975789522058850e-04 5.856491096944074098e-05 2.154062564351308176e-05 7.931645692373979180e-06 2.921225647386920043e-06 1.075046459672294022e-06 3.961942837437651006e-07 1.454852395450875413e-07 5.355850451923674613e-08 1.900351285510473706e-08 7.233449696953891248e-09 3.604693174063510848e-09 1.749423229425687528e-09 8.753813118826966518e-10 1.372569383991141829e-10 -1.156590290527621997e-10 -2.161076680089886763e-10 -2.323334998698385988e-10 -2.102430675201646270e-10 1.500523358257877661e-13 6.520522702672606778e-11 9.824950118565867175e-11 -8.321952905370051443e-12 -3.816103166593532427e-11 6.377073375468311068e-11 9.764878888353520472e-11 4.741036465386612243e-11 6.797452105594983708e-12 -2.896354608790989048e-11 5.228341964351512572e-13 -1.038970614875352037e-11 -2.983512394113265782e-11 -1.046932450971938980e-11 4.055519560438976894e-11 -1.640740491912574594e-12 -1.003632592580024576e-10 -1.209750804071906509e-10 -1.201693839779727911e-10 2.166765363732179847e-11 6.925327460263719724e-11 -1.067305080180701598e-10 -9.278991447643495171e-11 1.346993685194581619e-10 2.876483259701248856e-10 7.551811496173564089e-10 9.140452040084488845e-10 5.451437449507492279e-10 1.458642694712507331e-09 5.436917084485606589e-09 1.867794761404178801e-08 5.596479608728719489e-08 1.495159103680728912e-07 4.013812787106256384e-07 1.079853195447956518e-06 2.921983085744902887e-06 7.929731264416866823e-06 2.154323258268812499e-05 5.857172906908841815e-05 1.599561940593944469e-04 4.409980526109843709e-04 1.244489437661852171e-03
3.219795640908522383e-02 1.244944871227971709e-03 4.411579268163890073e-04 1.600105474766193314e-04 5.857110822851725214e-05 2.154326563969003076e-05 7.932653010738740517e-06 2.922145080367206138e-06 1.075784535596641381e-06 3.965257908873756367e-07 1.454276632793990773e-07 5.345811315091544424e-08 1.895039689169597361e-08 7.233540373110110613e-09 3.636441296132622416e-09 1.779012075912526504e-09 8.928019964775008629e-10 1.594196173476993822e-10 -1.126651286627947273e-10 -2.046419911604637810e-10 -2.196788275598813456e-10 -2.153007591191972959e-10 -1.426209742156606724e-11 5.835384694791079709e-11 9.887292854092674877e-11 -4.991247690343944326e-12 -3.606403116646575874e-11 6.085228258618158070e-11 9.572794750469512524e-11 4.717338031606046128e-11 4.697017714989725600e-12 -3.124943997306422224e-11 -2.547744270273501542e-12 -1.275400346900632801e-11 -2.839076339853318222e-11 -8.613102406869885939e-12 3.857189650313612126e-11 -4.068097013887190667e-12 -9.654493576794111245e-11 -1.080800013301118565e-10 -1.009515304979467559e-10 3.377855479604955143e-11 7.222830180700037878e-11 -1.186530603812338515e-10 -1.160237016071524965e-10 1.108297424972104853e-10 2.578368523302816674e-10 7.198763214754209089e-10 9.220551746026560700e-10 5.882607267423140129e-10 1.515483175654331092e-09 5.489859045081701134e-09 1.871711022810862971e-08 5.594966658728807793e-08 1.494184563699387361e-07 4.012770719624647643e-07 1.079727081032039121e-06 2.921826077541187312e-06 7.929493893402844457e-06 2.154207490027459958e-05 5.856859799476062161e-05 1.599514383704329717e-04 4.409880981248114583e-04 1.244460579086481642e-03
3.219819993878021702e-02 1.244937923284980368e-03 4.411504437043998442e-04 1.600085872415760353e-04 5.856915275137890254e-05 2.154238101914154901e-05 7.932699584214432804e-06 2.921943581684788383e-06 1.075251710237451134e-06 3.962133934526466764e-07 1.453948003487428155e-07 5.357994938261255212e-08 1.902268518619211548e-08 7.243345153212804157e-09 3.629948286986012646e-09 1.788879554255016648e-09 8.965277318497501004e-10 1.461932343965355551e-10 -1.116058495953418855e-10 -2.158720556332555146e-10 -2.415194685776162279e-10 -2.178174068537490777e-10 -7.864906967584174477e-12 5.957580979758460096e-11 9.971859065933764599e-11 -4.354456447255599285e-12 -3.515771084167479522e-11 6.252775193644079636e-11 9.498290924716372248e-11 4.558428786349332336e-11 4.639929209769870548e-12 -2.952079776052991418e-11 -2.462189691868507073e-12 -1.257175639655492773e-11 -3.025424102075322275e-11 -8.510412905934940865e-12 4.365767255517216323e-11 -1.972811426261800680e-13 -9.613067408563772110e-11 -1.106704356339263187e-10 -1.089454329686811482e-10 2.349479177110764883e-11 6.596025793565275859e-11 -1.162603427618435915e-10 -1.052557503517777060e-10 1.268821191197212565e-10 2.759740304283399621e-10 7.372149787170096134e-10 9.207093305073390604e-10 5.771927823388361487e-10 1.513117278699751201e-09 5.529370463775934622e-09 1.879499351027713029e-08 5.606663232531610283e-08 1.496060252381040661e-07 4.016042644043987867e-07 1.080124434456273730e-06 2.922540216027564311e-06 7.930675127336429865e-06 2.154392082201811299e-05 5.857348744579563086e-05 1.599655278592464972e-04 4.410250910342867169e-04 1.244557834325444538e-03
3.219749007414181297e-02 1.244836859388413763e-03 4.411120458416804553e-04 1.599947945273394283e-04 5.856455054103115645e-05 2.154009118775372563e-05 7.931961352908428460e-06 2.921935128153034587e-06 1.075501246269998934e-06 3.964197161984679996e-07 1.454717481037224994e-07 5.362966150193624528e-08 1.913239455691644561e-08 7.268480785403408324e-09 3.567518762002069862e-09 1.697669285589629241e-09 8.368625804486321156e-10 1.297229074911061480e-10 -1.216885579840797490e-10 -2.173467051091761138e-10 -2.286084419299837542e-10 -2.155752735169592921e-10 -5.768092446459943761e-12 6.549676722870798960e-11 1.079419716722138159e-10 3.182139788758993013e-12 -3.258507598812151358e-11 6.555607059092425603e-11 9.972656930091417153e-11 4.891160025566399026e-11 7.365320374416771608e-12 -2.837825767919951172e-11 -1.665265589915333773e-12 -1.368665823791553907e-11 -3.021455089008773805e-11 -8.910595381796311574e-12 4.423460972682496371e-11 2.033898265807975396e-13 -9.955898991907437618e-11 -1.132508134874153947e-10 -1.031160320288139823e-10 3.505924608252418816e-11 7.537129106359693746e-11 -1.140329604086694690e-10 -1.109485842320887971e-10 1.081657142813407158e-10 2.472235736989702169e-10 7.184030084333467915e-10 9.418636281415866887e-10 5.899990680636173589e-10 1.506059954329507635e-09 5.470884516110444461e-09 1.863799411897920683e-08 5.586779355649946637e-08 1.493178036174586305e-07 4.011592828371008669e-07 1.079555655839832295e-06 2.922053754880462058e-06 7.930233604099633346e-06 2.154346897036355369e-05 5.857137668576927245e-05 1.599545373128736310e-04 4.409880436378256800e-04 1.244453694162851081e-03
3.219792701463013856e-02 1.244845033901398248e-03 4.411194154386781038e-04 1.599970086269764862e-04 5.856477311239086873e-05 2.154072550007783389e-05 7.932400772584035471e-06 2.922128879614820755e-06 1.075487969259974736e-06 3.962308258913387758e-07 1.452932874372585624e-07 5.338979717921618566e-08 1.892459280155130275e-08 7.133164943302069321e-09 3.530443783337546744e-09 1.751631767421874801e-09 9.143431414369529274e-10 1.910984621809908358e-10 -8.316578814249793282e-11 -1.978927416219160797e-10 -2.068051008589665751e-10 -1.891295587800543113e-10 1.012907303429341811e-11 6.823742741677834705e-11 1.047465890386819920e-10 -3.870802288548871614e-12 -3.761045208804369793e-11 6.020912683368035633e-11 9.500596372472777250e-11 4.536580768777226159e-11 5.624985968758046574e-12 -2.828162451177419767e-11 2.615875244925135710e-13 -1.265141469833163850e-11 -3.114624027895443277e-11 -1.129190177748632942e-11 4.136875005500308140e-11 -2.463797085960468244e-12 -1.032491334333918365e-10 -1.185108785964497889e-10 -1.140176684428679848e-10 2.641074926367998112e-11 6.877902061168604968e-11 -1.073794358471683450e-10 -1.053368608891974756e-10 1.079461180072788995e-10 2.447840372165977388e-10 7.061773712617464663e-10 9.085746404415497214e-10 5.982425779668626492e-10 1.558184211929424657e-09 5.542953017609080745e-09 1.872567183731044111e-08 5.592723769870978333e-08 1.493677533205698050e-07 4.013824059855907561e-07 1.080149834798418948e-06 2.922690642902930055e-06 7.930746029740650839e-06 2.154430731588038750e-05 5.857325946396192240e-05 1.599592742839013820e-04 4.409986036736060120e-04 1.244469844399316962e-03
3.219786033718856355e-02 1.244945761662562787e-03 4.411571562209119302e-04 1.600114944866407583e-04 5.857206558832731176e-05 2.154410846738495490e-05 7.933359970853767269e-06 2.922111184083258957e-06 1.075378253328693148e-06 3.961997907752451514e-07 1.453919022802101699e-07 5.351672032990216611e-08 1.903771402132685326e-08 7.261667084104799447e-09 3.637658489677500605e-09 1.756818617569738804e-09 8.880631625068778073e-10 1.780727187801950645e-10 -9.072053703410679344e-11 -1.963383694291904151e-10 -2.242928272103841528e-10 -2.124575933965787511e-10 -8.641043624364249677e-12 6.168248583716054056e-11 1.035471132516186370e-10 -4.253391525926539611e-12 -4.056799599813174970e-11 5.820221961922825776e-11 9.543300021782839852e-11 4.459353634881991594e-11 2.303142499996032571e-12 -3.087301527681473950e-11 -1.274558660139286014e-13 -1.097250691036253733e-11 -2.883144257356495357e-11 -8.615519081642159242e-12 4.251972991357816466e-11 -4.041517888400125706e-13 -9.759963765419105939e-11 -1.135190466809750349e-10 -1.076653615508534768e-10 3.501996186240121575e-11 7.502425001909785625e-11 -1.162993689030676599e-10 -1.155034703462950162e-10 1.054607298478125045e-10 2.417533447346491230e-10 7.140054857977314798e-10 9.303415825845342219e-10 5.918443677016200650e-10 1.509116261319886343e-09 5.464700535016471197e-09 1.864667880222307602e-08 5.589559034466591323e-08 1.493057369508392922e-07 4.010478534539760448e-07 1.079492850582723412e-06 2.921931120509332081e-06 7.930023007051300142e-06 2.154363662342763332e-05 5.857305966097158044e-05 1.599596483387422487e-04 4.410031775796370091e-04 1.244497251256173860e-03
3.219823630429169414e-02 1.244972345919793900e-03 4.411652227164396733e-04 1.600134007551589851e-04 5.857124949831856976e-05 2.154272680489580663e-05 7.932407263382092587e-06 2.921940264309530273e-06 1.075537811159173116e-06 3.965054216441208656e-07 1.455810941569040211e-07 5.361914804638409934e-08 1.909240789139476646e-08 7.249548566767270728e-09 3.572318257052004841e-09 1.747960779300075945e-09 8.807545644891297908e-10 1.217488617088411569e-10 -1.288350923135151540e-10 -2.296901115879423792e-10 -2.404113288677087832e-10 -2.100192894395557243e-10 -8.851156452896991474e-13 6.734327176640667536e-11 1.014011314204213256e-10 -6.840023540778164621e-12 -3.885872792071002523e-11 6.171976231673820937e-11 9.847471196893970696e-11 4.942662789121110844e-11 7.693382465395494327e-12 -2.823713589929696296e-11 2.518525003069950857e-15 -1.283032686339763811e-11 -2.972913843195474050e-11 -8.147761912924381522e-12 4.140877142382427250e-11 -1.942849501055297538e-12 -9.694904454781987952e-11 -1.139877337010731949e-10 -1.146178858085659351e-10 1.760470166975273461e-11 6.496253183424849126e-11 -1.126902842766639166e-10 -1.030938889058851401e-10 1.308219058271420209e-10 2.767626904202734841e-10 7.424371199740758127e-10 9.306302263618998256e-10 5.716267165406606664e-10 1.489161806663101971e-09 5.515196771377543191e-09 1.883148993809934080e-08 5.615452688670981349e-08 1.495672642491725390e-07 4.011894598149587253e-07 1.079264994185884187e-06 2.921591143487840012e-06 7.930369735870440205e-06 2.154459290155486071e-05 5.857568243264502870e-05 1.599645794395134488e-04 4.410111636903115188e-04 1.244509802853930236e-03
3.219845913201319770e-02 1.244904001421087442e-03 4.411404907342156008e-04 1.600071916412780027e-04 5.857032541633742793e-05 2.154345330343098241e-05 7.933078849251597739e-06 2.922016349915751089e-06 1.075133006992397319e-06 3.960165242555313235e-07 1.452246867980583800e-07 5.344442730631302676e-08 1.903984824455059619e-08 7.223472632548238245e-09 3.605781996182928481e-09 1.781627202446051359e-09 9.253724578712169642e-10 1.659694041074072456e-10 -1.158641035029796288e-10 -2.118075888518485281e-10 -2.213657114625856805e-10 -2.109244565200361410e-10 -1.443751776430844137e-12 7.414569035824493476e-11 1.122768695903080037e-10 -5.319378539038580438e-12 -3.967545269563641636e-11 5.950502157376297333e-11 9.521516071358121672e-11 4.692313386068151493e-11 5.453813256211250369e-12 -3.040704008346380866e-11 -1.862664963595095142e-12 -1.251730017512258963e-11 -2.829809841868984488e-11 -6.256019555051667910e-12 4.663923751290579073e-11 2.831158289083629655e-12 -9.667639667138455269e-11 -1.118353574225354633e-10 -1.118763129938673379e-10 2.503122370450932842e-11 6.416930530852804415e-11 -1.257373831352404549e-10 -1.249067731365144534e-10 1.113427240572568691e-10 2.687049955967048631e-10 7.461453411008338550e-10 9.598001118780759528e-10 6.176555954703335905e-10 1.521698928199346319e-09 5.508287951426359207e-09 1.877561583669515684e-08 5.607973742424174768e-08 1.494957322937726367e-07 4.012263447023528636e-07 1.079428952794366962e-06 2.921250631781004660e-06 7.928528124281160241e-06 2.154168469251419209e-05 5.857054591499162794e-05 1.599577089767914052e-04 4.409979079960395145e-04 1.244487399960763361e-03
3.219806178446309175e-02 1.244908898839669010e-03 4.411513512301384302e-04 1.600109057766999630e-04 5.857086262833258557e-05 2.154285271243049985e-05 7.932641481116190995e-06 2.921701543040455249e-06 1.075156722738785546e-06 3.962001716636261199e-07 1.455095888844085126e-07 5.367517144158525551e-08 1.907153441022280834e-08 7.229236538410806588e-09 3.578886664700638545e-09 1.734119108262794538e-09 8.716212056069117486e-10 1.596064342944763255e-10 -9.210459429348430143e-11 -2.067769864798040083e-10 -2.393044042364271662e-10 -2.222318150205645490e-10 -9.545204284823852423e-13 6.735840681473879313e-11 1.042158784810087332e-10 -3.262854790371994021e-12 -3.422037759967000408e-11 6.471939158242600007e-11 9.773363721194839207e-11 4.781069897847099974e-11 7.222185385758303880e-12 -2.903320174422930746e-11 -1.670774980164804070e-12 -1.182876440454799440e-11 -2.826041024276663238e-11 -7.767817847048108933e-12 4.166995167697283417e-11 -3.462826973937862500e-12 -9.898910915793715661e-11 -1.135724043434344885e-10 -1.140758558524926884e-10 2.792746712388142392e-11 7.028218295097451914e-11 -1.145476482785837486e-10 -1.088502153319299430e-10 1.100754560661333970e-10 2.607178827606259813e-10 7.476999565966476126e-10 9.443785132375937897e-10 5.942244384209641889e-10 1.521791785915786509e-09 5.465971208577317701e-09 1.870861069271647845e-08 5.596586285885159998e-08 1.494321316690979103e-07 4.013851645456230525e-07 1.079880842160218813e-06 2.922107052668515782e-06 7.929630398010468277e-06 2.154183937253852178e-05 5.856833256706190087e-05 1.599516516095292199e-04 4.409862211269204133e-04 1.244468068129795301e-03
3.219745828728916986e-02 1.244940912269568850e-03 4.411560314421455477e-04 1.600111094618432591e-04 5.856999306394692598e-05 2.154282347903654519e-05 7.932902167369750021e-06 2.922081187265812057e-06 1.075398876893015673e-06 3.962430839433244666e-07 1.454176841594286777e-07 5.353768528954565464e-08 1.901267330463589040e-08 7.170067542489511760e-09 3.597444521285384296e-09 1.754425102555630336e-09 8.752314054199901397e-10 1.423682917702517139e-10 -1.224468075990278624e-10 -2.369209512603841338e-10 -2.439716795451156734e-10 -2.135694312718032065e-10 -5.705565590487644671e-13 6.616534108059538155e-11 1.060114410423492844e-10 -9.656525604307492286e-13 -3.372650421746910551e-11 6.144980078134480870e-11 9.473455062034029574e-11 4.681122248292650341e-11 5.819714494313285781e-12 -2.989362657473708275e-11 -7.922171467019414362e-13 -1.074334232230290115e-11 -2.698367025291705002e-11 -6.832229863215726690e-12 4.169385645104826582e-11 -3.754637635170730171e-12 -1.005880473488484973e-10 -1.120555746828240534e-10 -1.046451960186277852e-10 3.252697889248145873e-11 7.258374351356573848e-11 -1.175999878860078740e-10 -1.145420197992299810e-10 1.134791140676177736e-10 2.529483987897293468e-10 7.205317755593349185e-10 9.275296989709201186e-10 5.852571208720139005e-10 1.455125220272552419e-09 5.423255690004086869e-09 1.863821984157427803e-08 5.584419102715394894e-08 1.493336664577516777e-07 4.012735932253634419e-07 1.079613255507490174e-06 2.921884610404806578e-06 7.930361816877679339e-06 2.154391429897725715e-05 5.857178623998271179e-05 1.599556760481906639e-04 4.409902421449016685e-04 1.244447111679118081e-03
3.219768708229550636e-02 1.244839802847971452e-03 4.411165949558500175e-04 1.599965105355017096e-04 5.856479403481742720e-05 2.153968726364466731e-05 7.930973144086408321e-06 2.921381242415566676e-06 1.075456921615661051e-06 3.965310380021687992e-07 1.455393216900609770e-07 5.351206932655961167e-08 1.907012063208530043e-08 7.316679168205142388e-09 3.643839525954149896e-09 1.756633708718897353e-09 8.694860309649577377e-10 1.463090555019159935e-10 -1.124366256517286625e-10 -2.161792594603570711e-10 -2.392502783540377934e-10 -2.261680423484416646e-10 -8.412636651268350680e-12 6.758571264606534852e-11 1.092000039178394042e-10 -1.286503987831185973e-12 -3.628966382037991241e-11 6.051497604736456505e-11 9.646082812220369128e-11 4.801849257115541877e-11 7.424044369633490929e-12 -2.909879342047711112e-11 -3.481695653906280381e-12 -1.497088018280320449e-11 -3.120011932887398060e-11 -9.938140845353924798e-12 4.129341805966046874e-11 -9.841672560519888621e-13 -9.653326264522403655e-11 -1.103164201071461020e-10 -1.090712796703310250e-10 2.114287591296828898e-11 5.846635804395196775e-11 -1.216210451733673804e-10 -1.037401524705346660e-10 1.264434912600835085e-10 2.632173296668433859e-10 7.207421989629739160e-10 9.228325650261104293e-10 6.258136236682719397e-10 1.631324333271960644e-09 5.637241632260225413e-09 1.883883823059714171e-08 5.613604679346886865e-08 1.497494535256612639e-07 4.015995105969491882e-07 1.079984360715211169e-06 2.922512235718467735e-06 7.930995690152881184e-06 2.154390619743681577e-05 5.857006993997288392e-05 1.599508660277114153e-04 4.409807079694303095e-04 1.244437149196791787e-03
3.219825093135114669e-02 1.244859541433307980e-03 4.411222251004856239e-04 1.599965563061289881e-04 5.856433238670810654e-05 2.154056699645037101e-05 7.932187671806742880e-06 2.921950021734563495e-06 1.075530673118162687e-06 3.962728128713769625e-07 1.453371905576548618e-07 5.346969494628504871e-08 1.897725849318549071e-08 7.199046767983335482e-09 3.609875426504867910e-09 1.788445218404606587e-09 9.077611288150332130e-10 1.532239694289455174e-10 -1.122935681488133713e-10 -2.197977582678411513e-10 -2.337068261555140682e-10 -2.145809985635039886e-10 -8.810968037286732851e-12 6.719807237079772943e-11 1.058677672847861377e-10 -2.928910280905643507e-12 -3.697077893044901260e-11 5.825622733382375544e-11 9.398973981466365207e-11 4.751695826183072619e-11 8.301335434422904720e-12 -2.725610818580235965e-11 2.657458760722583098e-12 -9.069803813863240669e-12 -2.784455469969574296e-11 -9.310292189670945973e-12 3.678872157138465777e-11 -7.445667162386834681e-12 -1.047267158370811828e-10 -1.152475550860708893e-10 -1.086823145743434470e-10 2.736534606389415442e-11 7.432722721489402563e-11 -1.085060802448198907e-10 -1.151768579800141327e-10 9.908006393639406966e-11 2.546307009574085103e-10 7.545176569260103297e-10 9.487167324910510226e-10 6.256040554334013448e-10 1.565207651819660543e-09 5.559319492395194720e-09 1.879748057935208349e-08 5.607625993061877243e-08 1.496518260417605240e-07 4.016354786140735780e-07 1.080070600497112323e-06 2.922205301420236987e-06 7.929686643954881849e-06 2.154301617355343644e-05 5.857184873697145644e-05 1.599595862699023806e-04 4.410094072256088844e-04 1.244517838186265943e-03
3.219774883140374272e-02 1.244917744227882128e-03 4.411391895715324686e-04 1.600014594228875387e-04 5.856552917727362098e-05 2.154050437709191827e-05 7.932053243163402552e-06 2.921912830864162163e-06 1.075500002343457589e-06 3.963203179090230830e-07 1.453657377949727985e-07 5.351575451137429961e-08 1.902988701680950719e-08 7.211333270814927631e-09 3.611361751652591024e-09 1.789801733648802679e-09 9.064129676436653602e-10 1.696827596945278021e-10 -8.912817920319054138e-11 -1.945920050372671338e-10 -2.158162855219903661e-10 -2.092901402646278074e-10 -1.222088988312714642e-11 5.842786435027048997e-11 9.945497526290404104e-11 -6.332380473755299161e-12 -3.838806850595749933e-11 6.043927358485065971e-11 9.593013109871880056e-11 4.668031328796292965e-11 6.018256713714525268e-12 -2.973171895959786294e-11 -1.763834281974151405e-12 -1.218963440167418059e-11 -2.906814312586600596e-11 -7.792157993427345482e-12 4.451886878727207965e-11 4.614309575114676305e-13 -9.676298286391260130e-11 -1.107757548456698916e-10 -1.096973588218252965e-10 2.939233505947239771e-11 7.123339683371763180e-11 -1.202940327250145593e-10 -1.253813496162654870e-10 1.014896645899858124e-10 2.585067367613668116e-10 7.058004959249447949e-10 9.010999483440759258e-10 5.936794945339280675e-10 1.530055101944915940e-09 5.497185863221446501e-09 1.871675440376884257e-08 5.600167566609655171e-08 1.495531963878817566e-07 4.014811478114189151e-07 1.079976202432605879e-06 2.922091414215547786e-06 7.929731904914712759e-06 2.154297362482001288e-05 5.857209425153243551e-05 1.599606295776276950e-04 4.410129909460578615e-04 1.244516399605264875e-03
3.219816626488719580e-02 1.244963015667510230e-03 4.411610727447531194e-04 1.600125634425337174e-04 5.857094178045491490e-05 2.154294541925563680e-05 7.932842373020402443e-06 2.921789765504469273e-06 1.075467444242000675e-06 3.964972442527399591e-07 1.456756511492781930e-07 5.372966892184406059e-08 1.909457671741470522e-08 7.207327572308253599e-09 3.560969171517970084e-09 1.754680254456696589e-09 9.138007972118388888e-10 2.051850694135084749e-10 -7.757213132939305781e-11 -1.904466464903340699e-10 -2.141876917039580539e-10 -2.059547340898940368e-10 -4.383393543906727089e-12 6.448847250463652383e-11 9.967530983149501692e-11 -9.020464254141516972e-12 -3.839256894930551812e-11 6.075826013938602968e-11 9.682415232183277723e-11 4.909240219174150548e-11 7.782886133944272414e-12 -2.824152973879310521e-11 5.665049993926948570e-13 -1.045257101273836932e-11 -2.996349878494190338e-11 -1.020875582461158481e-11 4.075433465918832339e-11 -2.999790472353802324e-12 -9.575937922853741225e-11 -1.071598288959232625e-10 -1.074733091496797233e-10 2.945735799391017442e-11 7.506395923233049148e-11 -1.186749772616895852e-10 -1.299858943845239323e-10 9.996685455177896832e-11 2.646636447341762538e-10 7.304324798133034892e-10 9.021741284246215896e-10 5.604521210891882071e-10 1.557558239718543280e-09 5.601146855579729934e-09 1.877757127964824189e-08 5.592307909000208726e-08 1.493503295069135108e-07 4.012905030376312786e-07 1.079902557302634588e-06 2.922381784618499388e-06 7.930639912597224164e-06 2.154525716708475787e-05 5.857656575785384417e-05 1.599698227486374882e-04 4.410248455275195116e-04 1.244539302017769102e-03
3.219771841650621164e-02 1.244856072686730247e-03 4.411203235961911619e-04 1.599953562098289288e-04 5.856469471137501894e-05 2.154049704157296995e-05 7.931670570797351482e-06 2.921488869550338128e-06 1.075218989532486046e-06 3.962058275194535184e-07 1.454116096789496249e-07 5.350477562150327101e-08 1.898584079498924519e-08 7.189987575463559415e-09 3.596632487722071095e-09 1.778575054319482925e-09 9.158177612059759766e-10 1.886788687482592140e-10 -7.804013543275490801e-11 -2.115327550160934057e-10 -2.401231575731662422e-10 -2.153774055473892050e-10 -6.665930113927848352e-12 5.918724171714980510e-11 1.037034435787100241e-10 -4.469246544885684235e-12 -3.948560971960144012e-11 5.967461780305565282e-11 9.758612383941064625e-11 5.051467001126959558e-11 8.113977132317906211e-12 -2.952406974332119882e-11 -2.264025653671079570e-12 -1.297473595812152279e-11 -3.007552487842552643e-11 -8.596118529772420852e-12 4.601568923964001939e-11 4.595333322533983823e-12 -9.355165813658553949e-11 -1.088107736144177751e-10 -1.087111510459733194e-10 2.702097063404630050e-11 7.041609851718113017e-11 -1.172608258942658605e-10 -1.193853656440203559e-10 9.109044727629269540e-11 2.416969903608465147e-10 7.299995011771484335e-10 9.303121918500756747e-10 5.695550949249576719e-10 1.514107742167479474e-09 5.527089371783166971e-09 1.872655159742493269e-08 5.601724589486242281e-08 1.495673425736010521e-07 4.014508197726516402e-07 1.079602994956278665e-06 2.921674446059879899e-06 7.929757061862718160e-06 2.154300307305715933e-05 5.857030481320581395e-05 1.599507971868658750e-04 4.409834741032791941e-04 1.244466508746879755e-03
3.219861795325124759e-02 1.244880883946353255e-03 4.411272620464604111e-04 1.600005028520701635e-04 5.856849901366045677e-05 2.154279183765512890e-05 7.932860514742374843e-06 2.922065424754155239e-06 1.075308548881732908e-06 3.961344129473775038e-07 1.453080491967603925e-07 5.346584715717364498e-08 1.897034267499374992e-08 7.160196450273808210e-09 3.529661444323426762e-09 1.704367105439067889e-09 8.788983776445981964e-10 1.624471381340349321e-10 -1.015356958847636490e-10 -2.052036329404961130e-10 -2.201315266461358331e-10 -2.040288656745204783e-10 2.638091861106632015e-12 6.961428169124073153e-11 1.068764139884258252e-10 -4.280655297977908294e-12 -3.775377766990877702e-11 6.271497097012989039e-11 9.731772462972384803e-11 4.784494102572277944e-11 5.896465807493336086e-12 -3.037461284187709889e-11 -2.201038605225720466e-12 -1.175878703115453892e-11 -2.719727430079651732e-11 -6.875704028828955822e-12 4.331057919890688906e-11 -2.819586132382515769e-12 -9.833097751379769259e-11 -1.092002859084333990e-10 -1.043209319435895940e-10 3.378773238735022096e-11 7.044762674982114292e-11 -1.180446378202528150e-10 -1.173984890522800409e-10 1.087197315147962357e-10 2.681772837533285447e-10 7.746627089747217968e-10 9.655338522115913013e-10 5.677150008248771611e-10 1.482463035409653384e-09 5.504622828532444648e-09 1.868525270441070343e-08 5.590333591471854137e-08 1.495419283510448444e-07 4.014965991014552107e-07 1.079878968178984806e-06 2.922215378735356563e-06 7.930031318258062763e-06 2.154313265331954256e-05 5.857247586654266421e-05 1.599607326517150734e-04 4.410049106769101785e-04 1.244491584308118947e-03
3.219824895847596402e-02 1.244929107175018080e-03 4.411491056230868834e-04 1.600080644275362533e-04 5.857065721745363267e-05 2.154316908930946586e-05 7.932442825581479100e-06 2.921806594349468128e-06 1.075513757253636972e-06 3.963607739305651480e-07 1.453976474575014267e-07 5.353511698469181526e-08 1.912514386867103267e-08 7.319280559280066654e-09 3.643185771087269860e-09 1.781816639553363083e-09 9.055280857672425102e-10 1.674384012520599691e-10 -1.156816530795619916e-10 -2.160311656557524161e-10 -2.288624849089767660e-10 -2.115955481044654024e-10 -3.175729748801441139e-13 6.443673053415894898e-11 1.004230196989005693e-10 -6.109849117285565540e-12 -3.792472912188179284e-11 6.136540320453415140e-11 9.701926292610975165e-11 4.911412030271091898e-11 7.800416012562475277e-12 -2.991571139296211911e-11 -2.521913618003257829e-12 -1.474906399618103318e-11 -3.203211291756172918e-11 -1.153933638920027613e-11 4.048814505205078841e-11 -4.571988335495901762e-12 -9.845151067521817575e-11 -1.108833027658008148e-10 -1.130853139991085740e-10 2.086637189255220547e-11 6.676176585283260953e-11 -1.190476492283137383e-10 -1.261542500265399700e-10 8.782908639750794843e-11 2.512463482304435458e-10 7.347643986309240733e-10 9.180505581190411884e-10 5.636736121697922831e-10 1.486874231165971126e-09 5.452497686470465602e-09 1.865712867847377193e-08 5.597095837109950586e-08 1.494354002178575452e-07 4.012572358161517769e-07 1.079754489923631614e-06 2.922356089141594287e-06 7.930874149172987726e-06 2.154559784686338580e-05 5.857864996161465417e-05 1.599767276213761701e-04 4.410447825318585674e-04 1.244591902810749306e-03
3.219806089350694261e-02 1.244953670365386931e-03 4.411602257177468594e-04 1.600124213953291522e-04 5.857122917919861411e-05 2.154301218742976301e-05 7.932427896774842907e-06 2.922063677862638046e-06 1.075714186001397743e-06 3.965675167744645633e-07 1.455261924930094759e-07 5.359293308645011888e-08 1.906738723501922290e-08 7.193325628397518083e-09 3.600376022731430601e-09 1.788996893284936589e-09 9.156433637386446414e-10 1.707131658784120786e-10 -1.089396122588200150e-10 -2.160762475628790653e-10 -2.311203035618854882e-10 -2.172980362768257297e-10 -7.731407670929400122e-12 6.046191234233715809e-11 1.027856949450932414e-10 -5.391353883067654739e-12 -3.898651996260176234e-11 6.025295084785654334e-11 9.648431275470103791e-11 4.767203184258596425e-11 5.466074150548397648e-12 -2.940801618627059550e-11 2.899767129834991979e-13 -1.059540102086681401e-11 -2.777038232627457383e-11 -7.911384624624001584e-12 4.151317118130756880e-11 -1.047036552345106693e-12 -9.761404010718383300e-11 -1.136354574077349427e-10 -1.069803766087883476e-10 3.574937639714332653e-11 7.247662587803271834e-11 -1.293627408266405522e-10 -1.308869758576439863e-10 9.068268677816588653e-11 2.401872827458185018e-10 7.473655603791967011e-10 9.572995919415029400e-10 5.924368574941779767e-10 1.480930489100228792e-09 5.456566346183657882e-09 1.872544741323418928e-08 5.599527121083474243e-08 1.493846730848740668e-07 4.013029998521759195e-07 1.079909766538028007e-06 2.922356645863353079e-06 7.930741582740047184e-06 2.154544870334828530e-05 5.857567640924280628e-05 1.599651393222063637e-04 4.410151006427919028e-04 1.244523505176221151e-03
3.219828125996835461e-02 1.244929415515076861e-03 4.411498812301576397e-04 1.600083015006344123e-04 5.857099229081444783e-05 2.154391441356788919e-05 7.933067466316211637e-06 2.922091430608659646e-06 1.075527380415829354e-06 3.964007820348390545e-07 1.455569280603908166e-07 5.364948565405137146e-08 1.913312171172410802e-08 7.250267088461073163e-09 3.621422526901096453e-09 1.770480129032008050e-09 8.875401274123463765e-10 1.597566248017432212e-10 -8.890375791678456660e-11 -2.037047335815721711e-10 -2.211441912962878179e-10 -2.094170333441689654e-10 -8.543376496755918294e-12 6.082075333051669128e-11 1.011789926976732023e-10 -8.421199095502663427e-12 -4.110194695444438976e-11 6.305897976440238477e-11 9.934330887279379386e-11 4.901204279919898265e-11 5.557135688175129046e-12 -3.035632082330412840e-11 -4.504432101223341887e-13 -1.029556451683302972e-11 -2.915430543056678717e-11 -1.004126687998642760e-11 3.961461177555095720e-11 -3.943309479402066788e-12 -9.938468430782770366e-11 -1.145446362280351999e-10 -1.110888653492572762e-10 2.596385262238118837e-11 6.662835660866387187e-11 -1.094383935387349865e-10 -1.018607264171557035e-10 1.192142388523683381e-10 2.575672555552391385e-10 7.477297018026384880e-10 9.660887970318091453e-10 5.679578889638628947e-10 1.418256883161630277e-09 5.408475035527045396e-09 1.873813953591226656e-08 5.615765870749053840e-08 1.497380323843210273e-07 4.016589181416430239e-07 1.080106424291017916e-06 2.922406380339632285e-06 7.930138728881357669e-06 2.154297993949170220e-05 5.857108157157923586e-05 1.599573619134984513e-04 4.409998201020638654e-04 1.244487711612583163e-03
3.219779782942237129e-02 1.244921665008161130e-03 4.411528067634749753e-04 1.600079970456942853e-04 5.856920746873547733e-05 2.154286805871485260e-05 7.933013934998776404e-06 2.922025493505669541e-06 1.075370082689384664e-06 3.961341750577292575e-07 1.453432311170824236e-07 5.352803738715487435e-08 1.899915944396009488e-08 7.212839489904098423e-09 3.599370283546297569e-09 1.788315720427193544e-09 9.203035911505911541e-10 1.608418379099874708e-10 -1.148142187822386951e-10 -2.122592879063163689e-10 -2.259376550610244426e-10 -2.062943508786989040e-10 1.153855433980123123e-14 6.200226765070278159e-11 9.988634481742713183e-11 -5.654533300549482213e-12 -3.961356195264330957e-11 6.104001027372394818e-11 9.886442783692761585e-11 5.048075451549648795e-11 6.353991862078373293e-12 -3.102217938107822839e-11 -2.877796308766740437e-12 -1.246296480587071930e-11 -2.924485652501435799e-11 -1.043639782661572668e-11 3.977802655043189523e-11 -4.124063054698637752e-12 -1.003503997396004988e-10 -1.130131236654291199e-10 -1.056128696985973569e-10 3.560330653600126960e-11 7.979918502857027524e-11 -1.082790491300208242e-10 -1.197085281657103808e-10 9.636603404543458564e-11 2.405716847398056720e-10 7.130450815205726573e-10 9.154266432870985385e-10 5.857642125768364456e-10 1.544846066311472158e-09 5.527083990748523279e-09 1.875580220192625795e-08 5.603857965207350248e-08 1.495276845214829601e-07 4.013721089598316602e-07 1.080004361537733652e-06 2.922614124875747544e-06 7.930986569316113380e-06 2.154506086165378830e-05 5.857701009627003014e-05 1.599709820227783366e-04 4.410347763512211363e-04 1.244573664656126481e-03
3.219844199905144005e-02 1.244947184148404579e-03 4.411502280682768999e-04 1.600066660662985505e-04 5.856949157490647334e-05 2.154309091596924859e-05 7.932906037417873201e-06 2.921961019783656974e-06 1.075367017985205838e-06 3.962417847292030603e-07 1.453505898945249269e-07 5.355736974127722723e-08 1.909002298427730323e-08 7.240154912605759776e-09 3.577363228606710476e-09 1.735766386950881093e-09 8.795616569766841870e-10 1.554251247988731506e-10 -9.922452876286598620e-11 -2.063983067538669977e-10 -2.290081060719101693e-10 -2.159524857032119536e-10 -5.193569346643829453e-12 6.524736477752690985e-11 1.002853139437789309e-10 -9.063300722264922840e-12 -3.900688639607526261e-11 6.285781870058136670e-11 9.883585007531852998e-11 4.907762399052739757e-11 9.259527464456266372e-12 -2.510990987442036441e-11 5.454684443766013375e-13 -1.104331304967268474e-11 -2.925407431154023465e-11 -9.438748629036986275e-12 4.152815198049154994e-11 -5.096353957412770221e-12 -1.017651864765721105e-10 -1.151834125541472417e-10 -1.144876716430645449e-10 2.407587046187930066e-11 6.402065489591220493e-11 -1.177762890480123313e-10 -1.045378660522634982e-10 1.261843488615511561e-10 2.662113839670958684e-10 7.432934312738582488e-10 9.236106852472173289e-10 5.557899704222540632e-10 1.483188946927518058e-09 5.496738385279647355e-09 1.873833829947888854e-08 5.597080422779163325e-08 1.495421598150410399e-07 4.015082684268725940e-07 1.079900191535474092e-06 2.922337734541837487e-06 7.931519674097532670e-06 2.154753328826931031e-05 5.858180162458475975e-05 1.599798720042052607e-04 4.410542885767304599e-04 1.244619471324596082e-03
3.219811450297940802e-02 1.244944708361730165e-03 4.411503659834112366e-04 1.600077215798821780e-04 5.856941909868139222e-05 2.154305673414924933e-05 7.933017064257100087e-06 2.921895909677128105e-06 1.075172861499043874e-06 3.962138837807057437e-07 1.454492070921788410e-07 5.361296633235841806e-08 1.911196462754313377e-08 7.256521119517119365e-09 3.608598546444218223e-09 1.743061908870582900e-09 8.674434043097745696e-10 1.473911328498402191e-10 -1.119585797941599445e-10 -2.210264575590382571e-10 -2.335633941959034596e-10 -2.108278976421162226e-10 -3.961539585554551034e-12 5.988734732685376239e-11 9.857738519360259800e-11 -5.426959494309721416e-12 -3.978644848058486975e-11 5.862373135828598192e-11 9.475827114427197756e-11 4.740312472629202296e-11 7.890788947120404497e-12 -2.730398850062489356e-11 1.170988582592942699e-12 -1.137988075521889514e-11 -2.985793733464482090e-11 -1.054428060037366826e-11 4.176745971360169155e-11 7.331550113754836282e-13 -9.373104339402404374e-11 -1.078795821002647182e-10 -1.021115201555270758e-10 3.760035665539767866e-11 7.147495386972846592e-11 -1.188861836301221147e-10 -1.083828088494010074e-10 1.189857174577075160e-10 2.675114299130666268e-10 7.525123663182981208e-10 9.401400964004746088e-10 6.136289672865598789e-10 1.554568828473527617e-09 5.519888271631163357e-09 1.872194389978734259e-08 5.598507135523121936e-08 1.495450674369272401e-07 4.014434616489704737e-07 1.079943355668117846e-06 2.922352307896135940e-06 7.930024458197477988e-06 2.154234162784596812e-05 5.856981797050934052e-05 1.599540625487635797e-04 4.409894357529896562e-04 1.244452625470538485e-03
3.219805768889803799e-02 1.244945998992998473e-03 4.411608588820975616e-04 1.600145846029330280e-04 5.857211913716417847e-05 2.154359316987731858e-05 7.933258506716595764e-06 2.922132910607693725e-06 1.075515591169540876e-06 3.964077922541857184e-07 1.454503911996022926e-07 5.346041045199791208e-08 1.897716404796379431e-08 7.202360814625635782e-09 3.590318048873573425e-09 1.774049218190516074e-09 9.366486085316080827e-10 1.885670425522856051e-10 -1.059861398405530482e-10 -2.292841069744489673e-10 -2.528988689501673443e-10 -2.329230280425858673e-10 -1.546620477221052726e-11 6.169038649825377895e-11 1.047292851845750566e-10 -6.753987967113158424e-12 -4.107796582418794100e-11 6.070795268048829607e-11 9.510751364413421611e-11 4.684561677523431731e-11 7.694942809795863712e-12 -2.544672648233437274e-11 2.300927914442527017e-12 -1.067102979369473693e-11 -3.037582078865384845e-11 -1.195479747718827164e-11 3.927950272462209029e-11 -5.869312296271241327e-12 -1.022081585106517551e-10 -1.127774232349912482e-10 -1.057577739456269751e-10 3.257268552703531229e-11 7.356235790565549522e-11 -1.227981136541304943e-10 -1.231183509300378862e-10 1.051037492360056569e-10 2.727777525418722239e-10 7.468913915892590928e-10 9.239298493761062474e-10 5.877538696930728089e-10 1.527613687341087022e-09 5.555498023868399021e-09 1.877789263178675759e-08 5.598439381554117195e-08 1.495256476464370711e-07 4.016427357413693030e-07 1.080425557982441881e-06 2.922818148617801236e-06 7.931194689279291412e-06 2.154488067881039768e-05 5.857458170548336858e-05 1.599651258068850146e-04 4.410196367497102644e-04 1.244530475199845604e-03
3.219819534631976343e-02 1.244911708562175968e-03 4.411401061978943586e-04 1.600029663916435383e-04 5.856778999242116037e-05 2.154188789732869536e-05 7.932619878550500666e-06 2.921940428116072778e-06 1.075487796492944697e-06 3.965024108249067435e-07 1.454037214452786459e-07 5.350789210814989173e-08 1.905637910677392972e-08 7.244709843262224155e-09 3.653187994717692085e-09 1.819456997836005062e-09 9.319161488648524319e-10 1.708570893029006786e-10 -1.186264817911324557e-10 -2.341147314140255622e-10 -2.417849551777978344e-10 -2.149650183516292456e-10 -5.937920029335466667e-12 5.778379164196230158e-11 9.790208471701278914e-11 -8.562638684711579814e-12 -3.675018013547103592e-11 6.375700553866653329e-11 9.728110038571315717e-11 4.693994957514568950e-11 4.905410737315871351e-12 -3.082701682699372281e-11 -9.256635942627063450e-13 -9.759244806392410444e-12 -2.797958863043428011e-11 -7.028963894265153784e-12 4.366355671400794411e-11 -3.791233607178939230e-12 -1.018833472555446818e-10 -1.111245779459595728e-10 -1.014174766860070164e-10 3.242441195587249634e-11 5.898776157551507419e-11 -1.308106776979402415e-10 -1.222978295949560799e-10 1.021641894467294951e-10 2.534965241203270559e-10 7.423207589918311849e-10 9.333156854843541070e-10 5.404747030074766559e-10 1.463051828251918087e-09 5.524415891105545840e-09 1.880654668937752229e-08 5.610021354012976709e-08 1.495372941693165710e-07 4.012867196734068881e-07 1.079937185999473176e-06 2.922670564911209179e-06 7.931588223187124566e-06 2.154564708791588512e-05 5.857505478996092620e-05 1.599666544173178545e-04 4.410226882053340904e-04 1.244529935856607348e-03
3.219830009452547687e-02 1.244956079470150483e-03 4.411643109116306083e-04 1.600157212002688083e-04 5.857383843182793575e-05 2.154489909212895638e-05 7.933245938619772425e-06 2.921943255358651352e-06 1.075656784798722071e-06 3.966671915490290140e-07 1.456653370559988099e-07 5.362203458715721013e-08 1.904226010083794843e-08 7.178187619365771414e-09 3.567687353317362863e-09 1.782220020394095893e-09 9.150426243305112230e-10 1.700170520608732059e-10 -1.186426573745823483e-10 -2.367578799907654939e-10 -2.527426661377318522e-10 -2.324530004215671280e-10 -1.374411465049225279e-11 6.147297807473227435e-11 1.021452543892034752e-10 -5.513297639599094188e-12 -3.613015251352758544e-11 6.328472483996147073e-11 9.567792160552166487e-11 4.571095151198334582e-11 3.840219878717070880e-12 -2.988590812265895160e-11 -4.420906101879971063e-13 -1.131319895123503003e-11 -2.866508291727223370e-11 -6.751983395899869689e-12 4.242199411804426471e-11 -4.156666303469864123e-12 -9.872671450396618045e-11 -1.061076435925400645e-10 -9.971052421536296330e-11 3.572730712491039743e-11 7.329337480383333215e-11 -1.234780684499014083e-10 -1.303483109442206604e-10 9.825727727365346425e-11 2.623487138260371429e-10 7.375837406072557908e-10 9.325676507889116102e-10 5.742420712330750293e-10 1.514026309384627353e-09 5.580965343908999496e-09 1.881891860927386777e-08 5.599031528594699219e-08 1.494714370520354566e-07 4.014152495818311416e-07 1.079803349597119469e-06 2.921730738092410264e-06 7.928838357710973536e-06 2.154106687278835262e-05 5.856917839650762334e-05 1.599559966873470844e-04 4.409988081067581136e-04 1.244479183924546541e-03
3.219831670310228239e-02 1.244942805253296085e-03 4.411506113969840010e-04 1.600048790574870074e-04 5.856768129484348146e-05 2.154216633293189594e-05 7.932648177786595276e-06 2.921978838587153323e-06 1.075429885888143263e-06 3.964103225420079564e-07 1.455105088358811766e-07 5.352481980504187427e-08 1.899779823571422867e-08 7.232174344010889763e-09 3.627061713653048428e-09 1.790548443875280645e-09 8.956401364527098971e-10 1.533425895002624708e-10 -1.152373167202419752e-10 -2.180465994973406830e-10 -2.343654525656849610e-10 -2.097790811128148252e-10 -9.282068485010939406e-13 6.513128361095703148e-11 1.036240934574194960e-10 -6.210300879079276333e-12 -4.318434552993928295e-11 5.534366037176119076e-11 9.416162017179722462e-11 4.873396572956666075e-11 7.774963171636952662e-12 -2.788510592424956117e-11 -2.569446228830045523e-13 -1.242896330340133141e-11 -3.070600288263759474e-11 -1.105736136902854402e-11 3.939332542896331505e-11 -4.836527436797454186e-12 -9.858632706097575933e-11 -1.096450180938816493e-10 -1.042217971685972449e-10 2.966220224718882089e-11 6.781543628173603015e-11 -1.193387604924297240e-10 -1.193296454261044488e-10 8.917584593979084359e-11 2.365830374717575830e-10 7.257687249110487958e-10 9.227704546743484738e-10 5.792468892402992739e-10 1.546624841378361694e-09 5.535368593382005492e-09 1.869833526316148405e-08 5.594120446222085995e-08 1.494292804211102556e-07 4.013531194507722094e-07 1.079864842634932480e-06 2.922317098826865873e-06 7.930431412685804820e-06 2.154484083504179003e-05 5.857633886389165492e-05 1.599692885676154267e-04 4.410313906551124657e-04 1.244569807182700945e-03
3.219819649606474321e-02 1.244867400582470602e-03 4.411233076799122264e-04 1.599970111049609108e-04 5.856419733427382354e-05 2.154012406842449002e-05 7.931534390653614477e-06 2.921577982094272727e-06 1.075544642426219632e-06 3.965128266190017542e-07 1.454767086349762099e-07 5.346624733744273231e-08 1.898848741601207348e-08 7.228618126393932535e-09 3.566645881743657991e-09 1.722467530886087150e-09 8.960270959112404030e-10 1.808840975356342978e-10 -8.067382305624320969e-11 -1.970925983849410626e-10 -2.299476410328252861e-10 -2.231597531639775069e-10 -1.815355358893311139e-11 5.808976208836294350e-11 1.058761714732803380e-10 -2.622745165046513423e-12 -3.836758227374510893e-11 5.898082358661266012e-11 9.473584790653352289e-11 4.629196989678920701e-11 5.056270045724162303e-12 -2.908272356460247939e-11 -5.561453315404338734e-14 -1.029533930255368955e-11 -2.843593700324437481e-11 -9.968887418449122614e-12 4.236881192167714094e-11 -8.802239496532758339e-13 -9.799004346463535821e-11 -1.080875481027536083e-10 -1.020255462067915436e-10 2.797369721434874973e-11 6.942412715741877988e-11 -1.217998359938029352e-10 -1.260306644096876152e-10 8.631695122850049826e-11 2.334310629047188117e-10 7.235717883687061810e-10 9.210076223833001330e-10 5.766567391377476605e-10 1.489892310035804371e-09 5.428888371165235922e-09 1.867672166128308157e-08 5.599331875318101441e-08 1.495109963750967417e-07 4.014255775507684153e-07 1.080111729269298588e-06 2.922343373815105372e-06 7.929659620030432332e-06 2.154231201321911963e-05 5.856928030942095987e-05 1.599515763438891453e-04 4.409845362190977750e-04 1.244467431891815466e-03
3.219811033837916003e-02 1.244920920662667685e-03 4.411522266648009631e-04 1.600099755392276788e-04 5.856995358800770520e-05 2.154255304714551586e-05 7.932361268697113370e-06 2.921475963590877107e-06 1.074904044201241187e-06 3.960841824675119076e-07 1.453908724060896644e-07 5.352999518499452218e-08 1.896823215567738249e-08 7.162715171151006153e-09 3.567385551306690028e-09 1.736348686196713357e-09 8.882711951252973103e-10 1.607544353712072989e-10 -9.684086729403563194e-11 -1.923458961341723880e-10 -2.130075089256616399e-10 -2.071420461464401782e-10 -6.349882299590503708e-12 5.833906084062047756e-11 9.592694900619002672e-11 -1.113199121575688472e-11 -3.997915744759188054e-11 6.291359612689150984e-11 9.972063977696001511e-11 4.889085850305392486e-11 7.110887446101098266e-12 -2.772219147455994787e-11 2.423522317451839168e-13 -1.127769868045811163e-11 -2.892139557728980457e-11 -9.948032876036809117e-12 3.886698040413700719e-11 -4.299817601993103376e-12 -9.743608767437096080e-11 -1.076480234831707495e-10 -1.062463291710052989e-10 2.554707513798748751e-11 6.663711901642612648e-11 -1.351885989418427143e-10 -1.482906416608194574e-10 8.964619425595723255e-11 2.599111209658932801e-10 7.479446058074439216e-10 9.616898771053564077e-10 5.950016371590636735e-10 1.475097157272507555e-09 5.436229554095480622e-09 1.868286643935614483e-08 5.594764837743878729e-08 1.494768209575199427e-07 4.013078030912695564e-07 1.079687529459485713e-06 2.922376590916721060e-06 7.930731156002023650e-06 2.154445808889750568e-05 5.857626576532237695e-05 1.599710352547088104e-04 4.410293618597718648e-04 1.244552424639986483e-03
3.219835757964448208e-02 1.244959826111685479e-03 4.411587039714886670e-04 1.600117576215681528e-04 5.857048252774463856e-05 2.154223035839697426e-05 7.932112220006620946e-06 2.921686414883296513e-06 1.075292501123838026e-06 3.962061313458292783e-07 1.453393828254058780e-07 5.350564389061247293e-08 1.908157137895018977e-08 7.282621626465666774e-09 3.617141968333915215e-09 1.765715043836019288e-09 9.037242676184159644e-10 1.690151997076460889e-10 -8.537608909655164019e-11 -1.913610719268906728e-10 -2.126105370174594010e-10 -2.017987388414908878e-10 1.768253725453820438e-13 7.239998072148079023e-11 1.085075124670303553e-10 -5.996095604822776548e-12 -3.988645318496665655e-11 6.353684800021193664e-11 1.012441759421292530e-10 5.167545035949052276e-11 7.989367093918816388e-12 -3.040849874592485191e-11 -3.613124929671787532e-12 -1.422716334122922913e-11 -3.005365820802283846e-11 -8.773970135743096351e-12 4.214615615366317300e-11 -2.991398445865193992e-13 -9.555153697754552077e-11 -1.102416821878198241e-10 -1.090565534548383686e-10 2.487572909078532970e-11 6.395090178983475796e-11 -1.203519681595850364e-10 -1.111855548587077728e-10 1.133004130634279880e-10 2.675984067257830645e-10 7.643035318545955391e-10 9.599083000155897934e-10 5.724934228891465507e-10 1.492018078867102440e-09 5.470601909695890500e-09 1.864770877595310432e-08 5.591263656367457426e-08 1.494105277013731565e-07 4.013453385446123339e-07 1.079971969570178426e-06 2.922164438045886012e-06 7.929663001459519195e-06 2.154219726894353882e-05 5.856960421730887087e-05 1.599534378986995924e-04 4.409901779633037524e-04 1.244471235722633068e-03
3.219804883149205571e-02 1.244852290576415861e-03 4.411206834153782487e-04 1.599959510367876406e-04 5.856447714799121318e-05 2.154028402219592984e-05 7.931033216874064482e-06 2.921298248714783030e-06 1.075363970426238484e-06 3.962774859997483632e-07 1.454045727318921919e-07 5.352395815935354241e-08 1.897155672001347152e-08 7.120820529390836804e-09 3.500997249916583550e-09 1.674752943817935350e-09 8.296179397886383965e-10 1.275250770644793681e-10 -1.240417376837510680e-10 -2.052009471969512485e-10 -2.189663240634660967e-10 -2.127932438676288534e-10 -4.173329042390197067e-12 6.549834044978737262e-11 1.040545507817228066e-10 -2.473374106605703960e-12 -3.574822065901405016e-11 6.312158233428912746e-11 9.689526851674993092e-11 4.735457338422209222e-11 5.881111487758824147e-12 -2.809576450235108601e-11 1.491881196113909709e-12 -9.805198986131399873e-12 -2.768508974007816018e-11 -6.953176788942926739e-12 4.287459844904638981e-11 -6.746496467640006378e-13 -9.779726418523043656e-11 -1.111875864388724954e-10 -1.052399701831805154e-10 3.185990553822310565e-11 7.459033739991485727e-11 -1.173008104381817531e-10 -1.083005605633963894e-10 1.255574271272600554e-10 2.625092458948100759e-10 7.079379229611526095e-10 8.803976461080846693e-10 5.212568552158149038e-10 1.428427127827043715e-09 5.427505872055511576e-09 1.873579493953630733e-08 5.605022592003834431e-08 1.496348272900569142e-07 4.016738424529877509e-07 1.079926475970478504e-06 2.921946752910804476e-06 7.929707295366633513e-06 2.154286970419396825e-05 5.856967710624316612e-05 1.599495015887862897e-04 4.409827896378407650e-04 1.244458973006850157e-03
3.219783506809281715e-02 1.244856370858435021e-03 4.411169702343148424e-04 1.599924692643979517e-04 5.856217235129303357e-05 2.153963030555450304e-05 7.931747993095036820e-06 2.921641188536740238e-06 1.075315435338975261e-06 3.962529392983726348e-07 1.453883540095604790e-07 5.357002408335523216e-08 1.898812421556728526e-08 7.126839829102766741e-09 3.548525869926766345e-09 1.727451327635063327e-09 8.580043849938197473e-10 1.299262266309026117e-10 -1.186683066839565450e-10 -2.072650740706556856e-10 -2.149689837104576955e-10 -1.985053322963755708e-10 7.432410207882261357e-12 7.710115007022847623e-11 1.132273097568166460e-10 -2.209114735411978810e-12 -3.775687580935178105e-11 6.145166888078997972e-11 9.617204006969374449e-11 4.613524822581447031e-11 3.411679117818257331e-12 -3.108606659480090842e-11 9.469623669118530814e-14 -9.098450632819838584e-12 -2.740142191351555330e-11 -8.510346847885619505e-12 4.246922551729854240e-11 2.475030760898395008e-13 -9.305084369940420729e-11 -1.051021409411152798e-10 -1.050818127408637079e-10 3.150754111439463770e-11 7.048898941808056410e-11 -1.201523567519949190e-10 -1.218041212636834427e-10 9.174137897051433204e-11 2.146029076138140704e-10 6.862491130881104327e-10 9.142902955765156507e-10 6.019910035422433072e-10 1.535594376342996192e-09 5.543432081607269333e-09 1.878270500927055932e-08 5.609392160566958927e-08 1.496886670522668505e-07 4.016695206706749986e-07 1.079954770521061077e-06 2.922070447749484815e-06 7.930471379589723152e-06 2.154514555134002819e-05 5.857515474741868986e-05 1.599646556827224065e-04 4.410131440723007753e-04 1.244504302167590221e-03
3.219797193041656208e-02 1.244884552739304769e-03 4.411287402184077230e-04 1.600011799379038257e-04 5.856753812078362723e-05 2.154239607666190749e-05 7.932659831490179619e-06 2.921843882169012153e-06 1.075317716857236303e-06 3.962469619615180845e-07 1.454650343591455730e-07 5.365517689473770012e-08 1.911850787504228105e-08 7.241453328730502956e-09 3.613859013486862519e-09 1.771653535084084468e-09 8.956880775320450833e-10 1.628054037092424612e-10 -8.716977915676355021e-11 -1.944575391633549111e-10 -2.160737453067514712e-10 -2.082442156284272897e-10 -9.406975413357807042e-12 6.250263164733140181e-11 1.015712926008622527e-10 -1.101832920415003087e-11 -4.100359159164371754e-11 6.294804326104138725e-11 1.015434037049853555e-10 5.196920467311889093e-11 7.309207111859265475e-12 -2.867229187296518282e-11 -1.650116950248727007e-12 -1.440362052162875299e-11 -2.994048482173227472e-11 -7.665158172625751104e-12 4.282180744735134366e-11 -3.734783617942980536e-12 -9.882746584390305081e-11 -1.118039614544178054e-10 -1.132618947698474185e-10 2.057096307889652231e-11 6.622727567546217952e-11 -1.138758820470978284e-10 -1.061136167844527298e-10 1.217364813697153691e-10 2.575949395483800854e-10 7.177470987862694436e-10 9.114824450900247272e-10 5.680634816939111018e-10 1.494329979339251293e-09 5.505913641527691487e-09 1.872166022546154706e-08 5.597865386593626732e-08 1.495751585579032321e-07 4.015247033889933944e-07 1.079979597979912757e-06 2.922458657494927946e-06 7.930471400446240823e-06 2.154366498611871836e-05 5.857334598491483407e-05 1.599647372427153238e-04 4.410179477927858062e-04 1.244506971357034128e-03
3.219798554304794530e-02 1.244852792581229882e-03 4.411128442143911164e-04 1.599933198444417959e-04 5.856283015246850193e-05 2.153967674421569453e-05 7.931516586169297346e-06 2.921788803838001312e-06 1.075543614050137722e-06 3.962845363087042171e-07 1.453098015223126115e-07 5.345335558385757346e-08 1.899977960101783974e-08 7.235072804677789062e-09 3.645829352797484933e-09 1.782398625234473799e-09 9.032326117858335568e-10 1.681160560310519286e-10 -1.027048591406931714e-10 -2.087330628472650065e-10 -2.293103425570518956e-10 -2.184491916781372039e-10 -1.192198597837023217e-11 6.027424377341170378e-11 1.014148121406531977e-10 -6.241585916294445417e-12 -3.653914696497307185e-11 6.332971676758851163e-11 9.839738474719486417e-11 4.702805361844824629e-11 5.861665101383553684e-12 -2.714392033754537004e-11 -2.567772796603558008e-13 -1.311175737804983063e-11 -2.796006650048485954e-11 -6.293670852495588021e-12 4.389005502312671222e-11 -6.207679606213769282e-13 -9.785539489387370603e-11 -1.138852454702954715e-10 -1.104321944148658706e-10 3.290634287728797729e-11 7.631817692748217645e-11 -1.127590205616556843e-10 -1.098079862270830314e-10 1.264327510475543176e-10 2.857694295354573128e-10 7.547465673278466189e-10 9.366911911323392509e-10 5.834612363355611539e-10 1.518383175259405145e-09 5.504070572254317654e-09 1.869555399622679667e-08 5.597645527161561391e-08 1.495923524227059823e-07 4.013667139835735346e-07 1.079477733447657135e-06 2.921770410999513008e-06 7.929857563175624226e-06 2.154290700877046290e-05 5.857150730524547227e-05 1.599568503240097431e-04 4.409975920512755653e-04 1.244483860537809851e-03
3.219799546988975220e-02 1.244907307789642256e-03 4.411438708235400829e-04 1.600061457341736429e-04 5.856833173989695165e-05 2.154191346737919399e-05 7.932666148024121702e-06 2.921987933018458854e-06 1.075531261247834129e-06 3.965682368872676644e-07 1.455194230611162264e-07 5.348077236428842374e-08 1.890116436061670460e-08 7.125316985307224464e-09 3.538813322057358664e-09 1.733962705667287873e-09 8.882674773737033310e-10 1.617769239428708655e-10 -9.882141205906788371e-11 -2.034142693700763159e-10 -2.207254112292100324e-10 -2.068580983009321302e-10 -2.058473771054206681e-12 6.127468403867183249e-11 1.012199385009907302e-10 -7.130875060613447785e-12 -3.963866033269366467e-11 6.067171864149292957e-11 9.637764819972158947e-11 4.768518471142936906e-11 6.006109957147369308e-12 -2.775560959753807632e-11 2.051843733209110438e-12 -1.033009035037138336e-11 -3.006826608430682317e-11 -1.080811880076854198e-11 3.929123276904334233e-11 -5.351910609820428693e-12 -9.960071937419752793e-11 -1.126775190003228603e-10 -1.129641424617607590e-10 3.081595671384066268e-11 7.598325768764703557e-11 -1.140660064032286751e-10 -1.196851977890960948e-10 1.013024743949866347e-10 2.584553976920712099e-10 7.531201689285967033e-10 9.863893343563438589e-10 6.338760601500638107e-10 1.503778771582372578e-09 5.428058407311343014e-09 1.862795857034997215e-08 5.588632866309229180e-08 1.493943966279933784e-07 4.012064860673847951e-07 1.079577130932079345e-06 2.921904057100807646e-06 7.929960299061981183e-06 2.154365349373373620e-05 5.857426774135204367e-05 1.599621657248742916e-04 4.410062182997026136e-04 1.244488343417734545e-03
3.219822204832277490e-02 1.244834787082187188e-03 4.411084835252503892e-04 1.599930749463342790e-04 5.856399580675559889e-05 2.154065440397707638e-05 7.932060288131040850e-06 2.921876163226460572e-06 1.075345431435694319e-06 3.962471333919107037e-07 1.453925627519930808e-07 5.354076658176633650e-08 1.904096449867016671e-08 7.247296011700852287e-09 3.591709798886838375e-09 1.722941997993097980e-09 8.598066739506415973e-10 1.292484704854086361e-10 -1.304084713105254839e-10 -2.067875801406994314e-10 -2.098774801526796752e-10 -2.016680591429469532e-10 -8.946325710539140547e-13 6.851425381922469624e-11 1.041314611512434901e-10 -6.275108197683381414e-12 -3.935416247431646267e-11 6.109227482047796809e-11 9.814539940132704839e-11 4.946655592758457720e-11 7.003640827134114575e-12 -2.877115801065562515e-11 -4.093549914076461158e-13 -1.178548700379175350e-11 -2.917924386810146898e-11 -8.859645808452525416e-12 4.033763969287501920e-11 -3.969429934507772225e-12 -9.952791545416028032e-11 -1.159996784502124306e-10 -1.145893823800406560e-10 2.020580806368237754e-11 6.919315317282294876e-11 -1.134938058687164464e-10 -1.197665012716727187e-10 1.029323030012581078e-10 2.556766291102660985e-10 7.520110303412789102e-10 9.594337059042067685e-10 6.493217013186428510e-10 1.598578817441542557e-09 5.620383620655846257e-09 1.888659250611436005e-08 5.607636623204665075e-08 1.494443363932009255e-07 4.012283671558968432e-07 1.079670980242076921e-06 2.921688214963060088e-06 7.929602075930372807e-06 2.154342261728030655e-05 5.857262513355505662e-05 1.599596010318277866e-04 4.410016577564117302e-04 1.244497834243728793e-03
3.219784668840165731e-02 1.244958342517714280e-03 4.411597971167705891e-04 1.600108535517525603e-04 5.857082738298919857e-05 2.154311788775775972e-05 7.932794113497364851e-06 2.921913155864846368e-06 1.075345671281002622e-06 3.963745345984695186e-07 1.455593384457763888e-07 5.359053838706466705e-08 1.904193019224316373e-08 7.209016350868188571e-09 3.547595064618945882e-09 1.689340764878138590e-09 8.382316350807037251e-10 1.399847728479425933e-10 -1.000463982011984567e-10 -2.071590722204525441e-10 -2.245504684897964671e-10 -2.140492331616004505e-10 -1.016323193967086808e-11 6.482337467858773369e-11 1.029686131514994620e-10 -8.496781301720872942e-12 -3.992028523244370968e-11 5.900616582294458300e-11 9.781153786534968390e-11 5.054795559883522479e-11 8.259620277076458058e-12 -2.791381781568430472e-11 -1.423155856202146862e-13 -1.178913339592439329e-11 -2.998687242040993401e-11 -8.949567449192624410e-12 4.412141017687068431e-11 1.428281168170634820e-12 -9.667855881393785528e-11 -1.096093596389844814e-10 -1.044727372765073620e-10 2.805813661143789959e-11 6.725335151303330295e-11 -1.140393834112418634e-10 -1.108285339021429313e-10 1.095632840090500311e-10 2.466510968653248400e-10 7.159055284241663432e-10 8.880497173123473386e-10 5.378383500576880588e-10 1.488150311310052889e-09 5.488156257719524351e-09 1.877453115654254168e-08 5.602143625609271140e-08 1.494776705652684738e-07 4.013778619238776105e-07 1.079831069009198952e-06 2.922071751392208083e-06 7.930023219577040286e-06 2.154392184427677959e-05 5.857503132089260335e-05 1.599681360120835103e-04 4.410231729602927036e-04 1.244545473702901670e-03
3.219818812048291096e-02 1.244907420106224506e-03 4.411393342953482451e-04 1.600028661101285670e-04 5.856657579018457587e-05 2.154129545878690139e-05 7.932228606518317940e-06 2.921672437039226713e-06 1.075231822400081738e-06 3.962272882442554540e-07 1.454183612930235818e-07 5.358835616854795362e-08 1.904582822077964928e-08 7.173322881142028515e-09 3.568485924475993792e-09 1.736839103823143689e-09 8.797939198744347143e-10 1.696873614577422147e-10 -8.494461729818112601e-11 -1.900399766728124602e-10 -2.135683405164497408e-10 -2.006248732358090201e-10 7.363140811799136623e-13 5.940731398855428118e-11 9.458956627035822013e-11 -1.270506398344545939e-11 -4.063243860037776798e-11 6.066448753332186865e-11 9.594599909204269982e-11 4.969263329028781066e-11 7.789283188741260369e-12 -2.881195269343392893e-11 4.449095088268645454e-13 -9.722810037135389720e-12 -2.677957651638962870e-11 -7.733831131202807106e-12 4.307205017203738612e-11 -1.046759386532389650e-12 -9.735519708426955491e-11 -1.147137092344883710e-10 -1.103742973258035357e-10 3.552138854702635591e-11 8.024790424673705463e-11 -1.094015380745917363e-10 -1.009011828020206661e-10 1.282387357641763216e-10 2.772222229180783043e-10 7.421032224541234104e-10 9.558435014503157845e-10 6.243138548307337174e-10 1.563844690028920566e-09 5.556405738364087273e-09 1.875680382928953323e-08 5.597300366079211925e-08 1.493845494958677143e-07 4.011920873099425453e-07 1.079643137303007927e-06 2.922034181475590305e-06 7.929899703065122822e-06 2.154324334221704345e-05 5.857256140264049509e-05 1.599613480314671392e-04 4.410156092562607898e-04 1.244522643940252108e-03
3.219842357967386132e-02 1.244910080337248469e-03 4.411477004071966742e-04 1.600069528924560479e-04 5.856742471655010688e-05 2.154098872559788558e-05 7.931785152191727124e-06 2.921472500459576450e-06 1.075180172352838309e-06 3.963653139321128406e-07 1.455624482143117506e-07 5.363388125719109969e-08 1.902636096887590045e-08 7.131970498572561182e-09 3.531808256889868034e-09 1.762478541952522414e-09 9.090843475117401829e-10 1.579898350362219324e-10 -1.179610950057732984e-10 -2.368557961147513283e-10 -2.504765236294292189e-10 -2.234043449205087635e-10 -7.628204909885543161e-12 7.220754967593526686e-11 1.053267712310618439e-10 -5.237783084909568890e-12 -3.755198358860577786e-11 5.982918310527825110e-11 9.459739218696797819e-11 4.528695601253404814e-11 3.110528097006933982e-12 -3.166107362676751592e-11 -1.452798551633851347e-12 -1.088870015938481472e-11 -2.827783748136677803e-11 -7.453630136756978245e-12 4.183835617670102551e-11 -5.455529577609091671e-12 -1.045514096528281771e-10 -1.152032073145876147e-10 -1.059992331229102880e-10 3.422698313543449267e-11 8.147897526775651178e-11 -1.055839033095992112e-10 -1.090371713361174047e-10 1.187222411580101338e-10 2.882579677062784120e-10 7.686345550089681746e-10 9.264471550655655239e-10 5.597605035467570022e-10 1.485429361383914473e-09 5.451030032972185955e-09 1.858280539405703077e-08 5.590742986544366501e-08 1.495639805813380962e-07 4.015631974760172769e-07 1.080020190512936690e-06 2.922226958885412763e-06 7.930284935142019683e-06 2.154396806626901671e-05 5.857436916501719152e-05 1.599644491626361095e-04 4.410091842319286142e-04 1.244501200087184522e-03
3.219830467238796873e-02 1.244907820330894100e-03 4.411384414651590155e-04 1.600031717870708484e-04 5.856781426102641321e-05 2.154174726751227915e-05 7.931791414459232891e-06 2.921441365315591044e-06 1.075248010907279202e-06 3.961247867837795176e-07 1.452875608777865587e-07 5.353557870266408418e-08 1.910526218067559071e-08 7.270115702560061533e-09 3.621600496431819259e-09 1.776953180015539054e-09 9.080286614418609486e-10 1.583123635271903748e-10 -1.028934773084466583e-10 -2.175957100044807037e-10 -2.339273248281872590e-10 -2.135757696684917840e-10 -6.936766170039866336e-12 5.927928839904534696e-11 9.956727005658105312e-11 -7.685782474026455885e-12 -4.070294896283970765e-11 5.578948556124940820e-11 9.194993429886383574e-11 4.598946421563259742e-11 5.781979793179636398e-12 -2.998003030898211921e-11 -2.613298881109332184e-12 -1.307013654808581633e-11 -2.898892408550492394e-11 -7.927087454899522482e-12 4.101983183811992457e-11 -5.122417705305862578e-12 -1.004891224636595655e-10 -1.144488221452522772e-10 -1.098137058400856961e-10 2.735636916089253968e-11 6.659444645695008703e-11 -1.232606755374845183e-10 -1.211517801430859962e-10 1.110384424626189853e-10 2.645549432037940875e-10 7.459253500782418708e-10 9.671800928475832707e-10 6.006487534700732348e-10 1.512397901832113882e-09 5.512991905022591246e-09 1.877327747298901221e-08 5.603579010163112132e-08 1.495686383274154419e-07 4.017640660371804034e-07 1.080518918759177085e-06 2.922681491737280637e-06 7.930493776439172186e-06 2.154453529762884718e-05 5.857443787191123394e-05 1.599611594147735049e-04 4.410082180787610532e-04 1.244504330362622251e-03
3.219799895315462318e-02 1.244945519966102849e-03 4.411577913772843059e-04 1.600117697895154123e-04 5.857119054867401299e-05 2.154362146106018138e-05 7.933205123307835246e-06 2.922353220008321139e-06 1.075631703803223173e-06 3.965168258514054671e-07 1.455750799013265683e-07 5.362113216975921646e-08 1.901908617036069668e-08 7.173213799475130180e-09 3.554011768277838956e-09 1.734077644807083931e-09 9.145091426661378140e-10 1.890404846505066426e-10 -1.018081522600642288e-10 -2.130788198491121167e-10 -2.316771760095045313e-10 -2.322709680015115234e-10 -2.653355921245078783e-11 5.283283249917470335e-11 9.983732233752258942e-11 -5.192675228182041954e-12 -4.016901763852139102e-11 5.882493274636794951e-11 9.893763349360098608e-11 5.285090036153157134e-11 9.190374859186709201e-12 -2.947255553481141908e-11 -4.857643637395461383e-12 -1.506413111493254329e-11 -3.197219268164979585e-11 -1.167767618515060208e-11 4.204280373964090931e-11 -8.977570447395646016e-13 -9.644505152414244571e-11 -1.039860833469329147e-10 -1.010924377165543317e-10 3.643283169809250872e-11 7.296296251797615999e-11 -1.278318974304516489e-10 -1.298272914699592779e-10 8.219317213167642439e-11 2.216344873523823791e-10 7.145435484868311539e-10 9.575903294279944948e-10 6.451013203761059576e-10 1.561585986319898172e-09 5.542440702616868542e-09 1.881371966827792517e-08 5.603244980477685175e-08 1.496535547220769211e-07 4.016845323029922181e-07 1.080101055669856689e-06 2.922070960755196419e-06 7.929969947067289809e-06 2.154370141599313833e-05 5.857318396561471760e-05 1.599629040776473650e-04 4.410145624588909211e-04 1.244525796051481259e-03
3.219816950322654248e-02 1.244931203637143291e-03 4.411502983982356079e-04 1.600066009357805740e-04 5.856879077091513785e-05 2.154273625723971639e-05 7.932659984422474607e-06 2.921369620449521243e-06 1.075061454799982199e-06 3.963305973053237174e-07 1.456121571282472809e-07 5.359681391339002124e-08 1.905968039205934799e-08 7.211420171788966293e-09 3.572794555191158285e-09 1.729993537951265519e-09 8.711784855562637184e-10 1.476704805989217363e-10 -1.072986457007864522e-10 -2.085307721923193203e-10 -2.247760244707390552e-10 -2.063965911868520443e-10 -5.771035129388834768e-13 6.587378483878445842e-11 1.035962682005888433e-10 -7.231853047913138699e-12 -3.765303307037455557e-11 6.139300667525794347e-11 9.682736204066070183e-11 4.816860973484170255e-11 6.766334264355142703e-12 -2.862561808812018660e-11 -2.310245160164993642e-13 -1.144274059746603409e-11 -2.870394057086363094e-11 -6.917550284954718714e-12 4.326242705478298265e-11 -1.501040035166241224e-12 -9.817343232219349107e-11 -1.160963172129694281e-10 -1.150419736475545614e-10 3.379212959414009936e-11 8.679680875331075293e-11 -9.923626685057337166e-11 -1.024589434421084869e-10 1.055074563169756989e-10 2.312655116086671729e-10 7.038237345064676991e-10 8.867436720498878630e-10 5.648827783985997317e-10 1.541449518615949011e-09 5.558382973667582544e-09 1.877761956900876412e-08 5.600348274221776516e-08 1.494424394127575406e-07 4.014483080598319075e-07 1.080118624471427461e-06 2.922215517136641252e-06 7.930137287613218762e-06 2.154322345863188151e-05 5.857269465473344863e-05 1.599613366331484896e-04 4.410078327429348176e-04 1.244500377913996050e-03
3.219789650816921867e-02 1.244891716476884255e-03 4.411299073473978565e-04 1.600010128271965278e-04 5.856787424739960207e-05 2.154273044341853424e-05 7.932939371403328804e-06 2.922029958803138615e-06 1.075429996479606864e-06 3.963344653171917628e-07 1.454167730455181029e-07 5.357763130787623677e-08 1.909599946652110472e-08 7.248896344768297005e-09 3.534867414008788622e-09 1.716547207065402461e-09 8.804687193873093322e-10 1.506633770278183724e-10 -1.196034826004122913e-10 -2.254917750592780231e-10 -2.349554286699267598e-10 -2.162977721930538724e-10 -4.092625551717768937e-12 6.722841907085991851e-11 1.050131491408126970e-10 -2.271017834486489863e-12 -3.644380501024110176e-11 6.055054198036794388e-11 9.742145431483507142e-11 5.080754265355409634e-11 8.041365285155255379e-12 -2.839169974124921322e-11 2.311430934325698754e-13 -1.119161753770331126e-11 -2.787193797343326309e-11 -5.920172386353519968e-12 4.335786859475503849e-11 -5.088803272956048983e-12 -1.005257857584936063e-10 -1.101448119438082439e-10 -1.074547638782050331e-10 3.154929966183073604e-11 7.333354144619411068e-11 -1.204429154922328315e-10 -1.266795511719998281e-10 9.935705372806225286e-11 2.616284506021339026e-10 7.500022366665752957e-10 9.359557457427003571e-10 5.573325843308529823e-10 1.439910061935115944e-09 5.461862958140202213e-09 1.877164567027494258e-08 5.603313030647956023e-08 1.494621644050088877e-07 4.013443931007264780e-07 1.079957820439060716e-06 2.922449137569805006e-06 7.930683454220881261e-06 2.154526654009525008e-05 5.857844118091341709e-05 1.599741364058741280e-04 4.410397993314195257e-04 1.244603251104308729e-03
3.219833549704623210e-02 1.244921712847970501e-03 4.411467506838573686e-04 1.600058994493721708e-04 5.856817708322096318e-05 2.154167916701578813e-05 7.932137510569557397e-06 2.921635592135882772e-06 1.075239911673131505e-06 3.962401404720678047e-07 1.454290995943139043e-07 5.360343290488421794e-08 1.905965067074268735e-08 7.244165221997886463e-09 3.613112940812629278e-09 1.740346977204905923e-09 8.765814613131802174e-10 1.486032189517017637e-10 -1.224661425741739036e-10 -2.288698453991669532e-10 -2.366382370465926087e-10 -2.050805820432563932e-10 7.571675741324930274e-13 6.692701415230132507e-11 1.042992044710498877e-10 -9.557672421219337278e-12 -4.417269519748507957e-11 5.830477230673823940e-11 9.657208339629322571e-11 4.898298405277155637e-11 8.459464713749116919e-12 -2.671796270729171597e-11 3.692035483875396447e-13 -1.258471111089309365e-11 -2.741993615760449209e-11 -6.455844843328104217e-12 4.508559855978811546e-11 9.234412062402206903e-13 -9.464797250239654264e-11 -1.081410203215419013e-10 -1.044332709345188733e-10 3.244445539652809662e-11 6.945982142169962811e-11 -1.212504565006642486e-10 -1.133643116364457371e-10 1.260237455982605284e-10 2.756281909878554426e-10 7.287807176015011422e-10 9.135175362469609648e-10 5.504196371247147073e-10 1.486581269096832013e-09 5.490986997467100331e-09 1.875902400068182228e-08 5.601360157915666312e-08 1.495022385405608899e-07 4.013614060371376900e-07 1.079939464049937498e-06 2.922452129956351722e-06 7.931066028278633371e-06 2.154571358460967352e-05 5.857706986238329894e-05 1.599706223390830195e-04 4.410331395521010665e-04 1.244556419236379947e-03
3.219822445358020563e-02 1.244893094983913701e-03 4.411297259859153297e-04 1.599974274135899466e-04 5.856405207503088923e-05 2.154071594892438665e-05 7.932200965991587647e-06 2.921818515061944003e-06 1.075254750994552915e-06 3.962785858177804008e-07 1.454554128600400780e-07 5.355569221135540087e-08 1.902830729038839330e-08 7.217218377622475962e-09 3.579344571067220627e-09 1.732339259622004566e-09 8.862857365940840280e-10 1.666469430691090924e-10 -8.965836219242771253e-11 -2.037861299820724146e-10 -2.303369706996043901e-10 -2.233040081543009344e-10 -1.517063742813807101e-11 5.840557926978190236e-11 1.029971846851087326e-10 -5.504824727612914381e-12 -4.006759804200160769e-11 6.096605872952440260e-11 9.989328894628911646e-11 4.983935204789918586e-11 5.263908125921389196e-12 -3.045705653368404932e-11 -3.445920054140065574e-12 -1.238332683516684994e-11 -2.776725769826838953e-11 -7.684801935654642083e-12 4.281550490341607526e-11 -4.095779685194732313e-13 -9.819074503692816918e-11 -1.156714389328419912e-10 -1.114471396497126018e-10 2.844117255043576013e-11 7.437880325935139794e-11 -1.154040758224695381e-10 -1.155488973991452068e-10 1.221890906961658259e-10 2.679042722688203198e-10 7.441844281035146286e-10 9.522053578286074365e-10 5.666434908439244599e-10 1.450321800286131666e-09 5.447771944846572448e-09 1.872300468394182843e-08 5.596318264748702107e-08 1.494966935388444067e-07 4.014946109075862980e-07 1.080043989661202858e-06 2.922179963424919587e-06 7.930321729707374639e-06 2.154379012458197988e-05 5.857236565185990632e-05 1.599575166732793965e-04 4.409992453280350919e-04 1.244477812599026172e-03
3.219798136511801967e-02 1.244903388781275081e-03 4.411375301957273028e-04 1.600033021581443772e-04 5.856850187067049547e-05 2.154239612121837483e-05 7.932522937561764482e-06 2.921763087216787237e-06 1.075215904036418797e-06 3.961602087360527138e-07 1.454197939700786753e-07 5.359852290043608714e-08 1.901219957440818581e-08 7.175949617915189061e-09 3.531944748708580368e-09 1.731850389566489170e-09 8.924372333890877384e-10 1.545412926502219801e-10 -1.197183433549051064e-10 -2.135201557293194289e-10 -2.154753715631882581e-10 -1.940966683991049484e-10 3.487679641740375137e-12 6.330571333130385173e-11 1.033026310588308120e-10 -5.517280470904038659e-12 -3.735443443392361367e-11 6.460205576480372937e-11 9.897913430021651270e-11 4.746360302755880402e-11 5.287286172834125303e-12 -3.147751017197132881e-11 -2.701006895957424808e-12 -1.322064543373453209e-11 -2.886145775009474530e-11 -5.801012768290717982e-12 4.398878059237486356e-11 -1.919070889307808811e-12 -1.013305716254414982e-10 -1.121986693129001419e-10 -1.037748104318193687e-10 2.933503131098128469e-11 6.232464379968128652e-11 -1.232739633409054269e-10 -1.079884636440755161e-10 1.232883659342610569e-10 2.619586496251415749e-10 7.424969492668074019e-10 9.501027069603082547e-10 5.976367384530846468e-10 1.538493535634663278e-09 5.611229599500462470e-09 1.888709136651529371e-08 5.608085080727895427e-08 1.495786767524453420e-07 4.014685249722663983e-07 1.079973752787886655e-06 2.922317680799398071e-06 7.930790728557982722e-06 2.154608066026842897e-05 5.857874904074805418e-05 1.599741328516204755e-04 4.410373111201529956e-04 1.244581282002333623e-03
3.219798706950319916e-02 1.244934839883783239e-03 4.411518528495754986e-04 1.600094122637287083e-04 5.857030811968210897e-05 2.154326668465208398e-05 7.933081346874284751e-06 2.922005226853374092e-06 1.075409624293102919e-06 3.963512165291204546e-07 1.455065637543343069e-07 5.356915233603419310e-08 1.901544402057088445e-08 7.246109835681404611e-09 3.667512558232418546e-09 1.777876462616582604e-09 8.843758544752406958e-10 1.612782024328655212e-10 -8.479140255236879549e-11 -2.107124916317093410e-10 -2.396925212393916297e-10 -2.148107240578456809e-10 -6.723799525646703187e-12 5.897023269482047893e-11 1.028267731263456220e-10 -6.324925086025786214e-12 -4.005777517388295824e-11 5.956344202892051748e-11 9.588349603671955354e-11 4.736292459629870939e-11 6.177254287825949762e-12 -2.905124707681477222e-11 -1.123401232889838579e-14 -1.326787956272271834e-11 -3.264295084023951318e-11 -1.055544118545369328e-11 4.362120278261566525e-11 -3.133913898079731360e-13 -9.808027880969938244e-11 -1.113257829352683030e-10 -1.068607506887659214e-10 2.440584999953523906e-11 6.589930657240056986e-11 -1.165203684814976804e-10 -1.072644247376384608e-10 1.223095279095847915e-10 2.502005164232577082e-10 7.034423824421145389e-10 9.171852117432705027e-10 5.835961984485303851e-10 1.487741755642394600e-09 5.491295533966175933e-09 1.870309583749539527e-08 5.590443823095244959e-08 1.493042380440443512e-07 4.011518279239250354e-07 1.079712332290193978e-06 2.922283107620058380e-06 7.931175783994394982e-06 2.154577426448255325e-05 5.857644716212000445e-05 1.599683047816920960e-04 4.410196176451147004e-04 1.244531263652263976e-03
3.219853919785569535e-02 1.244900780271072970e-03 4.411396881874862243e-04 1.600054985609620562e-04 5.856880087347123150e-05 2.154241072030277078e-05 7.932385718510274385e-06 2.921759009905615000e-06 1.075242475948457430e-06 3.961875088503806489e-07 1.452608898448166464e-07 5.355070796941840528e-08 1.909771733882822942e-08 7.249702233499784737e-09 3.589664170065742614e-09 1.753412856732762486e-09 8.761413074538134596e-10 1.413504297582848336e-10 -1.088947325920177038e-10 -2.128449263454462873e-10 -2.328263087825372098e-10 -2.249670441313622259e-10 -2.068535101274509859e-11 5.740013515392091915e-11 1.054855769095995909e-10 -3.129411555432051035e-13 -3.475597695689245393e-11 6.172662754540138277e-11 9.391342769773784188e-11 4.482657273239853611e-11 6.856788383672427487e-12 -2.662402856747327437e-11 3.005246281256384010e-12 -8.227459458041834414e-12 -2.722684023920615500e-11 -1.002099058504533025e-11 3.818376668171348335e-11 -6.948514097312125258e-12 -1.012870480859945579e-10 -1.104924800251728328e-10 -1.022989543871042823e-10 3.108468428961580445e-11 6.797538290772215870e-11 -1.176818537742340784e-10 -1.241414387877627036e-10 9.295242646447654884e-11 2.344714019420583640e-10 7.113420298897197556e-10 9.204044356643227638e-10 5.575934285331840003e-10 1.545567125041611717e-09 5.576883765658222354e-09 1.878489071317657260e-08 5.603622810915297307e-08 1.495318855593182468e-07 4.013533314742461143e-07 1.079680245520595376e-06 2.921970688002350635e-06 7.930413897770688419e-06 2.154499694591355786e-05 5.857775004416437581e-05 1.599726360648022342e-04 4.410409814376486178e-04 1.244595952449182924e-03
3.219785513143996053e-02 1.244946759892920536e-03 4.411546695219609009e-04 1.600102467937789430e-04 5.856973801055110311e-05 2.154238274544506348e-05 7.932197904598385649e-06 2.921467374947995805e-06 1.075103679855449692e-06 3.961821242815163433e-07 1.454204012435705576e-07 5.357483345762789133e-08 1.912700885657291627e-08 7.313481994214495801e-09 3.632550855785686355e-09 1.768791858667621582e-09 8.731650504710253530e-10 1.316999135933282423e-10 -1.324322177140905039e-10 -2.235586622182680881e-10 -2.364590714622845842e-10 -2.204685223298767869e-10 -2.652761395148373760e-12 6.679610305972767211e-11 1.011577781801100735e-10 -8.642224625492010248e-12 -4.362468469105564449e-11 5.694586721970752637e-11 9.453912206618808567e-11 4.929335375229239286e-11 9.658396898470144755e-12 -2.750426646451514674e-11 -3.162406059098513567e-12 -1.435566298419536049e-11 -2.941301284641300653e-11 -9.403266968615774037e-12 4.126749079990603336e-11 -7.759612327731946960e-13 -9.688428646512257101e-11 -1.082589156047317740e-10 -1.029778361308923693e-10 2.714041442021527270e-11 6.498084209694041039e-11 -1.213577045625500258e-10 -1.143979779766725467e-10 1.083121550986313703e-10 2.592962175719128882e-10 7.403266059984108662e-10 9.445846128871319845e-10 5.880722908759121830e-10 1.511771371735945578e-09 5.520467374977994984e-09 1.872611810706813392e-08 5.608360730255236507e-08 1.496861708812022984e-07 4.016070404711724170e-07 1.079988364238061964e-06 2.922355236151244933e-06 7.930894151593475557e-06 2.154551007614014026e-05 5.857582193043742191e-05 1.599644957694648574e-04 4.410089686934513028e-04 1.244496591526731777e-03
3.219791998982843295e-02 1.244928880536969908e-03 4.411445528212133704e-04 1.600052443778125387e-04 5.856848450908991137e-05 2.154184938478743205e-05 7.931946181181276004e-06 2.921616002967014246e-06 1.075221700216863769e-06 3.964126468786295563e-07 1.456541526734444608e-07 5.371578502277624975e-08 1.911399536610141073e-08 7.243170527354874928e-09 3.588354801953419484e-09 1.741484867973123000e-09 8.733897093199770628e-10 1.563071201896924630e-10 -1.183106909290540578e-10 -2.233920189822462477e-10 -2.211984563177769773e-10 -2.027460962133211359e-10 -3.486491168961156924e-12 5.693373001920350722e-11 9.478406939701752083e-11 -1.149048074167635953e-11 -4.043823012824377253e-11 6.352040826524387134e-11 9.954867720614842730e-11 4.999546736116219259e-11 9.172774256925971486e-12 -2.782725252634503974e-11 -1.016967633093753176e-12 -1.125484166134772719e-11 -2.770378347918247974e-11 -6.739457340607145361e-12 4.416356236050296006e-11 7.559441302669550834e-13 -9.514886610570044131e-11 -1.080961764765988859e-10 -1.047795958095300819e-10 2.460764357247792994e-11 5.904470375411784723e-11 -1.354551002539462109e-10 -1.303691115210194273e-10 1.105010384141965371e-10 2.728371343591180571e-10 7.597622993437565502e-10 9.570145137808018882e-10 5.749230778313287708e-10 1.480692679528575219e-09 5.409340420287141342e-09 1.860882042918263462e-08 5.595449339801979686e-08 1.495497300989718682e-07 4.014413437972082207e-07 1.079890461354334682e-06 2.922198425553849280e-06 7.930646917726895485e-06 2.154572987519682534e-05 5.857930303916709984e-05 1.599740927187484607e-04 4.410365352559548579e-04 1.244574074279878283e-03
3.219817325275293324e-02 1.244873722993937578e-03 4.411213733367571189e-04 1.599951794571245506e-04 5.856518156463929903e-05 2.154144535888124600e-05 7.932420863896504372e-06 2.921662412907447929e-06 1.075023909813160833e-06 3.961117549350580153e-07 1.453652615024729133e-07 5.353757585041841177e-08 1.898600814321566366e-08 7.179179682583523114e-09 3.594736813373697894e-09 1.797930011224540661e-09 9.055566193615202352e-10 1.509708559794514374e-10 -9.968981121217387676e-11 -2.004204430989735254e-10 -2.191809381622038865e-10 -2.133991634133700914e-10 -6.229140657104866552e-12 6.441237795116442298e-11 1.046901968999996993e-10 -1.167706967551535600e-12 -3.398573977648132943e-11 5.994359256864914527e-11 9.191017386191021593e-11 4.414469851537286436e-11 5.180042583979825556e-12 -2.825221334899144626e-11 -7.494390370076785331e-13 -1.054396330493916988e-11 -2.466572643780829534e-11 -3.533497493154225795e-12 4.372334475268383807e-11 -2.508195893635466189e-12 -9.707642241033920698e-11 -1.078830791597402927e-10 -1.092061877337647338e-10 2.459909229465616168e-11 6.754923156066854198e-11 -1.172037677147008802e-10 -9.606401811418898303e-11 1.364183354753340472e-10 2.800435168276414397e-10 7.462516252318636719e-10 9.212419665970004694e-10 5.621782793444008479e-10 1.506708861489525583e-09 5.479185989903011937e-09 1.873380194149866095e-08 5.602098292122271358e-08 1.494774899652906674e-07 4.012563779407917862e-07 1.079682016658664041e-06 2.921654545576534758e-06 7.929822115366139885e-06 2.154456363163666918e-05 5.857384192321443694e-05 1.599608901886387109e-04 4.410092383417652342e-04 1.244516324397009887e-03
3.219806116835518400e-02 1.244891298592251108e-03 4.411366295578738900e-04 1.600019686817508082e-04 5.856632133925027443e-05 2.154162569191315981e-05 7.932224023873278741e-06 2.921691851738344323e-06 1.075393621874475706e-06 3.962740855817764099e-07 1.452172373891554526e-07 5.334782414745758927e-08 1.896772138091276307e-08 7.208728496741378764e-09 3.610934565720996292e-09 1.745672396779046346e-09 8.621817745708556601e-10 1.376560250946120838e-10 -1.205492492320206327e-10 -2.224621588996938421e-10 -2.383750685234498481e-10 -2.247789907371431112e-10 -1.655566034556831157e-11 6.070781753395854284e-11 1.007527509932438272e-10 -8.191258807712581231e-12 -3.935603704730624625e-11 6.302908225025906217e-11 9.801419142851361568e-11 4.985565411382871972e-11 1.018027452472784949e-11 -2.565763665781255549e-11 -8.019373671342691895e-13 -1.247331163629504910e-11 -3.107780529426545463e-11 -1.057470273166915997e-11 3.896603471058387692e-11 -5.921579476816226493e-12 -9.888179211244629837e-11 -1.082750232273690892e-10 -1.058228549505369675e-10 2.561772412041095865e-11 6.463803883626162180e-11 -1.241134226575384281e-10 -1.289988865272526873e-10 8.628312814048341252e-11 2.392087211737896890e-10 7.130872219673166226e-10 9.116319808190243168e-10 5.763141630725869637e-10 1.550407501131121360e-09 5.533609320422706821e-09 1.868175397105403783e-08 5.597641065802253737e-08 1.495923085510951064e-07 4.015161595063374507e-07 1.079671673480881634e-06 2.921725458625677972e-06 7.929662067470134000e-06 2.154219529410914978e-05 5.856837910077116659e-05 1.599492071392136553e-04 4.409792679263887919e-04 1.244424701599437235e-03
3.219781177332538963e-02 1.244879057793268819e-03 4.411266088330342990e-04 1.599990606633152972e-04 5.856779759108194923e-05 2.154283794240095026e-05 7.932856324558691349e-06 2.921830635868390015e-06 1.075296824221579604e-06 3.961732530035214083e-07 1.452897109986518774e-07 5.343760353055562448e-08 1.895287630188644129e-08 7.155348614775573741e-09 3.569295556632785686e-09 1.785338959185257577e-09 8.990636774438646172e-10 1.300013540509941175e-10 -1.224498993084442776e-10 -2.246936768641633965e-10 -2.319968025993978992e-10 -2.064882419162117308e-10 -7.811771986945174289e-14 6.608154693918575968e-11 1.063598748899564348e-10 -4.624976613883807746e-12 -3.938536664850636214e-11 5.975892913903352986e-11 9.651075536288590639e-11 4.581695591672594130e-11 3.514476559451174851e-12 -2.852361920162958855e-11 1.027115438596230559e-12 -1.141064485926215287e-11 -3.046223042505363243e-11 -1.153306531390813723e-11 3.925201141514268301e-11 -4.008907852566662782e-12 -9.961266716202230992e-11 -1.139647307267008025e-10 -1.089782644920071197e-10 3.241511943885365865e-11 7.430754601557479481e-11 -1.192094448593285574e-10 -1.254997025539535525e-10 1.118252328265953859e-10 2.759023743052283913e-10 7.607547884081306375e-10 9.389452657451923824e-10 5.495685597123534134e-10 1.476982111226159282e-09 5.474679944328766945e-09 1.870665697720379555e-08 5.593021869639669582e-08 1.494031110343455814e-07 4.013149840169621645e-07 1.080069813793841521e-06 2.922859137189508695e-06 7.931790956258826834e-06 2.154725123827742433e-05 5.858030203290830504e-05 1.599758067159883889e-04 4.410347683576778632e-04 1.244552959024623068e-03
3.219768247363506697e-02 1.244934363065740724e-03 4.411562278979490499e-04 1.600135702058897488e-04 5.857278794247720974e-05 2.154439150521957627e-05 7.933130355546525573e-06 2.921853163497041436e-06 1.075510606478239092e-06 3.965059853022875190e-07 1.455991779090735967e-07 5.355751543942329888e-08 1.889925238867578202e-08 7.086330777673789894e-09 3.548594482747203037e-09 1.759258695171224795e-09 9.071651476538882937e-10 1.921993249577503388e-10 -8.151596965828111015e-11 -2.123867099055035624e-10 -2.391351430929447102e-10 -2.206003405416254399e-10 -1.417145406285248242e-11 5.641762052225298446e-11 9.929820262048672911e-11 -2.904927391802427211e-12 -3.365468563625009027e-11 6.443851229424774397e-11 9.714682257738494963e-11 4.695607926755500408e-11 6.738043691814688319e-12 -2.627670278645311620e-11 2.279553202220528534e-12 -1.225889344680497213e-11 -3.139562859361316359e-11 -1.196093880864840659e-11 3.784823478012438723e-11 -4.208368519133752354e-12 -9.955197826166661783e-11 -1.112451346251803145e-10 -1.070305375641245995e-10 2.369899888595575281e-11 6.002338737700578825e-11 -1.272759630574492717e-10 -1.103588088361550093e-10 1.250062335292618795e-10 2.646600853391468018e-10 7.232203779683184233e-10 9.118690231025646950e-10 5.577886545744684104e-10 1.483743339819985519e-09 5.348473250248518599e-09 1.844750974033289491e-08 5.581105424581453313e-08 1.494167936958145745e-07 4.014164548387038656e-07 1.079974440131763242e-06 2.922488604169571898e-06 7.931191186029821043e-06 2.154587080809404419e-05 5.857682991836343892e-05 1.599683855865514004e-04 4.410214466620299449e-04 1.244526737255090450e-03
3.219809396341802299e-02 1.244909232851115766e-03 4.411411850261734565e-04 1.600044920520967621e-04 5.856779954744891598e-05 2.154169276604217309e-05 7.932394794210652039e-06 2.921868688368897092e-06 1.075468247271676317e-06 3.964936821387429259e-07 1.455343734830392138e-07 5.360901132356440277e-08 1.908066314185115750e-08 7.209422902349476045e-09 3.564060151455346369e-09 1.737164755799597667e-09 9.167183564526684603e-10 1.915915425642630183e-10 -9.458515144141167849e-11 -2.111649057023805183e-10 -2.338440362992097040e-10 -2.195901716245077557e-10 -8.719220185260113835e-12 5.726607542851216209e-11 9.870352030752321942e-11 -7.068067381207907589e-12 -3.780544164598504651e-11 6.073436399611935204e-11 9.481579628175401958e-11 4.724065014388385113e-11 6.912375303642616438e-12 -2.992891937950708189e-11 -1.937411169138475186e-12 -1.262319649456019308e-11 -3.072806399086910271e-11 -1.041813156305536600e-11 4.088498587014662953e-11 -3.671852046129045878e-12 -1.007491822695113739e-10 -1.093649876908457517e-10 -1.039569292811979038e-10 2.986680472452537829e-11 6.859252247319460283e-11 -1.256712526716265741e-10 -1.302680122551938227e-10 9.062755588213578347e-11 2.567182253335730118e-10 7.481694048430123372e-10 9.393869885419376592e-10 5.895496458530494109e-10 1.543937340914745007e-09 5.597284124340303198e-09 1.890203742470497136e-08 5.614648973312819730e-08 1.496368500764297055e-07 4.015065791634516084e-07 1.079966428223029719e-06 2.922538246386830636e-06 7.930996967005253797e-06 2.154479553205559782e-05 5.857298767159604654e-05 1.599562679787504347e-04 4.409936433552866177e-04 1.244471019088109597e-03
3.219805987229345384e-02 1.244905172178956349e-03 4.411410576358433468e-04 1.600057345003543473e-04 5.857001731713187625e-05 2.154339787824285492e-05 7.933126984585757969e-06 2.922073931189162288e-06 1.075489853191289315e-06 3.964001182123831160e-07 1.453715213418323973e-07 5.352263267969997128e-08 1.909915638787700114e-08 7.214464389644145491e-09 3.578802515414740318e-09 1.757885327210445980e-09 9.016653433151262478e-10 1.505608512013172028e-10 -1.154626365743352462e-10 -2.109763776895370094e-10 -2.381995081624789154e-10 -2.220024637181880793e-10 -2.050772797089482858e-11 5.268224586415019911e-11 9.904745061489756639e-11 -4.225596851473025188e-12 -3.571070503166789743e-11 6.315998176277940635e-11 9.830866444349332360e-11 5.014140969889648001e-11 7.415206366245897285e-12 -2.803827979605703342e-11 4.288613939804012026e-13 -1.054703395597859692e-11 -2.785642260828065394e-11 -7.667212704958267151e-12 4.181185225059165092e-11 -2.721998423409388443e-12 -9.899816847227618224e-11 -1.171000811864769378e-10 -1.163438143178082071e-10 2.965046494153632118e-11 8.489484447082089890e-11 -1.028552061744833644e-10 -1.142467712677376041e-10 9.021555951852149022e-11 2.408135254136982073e-10 7.211101430858745212e-10 9.196566922171297768e-10 5.881753274212903000e-10 1.545853732742502289e-09 5.560491825292868940e-09 1.879806970014087683e-08 5.601975799638701767e-08 1.495747863321830341e-07 4.014579401184386464e-07 1.079844430332651480e-06 2.921876570508639322e-06 7.929863668384935825e-06 2.154452847728316058e-05 5.857533919851706008e-05 1.599672203212772084e-04 4.410223705892242453e-04 1.244531528397714148e-03
3.219797043920575447e-02 1.244952534259642944e-03 4.411525433612132219e-04 1.600082092144306141e-04 5.856932312996008692e-05 2.154232501821362456e-05 7.932559838500859346e-06 2.921615223065097408e-06 1.075115548409586757e-06 3.961975715684477722e-07 1.453428577219920814e-07 5.345558696196116952e-08 1.894677801905747987e-08 7.161606693012763415e-09 3.581217995987942366e-09 1.750136153517784626e-09 8.877297927287769095e-10 1.683799717368330579e-10 -9.215288005218750482e-11 -2.080171920641901498e-10 -2.212174500955588522e-10 -1.990045016431460754e-10 2.688825198753707833e-12 6.618375698716853057e-11 9.809089570856685508e-11 -1.206345047929785328e-11 -4.180050179714384156e-11 6.106606567631601210e-11 9.915245953532220460e-11 5.001272851427112601e-11 7.511999622216285294e-12 -2.828629171356838414e-11 -5.265015722249372101e-13 -1.144286936808357872e-11 -2.813644719279863034e-11 -5.731779286693174201e-12 4.492499119348917485e-11 -5.669019978657018395e-13 -9.510721438402034674e-11 -1.047348958364578808e-10 -1.028134667794752607e-10 2.775526355450179220e-11 7.013122307149519403e-11 -1.224783002437943224e-10 -1.304709208588086169e-10 1.066687796770077863e-10 2.745620521850544702e-10 7.691283173103399052e-10 9.560233182817184723e-10 6.079222258020536486e-10 1.545375308071146630e-09 5.524469626578898298e-09 1.873835008631481247e-08 5.597161765929188649e-08 1.494678642039570453e-07 4.014005754111672650e-07 1.079887532447156433e-06 2.922273217335063044e-06 7.930724675459855012e-06 2.154474432312956863e-05 5.857583693757715854e-05 1.599673029340478096e-04 4.410186926533751924e-04 1.244531332519591398e-03
3.219843760605187871e-02 1.244882525634465314e-03 4.411271322419315234e-04 1.600009579897528869e-04 5.856822344525628810e-05 2.154209708407616518e-05 7.932098671686692773e-06 2.921439819360951039e-06 1.075010629169062900e-06 3.962987253183267364e-07 1.455992704347787088e-07 5.362570312516692668e-08 1.913866171361104179e-08 7.314865187391989555e-09 3.633463675495056757e-09 1.744036528261936532e-09 8.856041443050861673e-10 1.594524875723364734e-10 -9.439267706379290303e-11 -2.116157860011568370e-10 -2.355437142785817190e-10 -2.078804288706888121e-10 1.806834686919365826e-12 6.290331285850396126e-11 1.009212908886905323e-10 -5.396356449733657345e-12 -3.792968957477279460e-11 6.026129813130245654e-11 9.299363394997274757e-11 4.577229991769499627e-11 6.246044227900073746e-12 -2.915283749132941262e-11 -1.165824442033565206e-12 -1.243346091180098062e-11 -2.953170071611098696e-11 -9.398744434492538236e-12 4.270616341090268860e-11 -1.942275163813662691e-12 -9.887085415501983005e-11 -1.134073730528535467e-10 -1.115689565774217636e-10 2.335614147922382364e-11 6.280309556428193638e-11 -1.206573968666092841e-10 -1.125522752580031550e-10 1.204260484759549272e-10 2.725024200271468952e-10 7.572556325280207044e-10 9.193097132886568614e-10 5.127832385558193925e-10 1.473973465230560317e-09 5.516507587891257945e-09 1.874392072417650588e-08 5.601059064182358479e-08 1.494535933856954884e-07 4.011973726328048305e-07 1.079698089295749140e-06 2.922544363174333847e-06 7.931030107959127605e-06 2.154452129719618787e-05 5.857397102944067577e-05 1.599622555320100864e-04 4.410133309056283929e-04 1.244523158868708320e-03
3.219786252242285568e-02 1.244924512300608519e-03 4.411480089318763824e-04 1.600064182873243729e-04 5.856819581460999554e-05 2.154167776733785123e-05 7.932062093587038162e-06 2.921472468047232225e-06 1.075063373574335877e-06 3.960473510893660808e-07 1.452584165936458367e-07 5.348330574584552233e-08 1.897507175224222365e-08 7.135175616210333332e-09 3.564325800964277672e-09 1.779574306216490619e-09 9.133720178393188577e-10 1.551816835181036684e-10 -1.185956194905397332e-10 -2.220101065581089576e-10 -2.388071689630585674e-10 -2.147140737721846499e-10 -1.097792309158113820e-12 6.637068081752710873e-11 9.988822777141296914e-11 -1.044550371110422520e-11 -4.257928438045077894e-11 5.924881914848392080e-11 9.657731121052909444e-11 5.050053518032523010e-11 1.037612722944482932e-11 -2.531627228938883627e-11 3.713044527926332753e-13 -1.229033060017215751e-11 -2.997662580695539995e-11 -9.062791436390120740e-12 4.073675484599484200e-11 -5.761457155524105132e-12 -9.915300302823879238e-11 -1.062111142064276758e-10 -1.019752504731635221e-10 3.115578153193070646e-11 6.664470753921237622e-11 -1.179117842973899438e-10 -1.075166324244779952e-10 1.311544477259872097e-10 2.732099065027490704e-10 7.313274263474415484e-10 9.404463502015583439e-10 6.000214770166818604e-10 1.498644369482009093e-09 5.517092349515078958e-09 1.882372654889884231e-08 5.612157131515347423e-08 1.495559762882813223e-07 4.013865499171316450e-07 1.079776959041105640e-06 2.921971034727264074e-06 7.929952551942061391e-06 2.154381249534264304e-05 5.857360375112041079e-05 1.599616350950372923e-04 4.410042497711428905e-04 1.244485501226931306e-03
3.219776493229314224e-02 1.244938147951000313e-03 4.411563827298348606e-04 1.600103395982254708e-04 5.856993924018059314e-05 2.154278359462643276e-05 7.933028957230649626e-06 2.922185980703518586e-06 1.075474709724224992e-06 3.961936551002195353e-07 1.452128972740799978e-07 5.340412385139540099e-08 1.897826852142843554e-08 7.222421898522644415e-09 3.627521844058843980e-09 1.823140416813630986e-09 9.236708033722461191e-10 1.517431448564905070e-10 -1.203907041690730578e-10 -1.987157061295930450e-10 -2.055229679652819234e-10 -2.010627384886665294e-10 -2.393058541227783405e-12 6.098646720744723988e-11 9.709532923249584001e-11 -7.642622016576998709e-12 -3.819017504214360204e-11 6.219923074603320947e-11 9.818264681411418931e-11 4.712711048662702819e-11 6.764672623329388789e-12 -2.738802177709436767e-11 1.318911707595680742e-12 -1.005572024463391299e-11 -2.939878574819394338e-11 -8.565234142047386453e-12 4.054035538336598727e-11 -3.518335937421179753e-12 -9.806012943361309061e-11 -1.117915540163677730e-10 -1.048263003470662294e-10 3.691247683640896214e-11 7.206381221693025914e-11 -1.224250913215986463e-10 -1.193071108258927167e-10 1.096262396081687714e-10 2.502171637161047709e-10 7.121201411524296019e-10 9.186869190063046103e-10 6.038908154738632160e-10 1.578717136495676820e-09 5.563448647761497721e-09 1.881631036625644827e-08 5.611417801859407974e-08 1.495677646928067472e-07 4.014093132408964764e-07 1.079626731781135783e-06 2.921626202940207925e-06 7.929882488291189690e-06 2.154383001718570629e-05 5.857218895604340608e-05 1.599593699750269512e-04 4.410054511687335138e-04 1.244489398952015402e-03
3.219795977648866325e-02 1.244881200451074341e-03 4.411275890161837888e-04 1.599974814832431339e-04 5.856436188790151907e-05 2.153976821421916819e-05 7.931181584139561047e-06 2.921101858995137123e-06 1.075035128806236908e-06 3.962733624600504940e-07 1.455047768573975200e-07 5.351526657433770953e-08 1.899947696901043616e-08 7.177477828370033948e-09 3.580085733634795801e-09 1.755631819573265904e-09 8.680680535578195999e-10 1.296706147075845217e-10 -1.283194804395198719e-10 -2.218080510329970363e-10 -2.325558371779920427e-10 -2.127831989310335120e-10 -7.621593342684982497e-12 6.250766666756648050e-11 1.027115339227578939e-10 -6.164343085616623372e-12 -3.891687093652383003e-11 5.910118863967055075e-11 9.545428381220156193e-11 4.626362538439121434e-11 5.631984014378435379e-12 -2.966327497151566194e-11 -2.010005680979427087e-12 -1.217501834470272749e-11 -2.772949464823120823e-11 -7.248729344485469564e-12 4.285014551620304907e-11 -1.339724159698169477e-12 -9.669226991229167072e-11 -1.061393866033493151e-10 -1.052762185452308000e-10 2.644888781111833570e-11 6.973462423776118430e-11 -1.179341910282050455e-10 -1.190346525418274690e-10 1.063281292392343158e-10 2.526526829658057807e-10 7.170439291548529923e-10 9.152169244632071606e-10 5.961652089651637423e-10 1.504192718653707379e-09 5.450913381085104947e-09 1.864969674557964278e-08 5.588472920303091567e-08 1.494578196896259221e-07 4.014658536862778457e-07 1.079817993365047446e-06 2.921941166510466913e-06 7.930270334581072516e-06 2.154483453663712112e-05 5.857576598339837392e-05 1.599670736943195897e-04 4.410176891471337640e-04 1.244522385232998138e-03
3.219820170978825863e-02 1.244891096965870586e-03 4.411355157726311446e-04 1.600040994140027137e-04 5.856851147623142357e-05 2.154295658317196546e-05 7.933034422363627683e-06 2.922095311719667122e-06 1.075357235280241795e-06 3.963012933373222424e-07 1.454647465663693124e-07 5.353627979660884100e-08 1.906990213148866315e-08 7.184237858488547852e-09 3.538051460313373331e-09 1.732592931343078203e-09 8.809030891854580254e-10 1.598995885000678320e-10 -8.487326355474391172e-11 -1.780246565860390033e-10 -2.087028093204282626e-10 -2.109662772275952420e-10 -6.866516062358401317e-12 6.395908123791805381e-11 1.055834745560695828e-10 -7.504588597706337248e-12 -4.119360289537068789e-11 5.993268998759360465e-11 9.814279998177719556e-11 5.096621203454146328e-11 7.153613761333878093e-12 -3.146459308449033675e-11 -2.160738681361305256e-12 -1.085328333886318303e-11 -2.721996835277664846e-11 -9.686017979639662924e-12 3.793870783003854448e-11 -4.356716506461578343e-12 -1.009335307636351402e-10 -1.172423636584798418e-10 -1.135703486149577287e-10 2.855030940891790063e-11 7.306098232206861578e-11 -1.151259462699188501e-10 -1.030121095977095284e-10 1.325703704818579175e-10 2.883798930986376690e-10 7.675047808790644622e-10 9.307055917522625846e-10 5.732642417208022440e-10 1.501786159857587310e-09 5.494724656313011476e-09 1.870320165976306161e-08 5.592001758004688768e-08 1.494097643729001703e-07 4.013827632520604637e-07 1.079907155867941151e-06 2.922349112464706648e-06 7.930759244919856091e-06 2.154535525846740010e-05 5.857693144362154228e-05 1.599664731669817443e-04 4.410191411787868824e-04 1.244529732297982747e-03
3.219818910224032937e-02 1.244967118560136570e-03 4.411675649960986934e-04 1.600140025149221793e-04 5.857104620104494847e-05 2.154362387668863575e-05 7.933366748454315660e-06 2.922266309854155256e-06 1.075500839600637086e-06 3.963290969863170390e-07 1.454143675864391736e-07 5.354051040958119224e-08 1.908386126211296518e-08 7.244143639458903784e-09 3.600690977388160387e-09 1.750381867380054472e-09 8.789992881473160248e-10 1.565754052368858326e-10 -1.083713199148775791e-10 -2.154925651481129164e-10 -2.411501971015917569e-10 -2.311036430350502774e-10 -1.338782347980641351e-11 6.614976475416391145e-11 1.091672834214411144e-10 -2.060953825883780491e-12 -3.699796914605020655e-11 5.892456952752264454e-11 9.429674349420919039e-11 4.844217359456616395e-11 8.788887743040732848e-12 -2.619194733961294136e-11 1.178884471065651812e-12 -1.152112319846646684e-11 -2.920060352490479528e-11 -7.309605893546621656e-12 4.371780859752661394e-11 1.195148146066218958e-12 -9.559930333593819929e-11 -1.125394621925251303e-10 -1.097222453547878658e-10 3.189318412697395140e-11 7.569893683913249420e-11 -1.197369902237444190e-10 -1.236141328912917444e-10 1.076362145829700266e-10 2.534215104880854118e-10 7.388375701653396891e-10 9.500845661444921189e-10 5.995040190264237913e-10 1.550018512292301080e-09 5.529350339427254770e-09 1.872463103289695518e-08 5.599912397913264573e-08 1.494349057324985688e-07 4.013906600220694252e-07 1.080034511694501553e-06 2.922580798090404030e-06 7.931181672545665383e-06 2.154614454407643547e-05 5.858068375739876869e-05 1.599823001532902169e-04 4.410631753538248869e-04 1.244627290319905372e-03
3.219812407108450097e-02 1.244888470102094172e-03 4.411261925246633847e-04 1.599978556756421241e-04 5.856554012276376104e-05 2.154101720569648865e-05 7.931905592363936371e-06 2.921437553115217078e-06 1.075168761427898139e-06 3.961416452552049230e-07 1.452743331358576506e-07 5.349506519971521613e-08 1.905165227505900979e-08 7.193786854557219712e-09 3.551649279192117440e-09 1.745005923875784515e-09 9.125376276347828386e-10 1.815418662320311463e-10 -1.016221685558360631e-10 -2.130993014775570586e-10 -2.135959257783863246e-10 -1.931115956439981725e-10 -5.226519367418213433e-12 5.804878088047280532e-11 1.026287523816159390e-10 -5.772106344557486847e-12 -3.729854662233442997e-11 6.336983018582580351e-11 9.703577363242555583e-11 5.010417304301990456e-11 8.176820858215659196e-12 -2.901590257060448285e-11 -1.731506742711046306e-12 -1.186237525101754956e-11 -2.644109290921738225e-11 -4.352328481051646720e-12 4.551290143205648079e-11 -1.718908889397816027e-12 -1.013363279254266909e-10 -1.209587864520703076e-10 -1.182008216127930192e-10 2.023449988229558577e-11 6.748306217619140208e-11 -1.144305430975457222e-10 -1.201282401882054788e-10 1.030365064089862445e-10 2.755057865545014518e-10 7.798033790152347575e-10 9.538704240104829861e-10 5.905159452316118884e-10 1.529651307274845025e-09 5.525895446270345097e-09 1.876471942326203887e-08 5.606676523513282195e-08 1.495196181368336683e-07 4.013388214935175302e-07 1.079752672021133335e-06 2.922083911933712076e-06 7.929545723069779427e-06 2.154238217082661956e-05 5.857116774629105211e-05 1.599570259083998153e-04 4.409977853736961372e-04 1.244499115592278627e-03
3.219837938781603542e-02 1.244841775736419765e-03 4.411108346044751403e-04 1.599901795709456423e-04 5.856258409839103229e-05 2.154014114240537407e-05 7.931931569920302021e-06 2.921955527187460959e-06 1.075620899997942903e-06 3.964795055593853941e-07 1.454412913906833676e-07 5.349174171472518359e-08 1.906336236119425730e-08 7.276900015637446609e-09 3.621044068032476336e-09 1.738547741879262764e-09 8.714860266729901917e-10 1.528081474245139339e-10 -1.006885189648107624e-10 -2.025517641260719655e-10 -2.322208669095270851e-10 -2.236630302684985463e-10 -1.052381232424288326e-11 5.952648226752138851e-11 9.928818589755572339e-11 -3.988409268855014929e-12 -3.695895516079446819e-11 6.277192239326471250e-11 9.965474219770271626e-11 4.918978981740816629e-11 5.655618946053596309e-12 -2.950056933369143206e-11 -1.220838023011552872e-12 -1.302647362946823257e-11 -3.019232683500787995e-11 -7.794502140000101278e-12 4.256358262458414360e-11 -2.501721293366322801e-12 -1.002309636171631444e-10 -1.200449850130051228e-10 -1.183703930397045028e-10 1.995830635689685213e-11 6.203167190828693151e-11 -1.277053676562877462e-10 -1.261549638101599505e-10 1.136443198286456140e-10 2.753044773332096391e-10 7.650265925562317003e-10 9.522296051332967715e-10 5.770450097940796828e-10 1.477922222584241857e-09 5.504442885363908182e-09 1.874369003485683456e-08 5.594122267148749553e-08 1.494054419401063751e-07 4.013490589114104702e-07 1.079790223395803697e-06 2.922146849279901563e-06 7.930216021669262219e-06 2.154374710234338976e-05 5.857366519867335540e-05 1.599635872294348916e-04 4.410112190968587618e-04 1.244508936700894656e-03
3.219779469682512024e-02 1.244859131972977755e-03 4.411141314708097623e-04 1.599964045731237588e-04 5.856659930811769412e-05 2.154176623806909065e-05 7.932072515469120065e-06 2.921778505658097144e-06 1.075355270925964834e-06 3.961925545697929255e-07 1.453904920397274780e-07 5.354642769737092308e-08 1.906292245992014478e-08 7.125546623804818548e-09 3.488215026126712889e-09 1.729625465810088698e-09 9.007732880293466810e-10 1.724321607137451466e-10 -9.085143820076084928e-11 -1.994996563269726485e-10 -2.328586170894623563e-10 -2.234707732766818646e-10 -7.708418082730214956e-12 6.659116057410218096e-11 1.012734419345916618e-10 -8.076227410616290763e-12 -3.840802140308864854e-11 6.274290831255378079e-11 9.813465459195822108e-11 4.870887362784319819e-11 6.299200356329600444e-12 -3.031927828305094511e-11 -1.863446191566491302e-12 -1.235317468418968200e-11 -2.850972656878245651e-11 -7.299079806249663275e-12 4.453353965293844916e-11 1.022963562063837268e-12 -9.653340130348227262e-11 -1.109067045171071571e-10 -1.100035067129604789e-10 2.868814485758651622e-11 6.370833747641843026e-11 -1.346251647894624737e-10 -1.365235972663023579e-10 1.044578333187199827e-10 2.667741714623279534e-10 7.375214932375460113e-10 9.311069089789277252e-10 6.062736413428847094e-10 1.543501109854293042e-09 5.517335241370193446e-09 1.876404524126736544e-08 5.603876944593846033e-08 1.495752681886402530e-07 4.015602453957420970e-07 1.080028153182898541e-06 2.922312270141162907e-06 7.930665694266261849e-06 2.154497086834494926e-05 5.857522673913284785e-05 1.599648790331311039e-04 4.410100219322456053e-04 1.244497920782709202e-03
3.219832200501141634e-02 1.244957165143702844e-03 4.411557399591899370e-04 1.600108189539200946e-04 5.857133899558802166e-05 2.154377748386552711e-05 7.932954913039183249e-06 2.921892303857020799e-06 1.075177365573909973e-06 3.960707622445301371e-07 1.453279397145699974e-07 5.355502264178389314e-08 1.901552950241602276e-08 7.159692317672643916e-09 3.576998433544924070e-09 1.761332599163103281e-09 8.834023854669851715e-10 1.513973624424689693e-10 -1.219557880041415994e-10 -2.200414290253394514e-10 -2.334124089394117210e-10 -2.182587335825192407e-10 -2.570054833332731833e-12 6.436318495810080231e-11 1.053435907705436718e-10 9.945302173756828607e-14 -3.468013887526857545e-11 6.216456965736875889e-11 9.629901827436452089e-11 4.795608272966603670e-11 6.332138735383517640e-12 -2.911489989175026099e-11 6.904787328653554000e-14 -1.126447853106322060e-11 -2.999578086012177510e-11 -1.137562200671900222e-11 4.080792984546348110e-11 -1.018758160384346181e-12 -9.746304207907426949e-11 -1.113971534064694984e-10 -1.055243994784981875e-10 2.821909400123695264e-11 6.225072862442098777e-11 -1.225712118418740585e-10 -1.140244985294392738e-10 1.136421730479760122e-10 2.676470732256457832e-10 7.589678828892690698e-10 9.759801428045682514e-10 6.156424939058249297e-10 1.511283062783766295e-09 5.455667703347110384e-09 1.868645334677770217e-08 5.601607130022512020e-08 1.495385970247727165e-07 4.015104452365944865e-07 1.080162722817874400e-06 2.922492290101604733e-06 7.931120766020890707e-06 2.154567469896050036e-05 5.857765396403681141e-05 1.599725054037801390e-04 4.410349701775658675e-04 1.244565080173093636e-03
3.219839605116089215e-02 1.244909408619839560e-03 4.411382885132768446e-04 1.600057787797755956e-04 5.857019103855690497e-05 2.154291019912427357e-05 7.932309014579552793e-06 2.921753253287472674e-06 1.075497639206221739e-06 3.963417883157087554e-07 1.453648362996409680e-07 5.353351074733148905e-08 1.906776677325472047e-08 7.231437757701466858e-09 3.574377204776894577e-09 1.770725952910976061e-09 9.117659649380142509e-10 1.729824572872470205e-10 -8.332556700498475014e-11 -1.882326017824145038e-10 -2.147178935740097090e-10 -2.080597819791281848e-10 -6.758978869293435748e-12 5.779598823977867072e-11 9.779161969577280365e-11 -5.698826794528589638e-12 -3.630654096810835065e-11 6.599483384845511744e-11 1.022463321105521958e-10 5.094199554575909416e-11 6.517604427412173924e-12 -3.004824407087908710e-11 -1.037936161310746645e-12 -1.315403513899351779e-11 -3.161366518525402307e-11 -1.068873721177144125e-11 4.229861916990449683e-11 -2.611301300490606086e-12 -1.000323012838176683e-10 -1.108617845429522952e-10 -1.063152703740166780e-10 2.722230039502976317e-11 6.188101569252704228e-11 -1.281685049068829002e-10 -1.216277712346443697e-10 1.064277238096580176e-10 2.535733336552916682e-10 7.502997700269209997e-10 9.671608883363437797e-10 6.188366176595862830e-10 1.542566475580426321e-09 5.532434148096491738e-09 1.876382227906605690e-08 5.602937637930458216e-08 1.495088905756516281e-07 4.014533994262473407e-07 1.079936427861785221e-06 2.922374293139105671e-06 7.930821495808006001e-06 2.154514216442758037e-05 5.857706207360626323e-05 1.599702645773425666e-04 4.410265699282788486e-04 1.244547398645456200e-03
3.219849441604461654e-02 1.244944555526830915e-03 4.411522361607801614e-04 1.600093039008853245e-04 5.856955193395662880e-05 2.154204324754463586e-05 7.932480991722674156e-06 2.921824956839205965e-06 1.075154516058866949e-06 3.960800268585905253e-07 1.453116382989033504e-07 5.356961612533551742e-08 1.907406009087316067e-08 7.257662487554289628e-09 3.640675926614477294e-09 1.793701008326477209e-09 9.344156485518323859e-10 1.853426054427853111e-10 -1.036429694284032160e-10 -2.202827628545312545e-10 -2.383320276544720276e-10 -2.283729882916330989e-10 -1.802564314874099407e-11 5.830114831482809344e-11 1.004396675868697935e-10 -8.595656522377227334e-12 -4.140459745040746727e-11 6.276282956362604122e-11 9.970538838674420874e-11 4.936979182224219120e-11 6.413147037300386029e-12 -2.882784716494064787e-11 -2.223890351537590150e-12 -1.413757978338341926e-11 -2.829435538869979233e-11 -6.746010371973616814e-12 4.087929295361329866e-11 -2.688087755513689930e-12 -9.677808641400196532e-11 -1.083812745022129671e-10 -1.099288064719563101e-10 2.307648499993746334e-11 6.564546906393599730e-11 -1.233597276114687159e-10 -1.057444925336858772e-10 1.334177257162081957e-10 2.842396538708962991e-10 7.456010676109876194e-10 9.290108961562835557e-10 5.742054723637942374e-10 1.505048252339247694e-09 5.517802807642540236e-09 1.870874256677856675e-08 5.597141942369288473e-08 1.495260829396069959e-07 4.014489288984902126e-07 1.079907535566742696e-06 2.922248049896358503e-06 7.930091258609198746e-06 2.154340235817084627e-05 5.857277800008927303e-05 1.599618246481182332e-04 4.410141216055815509e-04 1.244522457465583719e-03
3.219803303238848169e-02 1.244936847189133606e-03 4.411534473546579386e-04 1.600111671519901082e-04 5.857160718166030939e-05 2.154385714313682268e-05 7.933574742771247015e-06 2.922068405565990377e-06 1.075369310093115350e-06 3.961373314113280452e-07 1.453598391693282895e-07 5.357644816310453858e-08 1.905125974117905736e-08 7.162492741461747205e-09 3.504277872940297905e-09 1.708483485487150230e-09 8.600580488514366871e-10 1.492717059993872219e-10 -1.079901060897479364e-10 -2.285058004504552388e-10 -2.479609346801815433e-10 -2.238152913208057007e-10 -1.172906336098471783e-11 6.375504017495600294e-11 1.038267517824015619e-10 -6.930896163150576429e-12 -4.016977220253568951e-11 6.061993669879607618e-11 9.990501097371874285e-11 5.119376476182546782e-11 7.564994784272046401e-12 -2.851324656239361029e-11 -1.266332215865148428e-12 -1.288281402104980546e-11 -3.191695536481117282e-11 -1.026241134853401751e-11 4.143933642659592399e-11 -3.828673900556324917e-12 -9.706832865944650303e-11 -1.086588488449729283e-10 -1.054985565294156553e-10 3.177638382243726657e-11 7.359029404307286135e-11 -1.160903198149177051e-10 -1.085575416697553272e-10 1.183147620728665718e-10 2.505147699819219128e-10 7.180965855500536202e-10 9.051571835307556719e-10 5.439320693654898325e-10 1.475424068387215140e-09 5.465236947062035512e-09 1.871790029160550867e-08 5.597460376579764939e-08 1.494413074059197577e-07 4.013653193460038138e-07 1.079814488705381993e-06 2.921996916649764025e-06 7.929646701609923188e-06 2.154172447699281769e-05 5.856802715478406945e-05 1.599519404129858468e-04 4.409916040328850230e-04 1.244466018354853289e-03
3.219828547012635461e-02 1.244896232130172399e-03 4.411317461397482281e-04 1.599993747653627831e-04 5.856593795562935650e-05 2.154185566373720766e-05 7.932460494816779385e-06 2.921776253785945634e-06 1.075443476616758209e-06 3.964489859020880279e-07 1.455164104739226061e-07 5.358445047188153521e-08 1.901926294429592467e-08 7.187146283716967427e-09 3.587431448077304626e-09 1.759053482402435074e-09 8.884098217824214609e-10 1.263381706588248691e-10 -1.402344192232255337e-10 -2.300709306439739821e-10 -2.325538964811386128e-10 -2.083057225190390854e-10 -6.102798294416887137e-12 5.779310902799211478e-11 9.836881094056006512e-11 -3.542416484615858046e-12 -3.553344887266539942e-11 6.259206286697598921e-11 9.886567475485403422e-11 5.077894907379258096e-11 8.477302725068285006e-12 -2.704188428248171043e-11 -2.126866704932452464e-13 -1.240827181751112259e-11 -3.057029406308417905e-11 -9.510480306538357724e-12 4.471927373910809695e-11 -6.624628388098079950e-13 -9.947395688212089151e-11 -1.116870834544361299e-10 -1.052368517379267788e-10 3.229310744708082272e-11 7.242670591947156397e-11 -1.206882207987749255e-10 -1.168628085355775423e-10 1.100262774580525791e-10 2.608941252286314675e-10 7.219985294942087879e-10 9.016699992330188520e-10 5.393713406668169092e-10 1.505101886074736873e-09 5.572501420452072462e-09 1.882932899500516422e-08 5.603296572199831934e-08 1.494820858460978812e-07 4.014765733306309749e-07 1.079951829255928143e-06 2.922138751329514460e-06 7.929771056034655414e-06 2.154320405529905921e-05 5.857387214476322476e-05 1.599640987684231702e-04 4.410189012733712536e-04 1.244546456618225889e-03
3.219826718326534998e-02 1.244957552668988793e-03 4.411593856479395222e-04 1.600132979183871180e-04 5.857259686706168297e-05 2.154453785362868916e-05 7.933755171399117979e-06 2.922690038430490155e-06 1.075809502844614552e-06 3.963424728920039725e-07 1.453692417531793776e-07 5.357668075009295912e-08 1.910839291296256800e-08 7.219913760858347061e-09 3.584127136330391663e-09 1.747480287145661402e-09 8.705955656094040837e-10 1.420533549640219033e-10 -1.009814128079768625e-10 -2.119227200381703495e-10 -2.457893574065978858e-10 -2.303139995375095801e-10 -1.978895809756792405e-11 5.660408824683919746e-11 9.727399684364494171e-11 -4.180518596438479403e-12 -3.264738821124870926e-11 6.443418324342389500e-11 9.893140471342187239e-11 4.672479564807093292e-11 4.740119201856187381e-12 -2.945905073395949834e-11 -1.270816792203737910e-12 -1.202706956863483077e-11 -2.733596044766878091e-11 -5.914682708161467926e-12 4.231432086290207104e-11 -6.854073029106737499e-13 -9.367763770138501999e-11 -1.093637365572245029e-10 -1.061631514364142112e-10 3.908286123050618796e-11 8.431692174160023408e-11 -1.093183170219888078e-10 -1.250473411181452573e-10 8.838995805103337923e-11 2.360778594186737566e-10 6.986831606211638620e-10 9.032460474232799079e-10 5.973299694093280209e-10 1.565100322471484853e-09 5.565548288892255554e-09 1.879559921324604646e-08 5.602627640572372950e-08 1.495468457129641514e-07 4.014521052249995298e-07 1.079874695485930552e-06 2.922610609431638701e-06 7.931338767081585686e-06 2.154549107973886276e-05 5.857626457382246173e-05 1.599682860219905944e-04 4.410257945487666784e-04 1.244553267648572164e-03
3.219807804841703230e-02 1.244909535204466889e-03 4.411436717805292769e-04 1.600071334107960972e-04 5.856955730927679933e-05 2.154252800111965127e-05 7.932855463941136412e-06 2.922274613684154526e-06 1.075507713685947652e-06 3.963073973604908304e-07 1.453729386462541642e-07 5.347488748836710388e-08 1.897221929617652786e-08 7.167506620039341985e-09 3.593778292331502032e-09 1.774214688149514690e-09 9.010220188688573539e-10 1.405543114400152720e-10 -1.271639732373618706e-10 -2.142919309426133117e-10 -2.185622664701082702e-10 -2.035752301461926274e-10 -4.921979794846198769e-13 6.468283228645560235e-11 1.003809620630579358e-10 -1.032362421994973642e-11 -4.148497145799064299e-11 5.628465576923081124e-11 9.313300936299054803e-11 4.839936040162366638e-11 8.548239118386758287e-12 -2.767547244442228277e-11 -9.927867190731258860e-13 -1.336328554271080645e-11 -3.060673121927733257e-11 -1.066339543113393175e-11 4.238106009186443433e-11 -3.739280559430406577e-13 -9.528830831939584465e-11 -1.117722148319862127e-10 -1.075164739087692818e-10 2.892495250787380753e-11 6.831062440540697564e-11 -1.216558970143580974e-10 -1.235424565408312250e-10 1.018745605630706205e-10 2.594066063292565072e-10 7.502881996442156043e-10 9.542496786109748538e-10 6.129567126225438168e-10 1.543124980015169870e-09 5.570364348882260540e-09 1.884698819671950707e-08 5.614034537036990014e-08 1.496144747342494559e-07 4.015671048371884576e-07 1.080092891570541049e-06 2.922382189370832553e-06 7.930109490157758205e-06 2.154347389219563350e-05 5.857247305241281466e-05 1.599606720102158457e-04 4.410088610940945779e-04 1.244500358554129042e-03
3.219749913045021755e-02 1.244887352214090002e-03 4.411350418738297047e-04 1.600026104894534951e-04 5.856771122590373626e-05 2.154216553382805050e-05 7.932602586919098442e-06 2.922011979547933414e-06 1.075590411352769073e-06 3.963879329413740810e-07 1.453306211677514551e-07 5.345450170706287788e-08 1.897433182765405566e-08 7.150648607693263062e-09 3.558491325954935133e-09 1.742372243670122936e-09 8.777994784098911333e-10 1.431330180519135951e-10 -1.178449131881914632e-10 -2.170966218540240578e-10 -2.316940959989609474e-10 -2.149450305923109286e-10 -2.695288837016336484e-12 6.837086881154222257e-11 1.029570029011320331e-10 -1.087626511910761978e-11 -4.386017781099133380e-11 5.984125490933600721e-11 9.815848467161045807e-11 5.053930012418965684e-11 7.272718304227254783e-12 -3.109799143396986343e-11 -4.084555949097871695e-12 -1.366180952126514348e-11 -2.942304009141334892e-11 -1.060824349419935238e-11 3.812584885654349756e-11 -3.990368435078509129e-12 -9.707604197345029928e-11 -1.070164215349216928e-10 -9.817466812988083845e-11 3.379410402101910956e-11 6.333822288954317321e-11 -1.186311586227304304e-10 -1.149696318544682719e-10 1.015552169343575907e-10 2.319456095334466342e-10 7.078266529924114711e-10 9.354337468078373287e-10 6.063674189426827799e-10 1.514924784124783036e-09 5.519239160321697613e-09 1.876422637896579743e-08 5.598177657075018171e-08 1.493960664619700466e-07 4.012615810846350545e-07 1.079801664434172699e-06 2.922315003071982829e-06 7.930338128541789740e-06 2.154332369545810267e-05 5.857082822246984421e-05 1.599552767922435943e-04 4.409860249210133146e-04 1.244433123607613162e-03
3.219764703195815425e-02 1.244880141165262497e-03 4.411318795578232101e-04 1.599995717456522575e-04 5.856604296668478367e-05 2.154172393592602644e-05 7.932480258522679501e-06 2.921469287833273719e-06 1.074850999062489105e-06 3.959337756402699364e-07 1.452602949129484154e-07 5.343689804483543705e-08 1.899815690468745171e-08 7.217754842182597391e-09 3.603902270274752914e-09 1.758962402940293552e-09 8.643745443867794399e-10 1.217775048098498074e-10 -1.210032175432302764e-10 -2.060933428219632350e-10 -2.175903447921699991e-10 -1.966852985040019046e-10 5.771112004774440024e-12 6.997086993872913250e-11 1.056804163840404274e-10 -5.818576360064527389e-12 -3.824477897831244350e-11 6.021927068991725857e-11 9.467401415045752132e-11 4.729715884631788358e-11 7.259451554372002762e-12 -2.924197664500385763e-11 -1.815133138771066565e-12 -1.335348826019486058e-11 -3.086830416434619809e-11 -1.020893452992267056e-11 4.271498689633362549e-11 3.887929529241731192e-13 -9.266205592009024680e-11 -1.068271339838386172e-10 -1.111922233624072165e-10 2.170205806496483527e-11 6.991052972531825333e-11 -1.115766257054797142e-10 -1.024546075786031410e-10 1.230261519440516642e-10 2.668896618754774915e-10 7.385871017836280856e-10 9.079034576743929208e-10 5.375648341445415805e-10 1.463901824285307310e-09 5.503697348412961673e-09 1.877711693459461479e-08 5.603607841571505999e-08 1.495619284877569377e-07 4.015549010878436525e-07 1.080062782418014496e-06 2.922080238335838863e-06 7.929153570231860194e-06 2.154058152122770051e-05 5.856568825674085782e-05 1.599460877555477589e-04 4.409704432881050092e-04 1.244417481819645429e-03
3.219820377473011502e-02 1.244915167246690539e-03 4.411420277526617671e-04 1.600058971040903516e-04 5.856801797331365937e-05 2.154152061070717885e-05 7.931849587057049794e-06 2.921742416289426961e-06 1.075582835641558015e-06 3.963994811921101952e-07 1.453315134080733169e-07 5.335929173127936857e-08 1.892886605641986597e-08 7.211045219296742663e-09 3.601707898371858867e-09 1.738607131401921720e-09 8.920917417485047848e-10 1.733497251134519220e-10 -9.618846501548840639e-11 -2.044165786289757872e-10 -2.147038874739470589e-10 -1.984541451016379619e-10 6.217925147910766308e-12 6.804221574765493611e-11 9.706787178622611145e-11 -1.009370008845139962e-11 -4.076114085397047443e-11 6.067637909879772962e-11 9.745522977966134573e-11 5.025599797315104814e-11 9.990540736975772651e-12 -2.830872055347338317e-11 -3.024709857504922312e-12 -1.304085904181237494e-11 -2.986164142288342009e-11 -9.820530027874615372e-12 4.239727994809423932e-11 -3.123249844398373644e-12 -1.020710371214341597e-10 -1.152228396900535781e-10 -1.058879211308369968e-10 3.298736329066802661e-11 8.272910316938337738e-11 -1.021648347417252795e-10 -9.917445947000451570e-11 1.135617406451520510e-10 2.494821413944659059e-10 7.179369004008549803e-10 9.242978264236676169e-10 6.106275576897098582e-10 1.525634224157751400e-09 5.484605350253747488e-09 1.868549453203568805e-08 5.592334057806541009e-08 1.494873571997025411e-07 4.013749230159986701e-07 1.079613707567379373e-06 2.921671755789498283e-06 7.929190191582678970e-06 2.154177786440802372e-05 5.857028429410829123e-05 1.599545123314627295e-04 4.409871259073290485e-04 1.244461395634294731e-03
3.219830722810058249e-02 1.244894633728824704e-03 4.411340721626231349e-04 1.600028010138997581e-04 5.856806437517837760e-05 2.154199130506599728e-05 7.931915472738210849e-06 2.921343731482676021e-06 1.075079689322607955e-06 3.960555261917208626e-07 1.452176988426579295e-07 5.339193431636065627e-08 1.897360099978883094e-08 7.230554473865591476e-09 3.602951462186835317e-09 1.695667254966107176e-09 8.171752434065729095e-10 1.029406877054702633e-10 -1.251037061345264445e-10 -2.126070561803334223e-10 -2.181510022156837138e-10 -2.039048368880120838e-10 -4.991840283235704640e-12 6.134140128699671700e-11 9.820448820625858452e-11 -9.301687890017472610e-12 -4.126000361552436776e-11 6.325351511494780441e-11 9.869063558053216444e-11 4.881049215228195744e-11 8.501922959699566587e-12 -2.643497093976963510e-11 2.006397423332466783e-13 -1.207507544390449888e-11 -2.964235375426588407e-11 -7.138733867574957858e-12 4.423251458972018985e-11 -3.415437273066730958e-12 -1.025220309801402866e-10 -1.122891056539350143e-10 -1.107025888633312851e-10 1.932672837123266593e-11 6.204164285969189087e-11 -1.244049428201424182e-10 -1.298582234657575305e-10 9.404463790694255054e-11 2.680505186112667459e-10 7.518888426762982851e-10 9.352174606328935258e-10 5.483714178744383968e-10 1.403442796377287160e-09 5.357706280839395664e-09 1.864960259177366626e-08 5.603630755814671085e-08 1.495041362083088840e-07 4.014279530414765577e-07 1.079886124002670998e-06 2.921918755118901282e-06 7.929643872494097369e-06 2.154186192211239036e-05 5.856940264853789874e-05 1.599553737688147903e-04 4.409959637276421925e-04 1.244481948999020399e-03
3.219790927888555032e-02 1.244918897284904603e-03 4.411481482193363121e-04 1.600069566576035570e-04 5.856897045871348347e-05 2.154215968525972693e-05 7.931839987674898400e-06 2.921604904925035905e-06 1.075446749840293501e-06 3.964543219245826094e-07 1.456334501055269205e-07 5.374759367497156983e-08 1.920125513443302546e-08 7.324118582323337773e-09 3.627540936341993626e-09 1.730874600385823568e-09 8.626729373898429987e-10 1.233481542095271497e-10 -1.097964241225995036e-10 -2.059676340166244223e-10 -2.279324929555286179e-10 -2.039863230486472302e-10 -1.500695997410699076e-12 6.310984750155676189e-11 1.054991806933150813e-10 -5.906227551146121511e-12 -3.946150661674107820e-11 6.224456794634863578e-11 9.871348733698895238e-11 4.893411223543920417e-11 5.660182330413952796e-12 -2.880235616987470237e-11 1.127326424974196206e-12 -1.065918481824629545e-11 -2.907098304192366046e-11 -8.885610560384198072e-12 4.149475182307314346e-11 -3.977535388156999305e-12 -1.014420759982299082e-10 -1.144403086667983612e-10 -1.141553521395201551e-10 1.840516904616379065e-11 6.309797669184178158e-11 -1.197847830356864850e-10 -1.198073233799773150e-10 1.015099003396734991e-10 2.392729200884078460e-10 7.393980371041329126e-10 9.463680600324291530e-10 5.640162145491752704e-10 1.474894443767241268e-09 5.435097583094568235e-09 1.864440693624318363e-08 5.599380612152168218e-08 1.495920856647215174e-07 4.013819080780332255e-07 1.079758460740358360e-06 2.922119535576951169e-06 7.930162314820079713e-06 2.154414589093627330e-05 5.857420585309827172e-05 1.599622157944441197e-04 4.410052720922991143e-04 1.244488106548663963e-03
3.219795684657839746e-02 1.244909210181318086e-03 4.411449021699555793e-04 1.600107562694973921e-04 5.857262176810063676e-05 2.154487827829262484e-05 7.933878472151164265e-06 2.922489732128576207e-06 1.075625033685360390e-06 3.962372665754142454e-07 1.452271750197212897e-07 5.341020782333713732e-08 1.899064269553348083e-08 7.244596062698099180e-09 3.641017257406718987e-09 1.787925777662998531e-09 8.716460512521273498e-10 1.350218138207274623e-10 -1.165418228506087948e-10 -2.214347186605289750e-10 -2.344589356171271915e-10 -2.120610422962881948e-10 -5.025330012682480124e-12 6.455153151372620414e-11 1.009114526992966045e-10 -1.260358143212887912e-11 -4.423328772321945085e-11 5.941596307818940504e-11 9.757060441220142334e-11 5.022159721943531934e-11 8.366875800662110004e-12 -2.790040988061908333e-11 -1.024524678844131266e-13 -1.138399367061249301e-11 -2.904423714261123403e-11 -8.517933338405925687e-12 4.305520768844733763e-11 -2.322406616987845452e-12 -9.831204298188786359e-11 -1.094219002370996840e-10 -1.100405866217730463e-10 2.211585217745828805e-11 5.846622921386379315e-11 -1.325468277429379872e-10 -1.239031177266130950e-10 1.140920943730507506e-10 2.608910971937902939e-10 7.299333286855087058e-10 9.322117991971147001e-10 6.217238676668738782e-10 1.568432689659113617e-09 5.560621353604897975e-09 1.873632123122424135e-08 5.590962758361649297e-08 1.494224990442662957e-07 4.013526325290068527e-07 1.079765093139457967e-06 2.921903151832881171e-06 7.929991534809456327e-06 2.154364692505351527e-05 5.857312401706972878e-05 1.599640031104797170e-04 4.410173868617282356e-04 1.244534359846581183e-03
3.219801723247299463e-02 1.244922240541032924e-03 4.411386785544425511e-04 1.600013750837253656e-04 5.856717314212814079e-05 2.154189204443345714e-05 7.932092583603730069e-06 2.921222528403953891e-06 1.074992994064025395e-06 3.960918688151607337e-07 1.453234483800316758e-07 5.344782445775768130e-08 1.898640719138989968e-08 7.237294543713335671e-09 3.639240743005600797e-09 1.773639573172034200e-09 8.775100677672533117e-10 1.555933809171323832e-10 -8.067673128387831089e-11 -1.695515344947461518e-10 -2.036958886950643167e-10 -2.124697881051259943e-10 -1.456361317020021522e-11 5.476270315572952295e-11 9.546391102684877198e-11 -6.035628812190137579e-12 -3.641764088859311516e-11 6.433249760265345949e-11 9.884595695012647509e-11 4.756266113901376987e-11 5.102971556309754009e-12 -3.002281373883681709e-11 -2.143815427169029763e-12 -1.222360421579148267e-11 -2.809262059574573322e-11 -7.496935230081708798e-12 4.354812816053283435e-11 -1.322120735059873381e-12 -9.908954302827175862e-11 -1.142902143446797193e-10 -1.090697489729440935e-10 2.787348519219168186e-11 7.305359015774685866e-11 -1.147929411913483016e-10 -1.180332114279957898e-10 1.005615069036103723e-10 2.406587158853865599e-10 7.196916406267543252e-10 9.487838702298323177e-10 6.593596699993830930e-10 1.600370274292940706e-09 5.590883050088518430e-09 1.880055565396536046e-08 5.601606453206736292e-08 1.495208832506399658e-07 4.013261518950082267e-07 1.079803216714294666e-06 2.922503433016634493e-06 7.930763993562034826e-06 2.154450730939779746e-05 5.857348208158555782e-05 1.599604163111960538e-04 4.409995656202476575e-04 1.244478181828927383e-03
3.219837499653393359e-02 1.244923804302595005e-03 4.411450904994547104e-04 1.600063951216596468e-04 5.856814784815446065e-05 2.154110667124394004e-05 7.931683951086832446e-06 2.921544987443134318e-06 1.075117881845408600e-06 3.962847547855783633e-07 1.455574082240477935e-07 5.359505619950016374e-08 1.900655274778458691e-08 7.194323435694971226e-09 3.640313639194184116e-09 1.812152060097679140e-09 9.174619413765176804e-10 1.820582180655100499e-10 -7.974506349683050833e-11 -1.817974966809024168e-10 -2.069941433161196804e-10 -2.068110901117795563e-10 -4.956146062505931012e-12 6.263837037930367534e-11 1.021624804801369828e-10 -3.468381264081698307e-12 -3.786586692243028460e-11 5.923266231562425339e-11 9.706674597595008828e-11 4.957116489253307311e-11 8.740615837206361373e-12 -2.684386221078410020e-11 -9.514611195679116928e-14 -1.302298865671724826e-11 -2.983802449785661094e-11 -9.030798189797070074e-12 3.842671034362734821e-11 -4.646701747979049717e-12 -9.794164160961031764e-11 -1.120468765271960249e-10 -1.060947346089477985e-10 3.605584608425309098e-11 6.991531260217956071e-11 -1.259353644462104510e-10 -1.267555705001686891e-10 9.497103349108281355e-11 2.466624901481971945e-10 7.452254892443125971e-10 9.517289837599999179e-10 5.957883060099546109e-10 1.552493392456903940e-09 5.532383357672522157e-09 1.869137302323119697e-08 5.597306475769110975e-08 1.494759931267023471e-07 4.014276775401241173e-07 1.080013074191438580e-06 2.922317307490881590e-06 7.930268510010119953e-06 2.154383345199417421e-05 5.857356021340902438e-05 1.599637017637204033e-04 4.410161508660893361e-04 1.244510993055838403e-03
3.219835671256807835e-02 1.244931418502933382e-03 4.411456691841008650e-04 1.600066749256767880e-04 5.856825419507459524e-05 2.154198674515982013e-05 7.932318799148331098e-06 2.921900740451872241e-06 1.075458269679018288e-06 3.961820134351309773e-07 1.453071126974747764e-07 5.355073056310980705e-08 1.915944509162358296e-08 7.354251690321550121e-09 3.661830517026501798e-09 1.752658662397561966e-09 8.791708463018321667e-10 1.483130539302046405e-10 -1.099546170811848967e-10 -2.134247179063345598e-10 -2.348845478680732057e-10 -2.192645031276010322e-10 -1.123412958579063538e-11 5.736450182968226840e-11 9.565766993098667508e-11 -1.066083355002443409e-11 -3.830355363911214551e-11 6.439824688692434044e-11 9.829752399240767556e-11 4.778545575611873840e-11 6.076736778924807995e-12 -2.931523141345185233e-11 -4.283594673502417773e-13 -1.117488766043666796e-11 -2.924631122684230723e-11 -1.010687238249774550e-11 4.202610090164392184e-11 -2.015453831263434264e-12 -9.910129667053578894e-11 -1.122650370631581881e-10 -1.091173485614256549e-10 3.370942075822404532e-11 8.277043559489583836e-11 -1.034658849754785428e-10 -1.144635668500138235e-10 1.013535180906384765e-10 2.742658103609055944e-10 7.786357828988966745e-10 9.677551622499208475e-10 5.776801091043150691e-10 1.489400878246565323e-09 5.488025555411877081e-09 1.876911898031834151e-08 5.602467723562188795e-08 1.495162896140341315e-07 4.014043679709927716e-07 1.079721331947019039e-06 2.922039100199952817e-06 7.930078539497129430e-06 2.154373621848111044e-05 5.857353797244511847e-05 1.599604962965534211e-04 4.410059154642827326e-04 1.244505820455581212e-03
3.219831147518643910e-02 1.244928825143989124e-03 4.411401602958809199e-04 1.600019332868660854e-04 5.856636342655196289e-05 2.154074539127396972e-05 7.931956787978575133e-06 2.921853251898805999e-06 1.075518002858493717e-06 3.963490356711632505e-07 1.454079643969120183e-07 5.345232327540277197e-08 1.896638645102646579e-08 7.250116158828799974e-09 3.626548775160177400e-09 1.766126529253903592e-09 8.824759593275153258e-10 1.456255815908708479e-10 -1.011126988184820268e-10 -2.041389109050476826e-10 -2.206523740791711583e-10 -2.065125331501839731e-10 -5.716588394077061945e-12 5.840079081178859444e-11 9.447390828349205537e-11 -1.010029656001387688e-11 -3.744397605798783266e-11 6.143138660920953862e-11 9.602398600805994003e-11 4.757375347944577238e-11 5.646675524889045281e-12 -2.770116766957016175e-11 2.203721157687995218e-12 -9.844999644978841576e-12 -2.887917169503996150e-11 -1.026105813767044367e-11 3.975946039293062260e-11 -3.560194703821868352e-12 -9.569382244971818594e-11 -1.051740073121013100e-10 -1.009604499730784966e-10 2.897996762328992969e-11 6.664619764758427512e-11 -1.094199126300312864e-10 -9.815537865203372024e-11 1.191521776639825887e-10 2.524961152232804171e-10 7.317484051754214430e-10 9.312237947783052209e-10 5.659483842950895415e-10 1.471117215374248029e-09 5.540887448680695205e-09 1.877765731119084320e-08 5.593542451845684354e-08 1.493789794262662936e-07 4.012663121359206323e-07 1.079736512302935728e-06 2.922106933963798977e-06 7.930602771728549055e-06 2.154557420567971974e-05 5.857735852587851917e-05 1.599664681431154116e-04 4.410135330478394031e-04 1.244511114369240652e-03
3.219828502658953623e-02 1.244846031594941263e-03 4.411126399877022793e-04 1.599940145579560504e-04 5.856515166617335994e-05 2.154152610250433396e-05 7.932398852401708052e-06 2.921857974663491650e-06 1.075403993600590710e-06 3.962696473895819820e-07 1.453559737280596286e-07 5.360318271878950419e-08 1.920112291987686439e-08 7.336418096523401656e-09 3.624306485618160576e-09 1.757677112814062057e-09 8.803480954710135541e-10 1.464828488206340568e-10 -1.142162270640873114e-10 -2.174803042546956081e-10 -2.274083192025165472e-10 -2.076050002439651893e-10 9.360610571271504760e-13 6.974311091006577245e-11 1.065678567185582950e-10 -1.856275857320831825e-12 -3.564222896198667575e-11 6.141251056763143344e-11 9.678017978834399885e-11 5.025761409108593851e-11 7.471386211749972931e-12 -2.741463280389475839e-11 1.534148919923597495e-12 -8.219623021477260517e-12 -2.589506860720616389e-11 -6.198334427740058432e-12 4.546857464554754067e-11 1.729993853498377823e-12 -9.769836636021205333e-11 -1.140578611685650150e-10 -1.066990955950616529e-10 2.723369967563818275e-11 5.727232251224663463e-11 -1.430421813543260111e-10 -1.423277913216662538e-10 9.309445933007163169e-11 2.575558319463856794e-10 7.495448997732667846e-10 9.136904768669809932e-10 5.668672787003036390e-10 1.571008387554225245e-09 5.593331001020329423e-09 1.882011632834376865e-08 5.598493715163448609e-08 1.494474734056253345e-07 4.014299175353647709e-07 1.079968102198632772e-06 2.922364159516451099e-06 7.930691455781416021e-06 2.154418348208382103e-05 5.857159491481364551e-05 1.599545336121738909e-04 4.409937565502778669e-04 1.244474002400662105e-03
3.219796788299078560e-02 1.244882697535775341e-03 4.411241152494687007e-04 1.599976833507896570e-04 5.856621344146416394e-05 2.154127331400828936e-05 7.932049878952056053e-06 2.921507941286460410e-06 1.075290615493706543e-06 3.964422745162864985e-07 1.454010120507208722e-07 5.355401277879950161e-08 1.912390987650957520e-08 7.311849987894132879e-09 3.651688388663709878e-09 1.762382914373364702e-09 8.723695508138692279e-10 1.755319574085196365e-10 -8.509261272774290063e-11 -2.123084041847797390e-10 -2.382366340334879466e-10 -2.107708038977022231e-10 -2.393595812716223139e-12 6.162925652363710471e-11 9.625600117620368520e-11 -9.563518956368164073e-12 -3.745553518446212327e-11 6.214945199656932682e-11 9.955489503094249679e-11 5.068298940616849905e-11 7.610141450261834322e-12 -2.994731532517219351e-11 -1.705763134191161417e-12 -1.219121597176178856e-11 -2.911706580374551708e-11 -9.874694160714195194e-12 4.116045513405532721e-11 -1.691917670703105290e-12 -9.814027927074126417e-11 -1.136725192891156962e-10 -1.117621902160945579e-10 2.730760868945705950e-11 6.711527381576895964e-11 -1.318234445955481347e-10 -1.301076685846771596e-10 1.124276972117577085e-10 2.771309160128921680e-10 7.398634991727934823e-10 8.991719046702373302e-10 5.210958971408006084e-10 1.490231411465178822e-09 5.530790136324353763e-09 1.877096758996789668e-08 5.596759431593786128e-08 1.494599232109195699e-07 4.015064018685244174e-07 1.080086774136869860e-06 2.922428345673596998e-06 7.930920038926786824e-06 2.154441015631265334e-05 5.857365817829463802e-05 1.599590190664304458e-04 4.410036166319020396e-04 1.244503939154100076e-03
3.219773426175730896e-02 1.244905359982699392e-03 4.411384997776871073e-04 1.600007591405513236e-04 5.856447788719481304e-05 2.154066300274800263e-05 7.932050424649637413e-06 2.921612543180487879e-06 1.075237334104312745e-06 3.961622488889780953e-07 1.454151990681173997e-07 5.348749238241904957e-08 1.898622691539551197e-08 7.206449471703906018e-09 3.619757120221688448e-09 1.794321011050628167e-09 9.228261982940879852e-10 1.560909258356750708e-10 -1.278518625953980703e-10 -2.352990991941653277e-10 -2.283684705719028699e-10 -2.069094728413760578e-10 -5.255103066836328607e-12 5.786024859321608738e-11 9.603841414097289002e-11 -8.279259650837383251e-12 -3.784813871181903970e-11 6.201150194765811959e-11 9.828745528011962378e-11 5.098487433979348215e-11 8.596705978909543683e-12 -2.774022117594462267e-11 3.547770586425084422e-13 -1.038568559696212410e-11 -2.838589769846550436e-11 -8.167072210318350231e-12 4.562943996336832101e-11 7.166473318865291685e-13 -1.000449119401248185e-10 -1.165771516154165496e-10 -1.169033544981388558e-10 2.549147731269993376e-11 6.879739075052798556e-11 -1.216630964543657353e-10 -1.170020166798520524e-10 1.180898737288225309e-10 2.621865736874497033e-10 7.191978365889567061e-10 9.001380909431891024e-10 5.451761020161602755e-10 1.468874219249947462e-09 5.460639449978256839e-09 1.872240170687750502e-08 5.600461228586088736e-08 1.495620333731647457e-07 4.014635101522972884e-07 1.079937709794746366e-06 2.922336934017542367e-06 7.930567483600203129e-06 2.154449650681598661e-05 5.857568095159058674e-05 1.599661860736539007e-04 4.410120335711074945e-04 1.244514897343666337e-03
3.219770292854813587e-02 1.244855718001884300e-03 4.411294564558640029e-04 1.600042683637217832e-04 5.856860574937344398e-05 2.154201583370886060e-05 7.932169720656651605e-06 2.921755945399167122e-06 1.075279943421943834e-06 3.962489777007400467e-07 1.454922479062884997e-07 5.365564701080395567e-08 1.911248254822091663e-08 7.231510061771494797e-09 3.570722218251718429e-09 1.725234786379923338e-09 8.817383839483494932e-10 1.669596117066624389e-10 -1.033364054213320975e-10 -2.116520629138847040e-10 -2.200758430339894091e-10 -2.006863707204435451e-10 2.048958342457628277e-12 6.928538125077106328e-11 1.042712578027137999e-10 -7.550766343046975497e-12 -3.789908947109314026e-11 6.098836737988808112e-11 9.580971854787170042e-11 4.737483340470830431e-11 8.285023468545558308e-12 -2.626593479325647719e-11 -8.262859588286344787e-13 -1.209884148738892780e-11 -2.632272799532469169e-11 -6.509813084046628653e-12 4.159855057385499283e-11 -4.406834295648969972e-12 -1.004151206859779880e-10 -1.137193488450612405e-10 -1.067155244591991925e-10 3.704724024252782440e-11 8.435552686530008951e-11 -9.702033892845722636e-11 -9.461143614111168622e-11 9.935309027751667687e-11 2.438820629260188246e-10 7.458967932703859885e-10 9.165177516128138676e-10 5.297199862938892961e-10 1.481147514451224385e-09 5.471705313415149486e-09 1.872028045576074298e-08 5.600776989277461582e-08 1.495155727404862439e-07 4.015131361585249628e-07 1.079966282877532606e-06 2.921876608505494215e-06 7.929525726263134591e-06 2.154329639730637394e-05 5.857493453524812235e-05 1.599668357182433803e-04 4.410220026774078900e-04 1.244539364447629646e-03
3.219826475592224568e-02 1.244848556222112211e-03 4.411160301948319012e-04 1.599949543521022005e-04 5.856339287770029740e-05 2.154030125489536882e-05 7.932305415836934733e-06 2.921916762546721183e-06 1.075419916768574976e-06 3.962838473478656625e-07 1.453861478129512858e-07 5.346412658715269278e-08 1.900173651380837154e-08 7.141704194796773750e-09 3.530806431637194074e-09 1.759864459948319798e-09 9.037605914643982995e-10 1.641869584052210663e-10 -9.662564605551078598e-11 -1.976426981626684493e-10 -2.270617252370135824e-10 -2.222094804462699226e-10 -1.122652744510947231e-11 6.023054408431897789e-11 1.053667773803135291e-10 3.457328337900778923e-13 -3.679503822643878301e-11 5.936547180804487521e-11 9.631679462944791518e-11 4.884043166133021422e-11 5.952766701660118776e-12 -3.004301398182679219e-11 -6.527312469389639213e-13 -1.260998415653785898e-11 -3.022737398913252510e-11 -8.104585114279276714e-12 4.507072694326918653e-11 4.451939096193158813e-13 -9.861950336994352197e-11 -1.131832086899918493e-10 -1.071406155945491360e-10 3.085388177409727899e-11 7.226210764160474808e-11 -1.173934035426327577e-10 -1.198957302929778843e-10 1.159525013268372583e-10 2.750106236485202177e-10 7.508128971588546358e-10 9.526836809801142277e-10 5.881601637794700611e-10 1.555443251838696314e-09 5.624878862718256948e-09 1.880739649134223464e-08 5.591343973393734978e-08 1.493490985920300068e-07 4.010929968911478152e-07 1.079462619080205792e-06 2.921711808806169506e-06 7.929866550664969231e-06 2.154314479042410653e-05 5.857373342106151623e-05 1.599655892453358513e-04 4.410220047379711985e-04 1.244535904756836030e-03
3.219756005624575812e-02 1.244940282175884590e-03 4.411567617061550213e-04 1.600119125337348788e-04 5.857105499224006951e-05 2.154307510638371498e-05 7.932392795295212874e-06 2.921536597245041534e-06 1.075029080492852165e-06 3.960814178390858613e-07 1.453050637963981978e-07 5.345015265221712399e-08 1.898645417109905512e-08 7.186207497347576474e-09 3.566927044787040878e-09 1.742634391877648418e-09 8.853872552899309962e-10 1.761039922793489954e-10 -1.074654758921480081e-10 -2.250654306160515659e-10 -2.426690162689526075e-10 -2.197363015540244933e-10 -3.416879333542505415e-13 6.808285342333415599e-11 1.013769137111560316e-10 -6.798269622642474323e-12 -3.868232175789894165e-11 6.139098302557003925e-11 9.386898912696666569e-11 4.460665022009460177e-11 6.579448207732664071e-12 -2.740993642790714907e-11 1.081813211039452053e-13 -1.124891582082909050e-11 -2.808244490661783026e-11 -8.513635072254736631e-12 4.103513659232341982e-11 -6.454846779423682411e-13 -9.330704115562616433e-11 -1.035544739682004419e-10 -1.024389353105245936e-10 3.261135655705596101e-11 7.310156453665554590e-11 -1.197294680125923122e-10 -1.173417288145632853e-10 1.199597812647836820e-10 2.693749709781421431e-10 7.486063910262303668e-10 9.515732458678561163e-10 5.756336667696249107e-10 1.497890380798862624e-09 5.537532456567983181e-09 1.880031058955122590e-08 5.611582569241778132e-08 1.496197967526948250e-07 4.015211069867735841e-07 1.080118520714942703e-06 2.922715119761385937e-06 7.931143050039991243e-06 2.154509305198006633e-05 5.857533877527643459e-05 1.599668201958125732e-04 4.410232284031689594e-04 1.244533668108675729e-03
3.219824611416555876e-02 1.244921856231501244e-03 4.411425991396973265e-04 1.600041079824726761e-04 5.856911517081298506e-05 2.154303506457405071e-05 7.932797179189714760e-06 2.922156364537607419e-06 1.075697577715155134e-06 3.966534943800903818e-07 1.457286019581534288e-07 5.372971209302891346e-08 1.910017504826633798e-08 7.187118858248152005e-09 3.539576522944335845e-09 1.704988904244901669e-09 8.779145768329929789e-10 1.719576339401596196e-10 -9.527385973462296240e-11 -1.984342861629024545e-10 -2.165447900285817997e-10 -2.107133862490222242e-10 -1.096722858840815253e-11 5.600297235846139100e-11 9.636882759438590667e-11 -1.119116272228867694e-11 -4.321815767665645257e-11 6.100001850975079573e-11 1.004911518819425207e-10 5.093795112284839307e-11 7.171544322662943378e-12 -2.888823471105004274e-11 -1.301226495649578772e-12 -1.236835850228848317e-11 -2.851742584611667219e-11 -8.485396814345321554e-12 4.181644893289910490e-11 -2.064164219292672662e-12 -9.748481700717883326e-11 -1.123730562013384514e-10 -1.088077512428293872e-10 2.922793557903294516e-11 6.354207418329659616e-11 -1.273431113573295288e-10 -1.195151644742415586e-10 1.015254151197615033e-10 2.540043529931310671e-10 7.488972463265595774e-10 9.405989338562999154e-10 5.852278591816940373e-10 1.533847346423482805e-09 5.536713104612106555e-09 1.876422965850379031e-08 5.601576462720792037e-08 1.496099785836528174e-07 4.015325147464156342e-07 1.079921899120793838e-06 2.922084066520291632e-06 7.929514207680512654e-06 2.154181150048599272e-05 5.856847123989356176e-05 1.599480534505793379e-04 4.409766019900360949e-04 1.244452847170660070e-03
3.219790903801640625e-02 1.244899803927232776e-03 4.411354495054438775e-04 1.600035727173676774e-04 5.856796852116415782e-05 2.154175933121421475e-05 7.932165756429342287e-06 2.921457843550338872e-06 1.075204574055779834e-06 3.962943244989307011e-07 1.455167495814325397e-07 5.364269962611851522e-08 1.916798810550319075e-08 7.318554102767987232e-09 3.657104774637389650e-09 1.780679971062078573e-09 8.893854240784090829e-10 1.574429978534240995e-10 -1.049114424785402904e-10 -2.328534050991684059e-10 -2.423716172820954289e-10 -2.009385135241147877e-10 7.405698259618654918e-12 6.233807920415566898e-11 9.253690943162278262e-11 -9.986828867164560652e-12 -3.829317305194267793e-11 6.145525471811167949e-11 9.849015858493738522e-11 4.813792701706348893e-11 3.815781772391897043e-12 -3.160962613230099766e-11 -1.325823467248307399e-12 -1.216471672622468736e-11 -3.084529622215793352e-11 -1.191842192474772478e-11 3.814348586077025781e-11 -9.060850017416583560e-12 -1.077196708199002801e-10 -1.171606863877052216e-10 -1.076852357416574147e-10 3.094483256659954204e-11 6.992775928139123452e-11 -1.234443167612061596e-10 -1.194560875523070895e-10 1.029544847579163928e-10 2.676610736729648093e-10 7.799685145204295787e-10 1.013123119768672277e-09 6.367131223450859966e-10 1.537672932478311851e-09 5.565761540745002963e-09 1.880992639056994651e-08 5.602936812065354666e-08 1.496068213282723668e-07 4.014351219439530080e-07 1.079747132370712323e-06 2.921748312596776466e-06 7.929119295450618387e-06 2.154178706721188014e-05 5.856866065009647013e-05 1.599504141253508583e-04 4.409822975920225040e-04 1.244444672195806111e-03
3.219809813819276417e-02 1.244867425377894779e-03 4.411222366458472416e-04 1.599981943345703359e-04 5.856657659013914054e-05 2.154164324386424295e-05 7.932026795061212037e-06 2.921493084905325127e-06 1.075265970421684883e-06 3.963481174774004985e-07 1.454089550716291269e-07 5.348106308114268369e-08 1.900584502494484747e-08 7.239962089794805744e-09 3.603955550077553000e-09 1.723285747739613420e-09 8.529625022123677435e-10 1.458777745557917903e-10 -9.756489608265655840e-11 -2.034263855095178630e-10 -2.255584728747146412e-10 -2.137261210712827528e-10 -1.118999797974174685e-11 5.544030871112072453e-11 9.491928176210078078e-11 -6.214157059122611633e-12 -3.578611857643953920e-11 6.325054735929153464e-11 9.637953455716945749e-11 4.820797290850783399e-11 6.918751978154367345e-12 -2.844122889658516189e-11 -7.428556294595901113e-13 -1.230504554684089406e-11 -3.008842936898876712e-11 -9.493090501115625700e-12 4.325541466423872075e-11 1.063386051154650348e-12 -9.673535600125149964e-11 -1.088097993988341575e-10 -1.019872444350734278e-10 4.078798613027261275e-11 7.209193559498688418e-11 -1.241860346032312695e-10 -1.123368400154387653e-10 1.171641097109378770e-10 2.794334560517424378e-10 7.824744273169145447e-10 9.575741740017744842e-10 5.692575178619018696e-10 1.511194013098963412e-09 5.511922679177844999e-09 1.874469035931220726e-08 5.604550117456152689e-08 1.496713515743548767e-07 4.013601874210442810e-07 1.079638908821554310e-06 2.921985854745160583e-06 7.930268655858752942e-06 2.154415249569236268e-05 5.857307872830787944e-05 1.599591528909079599e-04 4.409958032784607449e-04 1.244471049276279270e-03
3.219793486003483252e-02 1.244879452474924016e-03 4.411242722282272518e-04 1.599979943363064006e-04 5.856560138280771430e-05 2.154111957237978136e-05 7.932216759104917275e-06 2.921853447395716996e-06 1.075279435153144767e-06 3.962280424959572588e-07 1.455012359732299302e-07 5.356148144701473934e-08 1.895873122524286387e-08 7.154515592504708501e-09 3.578967872534257563e-09 1.765827487614071429e-09 9.020446013299271724e-10 1.708282172781176814e-10 -1.059594423250405081e-10 -2.113246913522556398e-10 -2.219429566607734690e-10 -2.093945362673484912e-10 -6.009459173944920679e-12 6.597686456825534847e-11 1.016539432828997897e-10 -8.856340522853279412e-12 -3.949498544000223439e-11 6.153486763604797385e-11 9.574719569720085851e-11 4.628264965805912730e-11 5.773726706306999321e-12 -2.972364407872650630e-11 -4.304668151141556013e-13 -1.114658610314349013e-11 -2.990407669821674648e-11 -9.561433315590607157e-12 4.214206612660496845e-11 -9.105838947153175226e-13 -9.695250138680608302e-11 -1.120045851906588415e-10 -1.124462010144632734e-10 2.568666900101900278e-11 6.622041712908795186e-11 -1.255484707881574924e-10 -1.225148009471606827e-10 1.229914857374578867e-10 2.875822759869960479e-10 7.652586715558889633e-10 9.321995446288391854e-10 5.807668246519403610e-10 1.508962429695220958e-09 5.498500295634064294e-09 1.874476750573200473e-08 5.604321739073907193e-08 1.495966276700746716e-07 4.013528802192601385e-07 1.079731841057616666e-06 2.922030268854343093e-06 7.930163501920573573e-06 2.154432294469795677e-05 5.857491740728861023e-05 1.599639195494929737e-04 4.410138321650873550e-04 1.244529066289664157e-03
3.219759679759735815e-02 1.244865172680013465e-03 4.411231782800277014e-04 1.599961203907834199e-04 5.856441906623785775e-05 2.154023976015535035e-05 7.931608693776745822e-06 2.921343144730660893e-06 1.075058651892713986e-06 3.962140544599551569e-07 1.454975484885619056e-07 5.356703856749645554e-08 1.903220863789502482e-08 7.242869805433348850e-09 3.646753930581261861e-09 1.796669280594552256e-09 9.183317182045804739e-10 1.627493967288469522e-10 -1.092322043552120342e-10 -2.165047747643031294e-10 -2.248701317418386820e-10 -2.102194909362472732e-10 -4.518280439381538483e-12 7.594749168163141054e-11 1.118761872071419179e-10 -3.541764317172996232e-12 -4.027076099701048538e-11 5.922583486369452096e-11 9.569615070951005100e-11 4.992588379706264720e-11 8.864112022035349383e-12 -2.715529643945676277e-11 5.230600128893662704e-14 -1.136976514699553820e-11 -2.867089610591958549e-11 -9.693937325388149515e-12 3.865565799277940448e-11 -7.210391489762979946e-12 -1.043658968424267596e-10 -1.165177918270802909e-10 -1.129295181841498795e-10 2.403544719269587618e-11 6.337500414899469609e-11 -1.239413284844706163e-10 -1.210900866138507875e-10 1.129353580326177951e-10 2.733498368119540016e-10 7.738777089076148951e-10 9.648721497917031639e-10 5.905576138058882720e-10 1.518667923405527529e-09 5.540499718719634054e-09 1.878294446372424638e-08 5.605274601808670526e-08 1.495757284353049833e-07 4.014810895414312408e-07 1.079976872866908783e-06 2.922038720367800335e-06 7.929807516093844927e-06 2.154274377996830446e-05 5.857068398196619527e-05 1.599570397800318484e-04 4.409930590143945920e-04 1.244456241911424607e-03
3.219806401834707232e-02 1.244953894378188729e-03 4.411584878930238673e-04 1.600100290544590148e-04 5.857055042203063671e-05 2.154309549693123163e-05 7.932810050434893314e-06 2.921846151564830728e-06 1.075209806598000061e-06 3.961514056091838969e-07 1.453649998621616982e-07 5.349339630886780653e-08 1.900838805781913914e-08 7.200746268173512525e-09 3.586163634090939789e-09 1.755364179197853217e-09 8.842442277497758736e-10 1.574846256881187395e-10 -1.006828583971706453e-10 -1.939456020177275087e-10 -2.183719173741928628e-10 -2.108839017036419857e-10 -4.720350461213935328e-12 7.077152019524721109e-11 1.100718331342637234e-10 -2.914925895991658887e-12 -3.740877800655054881e-11 5.826725934180680742e-11 9.512449604334473034e-11 4.702224937107396811e-11 6.230546514086881330e-12 -2.860515265957758853e-11 -1.914768903202740035e-12 -1.355847330510447700e-11 -2.850199471671913256e-11 -7.322913003762981992e-12 4.279010963299348196e-11 -2.946709653167151248e-12 -9.862671090857473278e-11 -1.146761323757281315e-10 -1.145406447413855392e-10 2.257755356831988819e-11 6.495582190895573876e-11 -1.279351841225852571e-10 -1.331650065902124084e-10 9.240168307844433674e-11 2.559654198876309922e-10 7.327045967034941607e-10 9.256966802877561947e-10 5.457536830651256768e-10 1.517989335672549001e-09 5.558390788211664340e-09 1.875925645092856908e-08 5.599676893517243685e-08 1.493604904427756068e-07 4.012297768438659787e-07 1.079748716382900732e-06 2.922206761719709935e-06 7.930266823553266405e-06 2.154354114963893786e-05 5.857070226537587328e-05 1.599553296344883885e-04 4.409981311378583391e-04 1.244491178076379510e-03
3.219820840332416473e-02 1.244972131628813974e-03 4.411662384255346297e-04 1.600147502349097222e-04 5.857182586027547618e-05 2.154335878302014959e-05 7.932745811700362982e-06 2.921638826684301114e-06 1.075221481199870329e-06 3.962125783723920069e-07 1.453845676540620258e-07 5.355663917992725661e-08 1.904696630244031443e-08 7.261163582987141926e-09 3.616190178130655852e-09 1.765305154925515285e-09 8.756480630377394386e-10 1.179538904116267091e-10 -1.302415146879772718e-10 -2.010484117422080578e-10 -2.226111263271700541e-10 -2.141545153835003519e-10 -4.708715163691019911e-12 6.200825925917728066e-11 9.743946565083308248e-11 -6.041970078943926070e-12 -3.488226632504995603e-11 6.392785412303455468e-11 9.809055581895485506e-11 4.795667646629618261e-11 6.585070150175408351e-12 -2.752553764114354048e-11 4.761350851510202373e-13 -1.259082511706669895e-11 -3.082414006736915828e-11 -8.633326308802635767e-12 4.356301127487389708e-11 -1.270257461568843260e-12 -9.739195098638766482e-11 -1.117211367313267418e-10 -1.110211660853737336e-10 2.032670544802331190e-11 6.424700924318855062e-11 -1.170353979764532020e-10 -1.107102602988991355e-10 1.194673161621257235e-10 2.623222607875257463e-10 7.415849715199655199e-10 9.301938533500425592e-10 5.318684474584602367e-10 1.468146404249023560e-09 5.474441224235883995e-09 1.873219381017338267e-08 5.600658434594673115e-08 1.495251224612657176e-07 4.014733424122418374e-07 1.079935559829606890e-06 2.922216396258382663e-06 7.930228234208286711e-06 2.154394762430549224e-05 5.857419340356671985e-05 1.599655461885478172e-04 4.410224492975802673e-04 1.244535804379335881e-03
3.219801130477065176e-02 1.244852575139709363e-03 4.411171921757337530e-04 1.599962687318442632e-04 5.856608099600891924e-05 2.154110465185172501e-05 7.931456681254580923e-06 2.921204901269796481e-06 1.074995215647574884e-06 3.961108818945074872e-07 1.453407443646651294e-07 5.346641590090591069e-08 1.898681339445535206e-08 7.188558501742808109e-09 3.607837935892432989e-09 1.798297831782080326e-09 9.029166813538464227e-10 1.633796883091585825e-10 -1.130544431458741532e-10 -2.298867178592445423e-10 -2.410715823663405313e-10 -2.180899445747089982e-10 -7.147282422519894421e-12 5.974891958228481283e-11 9.894088871196041990e-11 -2.930269024726130148e-12 -3.733357610487338780e-11 6.119131387387420791e-11 9.909193419210044032e-11 5.041906671854257788e-11 7.598084353485125945e-12 -2.944915211117200231e-11 -1.755227918220847548e-12 -1.257393597162507214e-11 -2.973513910821376852e-11 -9.385610371591033039e-12 4.268748270486005538e-11 -1.067331520124503870e-13 -9.578621616851890780e-11 -1.058849201783386250e-10 -1.009781211938825060e-10 2.805980705757731175e-11 6.106892612032902272e-11 -1.231851594346134056e-10 -1.089627813873971157e-10 1.208600121520331766e-10 2.710237765254613339e-10 7.667399309069912164e-10 9.704418792817414040e-10 6.180501093787336188e-10 1.527178549810453265e-09 5.510852508325733980e-09 1.881370215805970620e-08 5.608174952217948831e-08 1.495950677524330407e-07 4.013735209523078769e-07 1.079787038674898923e-06 2.922190440634452451e-06 7.930326718975741986e-06 2.154399036375648829e-05 5.857189078198203668e-05 1.599552676074479293e-04 4.409962743196121958e-04 1.244487084740495721e-03
3.219848486769635171e-02 1.244920431470752844e-03 4.411467037273144936e-04 1.600045832519109287e-04 5.856711433243952906e-05 2.154130613352219075e-05 7.932039372718684294e-06 2.921447332772546413e-06 1.075160238555716152e-06 3.961948309141079516e-07 1.455215581293795536e-07 5.368379075485128339e-08 1.906705773612630738e-08 7.175779706841178351e-09 3.574528212779575166e-09 1.783293161941722700e-09 8.977473310655442076e-10 1.617475698402589288e-10 -1.001376879143426292e-10 -2.287802482288661914e-10 -2.371518631317764366e-10 -2.075759469127588006e-10 8.317693499608315312e-13 6.840920280449878146e-11 1.022726931599683001e-10 -1.286788790798304619e-11 -4.371676879851019707e-11 6.093017908270470662e-11 9.690074049164280730e-11 5.013470424758278969e-11 9.900266674195838959e-12 -2.593491643012970713e-11 1.984231495963461983e-12 -1.146817057706427438e-11 -3.123218052539557591e-11 -1.186166958023837330e-11 3.978724709632687507e-11 -1.576497034983045607e-12 -9.608808366834789828e-11 -1.083951304035592437e-10 -1.037232211466562757e-10 2.912583002707217116e-11 6.323478340525628005e-11 -1.236009087283625913e-10 -1.103529243610181770e-10 1.201456823928717537e-10 2.860362191038399600e-10 7.644912442783319383e-10 9.290457177459027139e-10 5.605646552084905952e-10 1.488998577329499928e-09 5.441017737719035975e-09 1.869062557815605411e-08 5.605660321100703718e-08 1.496839179505561185e-07 4.015618636941782142e-07 1.080029502459007906e-06 2.922218360637334540e-06 7.929967125589924100e-06 2.154403495752588672e-05 5.857415182415417907e-05 1.599663821999010608e-04 4.410197954178015712e-04 1.244521775091711469e-03
3.219785006141978601e-02 1.244956906056756936e-03 4.411634066915626467e-04 1.600109443656144703e-04 5.856928903432757384e-05 2.154245933964787601e-05 7.932814325156412117e-06 2.921734239072250345e-06 1.074993092016117779e-06 3.959755220607432057e-07 1.451538659599958988e-07 5.340548048414150182e-08 1.904196012393537586e-08 7.266086960382419435e-09 3.613545591594324246e-09 1.758603131401453639e-09 9.039302753262789988e-10 1.596737687110968320e-10 -1.102597194562720909e-10 -2.005822931929541137e-10 -2.214628231181036440e-10 -2.194472036012962989e-10 -1.399031118854033378e-11 6.463865703972106058e-11 1.091102670149374642e-10 -5.665049532313401980e-12 -4.140817679241604942e-11 5.854369693455586800e-11 9.525214566290777552e-11 4.867268470877026691e-11 6.647361191651687288e-12 -3.041939469121352555e-11 -8.774435077207246550e-13 -1.007993208570417538e-11 -2.723627967184989242e-11 -7.141367506397688764e-12 4.378987310532634447e-11 -3.017900072739285838e-12 -1.004557722327073582e-10 -1.167262797900310503e-10 -1.129103815011243241e-10 3.090996761610068333e-11 7.503436537309689858e-11 -1.135494519065639965e-10 -1.037068320721967276e-10 1.303691484469132617e-10 2.799047391850349390e-10 7.392566654355591076e-10 9.084988872891640415e-10 5.592895969390253974e-10 1.482911668032903907e-09 5.493935204263714331e-09 1.871774901059859437e-08 5.600285529055966276e-08 1.496136106621635003e-07 4.015626161376369418e-07 1.080138270607652285e-06 2.922841057690379665e-06 7.931518173323518262e-06 2.154596987068172623e-05 5.857713089491221035e-05 1.599686705170308117e-04 4.410201409502886882e-04 1.244517677107835835e-03
3.219789596425735867e-02 1.244927772776779039e-03 4.411519937095655119e-04 1.600092120341340036e-04 5.857029417660740038e-05 2.154281199678621399e-05 7.932221635510162725e-06 2.921439501766770358e-06 1.074983332766258163e-06 3.961777207579325779e-07 1.454076824988745452e-07 5.353974853053788286e-08 1.900839388334607696e-08 7.181666294774175364e-09 3.572673514281432206e-09 1.756839945019978239e-09 8.925784827101464187e-10 1.638356419343864872e-10 -1.188472716339004695e-10 -2.163444385157112740e-10 -2.212137014898365987e-10 -1.993158786120776725e-10 4.679730456938698495e-12 6.832364371593733691e-11 1.008851603650996841e-10 -7.507252255819321058e-12 -3.963319910487752690e-11 6.203400495851869818e-11 9.884354332391170235e-11 4.755342194930804994e-11 6.499660336464634008e-12 -2.793021200383517155e-11 -3.440495925035492835e-13 -1.222169154546805179e-11 -2.816322181168780503e-11 -6.438779698641056136e-12 4.245628100318604757e-11 -2.288779090756943838e-12 -1.006039521140950903e-10 -1.155552467146625120e-10 -1.154983690259285423e-10 1.903926530793860948e-11 6.121146040012449472e-11 -1.289867172314569455e-10 -1.330460212065397538e-10 9.780756727958433984e-11 2.742187322818671986e-10 7.814832576197980435e-10 9.780221172112772316e-10 6.033732469698736943e-10 1.531840406807898976e-09 5.498367895368566595e-09 1.872258271560119144e-08 5.603745350571981307e-08 1.496716285054016557e-07 4.015843437698089052e-07 1.079908786820506129e-06 2.921960049766538519e-06 7.930058796887389547e-06 2.154435297311505705e-05 5.857448745739812773e-05 1.599609279100621892e-04 4.410032437221077955e-04 1.244497306568374427e-03
3.219844612875528977e-02 1.244949794391095408e-03 4.411563639658831510e-04 1.600112712415415936e-04 5.857000321927003484e-05 2.154208681172479220e-05 7.932457506469550683e-06 2.921996714883681817e-06 1.075634664669091742e-06 3.964327759379648637e-07 1.454043085485410531e-07 5.347150647272916595e-08 1.889698945316659745e-08 7.107254209641521612e-09 3.546847259698506113e-09 1.745869352841542927e-09 8.968791672381354754e-10 1.402192472823962750e-10 -1.328152539089899703e-10 -2.296276367645778956e-10 -2.453354911442711209e-10 -2.207631930174118904e-10 -3.188906257498563754e-12 6.634996712147546279e-11 1.007026589038888785e-10 -7.311508513040710925e-12 -3.840586733241512275e-11 6.158134650961741646e-11 9.689890607265079302e-11 4.671784261368799400e-11 6.539863719047723517e-12 -2.840106932460211268e-11 -5.514033284050474448e-13 -1.259111988497146003e-11 -2.869211172492139522e-11 -8.235348632611340834e-12 3.932685757504666555e-11 -4.942587906644515522e-12 -1.006551595722029853e-10 -1.131639022623626042e-10 -1.079442298865535393e-10 2.901423904863913404e-11 6.756443506139907552e-11 -1.180973567879683839e-10 -1.171162999388310940e-10 1.101879686024781748e-10 2.490486830393294181e-10 7.090946421671345910e-10 9.073833811896766813e-10 5.492697220487308527e-10 1.538964878825447012e-09 5.576503195726127877e-09 1.875504131485598823e-08 5.597402518295892487e-08 1.493654715253919079e-07 4.012648908189842832e-07 1.079731040125857405e-06 2.921916482761169851e-06 7.930051537034795648e-06 2.154309202170693222e-05 5.857143185780162723e-05 1.599594607028217486e-04 4.410106457674293655e-04 1.244524797376943661e-03
3.219824569236983541e-02 1.244884800858763992e-03 4.411312009259599947e-04 1.599999914810257501e-04 5.856542458016886687e-05 2.154091899824902469e-05 7.932514829662097887e-06 2.921983190344749974e-06 1.075387983146382155e-06 3.961001359994824333e-07 1.452400457555209370e-07 5.346863411531960138e-08 1.910400739299830249e-08 7.281998920515620995e-09 3.586906135226142724e-09 1.760120231478172280e-09 8.794020986789279697e-10 1.333852776645660015e-10 -1.166696077393273450e-10 -2.100707812403575507e-10 -2.210435056686109622e-10 -2.012582644014579103e-10 5.661946526295236133e-12 6.712226659627133452e-11 9.787878384623972386e-11 -5.519234680085121061e-12 -3.688766430232081073e-11 6.036934335206758120e-11 9.527615329113296511e-11 5.016895171039102223e-11 9.507163733417892141e-12 -2.822743940481221771e-11 -1.623537212885708073e-12 -1.141206322904513008e-11 -2.628078355527975193e-11 -5.950341210910459929e-12 4.260443071664546093e-11 -6.151522061257718713e-13 -9.525510957287254415e-11 -1.069290981322632805e-10 -1.066764585518857387e-10 2.581524952870626151e-11 6.566587452838996080e-11 -1.216570090011405224e-10 -1.134017759704028007e-10 1.070652412032241862e-10 2.371546993430735289e-10 7.037908310270011674e-10 8.882884818561820157e-10 5.461508481590615528e-10 1.508072432524990547e-09 5.528813488830884940e-09 1.876331270804824510e-08 5.605398166541239162e-08 1.496020081032132355e-07 4.014390792886952132e-07 1.079691768692322601e-06 2.922090941420552713e-06 7.930720032936115372e-06 2.154454800567661977e-05 5.857300119475543869e-05 1.599588303090683289e-04 4.410017517905869249e-04 1.244498162712489231e-03
3.219786780517214231e-02 1.244871296609577436e-03 4.411253312975634412e-04 1.599984097050110557e-04 5.856510089739259934e-05 2.154077014319471454e-05 7.931988642554760544e-06 2.921380133443809190e-06 1.075108823187621836e-06 3.962355379216394140e-07 1.455405848984183259e-07 5.370573248094408841e-08 1.911480557666662161e-08 7.260839460836179920e-09 3.606681580084593492e-09 1.777420566332760831e-09 8.991671121904059606e-10 1.343770360720735138e-10 -1.219150642783727439e-10 -2.135977190871149650e-10 -2.233960306227488902e-10 -2.046274411036392794e-10 1.641635399285908498e-12 6.389103439833058267e-11 9.617953237255383628e-11 -1.548399550814539985e-11 -4.639612027073812615e-11 5.753755733178297182e-11 9.732744449067936410e-11 5.184859039518442704e-11 1.118712919423391555e-11 -2.606295410650766341e-11 -6.087237340688651104e-13 -1.294086191649290477e-11 -2.977726813208655176e-11 -9.739413967657218141e-12 4.041349919935173249e-11 -4.347082015003314340e-12 -1.002849713199678028e-10 -1.132701203911019198e-10 -1.046499863400346534e-10 3.810061467800513084e-11 7.663433606091397461e-11 -1.226993278329446973e-10 -1.225932533015572975e-10 1.119078651600178760e-10 2.738355779832974927e-10 7.602208159327975130e-10 9.459142121311018410e-10 5.988085080635481662e-10 1.540602579021081324e-09 5.501911610469124746e-09 1.867972796935457809e-08 5.594622611188277154e-08 1.495742256272301296e-07 4.016157088987371228e-07 1.080094533899820052e-06 2.922575115209399062e-06 7.930894141191855061e-06 2.154466264547164877e-05 5.857347823937106095e-05 1.599603667566105211e-04 4.410038841910001806e-04 1.244481839080746697e-03
3.219811581940927592e-02 1.244907420963232546e-03 4.411374566029014591e-04 1.599995119440811189e-04 5.856540734284370643e-05 2.154100618708999025e-05 7.932417423403156188e-06 2.922179636162051361e-06 1.075591455355691312e-06 3.963984716211514832e-07 1.454635960848592828e-07 5.357487888012356895e-08 1.911121098624715216e-08 7.260138109726019761e-09 3.571301425840475372e-09 1.749397280218861504e-09 9.192620031697065845e-10 1.741702432174973413e-10 -9.766840623539583518e-11 -2.036980663581038191e-10 -2.266842611260770177e-10 -2.238146993884974259e-10 -1.609373276218660064e-11 6.131019090051823816e-11 1.053246996216897128e-10 -4.136294629388142847e-12 -3.967444881332613792e-11 5.858983282425631715e-11 9.628384751336196916e-11 4.863916285339321700e-11 8.068069816178146911e-12 -2.878075947592368240e-11 -3.065003101298554552e-12 -1.416823522700427265e-11 -2.833585683076639012e-11 -6.210205609240896211e-12 4.629575400177997878e-11 -3.686942075266367102e-15 -9.930073443732730670e-11 -1.138912404642800365e-10 -1.118551731868352211e-10 1.881743903422475705e-11 5.706752207336160234e-11 -1.309034545447737313e-10 -1.294814702079124257e-10 1.052175353664711436e-10 2.536185035494353033e-10 7.403968005724514396e-10 9.372626480000720228e-10 5.688748606599904116e-10 1.525717438064643402e-09 5.543022600374329993e-09 1.872861634127526727e-08 5.590598820555186820e-08 1.494142127625270825e-07 4.015155040085080829e-07 1.080138479414099344e-06 2.922398661910842775e-06 7.929867192623016959e-06 2.154248359750695059e-05 5.857017237482124115e-05 1.599549658220955249e-04 4.410005906741220130e-04 1.244509478769894369e-03
3.219798846791892266e-02 1.244979566091683519e-03 4.411724711604433262e-04 1.600163933055550290e-04 5.857286733963490178e-05 2.154410673475496151e-05 7.933402682293941101e-06 2.922366063371992301e-06 1.075682343432304159e-06 3.963410616102687608e-07 1.453810490700370936e-07 5.355138868423845464e-08 1.903616331339141881e-08 7.204999683869583226e-09 3.575929799388190764e-09 1.716655205826948574e-09 8.641038029894149301e-10 1.496885577278224331e-10 -1.203209450408316260e-10 -2.369535141477517176e-10 -2.520510667359154035e-10 -2.222402535212917912e-10 -6.899700340038225890e-12 6.046793472068990586e-11 9.472559935422989127e-11 -1.030962888965129374e-11 -3.981166110325693506e-11 6.101058552313530779e-11 9.711508351870631980e-11 4.716539457075893377e-11 4.625213546649599308e-12 -3.118836350774003219e-11 -2.033583087879733729e-12 -1.160197255831461146e-11 -2.833107055265335294e-11 -9.385292339720965025e-12 4.103868758492783192e-11 2.075325024455844766e-13 -9.376813254983342578e-11 -1.061733979219095009e-10 -1.023944024261060170e-10 2.992160421637117786e-11 6.591939185857968508e-11 -1.260272354231170908e-10 -1.167824597610142679e-10 1.151578618405488262e-10 2.621732258076592842e-10 7.179828024559149544e-10 9.322874441554758767e-10 6.188314520631852849e-10 1.551720890490621633e-09 5.534917374485248133e-09 1.876777591813721813e-08 5.593653406378341088e-08 1.493873545942382405e-07 4.013866161895180926e-07 1.080057256784594757e-06 2.922368811175534248e-06 7.930118785337267722e-06 2.154294333902409788e-05 5.857236454085921736e-05 1.599617583405962872e-04 4.410101218377704847e-04 1.244524457583662475e-03
3.219766944596522129e-02 1.244866940844880157e-03 4.411250595115667923e-04 1.599983632254047049e-04 5.856609580658946306e-05 2.154126588652499868e-05 7.931963693375693780e-06 2.921656447099994357e-06 1.075322996430556891e-06 3.964451902303476471e-07 1.456525042770858263e-07 5.372416695383701752e-08 1.912416430810578517e-08 7.195044996019046419e-09 3.564200200277783605e-09 1.736609737223309514e-09 8.696287096947085914e-10 1.359619352696166002e-10 -1.174779907104467979e-10 -2.151134507384651901e-10 -2.180705517854472481e-10 -2.030827725995381902e-10 3.884615381064278182e-13 6.786925304634781742e-11 1.032536838965506336e-10 -4.154017197404065408e-12 -3.482680105583660982e-11 6.483769363271850129e-11 9.693729540839738199e-11 4.688773041038795467e-11 4.959818723365282936e-12 -2.932245485193549489e-11 -1.970313532547673646e-12 -1.230449177011956454e-11 -2.772938417318165821e-11 -6.291381038802738773e-12 4.349213128444095475e-11 -4.458686093780058528e-13 -9.556819571572310219e-11 -1.106939129123148595e-10 -1.078594598371228525e-10 2.670311161746837616e-11 6.753364505990692963e-11 -1.260462470513488185e-10 -1.304218122007438483e-10 7.321690717377123215e-11 2.295878268280442708e-10 7.285194884191197988e-10 9.256944334145902168e-10 5.658586694192288592e-10 1.494663678934076597e-09 5.504875115647274592e-09 1.873081037657394384e-08 5.586627851271122148e-08 1.493651343030138847e-07 4.012343488181437205e-07 1.079624351937440303e-06 2.921739446932496942e-06 7.930065152564147137e-06 2.154418032796142116e-05 5.857544861341772277e-05 1.599676479247855556e-04 4.410222387810834002e-04 1.244526702800304420e-03
3.219841475925973306e-02 1.244887151417207842e-03 4.411280272897670669e-04 1.599981576991223512e-04 5.856482088063462920e-05 2.154069566120371196e-05 7.931852844183453642e-06 2.921275446430454906e-06 1.074877583830291309e-06 3.960260476852646764e-07 1.454192960307025109e-07 5.367181348631654427e-08 1.909632262746631850e-08 7.192437584829939862e-09 3.571736379548900690e-09 1.750641090336207934e-09 8.596257402645404298e-10 1.177139611626244116e-10 -1.221759080602715087e-10 -2.085062635158933228e-10 -2.241144457999512381e-10 -2.190596846114119353e-10 -1.655445186131532658e-11 5.258629431115131165e-11 9.570296915594214847e-11 -8.167619528772519566e-12 -3.808508238610041816e-11 6.285653855468114134e-11 9.970980341511445765e-11 5.076511009695928490e-11 9.777637715601916209e-12 -2.657230709948708565e-11 -1.021185724585321161e-12 -1.211334213682363100e-11 -2.887074776885647695e-11 -8.301808108744347447e-12 4.111462623720809846e-11 -3.232502447571979747e-12 -1.010191533043159728e-10 -1.146989881794187701e-10 -1.111001727097877268e-10 2.782116593867058210e-11 6.943118157646538995e-11 -1.189560460558529676e-10 -1.160090791120130505e-10 1.132504884893749595e-10 2.548952619133389094e-10 7.187202013528502081e-10 9.430850372478962019e-10 6.455054610314194855e-10 1.653175571481085278e-09 5.635110476608966111e-09 1.869160541136195718e-08 5.581776924113800448e-08 1.493843101875731920e-07 4.014401029188663435e-07 1.080010670165438653e-06 2.922182497386303018e-06 7.930417871705428993e-06 2.154388694403271809e-05 5.857112252383057119e-05 1.599567074773700342e-04 4.410072321426413604e-04 1.244500367177939259e-03
3.219822679506522539e-02 1.244903974424741095e-03 4.411356266606255693e-04 1.600038861749201536e-04 5.856857925756271183e-05 2.154196318069579735e-05 7.932339257069404028e-06 2.921637174635270972e-06 1.075219988689110614e-06 3.962964939579837867e-07 1.454262033835665517e-07 5.349379583530827743e-08 1.900237753714672908e-08 7.157603742143500303e-09 3.542268359882276219e-09 1.727960264096145058e-09 8.663452943264278002e-10 1.468195992928579947e-10 -1.071780508876752878e-10 -2.094292135615399071e-10 -2.233204520395797781e-10 -2.109916604958084807e-10 -5.389078395002878105e-12 6.568410492106093685e-11 1.066587523584291726e-10 -3.174992152219116783e-12 -3.989509570512183961e-11 5.704539345593959736e-11 9.385345944480800329e-11 4.642963464569062387e-11 4.453117099794672865e-12 -2.995842404233348875e-11 -2.631547866958673348e-13 -1.089566051947617263e-11 -2.886818838388236384e-11 -9.412484531943187740e-12 4.319082589122887739e-11 -1.614234372068045980e-12 -1.020610906322010786e-10 -1.152349757208135821e-10 -1.091278802504653325e-10 3.042999917619744947e-11 6.820400299454034775e-11 -1.266592951217230058e-10 -1.183635574744779052e-10 1.251266227015481240e-10 2.958439424041052302e-10 7.779267458497143539e-10 9.417759231192170788e-10 5.459552512340035270e-10 1.534179886264021079e-09 5.587649950122341065e-09 1.888582921238362796e-08 5.618127036049349539e-08 1.496261237891191230e-07 4.013973670096003894e-07 1.079642160183798154e-06 2.921986364455621796e-06 7.930481782735936011e-06 2.154399688463133180e-05 5.857352728314028982e-05 1.599649061602522100e-04 4.410206592440233330e-04 1.244536719144634113e-03
3.219797151441160243e-02 1.244885766322010017e-03 4.411331759509943000e-04 1.600017501706847689e-04 5.856765931564357470e-05 2.154314242480323053e-05 7.933429843098899648e-06 2.922296546189213952e-06 1.075292856447711784e-06 3.960474826830649190e-07 1.452027039206229460e-07 5.343704986765000355e-08 1.897646817445975734e-08 7.155164612354352471e-09 3.544838280188465785e-09 1.695109773855580612e-09 8.440568574228507153e-10 1.320431757852506927e-10 -1.136289809921160634e-10 -2.068473055623397177e-10 -2.231801402293842684e-10 -2.121207970697089155e-10 -6.030610157078100465e-12 6.193507782631017597e-11 1.036862822778992160e-10 -6.417288769263998551e-12 -3.946955787236190583e-11 6.088704486828727122e-11 9.722384374490666001e-11 4.916591797354417164e-11 7.708810722001438938e-12 -2.893451946018201846e-11 -8.697148936578184701e-13 -9.932902159131043060e-12 -2.756213689134957674e-11 -1.023450470154147606e-11 4.134582924264302262e-11 6.846772522912184986e-13 -9.363747593689971876e-11 -1.072942400325928583e-10 -1.098196422144745835e-10 2.895324568706300870e-11 6.873860794847125965e-11 -1.295305057668726754e-10 -1.361477402671852093e-10 9.570387483938903917e-11 2.479101971220521576e-10 7.356319651425207773e-10 9.326928123703010569e-10 6.020504584146226251e-10 1.573684490309137901e-09 5.574460717606486829e-09 1.875678437740067250e-08 5.593672519260826603e-08 1.493494283237509349e-07 4.011760909353408444e-07 1.079629121728328348e-06 2.922267751680044606e-06 7.931178399591908815e-06 2.154531390114502784e-05 5.857552608814566334e-05 1.599654125604087998e-04 4.410211650162758085e-04 1.244547546731705409e-03
3.219785000473446290e-02 1.244877029657149269e-03 4.411315706046710860e-04 1.600027353512851981e-04 5.856796466088378311e-05 2.154193147839058087e-05 7.932379729196384707e-06 2.921663305392125111e-06 1.075377110111278620e-06 3.965075677188006925e-07 1.456251202443108187e-07 5.358744620243103284e-08 1.899493768253456181e-08 7.139925633622582429e-09 3.559443340180225961e-09 1.738562818257848640e-09 8.919938476698696701e-10 1.613757283283880459e-10 -8.320629309518428235e-11 -1.831506834569445181e-10 -1.969147405918960064e-10 -1.906972070986731811e-10 1.009302328454484841e-12 6.612237375296814582e-11 1.085621612714160904e-10 -2.901625358028290866e-12 -4.094090042504775191e-11 5.835840861782400860e-11 9.811554376713509235e-11 4.948577168154615029e-11 8.222569707905208805e-12 -2.654916665204412499e-11 7.262139657375046004e-13 -1.075945677218424573e-11 -2.772402052369370323e-11 -8.406228049217371124e-12 4.047176170603687657e-11 -4.167211610140174168e-12 -9.775786145030009699e-11 -1.083297004180260077e-10 -1.022166310150662263e-10 2.854057668052273603e-11 5.487688717498913601e-11 -1.346907818504714408e-10 -1.201312273724099922e-10 1.151500565126220796e-10 2.638362032703091331e-10 7.315076034140273502e-10 9.426356417600316661e-10 6.102308736072467832e-10 1.551290346130659233e-09 5.562296004528972342e-09 1.878472002904370680e-08 5.598609851304071658e-08 1.494403456388006713e-07 4.015450438768996041e-07 1.080001755918651009e-06 2.922018687113667438e-06 7.929956545384843185e-06 2.154328452976328611e-05 5.857195620749285731e-05 1.599563552729012109e-04 4.409930304925457011e-04 1.244468282949865888e-03
3.219807262440985834e-02 1.245004051771622655e-03 4.411827207201766054e-04 1.600222554314291619e-04 5.857571034677745323e-05 2.154524012192029722e-05 7.933901743972298574e-06 2.922416623166887955e-06 1.075644985532168718e-06 3.964501126133948062e-07 1.454319399998483503e-07 5.357063926333465974e-08 1.903127130705332171e-08 7.224928188063933930e-09 3.623651146970832696e-09 1.766248234239056570e-09 8.953528840129677103e-10 1.670781982306868304e-10 -9.690677503124063176e-11 -1.975616766167981569e-10 -2.168157822773467984e-10 -2.115094990015498037e-10 -1.038407376071441549e-11 5.882028011763731336e-11 9.911197565989043282e-11 -9.105150840172477490e-12 -4.150578764858633909e-11 6.049435546076173097e-11 9.819520080707953142e-11 5.025615204817409861e-11 8.982967096241095390e-12 -2.680668183944185827e-11 1.629563784153853222e-12 -9.613506675779274009e-12 -2.672427489510627831e-11 -9.254857799489862156e-12 3.857245746223459979e-11 -3.691869146492442004e-12 -9.950273126029411769e-11 -1.145639895702384735e-10 -1.120311940968134685e-10 2.670706273066028451e-11 6.916753826740232038e-11 -1.176755670913496985e-10 -1.183674729437520374e-10 1.003599585251327471e-10 2.483785173722027020e-10 7.255704320064692234e-10 9.276511424668865840e-10 5.940541356622783791e-10 1.501843077693565397e-09 5.444776230331625235e-09 1.869765564517590913e-08 5.611563655853617981e-08 1.497104856485775160e-07 4.015349867495096012e-07 1.079973883234752699e-06 2.922513680530881755e-06 7.931409342393742627e-06 2.154680608721804900e-05 5.858054251510653332e-05 1.599776823502017898e-04 4.410399200610761578e-04 1.244568946393984380e-03
3.219787798213255559e-02 1.244949226125250871e-03 4.411613829057952057e-04 1.600131370888388169e-04 5.857256545548267696e-05 2.154461761612498299e-05 7.933755222156818566e-06 2.922368750624539945e-06 1.075398653568681396e-06 3.962540574414255203e-07 1.454026863202826069e-07 5.355753013040387010e-08 1.906141665882518902e-08 7.281092244106301350e-09 3.630869904847120257e-09 1.738558944518166255e-09 8.633588529466851934e-10 1.643819525858605638e-10 -1.010826326689335642e-10 -2.151168447870003562e-10 -2.287043512932937985e-10 -2.096700007854866883e-10 -4.747713692111235738e-12 5.974637896031917419e-11 9.484695834645471464e-11 -1.150526539336636498e-11 -3.655032886020238102e-11 6.872125325040264398e-11 1.012207612320017960e-10 4.853532049533831815e-11 6.867335260372843450e-12 -2.827744727322267207e-11 -4.923604338445283084e-13 -1.286639046711446414e-11 -2.963980477684649504e-11 -9.841197502322928220e-12 3.962509894904295148e-11 -5.256068453313402960e-12 -9.844101485689100336e-11 -1.095037599007298954e-10 -1.022508465623753796e-10 3.364701388357546930e-11 7.196664193011652315e-11 -1.131470532655475334e-10 -1.108229174606472368e-10 1.056604244735645965e-10 2.464722685920801857e-10 7.223591093852605044e-10 9.059038223988559353e-10 5.356790983270917079e-10 1.485426518987515746e-09 5.486890833504447484e-09 1.870956248757901749e-08 5.594525582229666780e-08 1.494185242441575017e-07 4.013409978457756155e-07 1.079605338399336535e-06 2.922078590285239607e-06 7.931158527750565621e-06 2.154603342776622798e-05 5.857751720322347115e-05 1.599689132421029496e-04 4.410229263666162899e-04 1.244543209256756102e-03
3.219808002337860159e-02 1.244944931228882850e-03 4.411552387793103843e-04 1.600099602487424109e-04 5.857072683613240836e-05 2.154384471854126008e-05 7.933275896447672734e-06 2.922100350943171762e-06 1.075410032615227005e-06 3.962122458961814681e-07 1.454115328283048388e-07 5.357209970749361303e-08 1.906732625587829968e-08 7.262906204696905355e-09 3.632572095534507077e-09 1.779515824561491483e-09 9.027551916928565255e-10 1.675316235261314617e-10 -7.834956170619113204e-11 -1.843175291624805076e-10 -2.196840777985533445e-10 -2.080910381924714548e-10 5.858488462575757235e-13 6.770507043601711342e-11 1.058988672821066418e-10 -5.050109539036279892e-12 -4.145554803988185433e-11 5.742889326815022472e-11 9.622418288782837263e-11 4.857804045566380898e-11 6.222602074597603438e-12 -3.035115148086252346e-11 -3.096084592066177228e-12 -1.334229122856419160e-11 -3.071558907040320129e-11 -9.826318332006631682e-12 4.202459634669508992e-11 -1.401630274316099665e-12 -9.570784150700452292e-11 -1.096110631931424432e-10 -1.094385380942586218e-10 2.223619293285716009e-11 6.139945474703992729e-11 -1.237545841065985287e-10 -1.167907024580401711e-10 9.763289339604356883e-11 2.414094699418895935e-10 7.522100300575487751e-10 9.708599823866989727e-10 5.890056603265459021e-10 1.508802013309440919e-09 5.512121031642878329e-09 1.871523732729963072e-08 5.595929013834155500e-08 1.494786410107012085e-07 4.014173769185794525e-07 1.079930652922813642e-06 2.922348942878527577e-06 7.930799445672239171e-06 2.154513401422329707e-05 5.857554026862807421e-05 1.599657232377457109e-04 4.410150062931513892e-04 1.244521087770945195e-03
3.219782965405366959e-02 1.244924268889120722e-03 4.411531916439765224e-04 1.600109324227767739e-04 5.857082879229154055e-05 2.154321052175812773e-05 7.933330693447128556e-06 2.922441899087988316e-06 1.075631873511250686e-06 3.963661323021815379e-07 1.454416136087730732e-07 5.350247286671636819e-08 1.899882645394935599e-08 7.216823997368534506e-09 3.643468462144300093e-09 1.796962921612832154e-09 9.170204238558493957e-10 1.733712763666467254e-10 -1.028782890343146819e-10 -2.028809504207772850e-10 -2.212077054267109848e-10 -2.095335824071693287e-10 -9.182408056171996764e-12 5.618792084788833274e-11 1.031938975932669653e-10 -3.323422141078847015e-12 -3.938979469135241498e-11 6.063642458968418622e-11 9.586414093861010429e-11 4.675853909835045513e-11 7.402883721039946918e-12 -2.698925295210148670e-11 2.788027969992666532e-13 -1.173610313167666246e-11 -3.002417542294103032e-11 -8.762063165469019946e-12 4.261913938794374376e-11 -3.656584084567131469e-12 -9.829510626288085957e-11 -1.091683575232723078e-10 -1.086395987186552397e-10 1.899776115150507843e-11 6.315157176647747726e-11 -1.194688176449971435e-10 -1.133749245600535462e-10 1.008757183826361882e-10 2.424947006735088659e-10 7.258272270242666854e-10 9.419770333613233745e-10 5.936061911267569608e-10 1.533536908202234347e-09 5.535214223426230630e-09 1.877067075828142779e-08 5.598764175029639098e-08 1.494796693559999037e-07 4.015339574329346631e-07 1.080174704464284574e-06 2.922336937950202415e-06 7.929929907376937547e-06 2.154301477929439283e-05 5.857014706153532960e-05 1.599520873146840095e-04 4.409784645222176937e-04 1.244415929589235033e-03
3.219823244601406620e-02 1.244953892728807143e-03 4.411547745282447339e-04 1.600094841772822167e-04 5.856946792055812973e-05 2.154210541758844102e-05 7.931915830520973819e-06 2.921213539376855722e-06 1.075009763738732615e-06 3.961909380614617866e-07 1.452865928780699003e-07 5.341519656516105710e-08 1.901467630726748933e-08 7.291243702949729044e-09 3.643229057538679825e-09 1.781776075070420588e-09 9.000020636520950169e-10 1.369987582283903952e-10 -1.216229898425080908e-10 -2.180097991509156378e-10 -2.277110914598392129e-10 -2.084106693117159303e-10 -1.830242517118676769e-12 6.481631698875971620e-11 9.915181266550011026e-11 -9.345738197582366640e-12 -4.027790135911707549e-11 5.990152452469977382e-11 9.492329620123856389e-11 4.750909821450652707e-11 7.795243756632475471e-12 -2.763635779592539103e-11 -6.833878777360982543e-13 -1.289987084041897551e-11 -2.815064019053334017e-11 -8.158271884081287177e-12 4.165475808815322572e-11 -2.707304881936400547e-12 -9.723247274802214407e-11 -1.072027482753856919e-10 -9.798518525710348472e-11 4.406357811588362073e-11 7.662186072697727513e-11 -1.268261043315183664e-10 -1.255539963212239604e-10 1.105503636053504614e-10 2.692769483136743285e-10 7.394351971341622534e-10 9.478640992790129755e-10 6.519335625900792863e-10 1.593052495948951777e-09 5.560028976277816579e-09 1.862563836718998493e-08 5.575692760457268520e-08 1.493252448035456475e-07 4.013473509196263174e-07 1.079887025998923608e-06 2.922040397508013982e-06 7.930065266970330977e-06 2.154507821717268276e-05 5.857626299194574227e-05 1.599660214188171250e-04 4.410141117893840541e-04 1.244519273744151399e-03
3.219800992735973033e-02 1.244933409344650124e-03 4.411530140670639837e-04 1.600112930687155595e-04 5.857154204621945875e-05 2.154391631719730394e-05 7.933447076255219728e-06 2.922482750521468500e-06 1.075608952053469581e-06 3.964725679041597049e-07 1.455427072444650816e-07 5.342675492548488098e-08 1.889152661246756000e-08 7.131617851751749712e-09 3.580763045878711657e-09 1.754783142524986957e-09 9.027062718654898826e-10 1.630537606874571612e-10 -9.923890307337817560e-11 -2.040483418915717646e-10 -2.223869209581132995e-10 -2.107636552667143858e-10 -1.008121681449218848e-11 5.464024430810344285e-11 9.459016934455406484e-11 -9.213357615534270211e-12 -3.691480680969342675e-11 6.307301983769737353e-11 9.874971836471387143e-11 4.911844427252922617e-11 4.722786479647339281e-12 -3.101633403867510425e-11 -1.955807812590156500e-12 -1.152737932268338832e-11 -2.865682370375304403e-11 -9.425434873211778236e-12 4.048876072475077473e-11 -4.238919376035754849e-12 -9.791779809581835802e-11 -1.116074552167099733e-10 -1.054325612354436390e-10 3.257917915294829631e-11 6.454442052119123641e-11 -1.352109090572501966e-10 -1.169570038218493150e-10 1.314566307286305574e-10 2.961268076821552891e-10 7.443441701798922428e-10 9.067367555004617792e-10 5.476425383521985509e-10 1.524862626292226366e-09 5.564470484120481919e-09 1.876994138799091230e-08 5.602519890138147694e-08 1.495682926440892861e-07 4.015095091418443680e-07 1.079886365214118931e-06 2.922197623738507812e-06 7.930314109867038543e-06 2.154366751950209286e-05 5.857208707774720836e-05 1.599549196122816632e-04 4.409855267250358413e-04 1.244444668735684599e-03
3.219815882315920502e-02 1.244909773473542799e-03 4.411421958844486345e-04 1.600045090609750632e-04 5.856697158581879192e-05 2.154084847930992752e-05 7.931705802539633986e-06 2.921489503299169960e-06 1.075264565118085919e-06 3.962730912706470677e-07 1.453915290110442455e-07 5.354147342383248775e-08 1.903638682013654411e-08 7.210871374666822364e-09 3.540818996079908640e-09 1.686955908722861582e-09 8.409532383876791287e-10 1.449484523352440359e-10 -1.105616210119895461e-10 -2.247626258238917338e-10 -2.366251986808090596e-10 -2.156793880190200690e-10 -6.971350360833117958e-12 5.916075494374897385e-11 9.787975391060284538e-11 -7.776111713747201210e-12 -4.116874199632770186e-11 5.909930747260407447e-11 9.582819779182200809e-11 4.527589779642687188e-11 4.453977127793414704e-12 -2.774679703845705522e-11 6.904249916584305592e-13 -1.219150019981384116e-11 -2.892016180307676459e-11 -7.905048678339861851e-12 4.183297405199934273e-11 -2.437029010753826576e-12 -9.789743030148279777e-11 -1.115379399079318607e-10 -1.060881979173071281e-10 3.479524498150740839e-11 7.641211221008544697e-11 -1.154377119194851230e-10 -1.222422148833449688e-10 1.032714876959082074e-10 2.589248189950207273e-10 7.290844248696862695e-10 9.175167997916544676e-10 5.502383413137688867e-10 1.492020668293604844e-09 5.522373490294783868e-09 1.880328430515363895e-08 5.606212571469365064e-08 1.495640464170391960e-07 4.013629148574554473e-07 1.079817086797458817e-06 2.922053658388734520e-06 7.929870078941994837e-06 2.154356312480115037e-05 5.857402196053934260e-05 1.599630201740442112e-04 4.410076977841234929e-04 1.244496232494994494e-03
3.219802761225814408e-02 1.244954652384340499e-03 4.411571733998474504e-04 1.600107693368453229e-04 5.857137315645826017e-05 2.154334281043226984e-05 7.932531356639184293e-06 2.921681858839182604e-06 1.075364377744454674e-06 3.963316365860283817e-07 1.454261130715252961e-07 5.353989934687366938e-08 1.910204328454875601e-08 7.194046776939640303e-09 3.543288286602252760e-09 1.725787663925954709e-09 8.984966694322826838e-10 1.791775704478232032e-10 -8.415428134716074730e-11 -1.976191781170600821e-10 -2.255030823657316575e-10 -2.228269009776687429e-10 -2.530444228550793913e-11 4.990326814660382725e-11 9.710123064657417071e-11 -6.156572305004520258e-12 -3.518157393853147742e-11 6.488031857059716351e-11 9.992817207989702867e-11 5.105985785842585202e-11 6.456883332657900937e-12 -3.117733998465273498e-11 -4.013832630495724148e-12 -1.487284963639060557e-11 -3.014230474465093280e-11 -7.126986616157912799e-12 4.408904986878560023e-11 -1.497694286621717664e-13 -9.746467640650514565e-11 -1.108781845076588958e-10 -1.044793455227693719e-10 3.263787184052670839e-11 7.526466058430613736e-11 -1.198483374469853661e-10 -1.143076813488231658e-10 1.309244123787679536e-10 2.821436102786237670e-10 7.562392499675970970e-10 9.475014967914740904e-10 5.947051068628905807e-10 1.539977937908613838e-09 5.539424042587600962e-09 1.874080425489981445e-08 5.591162878436472349e-08 1.495379155251851052e-07 4.014319843270731558e-07 1.079765953129927943e-06 2.922031682860513987e-06 7.930061425919737001e-06 2.154430453357148207e-05 5.857579433094241262e-05 1.599664363957283030e-04 4.410148876808361071e-04 1.244521408986245213e-03
3.219826353819000425e-02 1.244951829106017999e-03 4.411517968594247776e-04 1.600085842532873281e-04 5.856983777005132422e-05 2.154253887827953506e-05 7.932341041597165389e-06 2.921525321617133121e-06 1.075067457987769262e-06 3.961725976762360365e-07 1.454832612375370496e-07 5.357501709261117159e-08 1.901997380430486877e-08 7.224516589870782080e-09 3.598645152985433674e-09 1.786400213720563744e-09 9.300319171637299404e-10 1.633398592971540410e-10 -1.136096621712171016e-10 -2.224657388750202580e-10 -2.414619877107910810e-10 -2.212848039698873604e-10 -9.202522023068351322e-12 6.714420128295961948e-11 1.036604319597230488e-10 -6.214295460967143541e-12 -3.788571445447753903e-11 6.158022478595183278e-11 9.722069977772704868e-11 4.894718665119880367e-11 8.302963528522035295e-12 -2.835903999674113567e-11 -3.063429586733112562e-13 -1.027949132005674141e-11 -2.730712279585349270e-11 -8.879788472747082320e-12 4.081326173233211027e-11 -4.708371884947945800e-12 -9.996032903214572400e-11 -1.140622453414644496e-10 -1.086965744860371591e-10 2.849415054942182663e-11 6.405382763595221679e-11 -1.228634347322716227e-10 -1.121261725013488105e-10 1.092551584244760185e-10 2.426833460859102950e-10 7.016809484173003197e-10 8.958013250689779262e-10 5.489179436743249358e-10 1.441035347111094443e-09 5.479512343695672902e-09 1.877304091685824220e-08 5.604616015049204838e-08 1.495713129292629620e-07 4.015819703244237031e-07 1.080065066797075743e-06 2.922209655610286529e-06 7.930427485441544707e-06 2.154482312687461932e-05 5.857540739946695931e-05 1.599663771298594792e-04 4.410250668398098912e-04 1.244571589877831131e-03
3.219764595739953161e-02 1.244847563570253930e-03 4.411135811768210542e-04 1.599951416664798594e-04 5.856517564963554883e-05 2.154199894159483739e-05 7.932696043415161791e-06 2.921598175674470267e-06 1.075022508908470781e-06 3.961150457628214096e-07 1.453864897595487402e-07 5.362789654243734057e-08 1.914014280981595763e-08 7.293628242845857602e-09 3.651942967275230564e-09 1.789811454445511899e-09 9.210455722822692234e-10 1.609429883699891330e-10 -1.177302719543743383e-10 -2.255635715901176486e-10 -2.366340567020928126e-10 -2.103913672332232933e-10 -2.346534127507430770e-13 6.873285877759141925e-11 1.045132686666560517e-10 -3.665855670181457069e-12 -3.754417104945231208e-11 5.954806223845636649e-11 9.503558133973780266e-11 4.656887502715965199e-11 5.783778591044414612e-12 -2.832243547688071472e-11 -2.232093651885042047e-13 -1.252256442732774323e-11 -2.842224413259322664e-11 -7.753070146023602933e-12 4.169948870976961143e-11 -6.662618901174548719e-12 -1.060667426382769576e-10 -1.189332957926855190e-10 -1.181633314662842697e-10 2.195364921243592603e-11 7.048476703814910845e-11 -1.063382147138987263e-10 -9.338341264499084840e-11 1.329434856169567673e-10 2.564153118336699148e-10 7.441079669753526534e-10 9.556488681465564967e-10 5.762773492502065616e-10 1.502153345178060284e-09 5.535932100635215751e-09 1.878693085409814727e-08 5.606109623754757668e-08 1.496022561526912618e-07 4.014790738757943660e-07 1.080017028959981798e-06 2.922284257434634545e-06 7.929894545743777190e-06 2.154302693614369799e-05 5.857187008028468840e-05 1.599584222538234075e-04 4.410058045062108462e-04 1.244496143179447999e-03
3.219802127794872681e-02 1.245004775475885188e-03 4.411767329225219276e-04 1.600183436276271921e-04 5.857412281244504023e-05 2.154489829958690578e-05 7.933697491406726859e-06 2.922465793721639754e-06 1.075672805618834920e-06 3.964952365316779888e-07 1.455011403769402812e-07 5.358818036331467326e-08 1.914710575644053326e-08 7.294420760284444871e-09 3.634930831705472875e-09 1.771213480269080530e-09 9.091375970330202775e-10 1.824183182683275423e-10 -9.066804040104241729e-11 -2.117716353101773522e-10 -2.285312487264093681e-10 -2.097228873628783896e-10 -3.776420298450221737e-12 6.179055879215598854e-11 1.049733049518911387e-10 -1.117620067039018986e-12 -3.586120523909407166e-11 6.182504413204456336e-11 9.813194694524377849e-11 4.937498742004291253e-11 6.520590758462268314e-12 -2.900100626149451562e-11 1.145841577244885579e-12 -8.964560854304137390e-12 -2.637954231792224871e-11 -7.721605552245496185e-12 4.184342374333830900e-11 -3.178774332261716682e-12 -1.008472069200733012e-10 -1.174642462924600544e-10 -1.126038886399720619e-10 2.417888107889715995e-11 6.795504067860621463e-11 -1.124432297113857291e-10 -9.866276895684591059e-11 1.386305837110388688e-10 2.784400929929349912e-10 7.334440802176885845e-10 9.279416835917961058e-10 5.727983703298651572e-10 1.520381380643847012e-09 5.549662438325678241e-09 1.875419711570598800e-08 5.592190952918417478e-08 1.493691544340137216e-07 4.013510557564711420e-07 1.080191161460025568e-06 2.923139402786762328e-06 7.931862708595199105e-06 2.154649582926290155e-05 5.857858855549749746e-05 1.599727629743052416e-04 4.410353495199991467e-04 1.244563375804202824e-03
3.219798998448970828e-02 1.244947628893340336e-03 4.411561182362238199e-04 1.600095825032272860e-04 5.857001448437792026e-05 2.154230109083138647e-05 7.932330070715262865e-06 2.921770045628191180e-06 1.075483485027959957e-06 3.964174222152014961e-07 1.454696732949098432e-07 5.355155413932699908e-08 1.899350670969035582e-08 7.161081184426940080e-09 3.521876979778441359e-09 1.698155532465101208e-09 8.684084616501711086e-10 1.670869328557400066e-10 -1.015037322586654724e-10 -2.188401956651880235e-10 -2.331554546285026074e-10 -2.058716552332772770e-10 -3.242177773039732755e-12 6.295490302688777034e-11 9.931740865676096176e-11 -8.723295191874096594e-12 -3.612564227904813916e-11 6.350407446568804111e-11 9.556803657181118079e-11 4.641738004062369884e-11 5.073528302096596214e-12 -3.048702114299827532e-11 -2.830034420374199157e-12 -1.292899061240281372e-11 -2.908550781490913372e-11 -8.675609802426359755e-12 4.211933126367375994e-11 -1.372161408721726222e-12 -9.477154580952250968e-11 -1.078935294354703224e-10 -1.026328041096659013e-10 2.889049725315932362e-11 6.571806511168393069e-11 -1.204228596560125795e-10 -1.079621972805425986e-10 1.365206270342197551e-10 2.931068711036588037e-10 7.526323251214420379e-10 9.150156141483192471e-10 5.425369429203776824e-10 1.415511355386615061e-09 5.411344153161223872e-09 1.868001764457631140e-08 5.596029721560231539e-08 1.493751933347128358e-07 4.012411586286644423e-07 1.079808178361018400e-06 2.922045642559334723e-06 7.930319055568108699e-06 2.154436475498428254e-05 5.857416524701986260e-05 1.599631160145545980e-04 4.410057755415106332e-04 1.244476815176445011e-03
3.219839382002971651e-02 1.244855674417313235e-03 4.411174960853137634e-04 1.599940488808701089e-04 5.856376453591876025e-05 2.154002394171582833e-05 7.931502549991236104e-06 2.921518130327673231e-06 1.075180741149312014e-06 3.961642455154155399e-07 1.454507401028106950e-07 5.364319529108684803e-08 1.916307851148166840e-08 7.256822944373903642e-09 3.535905283291786867e-09 1.715475785594434007e-09 8.711224854144768296e-10 1.765977458180221205e-10 -7.610052610404487849e-11 -1.936329532716298536e-10 -2.235498795221341427e-10 -2.088626406754696543e-10 4.067760522948890083e-12 7.044083819589630886e-11 1.036594675795423211e-10 -8.474825578368741934e-12 -3.940803841181149418e-11 6.035398500840756405e-11 9.715271293580087531e-11 4.816792428302237709e-11 6.031962657490977104e-12 -3.042471195567682849e-11 -2.198779549355978693e-12 -1.438815231342295823e-11 -3.320290577166985519e-11 -1.133930119040635627e-11 4.217045276702009361e-11 1.972955600440679250e-12 -9.316454191883563225e-11 -1.079831554712856407e-10 -1.075035614163465086e-10 3.291702341992178089e-11 7.400902016695340563e-11 -1.185886740144004112e-10 -1.225444445949700805e-10 1.054669353227058076e-10 2.589068700512838056e-10 7.504674356921984304e-10 9.723951878125206111e-10 6.042175700973145306e-10 1.520004239397341218e-09 5.579000849722819355e-09 1.883551226969005005e-08 5.604966639396353549e-08 1.494716846933124503e-07 4.014717269822267331e-07 1.080049397872495574e-06 2.922356569520202392e-06 7.930659383318539323e-06 2.154458621384555510e-05 5.857568376497504731e-05 1.599680575868410275e-04 4.410179300397494063e-04 1.244521707652133241e-03
3.219816302223941357e-02 1.244931529900764446e-03 4.411486728075348761e-04 1.600056000505668352e-04 5.856756490531262192e-05 2.154235005939696452e-05 7.932717886381599525e-06 2.921663910188361989e-06 1.075010000792412387e-06 3.960634433313224529e-07 1.453320220123453143e-07 5.351289171524651797e-08 1.906567930912273887e-08 7.233854829099711515e-09 3.575568241451486812e-09 1.748312852343478169e-09 8.763280067717483048e-10 1.388311743997610544e-10 -1.241943419024410766e-10 -2.142897093565239922e-10 -2.294258540318330642e-10 -2.141620642420654780e-10 -1.226164970336058986e-12 6.593920700745757120e-11 9.990741917332349346e-11 -9.043910212209714640e-12 -3.739060440693179893e-11 6.528448563597440566e-11 1.001318632730380808e-10 4.953995067994738254e-11 8.169910042993100756e-12 -2.796794951913550223e-11 -1.639895809528748777e-12 -1.559164839740319530e-11 -3.488330965876447228e-11 -1.294581190329415998e-11 3.975549987697596759e-11 -2.761694473577954022e-12 -9.715303407449989460e-11 -1.119065522995314875e-10 -1.091428830253538880e-10 2.476253650068218250e-11 6.365205289669135554e-11 -1.275565264746664741e-10 -1.296827892634969745e-10 1.052856103115138710e-10 2.643020114221290966e-10 7.580903316609488263e-10 9.539419020102923917e-10 5.932712758517298367e-10 1.508605265686878502e-09 5.509580598284269106e-09 1.876463689298598950e-08 5.609309605576399280e-08 1.497419749017933660e-07 4.016517171838108427e-07 1.079957229827013956e-06 2.922136514576847271e-06 7.930458329785235603e-06 2.154540560071271596e-05 5.857650459786823956e-05 1.599666949735375869e-04 4.410197911863668698e-04 1.244535623070817769e-03
3.219755916012404656e-02 1.244961184512234425e-03 4.411675754935712136e-04 1.600174866008734285e-04 5.857415562497963069e-05 2.154515418082113005e-05 7.933864688547208045e-06 2.922304690084354134e-06 1.075572487162304600e-06 3.964483301374037360e-07 1.454854402842331188e-07 5.362107803488257625e-08 1.906399247016666623e-08 7.169471637817677020e-09 3.535327311211361590e-09 1.745588043084251402e-09 9.162784911038570781e-10 1.871180895209294738e-10 -7.673369224657536892e-11 -1.877180167881983731e-10 -2.138105549872374821e-10 -2.100970821592316079e-10 -1.000187510860346454e-11 5.746910499965935993e-11 9.747512753659544354e-11 -7.865645126340767811e-12 -3.632871988284299441e-11 6.222189689065807973e-11 9.609811013330031481e-11 4.681374305054785706e-11 5.011209972262701425e-12 -2.924084674317705231e-11 4.045118847143126147e-13 -1.034464800660549239e-11 -2.910506790913217382e-11 -8.361671075826135396e-12 4.352257167576007656e-11 -2.179628975907797085e-12 -9.787038894519662717e-11 -1.090590247451848365e-10 -1.047769981239587126e-10 3.301512233319772228e-11 7.549864844644305664e-11 -1.085507823575068290e-10 -1.007079103719618886e-10 1.149719043300021725e-10 2.625729615008050774e-10 7.435780392307014401e-10 9.293423365978217532e-10 5.678864108941413211e-10 1.512772182203048872e-09 5.528709053819451197e-09 1.879727069039163025e-08 5.613483015156976780e-08 1.496512294543981613e-07 4.014749723677684090e-07 1.079843099707687324e-06 2.922249405472209133e-06 7.930597889892165617e-06 2.154442677261221684e-05 5.857436236982287435e-05 1.599639051351158653e-04 4.410125838152650240e-04 1.244525636889652793e-03
3.219790649763659002e-02 1.244831906858210333e-03 4.411148602745325917e-04 1.599968376267512488e-04 5.856639854306359695e-05 2.154151024460462040e-05 7.932061030367869084e-06 2.921388197587585439e-06 1.075202137453401400e-06 3.964538699777003117e-07 1.456067711668240700e-07 5.359541154304232494e-08 1.903307528159394588e-08 7.214588197292323368e-09 3.604741134364683406e-09 1.750004761922261929e-09 8.555512860068417020e-10 1.318515519585505545e-10 -1.019196005811450423e-10 -1.938037433323119671e-10 -2.212471759798116071e-10 -2.136467473435387806e-10 -7.925701491596940851e-12 6.052088273490884145e-11 9.942445105839990270e-11 -5.275236649183451699e-12 -3.524466345838263032e-11 6.368783219933745187e-11 9.694803854578655413e-11 4.688750971389432666e-11 3.775923815111760695e-12 -2.976954945459317339e-11 -6.481409455305359978e-13 -1.107646134266568820e-11 -2.740929639089293521e-11 -6.124694193694285291e-12 4.510009698788777760e-11 5.009449845659880806e-12 -8.967574635526715269e-11 -1.042452723395806213e-10 -1.005173758980138550e-10 3.115040482715437957e-11 6.318690443801255534e-11 -1.292571162328156353e-10 -1.125941960965489746e-10 1.356644029309213864e-10 2.852284731144050733e-10 7.615283152869478132e-10 9.640438687849891248e-10 6.110838008691739818e-10 1.537049029995194704e-09 5.498784165715739277e-09 1.871540995204840027e-08 5.599433866801063485e-08 1.495590554406595573e-07 4.016000812546811803e-07 1.080234727659551443e-06 2.922288321632781729e-06 7.929506506685180775e-06 2.154175681727485764e-05 5.856897802189340387e-05 1.599529850061576013e-04 4.409833610772262674e-04 1.244435476339728628e-03
3.219806183620946977e-02 1.244943807766854364e-03 4.411559869791001061e-04 1.600102287630232622e-04 5.856921446553067648e-05 2.154228360167047962e-05 7.932528264152671657e-06 2.921893117980000019e-06 1.075465387547360343e-06 3.964131668066011372e-07 1.455617037005743048e-07 5.359379884617210218e-08 1.894770979326586189e-08 7.148781051857477619e-09 3.563080787772236004e-09 1.745905866425402085e-09 8.873527344791277025e-10 1.629553775536600683e-10 -9.700101807517397440e-11 -2.140464788786519999e-10 -2.244310146828722319e-10 -2.107231664371665588e-10 -9.700090709852646948e-12 6.211185762833375890e-11 1.033972957796272613e-10 -6.154247309145921171e-13 -3.150548761293704249e-11 6.579211285672996376e-11 9.747008932030940080e-11 4.653612582912093985e-11 3.844050001733089557e-12 -3.231451389705401001e-11 -2.721321624661641214e-12 -1.134957442579608763e-11 -2.799772826482929567e-11 -9.574514176124574409e-12 4.002658807280672282e-11 -1.359405250674391250e-13 -9.557144806234099185e-11 -1.120815236853832789e-10 -1.073050826570577042e-10 2.979054798286812115e-11 7.403343505012696496e-11 -1.178002278290042662e-10 -1.039227528553423129e-10 1.316571176804121185e-10 2.688888911629114133e-10 7.404223441240197805e-10 9.762685878392511142e-10 6.396440119525732280e-10 1.576632119872088199e-09 5.545516957907412753e-09 1.876303357318968813e-08 5.593451768288367209e-08 1.493529202375889847e-07 4.012794708363363377e-07 1.079675565508018806e-06 2.921762923355382408e-06 7.929816971745077837e-06 2.154205521644369294e-05 5.856686002732724853e-05 1.599452821672681894e-04 4.409676915201177065e-04 1.244418831810202705e-03
3.219805489064814924e-02 1.244927912714756260e-03 4.411514441827635194e-04 1.600118880165444092e-04 5.857229375470987537e-05 2.154436265855844268e-05 7.933545059898747289e-06 2.922178804250575144e-06 1.075597762548297825e-06 3.965610253432639776e-07 1.456627243491815803e-07 5.365559692767082572e-08 1.904948722319077329e-08 7.233250389112603842e-09 3.598494413751977571e-09 1.765707097526026040e-09 9.054031661471770165e-10 1.753193031470660051e-10 -8.122200535101605013e-11 -2.044770274856164610e-10 -2.343026691571322283e-10 -2.200929870914638272e-10 -9.549558958654699623e-12 6.156989724800394617e-11 1.050998872094925215e-10 -3.067453579507854301e-12 -3.718387592398007515e-11 6.253005740249360416e-11 9.890749929078687361e-11 4.943187660072455373e-11 7.126358957151211200e-12 -2.961789214729039215e-11 -1.780811653052951082e-12 -1.332462079049845003e-11 -3.103398238494979770e-11 -7.977623469599921084e-12 4.410908385831914556e-11 -2.092207298438109817e-12 -9.787138032680741703e-11 -1.087983762982242353e-10 -1.052543338324552190e-10 2.914278730898185558e-11 6.852703679510781168e-11 -1.145684731578308064e-10 -1.019379498789678680e-10 1.221697384088814196e-10 2.627462793748594624e-10 7.503358732920486840e-10 9.327701223412093985e-10 5.623845381262662738e-10 1.437990479456033190e-09 5.399181983823278104e-09 1.858994680679199915e-08 5.582397456956597316e-08 1.494497841778033748e-07 4.014277119174064267e-07 1.079812699234178804e-06 2.922288322317143269e-06 7.930289875245896125e-06 2.154347788913804542e-05 5.857312741515361283e-05 1.599617577891422496e-04 4.410054100528313270e-04 1.244510632380872815e-03
3.219802588581715391e-02 1.244989834925170616e-03 4.411743558562445516e-04 1.600169994856232198e-04 5.857193905497706045e-05 2.154358609918125949e-05 7.933327620068498446e-06 2.922328170579583004e-06 1.075405573156815128e-06 3.961043910615720426e-07 1.453462174477553302e-07 5.361448765155496750e-08 1.915645670897996664e-08 7.269414153125622821e-09 3.605765841622118682e-09 1.772395884967268021e-09 8.962669797151140718e-10 1.656950484557121700e-10 -1.002857850684985423e-10 -2.084094913836864388e-10 -2.248448990362543568e-10 -2.100541865472534785e-10 -3.045870144066914085e-12 6.337196262751233615e-11 1.047879514542019087e-10 -3.165276369998027877e-12 -3.622390547084258246e-11 6.089502634339362913e-11 9.273470088857564899e-11 4.457963148571221268e-11 4.643417273251498978e-12 -3.039566759199232268e-11 -2.629133112814812406e-12 -1.490732074732303307e-11 -3.141659745803255563e-11 -1.005800531632059740e-11 3.974293443977976581e-11 -3.457607093254094706e-12 -1.006494781401894896e-10 -1.178445432967555126e-10 -1.169816824538202301e-10 2.594196620136560471e-11 7.880985319656165869e-11 -1.109746857509078933e-10 -1.093444711295035355e-10 1.169402623506716094e-10 2.545397473275366101e-10 7.242426111105155300e-10 9.206358680744055738e-10 5.623399144103639228e-10 1.490131384386264627e-09 5.506406777280561783e-09 1.874901448235592088e-08 5.611730172009983117e-08 1.496641941161440178e-07 4.015396035420161416e-07 1.079870905951687092e-06 2.922229561196354233e-06 7.930942507759863820e-06 2.154587958549203529e-05 5.857745600625611669e-05 1.599713076660036666e-04 4.410338782527485927e-04 1.244575900905425282e-03
3.219841520646899574e-02 1.244889894153905973e-03 4.411256927015547017e-04 1.599935591107137388e-04 5.856196068302698901e-05 2.153985376650289067e-05 7.931859397561836337e-06 2.921512124786393265e-06 1.075124306532676532e-06 3.961003323188654404e-07 1.453437152234924551e-07 5.362647811876375354e-08 1.909280761889562672e-08 7.277500935433868508e-09 3.637276217251273232e-09 1.769669155602795474e-09 8.906071349514806306e-10 1.486746440789928091e-10 -1.256799299580074242e-10 -2.114099875949685473e-10 -2.214217189233156138e-10 -2.154359376980396325e-10 -1.227479275969655285e-11 6.251627138972197771e-11 1.030687874904403775e-10 -3.754864683339906647e-12 -3.333843225100385742e-11 6.318038880572160836e-11 9.593874894578804511e-11 4.775269572032004578e-11 7.638849159723564872e-12 -2.740022140687867458e-11 -1.269844278346090792e-13 -1.410660562294469660e-11 -3.364601287992317340e-11 -1.224916075540115650e-11 4.227769435987527338e-11 -6.265563876961199014e-14 -9.724753344673565742e-11 -1.140623177292430659e-10 -1.083697818951636072e-10 3.406482723893077526e-11 7.731297678719312627e-11 -1.130950678640941077e-10 -1.133480716671112955e-10 1.162775731670645820e-10 2.634832645897949000e-10 7.411195716634922323e-10 9.666265973166800173e-10 6.480035180121952400e-10 1.580900502805794512e-09 5.557944080545236843e-09 1.875737402840095905e-08 5.598868279594842709e-08 1.496177566516001572e-07 4.015804703287978457e-07 1.080026382713879390e-06 2.922265162980661290e-06 7.929955445756997943e-06 2.154317975961431551e-05 5.857300318450029439e-05 1.599632940983767551e-04 4.410126065622389248e-04 1.244509573859596324e-03
3.219796354674966943e-02 1.244859508263237990e-03 4.411220786133887030e-04 1.599999939823031200e-04 5.856668247371741296e-05 2.154073086788181013e-05 7.931585365634740830e-06 2.921728448052351486e-06 1.075411864211709908e-06 3.962902072230517471e-07 1.453353775557656750e-07 5.339203266323482089e-08 1.898180094676335418e-08 7.244877676836555190e-09 3.630767500200605251e-09 1.772419974369076631e-09 8.876796739541853970e-10 1.426822502328542749e-10 -1.264451507658720457e-10 -2.276778770276840209e-10 -2.324100936522068106e-10 -2.116159374121960051e-10 -1.026427105459778372e-11 5.741070007883198827e-11 9.676965738914911740e-11 -9.434796926014641214e-12 -3.850883757156399830e-11 6.348078655178661984e-11 9.790558039708820384e-11 4.611535676645458174e-11 4.173011685894507026e-12 -3.081435226319800751e-11 -1.708697850360252859e-12 -1.109277389193125301e-11 -2.965003089315651259e-11 -1.036970976332535875e-11 4.209553784656159412e-11 -2.803131032957877530e-12 -1.009167689744075244e-10 -1.115174409351348059e-10 -1.077570171152669607e-10 2.680966932335472930e-11 5.890038552378434202e-11 -1.175917238218979502e-10 -1.003359672972041629e-10 1.115387209898617918e-10 2.395004886792134822e-10 7.197774997822076868e-10 9.133658409283051982e-10 5.548451847961088272e-10 1.483290675645747191e-09 5.509840946806089354e-09 1.881015864501733809e-08 5.607912330423034395e-08 1.495839539385752252e-07 4.014623340983731814e-07 1.080109770599888124e-06 2.922623236647127441e-06 7.930838999135899725e-06 2.154488618012579077e-05 5.857578496574230279e-05 1.599677607817318102e-04 4.410204454239325224e-04 1.244527049396587344e-03
3.219817543810273019e-02 1.244978886516318137e-03 4.411649757423865940e-04 1.600142965869706029e-04 5.857347465825227457e-05 2.154468833021779120e-05 7.933279771993237948e-06 2.921802700541127605e-06 1.075213039909776771e-06 3.962239345043342830e-07 1.454618688075877678e-07 5.361324250288575316e-08 1.904257140757329466e-08 7.142158157108944355e-09 3.541129505771165927e-09 1.740549039268970051e-09 8.882718084171394113e-10 1.878541713129918702e-10 -8.175153764626268439e-11 -2.026949567892485312e-10 -2.227113071348468647e-10 -2.002969871598167435e-10 -3.999333405100133657e-13 6.444602065296246623e-11 1.004599331193857513e-10 -6.034515530076702123e-12 -3.865914395771367636e-11 6.256399692633327401e-11 9.818290042233875989e-11 4.757136511184483205e-11 5.874977787481487400e-12 -2.932810018266695929e-11 -3.815126862112954626e-13 -1.027585878331141255e-11 -2.919879169223540786e-11 -1.096990422219045111e-11 4.031119151630107432e-11 7.100701009834764294e-13 -9.460119556953009806e-11 -1.138191238613066518e-10 -1.118888519521432432e-10 2.332859721136343221e-11 5.996812427697446517e-11 -1.263591891344171928e-10 -1.150373514652900253e-10 1.124001845563259534e-10 2.472453707377105880e-10 7.186938783060618459e-10 9.326522095753924767e-10 6.245095661375942751e-10 1.599201369090801453e-09 5.571447777578382293e-09 1.874132748000244121e-08 5.598799233984898992e-08 1.494963529892860266e-07 4.013062029690358922e-07 1.079807507895634045e-06 2.922251353421204910e-06 7.930590621693622258e-06 2.154484374625315193e-05 5.857525347351114948e-05 1.599666200687082588e-04 4.410260995843998783e-04 1.244553003885698859e-03
3.219825868293244020e-02 1.244962460112864324e-03 4.411702654510508493e-04 1.600186311830753951e-04 5.857548818614578568e-05 2.154538464101608778e-05 7.933937517632013638e-06 2.922177148764018063e-06 1.075413250377261384e-06 3.963050235766138984e-07 1.454629856728494184e-07 5.353341634774516838e-08 1.904540156101515817e-08 7.264714123037293452e-09 3.612353775469222550e-09 1.728949675270764350e-09 8.648480593393287856e-10 1.235883488196702902e-10 -1.356041077770133247e-10 -2.374134160609921286e-10 -2.334689494544159122e-10 -2.080102125548641798e-10 -2.740617790845801411e-12 5.959749097007733477e-11 1.026481510151818027e-10 -4.678019099687163138e-12 -3.932386614361369749e-11 5.742171807364112109e-11 9.506026259644541970e-11 4.907206750292009570e-11 6.951195788218154430e-12 -2.957862575117745881e-11 -7.109320992479836514e-13 -1.080391325135466134e-11 -2.773756267231387831e-11 -9.744309587794294010e-12 3.727946803916441317e-11 -6.833331806773263992e-12 -1.016073993266076795e-10 -1.117362349912890624e-10 -1.064599192480384932e-10 2.798279723602319129e-11 7.460998368847984433e-11 -1.133200190496431353e-10 -1.113845684652150436e-10 1.252527344649837311e-10 2.740003337661311053e-10 7.400331251034288449e-10 9.288158697471138372e-10 6.147014613959386768e-10 1.557162189405215018e-09 5.493561282653960725e-09 1.866602842544429300e-08 5.591801257552383707e-08 1.494952707928606934e-07 4.014477597727186789e-07 1.079890794492307075e-06 2.922157395636933501e-06 7.930655607087668489e-06 2.154521541613610211e-05 5.857691224367994501e-05 1.599695411884628716e-04 4.410269009154710383e-04 1.244552340850644699e-03
3.219853156402538441e-02 1.244897366710246388e-03 4.411342533319308266e-04 1.600002530797406625e-04 5.856603825327926194e-05 2.154119409487554373e-05 7.932155208900224273e-06 2.921815392563971961e-06 1.075251185060082119e-06 3.962070933944554767e-07 1.455184779558275825e-07 5.372401166621837121e-08 1.918110904320079111e-08 7.187785021456801746e-09 3.507428753324436162e-09 1.715774414380018496e-09 8.893249856031945398e-10 1.608686506837300124e-10 -1.092104160318618578e-10 -2.085268054982985512e-10 -2.200505683953730463e-10 -2.016902956317692476e-10 8.616486010378004345e-13 6.817686108929730856e-11 1.072090712209239512e-10 -5.172643280727590748e-12 -4.041362798556319717e-11 6.018404118389585247e-11 9.807358496073809061e-11 4.642649235491192869e-11 1.477358378191606064e-12 -3.291289319120478459e-11 -2.813951238419461786e-12 -1.183928953697171943e-11 -2.959433655788868147e-11 -1.074698904645050689e-11 3.910977936278512146e-11 -3.702933134394931647e-12 -9.870476561044233165e-11 -1.135788013691393872e-10 -1.078384291044870158e-10 3.070277625507658152e-11 6.598290924865339396e-11 -1.231082597171695058e-10 -1.178589118994276712e-10 1.022853848580934514e-10 2.474683718418139507e-10 7.321851389764473235e-10 9.250391643790633748e-10 5.579360707445969754e-10 1.531640604946352584e-09 5.557815321411551022e-09 1.872710325095357731e-08 5.592573534013180956e-08 1.494881973382275829e-07 4.014000403926061972e-07 1.079768925033182573e-06 2.922130296886813998e-06 7.930531756798679357e-06 2.154554253233374657e-05 5.857772968286953163e-05 1.599716093443488674e-04 4.410277345762975533e-04 1.244535624614623651e-03
3.219802109118969496e-02 1.244894894973798492e-03 4.411334532700161588e-04 1.600004345837860713e-04 5.856609980241476049e-05 2.154141217000076912e-05 7.932386397379837691e-06 2.922160871929083539e-06 1.075555128665060187e-06 3.963296744536432498e-07 1.453815357729963700e-07 5.351701915598732256e-08 1.907609024124742132e-08 7.230393381835412916e-09 3.534251963153999884e-09 1.731804429805552215e-09 8.921773617913375167e-10 1.629788592443970094e-10 -1.063945215819525280e-10 -2.083913248785834048e-10 -2.210229482989500514e-10 -2.071827429172925781e-10 -1.053192205906773744e-11 5.660894138166825118e-11 1.005754100255232167e-10 -3.659059024591878258e-12 -3.932200342745336784e-11 6.002897541514528435e-11 9.690910569872830228e-11 4.787065477147071045e-11 5.909643197660693322e-12 -3.019699166519609292e-11 -2.691766457558712138e-12 -1.391566854225862929e-11 -3.010032771063200760e-11 -9.348960112187848214e-12 4.062487908148548772e-11 -7.808066803820917330e-12 -1.047019072940731186e-10 -1.190303372141299274e-10 -1.194140388095307456e-10 1.209149584912070656e-11 4.902771018073924224e-11 -1.318041096058378212e-10 -1.148372913975821976e-10 1.255037269790822752e-10 3.053096242158042289e-10 7.933597221271194835e-10 9.399142463582031682e-10 5.872577583930116630e-10 1.544057206627269198e-09 5.513688676508274722e-09 1.867253817176479484e-08 5.588911205260251389e-08 1.493764280522111815e-07 4.014454219156682364e-07 1.080230443486277431e-06 2.922507401237129869e-06 7.929914116797012313e-06 2.154284102811154490e-05 5.857133608478851767e-05 1.599585593470197675e-04 4.410070073422414400e-04 1.244500369459587436e-03
3.219801239538121196e-02 1.244939252674607177e-03 4.411536471090485930e-04 1.600087937153627524e-04 5.856910491228216418e-05 2.154205665424050109e-05 7.932648360134779205e-06 2.922174791643996485e-06 1.075723505498902997e-06 3.965298417187300312e-07 1.455161762456688244e-07 5.349208974378111204e-08 1.897081630350756768e-08 7.177796850677256191e-09 3.569476737917132663e-09 1.771988066489463352e-09 9.129516394521478388e-10 1.607545647696161947e-10 -1.102571339504666177e-10 -2.088293631048087128e-10 -2.204315208379961867e-10 -2.016198262941478174e-10 -2.666066330329032808e-12 5.697165350339511707e-11 9.594780965746923038e-11 -7.932827163432979167e-12 -3.920423894963155280e-11 5.931802487808657892e-11 9.892993954809573992e-11 5.009916361759147118e-11 6.041826389593389607e-12 -3.039685546733775611e-11 -2.071191371253289221e-12 -1.182103760252213883e-11 -2.795195227537255557e-11 -7.858715213382640815e-12 4.361633553247926750e-11 -1.824896182600275310e-13 -9.904473300727286911e-11 -1.153564069758568758e-10 -1.099380254321583407e-10 3.306662821711114923e-11 7.301496513910796384e-11 -1.268060834326893316e-10 -1.209796438416832982e-10 1.208084551121847040e-10 2.801491628586755444e-10 7.475413184618008571e-10 9.350838486547816346e-10 5.975603483704837238e-10 1.511618518885315830e-09 5.481156327325061795e-09 1.870866872458111210e-08 5.597282811227643311e-08 1.495668349488530162e-07 4.013856358576935099e-07 1.079604944445107496e-06 2.921781026092113262e-06 7.929828040178948356e-06 2.154359248210164260e-05 5.857459977075455104e-05 1.599676425720982138e-04 4.410203329890521602e-04 1.244536768213706703e-03
3.219810921505793233e-02 1.244936139652319963e-03 4.411471585928461274e-04 1.600072673871286480e-04 5.857020992933510857e-05 2.154337905700485690e-05 7.932805892335637098e-06 2.921552082161589045e-06 1.075101013135764195e-06 3.960517335599684945e-07 1.452666050039550048e-07 5.354698158556421310e-08 1.910006415230574154e-08 7.256622177117076941e-09 3.625873142827834735e-09 1.787157888550177554e-09 8.970013651240749051e-10 1.936465517316074190e-10 -6.560827559382136785e-11 -1.933891541842661202e-10 -2.303952575496384555e-10 -2.182600050137019890e-10 -9.936994350205966495e-12 6.154952674293116319e-11 1.048934563468721191e-10 -3.668483985822370700e-12 -3.807992229382635334e-11 6.078566258658301535e-11 9.815771540668027799e-11 4.828916441953484387e-11 6.015116209311823933e-12 -2.943048962352119769e-11 -2.145531678432628900e-12 -1.293832545111874932e-11 -3.036742761778582651e-11 -8.595999614132711049e-12 4.456672339611494239e-11 -5.313650472624401655e-13 -9.975161179283798382e-11 -1.164368970407578766e-10 -1.120852138818370046e-10 2.685287842278754357e-11 6.757621195217898115e-11 -1.180459117688905587e-10 -1.149146269697348533e-10 1.055552762733873108e-10 2.537464741336008839e-10 7.490201586568196274e-10 9.414910639378193513e-10 5.740310928522336557e-10 1.497675689450080168e-09 5.433525651596271031e-09 1.867634833750208079e-08 5.597408566161643531e-08 1.494405067279383175e-07 4.013269911694961613e-07 1.079768000945398656e-06 2.922117080063904466e-06 7.930198197984559787e-06 2.154410323225224385e-05 5.857540482891202503e-05 1.599652609445794251e-04 4.410107503720844899e-04 1.244505561975203052e-03
3.219784591880543723e-02 1.244928857185601109e-03 4.411488757725456683e-04 1.600047659177915868e-04 5.856772747755952587e-05 2.154235721937510740e-05 7.932620275387574366e-06 2.921896988409727212e-06 1.075465858302412300e-06 3.962251034762699163e-07 1.453032675248770716e-07 5.353093364679302166e-08 1.901289825405730874e-08 7.194173377390451907e-09 3.589519990746590044e-09 1.724731744375009747e-09 8.528660640760305905e-10 1.342585571366062133e-10 -1.106200400633250433e-10 -2.043470117935407642e-10 -2.193016886735144688e-10 -2.108443693554088010e-10 -8.388297640210676887e-12 5.798138268503293888e-11 9.773097670617604687e-11 -7.629952025106175755e-12 -3.907755476172293405e-11 6.032360728115985299e-11 9.704139874759229348e-11 4.928887106501847011e-11 7.041905348775881314e-12 -2.783475623149131346e-11 2.091006682454471398e-12 -9.408530735333528470e-12 -2.796097239136530587e-11 -8.331966557464921848e-12 4.007602922562195903e-11 -3.757720777216609287e-12 -9.956762864293402725e-11 -1.140483148051444748e-10 -1.133777783991697149e-10 2.131975248680043313e-11 6.191981450419748667e-11 -1.204162770823826902e-10 -1.078830438189077713e-10 1.242653216740232960e-10 2.658506716796111239e-10 7.209814769406300105e-10 9.036042483797351313e-10 5.545731106952935684e-10 1.463237852626832951e-09 5.445779547918893451e-09 1.869497225334804487e-08 5.593075803223738110e-08 1.494036252539844921e-07 4.011698708677215582e-07 1.079440773291035208e-06 2.921844456637335999e-06 7.930437794536591989e-06 2.154345266720452542e-05 5.857096364554570075e-05 1.599558986777029285e-04 4.410016265643696711e-04 1.244502247533180997e-03
3.219787181213449451e-02 1.244905885782966650e-03 4.411420471590116123e-04 1.600030515516729030e-04 5.856591361306672969e-05 2.154096886276510878e-05 7.931906320071882899e-06 2.921585541366520549e-06 1.075282940949493072e-06 3.963480398386823198e-07 1.454987923588700833e-07 5.363274481518659195e-08 1.906545977556704345e-08 7.161581605220319154e-09 3.535482755570831391e-09 1.726116609722833104e-09 9.104201344203533171e-10 1.858063916978172615e-10 -8.342408382758589814e-11 -1.950896157523902624e-10 -2.225019500312651608e-10 -2.087239656515861293e-10 2.060910386532852362e-12 7.043409640937063366e-11 1.091670373936913893e-10 3.464696201368774692e-13 -3.572480518964278954e-11 6.009067484986510780e-11 9.441094667922135935e-11 4.790392123282489112e-11 5.341828193988741002e-12 -2.937263568005275670e-11 1.594730369019246302e-12 -9.602635325753372204e-12 -2.800285870446258382e-11 -9.561378058809552165e-12 3.965062073335886905e-11 -3.172970414934045389e-12 -9.471676119441522697e-11 -1.052107135516083729e-10 -1.055920589991896992e-10 2.117866279590158356e-11 5.671398514098100298e-11 -1.362745837821576379e-10 -1.278992648220898659e-10 1.122666018023602953e-10 2.727433169439424887e-10 7.487162047727529359e-10 9.346029312174653966e-10 5.976816294459207909e-10 1.513952486770245439e-09 5.461728794008945009e-09 1.866398575206802647e-08 5.592798892976834530e-08 1.495073606717942173e-07 4.016503474254688727e-07 1.080239910987687197e-06 2.922539442026766774e-06 7.930832863840240419e-06 2.154423305025285516e-05 5.857447837441471177e-05 1.599646296186738362e-04 4.410127117095134384e-04 1.244508816116069545e-03
3.219797174120980765e-02 1.244893195064226661e-03 4.411307463656410303e-04 1.599998919204686587e-04 5.856546850068221805e-05 2.154083130069393525e-05 7.931824334311794934e-06 2.921518884760305879e-06 1.075328806188070105e-06 3.963665566535089432e-07 1.455431598852908209e-07 5.349185173939656203e-08 1.887016036740922720e-08 7.104726233041261549e-09 3.544526473216948160e-09 1.742551159553121612e-09 8.954477805655838960e-10 1.619271186194851061e-10 -1.070530693326731358e-10 -2.186898656793994091e-10 -2.295802665644123790e-10 -2.042476386013875885e-10 1.518749668624067787e-12 6.293154011271475143e-11 9.994456836864796131e-11 -8.082575693278887740e-12 -4.150933930765866871e-11 5.953559412149396016e-11 9.473224517124749516e-11 4.690162254718660575e-11 6.552738202841314490e-12 -2.858147700501257172e-11 -1.019034851276675297e-13 -1.091398278515530153e-11 -2.849431469584271572e-11 -8.393688674756754369e-12 3.998822814944224327e-11 -2.838210787206095549e-12 -9.628612249734409624e-11 -1.066485575710375980e-10 -1.010719622408558801e-10 3.111842349175485369e-11 6.437968530778770918e-11 -1.265564681180127758e-10 -1.209709541231271443e-10 1.010668307838167403e-10 2.478340416798213448e-10 7.072838297008471977e-10 8.916115719216847501e-10 5.929010548240083654e-10 1.584000826040413055e-09 5.547318004361186129e-09 1.877240423810958799e-08 5.601165230023497114e-08 1.495332737034109182e-07 4.014890023455377834e-07 1.079970900148025715e-06 2.922326479403337584e-06 7.930199527563300187e-06 2.154389799401083336e-05 5.857557607890608915e-05 1.599682155058368871e-04 4.410220043662670662e-04 1.244529667799960156e-03
3.219792243711200319e-02 1.244945081365711600e-03 4.411539808606117089e-04 1.600102713789273404e-04 5.857166510780158290e-05 2.154395675314246082e-05 7.933003835719028209e-06 2.922032436519373144e-06 1.075532313643966244e-06 3.962638429674202477e-07 1.454456238733768893e-07 5.361535198756765444e-08 1.907566153315323469e-08 7.272893375378428862e-09 3.627693394000185799e-09 1.747274603291892761e-09 8.479145511861008191e-10 1.367970118658158363e-10 -1.037641539742376207e-10 -2.135343759788245682e-10 -2.369228099212255234e-10 -2.221771868262479596e-10 -1.221985227465635207e-11 6.105904007858652220e-11 9.990711250490132081e-11 -3.693840267070236387e-12 -3.448930925477288601e-11 6.274010070121345256e-11 9.737490949282622691e-11 4.871678041683838922e-11 7.706844164806653203e-12 -2.830210792346916300e-11 -2.447106589296423144e-12 -1.350046681997870098e-11 -2.871968733711088872e-11 -7.425300575182122921e-12 4.250902908706730471e-11 1.868357910932715220e-12 -9.105038484207490452e-11 -1.054259834762303345e-10 -1.031712342971960089e-10 3.206482477504877237e-11 7.228721935874128510e-11 -1.194910958169392744e-10 -1.244093963444896803e-10 1.005461598691496279e-10 2.518777410051580091e-10 7.314555664478743702e-10 9.147142856476919313e-10 5.555988183679601823e-10 1.497775890808694847e-09 5.529220347380780740e-09 1.878697970490360267e-08 5.603582636837928456e-08 1.495778097435682828e-07 4.014766279887505186e-07 1.079987906667705695e-06 2.922541648463621643e-06 7.930567878482833007e-06 2.154303006414729144e-05 5.857075200586541217e-05 1.599568816044347164e-04 4.410007389569626092e-04 1.244499069844310279e-03
3.219770514292907143e-02 1.244978799442615072e-03 4.411678782089843340e-04 1.600139821284274951e-04 5.857217017301077493e-05 2.154396463046874774e-05 7.933361320080705735e-06 2.921964107811281873e-06 1.075336071507439209e-06 3.963594760240246489e-07 1.455365836543873050e-07 5.364023363904466951e-08 1.909786649132497193e-08 7.233273014051006364e-09 3.585883879717107895e-09 1.807812145030779315e-09 9.533344137230843658e-10 2.041291525126101316e-10 -9.402614036824914281e-11 -2.293381660100158334e-10 -2.476721565743744297e-10 -2.276640320964843306e-10 -1.525112311954229173e-11 5.704919343513079917e-11 9.813117086286313378e-11 -9.835429609754391662e-12 -4.374164626480931922e-11 5.689206406059779049e-11 9.631968797951410712e-11 4.927675472177801835e-11 7.661560622584643394e-12 -2.819272250570941352e-11 -1.774677876150917670e-12 -1.383934478936417693e-11 -3.033118897541277518e-11 -9.771691586564054876e-12 3.943588750898678993e-11 -3.163814151468983909e-12 -9.350285189778667981e-11 -1.037052843675010446e-10 -1.026756647467068270e-10 3.078570653036594013e-11 6.842581758551869681e-11 -1.194578601582319215e-10 -1.142538487865852421e-10 1.216303033816320522e-10 2.741206205324760143e-10 7.440262229084965689e-10 9.438968562561806402e-10 5.581330645834347592e-10 1.447408992436025105e-09 5.422165835145557171e-09 1.867527165776332650e-08 5.599290578480730299e-08 1.496101912434530506e-07 4.014805279773574084e-07 1.079892043586866423e-06 2.922249333930818344e-06 7.930195930846115781e-06 2.154317752539267129e-05 5.857063685788206685e-05 1.599544135726583996e-04 4.409967207175016063e-04 1.244488475448874689e-03
3.219803985504599009e-02 1.244894432495082578e-03 4.411333421943916034e-04 1.600011484581134529e-04 5.856671213618684733e-05 2.154171735787052975e-05 7.932614344763692972e-06 2.922138765416766739e-06 1.075815971759654673e-06 3.965585382474208014e-07 1.455466121830553822e-07 5.356369351836764044e-08 1.902925424920206553e-08 7.206457600511463568e-09 3.622691606371013859e-09 1.802156827150742313e-09 9.218718767145182663e-10 1.719664975931312434e-10 -1.003584118265121053e-10 -2.162254309278768994e-10 -2.334846793726795277e-10 -2.169672390982271199e-10 -7.692725191300532748e-12 5.684342212330933790e-11 9.546775805704540506e-11 -7.949904465221957393e-12 -3.849044529093489813e-11 5.977383419479097304e-11 9.457353542493999458e-11 4.647658103296107424e-11 5.073006013709381403e-12 -3.097550574094234435e-11 -3.339054942267381161e-12 -1.383110353675225935e-11 -3.009504620408280973e-11 -9.878806433141500082e-12 3.948815741124427334e-11 -5.421647820940244792e-12 -1.001035693333531479e-10 -1.129121767053881581e-10 -1.102589578723255596e-10 2.646133389750284122e-11 6.289052365877632064e-11 -1.289974052004466858e-10 -1.257294464647479554e-10 1.058241578043484550e-10 2.574804414304243251e-10 7.414792072280504597e-10 9.383991092378448325e-10 5.616150415754468517e-10 1.485409534237379013e-09 5.449767793936759091e-09 1.861382874691916378e-08 5.595176318245596339e-08 1.493788963724398810e-07 4.012169327089157848e-07 1.079672020883162027e-06 2.922307912972835409e-06 7.930541909657471219e-06 2.154371596417076605e-05 5.857142277031187401e-05 1.599553659940576068e-04 4.409915027805564529e-04 1.244470413812689752e-03
3.219798468229002897e-02 1.244892525327373229e-03 4.411378711901746083e-04 1.600036426828029240e-04 5.856751464513861532e-05 2.154202557203326190e-05 7.932515859728570204e-06 2.921779857432413508e-06 1.075282734962584913e-06 3.962244214961285121e-07 1.454864326227213003e-07 5.358966440000410050e-08 1.895908134008737842e-08 7.133128884405939618e-09 3.592180389707509119e-09 1.757708918514134917e-09 8.860850680755774858e-10 1.646742393251080720e-10 -9.591435171990459866e-11 -1.991201630266231216e-10 -2.192654422617152169e-10 -2.092160959676995511e-10 -7.692473892317165521e-12 6.179300144307075947e-11 1.037714306848516955e-10 1.958952120243505352e-12 -3.053583995470945875e-11 6.460222745165895597e-11 9.591066989843122334e-11 4.631552043197579786e-11 6.175349896189337123e-12 -2.766637215273941641e-11 1.886287950931023446e-13 -1.154023436950676473e-11 -2.865975115956439013e-11 -8.761983566646517296e-12 3.811241410738787873e-11 -4.667624410665941844e-12 -9.790141537289020439e-11 -1.138865204494725107e-10 -1.118668927759571297e-10 3.162941743604918829e-11 7.959033281239291505e-11 -1.214774969468132943e-10 -1.354111544403444887e-10 9.725420198316445366e-11 2.560978368384031700e-10 7.350326555624416981e-10 9.166821251405628404e-10 5.570588672386240666e-10 1.494536567787671241e-09 5.456322990969235560e-09 1.868215200382898624e-08 5.598977091631982534e-08 1.494954113033850315e-07 4.013631396127873027e-07 1.079897669029559269e-06 2.922453962463290222e-06 7.930402273539939042e-06 2.154345751471222544e-05 5.857143264016718005e-05 1.599557427995353771e-04 4.409934032189641155e-04 1.244469315854466063e-03
3.219804525340885792e-02 1.244924337924916899e-03 4.411452594454910703e-04 1.600048391903467651e-04 5.856771168638994542e-05 2.154166164573143120e-05 7.932202347000687990e-06 2.921848331611309828e-06 1.075507651876209026e-06 3.963666178921202516e-07 1.454133175470476974e-07 5.356511490995976622e-08 1.905361878464615868e-08 7.199765734901623379e-09 3.559179501796638723e-09 1.742940859884005379e-09 8.692642263099471623e-10 1.416314893540739954e-10 -1.070574094726063086e-10 -2.118662026021462618e-10 -2.248962442676927812e-10 -2.093133442683303244e-10 -5.487891986452561436e-13 6.974067914430600771e-11 1.046410419741105204e-10 -5.373253836271161549e-12 -3.658957920452533310e-11 6.419323534975035479e-11 9.751239065173597083e-11 4.853746673001441260e-11 7.208909268189333111e-12 -3.028106178152076255e-11 -2.318081444754040531e-12 -1.295768504463029997e-11 -2.928960721060485212e-11 -8.966789153375378665e-12 4.330909076980792910e-11 2.599995633962220246e-13 -9.578564388033372480e-11 -1.058190302036848750e-10 -1.025093623567270256e-10 3.127254156672983213e-11 7.086077964785345732e-11 -1.149760953274749378e-10 -1.129010432194420923e-10 1.185093089270558740e-10 2.570473854262164328e-10 7.250087549244085110e-10 9.127889082235872544e-10 5.496423575396883152e-10 1.471754743343170832e-09 5.459523834834246659e-09 1.870153578694826642e-08 5.608019359750769695e-08 1.497310503338966839e-07 4.016962207456860406e-07 1.080004350653902804e-06 2.922257512160280647e-06 7.930740235166200240e-06 2.154553287933374893e-05 5.857754239835688564e-05 1.599703668430172820e-04 4.410263552928614448e-04 1.244546936432597067e-03
3.219867509370721165e-02 1.244921191801535987e-03 4.411421340980969919e-04 1.600020247841395205e-04 5.856683975387111689e-05 2.154133031667123145e-05 7.931692388726762456e-06 2.921498803789556151e-06 1.075097835798545148e-06 3.961536431994434799e-07 1.453031168242729980e-07 5.350909077125145236e-08 1.902409514226115482e-08 7.180880073893624574e-09 3.554443997878203161e-09 1.750642804068517341e-09 8.683077059307060769e-10 1.205896544708882425e-10 -1.193467569677039113e-10 -2.037252068470637748e-10 -2.174735296030592709e-10 -2.037783274665082974e-10 9.254070738749056447e-13 6.657323272539357017e-11 1.002086506666861364e-10 -6.533056296408557796e-12 -3.619443419896613459e-11 6.691781310160721936e-11 9.994025694652025872e-11 4.642137169806358948e-11 3.983288816737826623e-12 -2.976363867440337360e-11 -1.939221542994663107e-12 -1.256749374301447340e-11 -2.907733434356133491e-11 -9.173637272917468722e-12 4.062056308016136841e-11 -3.306352860792823999e-12 -9.651081889324088981e-11 -1.099665229953742497e-10 -1.106019862367480682e-10 2.510395079944557122e-11 6.577686132600760418e-11 -1.276050757841751497e-10 -1.256781460480478733e-10 1.098515906372553565e-10 2.589125214189348645e-10 7.454215982413719243e-10 9.533177583086786096e-10 6.046942585137812885e-10 1.555375924293800759e-09 5.593464598159342869e-09 1.876583380224991874e-08 5.590306918596051155e-08 1.492753725143371373e-07 4.011478307085716265e-07 1.079615514042655899e-06 2.922006192607568423e-06 7.929922807164932903e-06 2.154292371472758973e-05 5.857203748002194209e-05 1.599609096705984304e-04 4.410079840396848483e-04 1.244499420110447771e-03
3.219814369828771783e-02 1.244910934797761231e-03 4.411404937018732417e-04 1.600060756627127480e-04 5.856994259776970900e-05 2.154244057732383161e-05 7.932125458402690963e-06 2.921658627714895669e-06 1.075365728555869489e-06 3.964110747456555631e-07 1.455560517788358990e-07 5.358246080448910020e-08 1.903781355297112102e-08 7.211189666317598472e-09 3.605810039034017398e-09 1.766594397579764605e-09 9.101456919214535400e-10 1.541650682882488353e-10 -1.313590374673804195e-10 -2.170084373664723970e-10 -2.087356666896004824e-10 -1.943002448187076747e-10 -2.203623147437323837e-12 6.137679455353684178e-11 9.926714160305290509e-11 -8.322871207292522774e-12 -3.865291358936707022e-11 6.289777726776548588e-11 1.020188293037549927e-10 5.236697822120974743e-11 6.796587098301704664e-12 -2.975937914391566763e-11 2.770826709380406903e-13 -1.142405689884897204e-11 -3.023200705576332483e-11 -1.010904051543883156e-11 4.182328038225577156e-11 -8.534972548123382645e-13 -9.693306489584543706e-11 -1.119920456839553658e-10 -1.103022843280550584e-10 2.829004827553210616e-11 7.423404441210578213e-11 -1.068593363064180051e-10 -1.003147238070339500e-10 1.294122484220440930e-10 2.754089687081258584e-10 7.327270997700297460e-10 9.043030103768425365e-10 5.621430844898500839e-10 1.551659184696771495e-09 5.622538039815687885e-09 1.886007438500860742e-08 5.605863005449242248e-08 1.494916598893569403e-07 4.013909589336418053e-07 1.079823795032005185e-06 2.922006770227541776e-06 7.929790043110781177e-06 2.154297877114147864e-05 5.857127507546301676e-05 1.599567512894020801e-04 4.409965826834886214e-04 1.244480410564803791e-03
3.219824220757517425e-02 1.244939440936408724e-03 4.411569243648208005e-04 1.600103602436861536e-04 5.856838414168461334e-05 2.154132372135069269e-05 7.931893393713824618e-06 2.921467089248420625e-06 1.075245641305590813e-06 3.961582156654445998e-07 1.453735313246510871e-07 5.361152162585860259e-08 1.913913729085097805e-08 7.304944878996713493e-09 3.630377927465919487e-09 1.763473158359901360e-09 9.058785145090023189e-10 1.468455146261901451e-10 -1.101572064087494517e-10 -2.007763898272374101e-10 -2.212755479730395466e-10 -2.118461216273409891e-10 -7.877365857608227151e-12 5.560625043471700568e-11 9.293939679057717705e-11 -1.044889636800001675e-11 -4.077273007538707380e-11 6.036057263682053601e-11 9.796157166241582380e-11 4.910629779841063791e-11 7.137909351934385949e-12 -2.941198155507768064e-11 -2.614806187304187672e-12 -1.359848698211936422e-11 -2.995218201172413171e-11 -8.674679014952316053e-12 4.148603715616659791e-11 -1.057165969578866198e-12 -9.630008157946146877e-11 -1.100685608076045272e-10 -1.049184418384293346e-10 3.044071362600669286e-11 6.676892351009882334e-11 -1.222455115382364382e-10 -1.129428820596034387e-10 1.219710738787954280e-10 2.779192955702732764e-10 7.315080420646903156e-10 9.088890050849929783e-10 5.868885415041071102e-10 1.499226184956252760e-09 5.432230081629673514e-09 1.863536197684899875e-08 5.588707633450258903e-08 1.495096272986087240e-07 4.016108717639681226e-07 1.080253909023047178e-06 2.922739305545548668e-06 7.930713182593207564e-06 2.154388973155304794e-05 5.857201064448702888e-05 1.599564597470333016e-04 4.409978424794123433e-04 1.244489757650471757e-03
3.219798851266131301e-02 1.245011975416617563e-03 4.411873621184524683e-04 1.600249350487088285e-04 5.857609490736152049e-05 2.154528182741247247e-05 7.933812520351692161e-06 2.922502298553168467e-06 1.075717441656503879e-06 3.964492549436408932e-07 1.455755914349374206e-07 5.366554770307148904e-08 1.910505265890949861e-08 7.220663211995059334e-09 3.594341024832951014e-09 1.775705522525524232e-09 9.158263843797812752e-10 1.626070788605782118e-10 -9.726401018170288459e-11 -2.032416829119880698e-10 -2.311751525776898500e-10 -2.166810379392174113e-10 -1.182162466506300270e-11 5.896399302104956916e-11 1.036754686977832294e-10 -2.518051392747175537e-12 -3.897181518302556548e-11 5.964479601630613687e-11 9.628760227087944249e-11 4.846437880883429626e-11 6.437157800574152152e-12 -2.764447243771019580e-11 -2.581182071892675127e-13 -1.279457130434892875e-11 -2.794112981486667360e-11 -5.955927743223795756e-12 4.351453459555747850e-11 -7.549464089927741737e-13 -9.857327059086920198e-11 -1.114616686550791095e-10 -1.084185295055889684e-10 2.377504026316086903e-11 6.847588264083079858e-11 -1.169794566967005891e-10 -1.179095408962975781e-10 1.061305500194894677e-10 2.373006671403382748e-10 6.767509918472972049e-10 8.782894856171874292e-10 5.509603014861111587e-10 1.502703334802366554e-09 5.547121827965638054e-09 1.879145611217307523e-08 5.600539120656831354e-08 1.494933852590877853e-07 4.014846983581988658e-07 1.080250698882631988e-06 2.922791092725169549e-06 7.931379428181633838e-06 2.154637110392067820e-05 5.857786031852295621e-05 1.599698140711033466e-04 4.410229175777298418e-04 1.244534003082215954e-03
3.219806280513756724e-02 1.244920583426927701e-03 4.411480285489808185e-04 1.600057249120305329e-04 5.856731142473676441e-05 2.154065588874594755e-05 7.931478811387117459e-06 2.921417602794484082e-06 1.075224566527614132e-06 3.961918112426965463e-07 1.453979240547416532e-07 5.360547953328566337e-08 1.911172510808712918e-08 7.258356372438881970e-09 3.578464354200800973e-09 1.759101611440865280e-09 9.173579323607671672e-10 1.751054027926976744e-10 -9.926269072876052120e-11 -1.979607320879737244e-10 -2.261849613401524123e-10 -2.228068842694129987e-10 -1.326950837716224158e-11 5.620014966824638090e-11 9.578310921819402108e-11 -9.412790350245257155e-12 -3.913058744559377015e-11 6.202764378946577231e-11 9.628510018596351389e-11 5.009914570487735556e-11 1.098432099633666785e-11 -2.772380074978432628e-11 -3.049973320902188523e-12 -1.371793922877266492e-11 -2.801263161970176771e-11 -5.680173676968290929e-12 4.644801043274799032e-11 2.882729921085174419e-12 -9.742514843698215690e-11 -1.127793257163695608e-10 -1.086721827976890168e-10 3.099422322874967295e-11 7.118429322806549181e-11 -1.186016761085451676e-10 -1.101200609664573413e-10 1.222534085913030240e-10 2.759412805915757875e-10 7.615047467707373168e-10 9.301126841309575080e-10 5.514228112670103811e-10 1.463320538575794331e-09 5.453184510397712587e-09 1.867757387596418452e-08 5.597079964699465948e-08 1.495310654710670652e-07 4.014025577887885189e-07 1.079758250432229035e-06 2.921783507423049882e-06 7.929095850022780114e-06 2.154148264389493537e-05 5.856819439565277900e-05 1.599488796789221067e-04 4.409762691231738202e-04 1.244423413702338589e-03
3.219824771440209232e-02 1.244942909228149118e-03 4.411533781909145755e-04 1.600087346914380614e-04 5.856990315588344210e-05 2.154275383317038697e-05 7.932694746974508528e-06 2.921756910151178328e-06 1.075346306655801864e-06 3.964593490758602298e-07 1.455887917465709524e-07 5.361069038786306012e-08 1.907163793186799902e-08 7.269192945274724039e-09 3.605428107524865591e-09 1.744118742199587754e-09 8.703903432494916602e-10 1.517021243502844309e-10 -1.120201532569180161e-10 -2.191095497120360613e-10 -2.367085443277059936e-10 -2.166921937489745335e-10 2.842430146634373564e-13 6.927502844325068101e-11 1.038448338621629773e-10 -4.946001631100378114e-12 -3.801615692616862414e-11 5.954588569286100841e-11 9.268860570263261695e-11 4.404943015888067056e-11 3.989929221997382946e-12 -2.957910081956348782e-11 -2.378929478233391603e-12 -1.175550542536881516e-11 -2.726350280141593681e-11 -7.548526000130359767e-12 4.286898886922800642e-11 -2.252928182649321140e-12 -9.912250836840729999e-11 -1.139491301150687137e-10 -1.135520986853231256e-10 2.200119132529689022e-11 7.024059911752766768e-11 -1.057481675880359556e-10 -9.961113863301185775e-11 1.192219022975099336e-10 2.520694387723299951e-10 7.196941350385124315e-10 9.236889059713897549e-10 5.842397487794870070e-10 1.509373400782978953e-09 5.540816960224006304e-09 1.880265554066123832e-08 5.598181707389789644e-08 1.494857935196277234e-07 4.012391148916637225e-07 1.079610623834030886e-06 2.922106914329547308e-06 7.930379199308386012e-06 2.154489286587877892e-05 5.857508105775613650e-05 1.599636532391828523e-04 4.410073068687809703e-04 1.244502784453420602e-03
3.219814621780712344e-02 1.244906468402101445e-03 4.411390845547823983e-04 1.600041818044753590e-04 5.856787075903126222e-05 2.154242387679533894e-05 7.932725477686268072e-06 2.921904425405146225e-06 1.075414067209267750e-06 3.963157839459011676e-07 1.453013909479050923e-07 5.337779126927518140e-08 1.895556869847326708e-08 7.218646890902186960e-09 3.602709336216449220e-09 1.794602672931106735e-09 9.102088655688066260e-10 1.663001615493592531e-10 -9.814306120540922436e-11 -2.022740378762787326e-10 -2.217418063659306898e-10 -2.074984635768191026e-10 2.687114195462148803e-12 7.051175597370197968e-11 1.036988011646842546e-10 -4.026350045092282630e-12 -3.440327562345746840e-11 6.243032746833420418e-11 9.360876768057197974e-11 4.551936131612476600e-11 8.053194915773881857e-12 -2.794095421835433405e-11 -1.900306656240538613e-12 -1.295185200158078813e-11 -2.873498517412577366e-11 -6.991558265319172038e-12 4.345063701678389713e-11 2.225672074244778984e-12 -9.212577207144429864e-11 -1.092225142131464292e-10 -1.083871374953664625e-10 2.545710840592849054e-11 6.177108489920833622e-11 -1.246595354185003814e-10 -1.177388635595688870e-10 1.081306037456257464e-10 2.496915446633628742e-10 7.222118608717305383e-10 9.256466878242191097e-10 5.876606396225436030e-10 1.512740420962433017e-09 5.467451673370923920e-09 1.862168256523823536e-08 5.586934024473476938e-08 1.494790883838118965e-07 4.013940829847396534e-07 1.079799115313573596e-06 2.922146928217036017e-06 7.930126578651286340e-06 2.154354067456591671e-05 5.857282658148644502e-05 1.599621133441074127e-04 4.410107905241042740e-04 1.244513724516157398e-03
3.219801505343699438e-02 1.244986643335850964e-03 4.411752581533331052e-04 1.600168835580869319e-04 5.857213151750666398e-05 2.154409783434745428e-05 7.933455326541695657e-06 2.922317607610798827e-06 1.075654336462684845e-06 3.963283217384450705e-07 1.453619801461490849e-07 5.349926364538497770e-08 1.900987122899616600e-08 7.194080226230613251e-09 3.603189374431371284e-09 1.799889314082865176e-09 9.371809068595353762e-10 1.944478928028704296e-10 -8.840620413629413691e-11 -2.119927013881094580e-10 -2.455317690736783320e-10 -2.240434332527234459e-10 -6.304580859481713541e-12 6.394660236165212606e-11 9.883499256260261136e-11 -8.488310577224359082e-12 -3.951688316044744799e-11 5.965348736379144723e-11 9.483226494831512446e-11 4.697483896728753560e-11 8.169044302263185698e-12 -2.851700288242488446e-11 -7.712014605544245711e-13 -1.085217507231291943e-11 -2.690978529413211271e-11 -6.928866086160655550e-12 4.169914582006296211e-11 -3.546364372270215069e-12 -9.939557376712905546e-11 -1.132038796643384161e-10 -1.100014827230984381e-10 2.504743371673866062e-11 7.054294540285153411e-11 -1.182420197136841229e-10 -1.217951086661602924e-10 9.842219816729107187e-11 2.375637861112987084e-10 7.276991241202094699e-10 9.481249085140667923e-10 5.870120175049744207e-10 1.497394772742367484e-09 5.464674940270434700e-09 1.869930408674602901e-08 5.609013654311334852e-08 1.497567223780050290e-07 4.016723086818483711e-07 1.080112710996762312e-06 2.922455089765001199e-06 7.930480849759642879e-06 2.154333211248911798e-05 5.857124879773843224e-05 1.599564055653433781e-04 4.410001173645098607e-04 1.244496917646410999e-03
3.219795276708591059e-02 1.244938127048168114e-03 4.411476635605066955e-04 1.600031197487458375e-04 5.856699691228772097e-05 2.154156943139929673e-05 7.932330374301622204e-06 2.921883973912444347e-06 1.075198410759786061e-06 3.960962368194338191e-07 1.453875222281272456e-07 5.355239020423113869e-08 1.903723396544389015e-08 7.263212297367314992e-09 3.631355627221561878e-09 1.761951847158885098e-09 8.794387568843502652e-10 1.466469254716705419e-10 -1.076606803354279144e-10 -2.181372137624943351e-10 -2.241750923962564317e-10 -2.023419118007246307e-10 2.543426713111985940e-12 6.690520016296371814e-11 1.041536305802807565e-10 -7.430789110920110857e-12 -4.095003643480525905e-11 5.790013586626918310e-11 9.490652984562753320e-11 4.822113607263450256e-11 6.669862654656455265e-12 -2.843727875340306492e-11 1.851920299459492102e-15 -1.302716386406316760e-11 -3.154057433529518971e-11 -1.061512954158111321e-11 4.172064321246241505e-11 -1.370777388977495680e-12 -9.943224565157289206e-11 -1.147786189106225541e-10 -1.126610226599968873e-10 2.283225121344646796e-11 6.558896422275869159e-11 -1.211171077939013866e-10 -1.190533096626586886e-10 1.118847559163554040e-10 2.691480754816712025e-10 7.634292843860574906e-10 9.576527529296856955e-10 5.930809495857270382e-10 1.528821926195986423e-09 5.531977400099024849e-09 1.877236194684670778e-08 5.608323551529514586e-08 1.495619970817932222e-07 4.013437886699764284e-07 1.079886021010062364e-06 2.922326931289446326e-06 7.930822038194523712e-06 2.154535021272246386e-05 5.857703214608211349e-05 1.599700476407805365e-04 4.410354485381743164e-04 1.244575559640085510e-03
3.219813098626371495e-02 1.244919646155398648e-03 4.411468322418155095e-04 1.600086642913267024e-04 5.856947025211026994e-05 2.154245264522096554e-05 7.932483712853149441e-06 2.921799112643457346e-06 1.075347279165249967e-06 3.963411058262607867e-07 1.453962127004578548e-07 5.348941213985516076e-08 1.898664128414058492e-08 7.151580864697347286e-09 3.554701200398828139e-09 1.757979050402198654e-09 8.983460121525277656e-10 1.654844819641215281e-10 -1.046968278002968498e-10 -2.174192789313236539e-10 -2.372272811223563933e-10 -2.202021990521345403e-10 -8.103345461235153607e-12 6.017570077524388560e-11 9.631698746548341316e-11 -8.254264193774019951e-12 -3.772601322653868858e-11 6.034084865219155580e-11 9.532441939137740337e-11 4.736291671343394186e-11 6.532854488325841435e-12 -2.912429955648413387e-11 -2.151556033870403676e-12 -1.271371081604671623e-11 -2.849911883681162819e-11 -8.427626949660242393e-12 4.088161754114842128e-11 -4.062906891541161724e-12 -9.490282580559064176e-11 -1.048114677731982353e-10 -1.008751328023318477e-10 3.491232356249090309e-11 6.793760803196953770e-11 -1.311983270022726984e-10 -1.190102019188029800e-10 1.295602051674409224e-10 2.753465549182434259e-10 7.479678248451782409e-10 9.414078956221891163e-10 5.787439737599754407e-10 1.501131697774754791e-09 5.480253375593631350e-09 1.870528800352379956e-08 5.602457882814303212e-08 1.496045004165432564e-07 4.014613361911529150e-07 1.079960883344733851e-06 2.922301734711494652e-06 7.930969487710021898e-06 2.154601831257433364e-05 5.857886033337186609e-05 1.599739089528073573e-04 4.410372580983664358e-04 1.244578607788392405e-03
3.219812924483724664e-02 1.244937066527062285e-03 4.411524744400381398e-04 1.600090478484305864e-04 5.857092139127888350e-05 2.154331970181583275e-05 7.932855202298838958e-06 2.921801061269066430e-06 1.075238318843160496e-06 3.962921271315240435e-07 1.454451163491239922e-07 5.355725097676824043e-08 1.902654385403434175e-08 7.228963189309491719e-09 3.592378775504581392e-09 1.743745944063251799e-09 9.066831915496297778e-10 1.765891842285465670e-10 -9.727676724141458795e-11 -2.043595598285139404e-10 -2.227093990710235316e-10 -2.168891907985174063e-10 -7.779235800892155770e-12 6.626794369502523863e-11 1.023598939569785814e-10 -6.795112360321451697e-12 -3.900898590769256869e-11 6.055685793277578546e-11 9.559544940980409502e-11 4.456176715867041654e-11 3.667978661463926720e-12 -2.941820510491353818e-11 -1.139538262484644870e-12 -1.174421465180936505e-11 -2.745445427105223817e-11 -6.628897870128406359e-12 4.306149966887512666e-11 -3.407924366383373442e-12 -1.012487193028594018e-10 -1.144628017610195853e-10 -1.113506231659061417e-10 2.750853617582464702e-11 6.828081223953191083e-11 -1.225624403138173844e-10 -1.172836873947043739e-10 1.234937763332182975e-10 2.713205121029141781e-10 7.305343477979487397e-10 9.305305602419815593e-10 5.825665909254190575e-10 1.520157901825196359e-09 5.536545612715197159e-09 1.872452506500242478e-08 5.593500135646792757e-08 1.494502816418839151e-07 4.014121289403413912e-07 1.079699358684474845e-06 2.921482779823524608e-06 7.929146750399226529e-06 2.154219189892890484e-05 5.857116238342311972e-05 1.599591225510428724e-04 4.410090745368254613e-04 1.244509503289446123e-03
3.219812297034261445e-02 1.244896020086176539e-03 4.411295710423884624e-04 1.599978582088046331e-04 5.856443696343726626e-05 2.154078518170583087e-05 7.932672622156014452e-06 2.922083537744966579e-06 1.075409390103256575e-06 3.961688713217160974e-07 1.454017601531908553e-07 5.362251161786950961e-08 1.902503933771792475e-08 7.188904428515873730e-09 3.602581910351019274e-09 1.789003356413677805e-09 9.035710889994156641e-10 1.694159643528989190e-10 -8.890447761585462035e-11 -2.009109017125644545e-10 -2.342578691009289125e-10 -2.226159679161896999e-10 -7.391062497251148812e-12 6.224523377078514388e-11 9.660392664812263404e-11 -8.779935963166234953e-12 -3.965500571858869779e-11 6.119835860088294599e-11 9.790953557384993008e-11 4.898329058623333781e-11 7.507228638979910260e-12 -2.757152419143579122e-11 -1.126838656788325654e-12 -1.315883674397415750e-11 -2.907997917109740042e-11 -7.194850384971342396e-12 4.355942824721577520e-11 -1.234034448956518814e-12 -1.000987694260908946e-10 -1.108607835930162229e-10 -1.061557342920354476e-10 3.058493330392342801e-11 6.423273211769368197e-11 -1.342768793958851405e-10 -1.435040109438837481e-10 7.685038961160684672e-11 2.213886849212478119e-10 7.106211686019865067e-10 9.049576178131221186e-10 5.512775410206256749e-10 1.522640015063217269e-09 5.519695998519881726e-09 1.874908665153225613e-08 5.601068257583113823e-08 1.494809407443587709e-07 4.014802125738385047e-07 1.079915035961184653e-06 2.922112981660575921e-06 7.930034384008498804e-06 2.154372379087132351e-05 5.857269639554763360e-05 1.599598285113515298e-04 4.410085243429954583e-04 1.244511335223998311e-03
3.219792205288056486e-02 1.244923748448272102e-03 4.411511210563594135e-04 1.600102648803713339e-04 5.857141250568559398e-05 2.154369250560283282e-05 7.933321593947474754e-06 2.922168329410917223e-06 1.075303476997449068e-06 3.962660218200067791e-07 1.455701177950303654e-07 5.365166783432657226e-08 1.903091794339572014e-08 7.145739429022391548e-09 3.562992110760303895e-09 1.729194066155161153e-09 8.524558254429929414e-10 1.411988017963511649e-10 -1.081536371995082302e-10 -2.100657998258534946e-10 -2.285506658347731914e-10 -2.133269127711529064e-10 -7.807155453977269597e-12 6.522400473529624612e-11 1.046943820215662776e-10 -5.626035759756269074e-12 -3.979249073433301567e-11 6.064140543084158460e-11 9.779194756626328904e-11 4.945399497794273808e-11 6.434692066949901609e-12 -2.939905883327007933e-11 -3.268762754247891898e-13 -1.178040413558374375e-11 -2.899575303950958163e-11 -7.120568674924531748e-12 4.306129600843374895e-11 -1.997501153200919751e-12 -9.655059336942311882e-11 -1.094551789581599945e-10 -1.123943619896009794e-10 2.216776260906811967e-11 6.205741943409098878e-11 -1.295942836131621684e-10 -1.308065619123936934e-10 9.677192711651764326e-11 2.412309575726745672e-10 7.206703019441681368e-10 9.462614491667806016e-10 6.157784445817112231e-10 1.512872278824209486e-09 5.484678077300402863e-09 1.874176383818189357e-08 5.597792008806280046e-08 1.494645094712956312e-07 4.013706712438508848e-07 1.079735402045964139e-06 2.921830896561034364e-06 7.929616215140308802e-06 2.154274136902005609e-05 5.857148973153400429e-05 1.599589428442963455e-04 4.410063208224848153e-04 1.244508772873029537e-03
3.219806627934991561e-02 1.244923692320496064e-03 4.411394416621554761e-04 1.600032017417922774e-04 5.856950852865482862e-05 2.154300196849471359e-05 7.932500107250699237e-06 2.921644499991474792e-06 1.075267378659877984e-06 3.962334101595586967e-07 1.453166482782325326e-07 5.348033402890852018e-08 1.907301699964478573e-08 7.205957546221781256e-09 3.552806559211956442e-09 1.732511312569467301e-09 9.196867549714466300e-10 1.905840232968887753e-10 -8.926738814130587809e-11 -1.995310980348605530e-10 -2.156693406506054921e-10 -2.016391745138114730e-10 -5.216092777674248493e-13 6.311176460380547661e-11 9.921047150270134236e-11 -6.821964167644433052e-12 -3.845977719213599021e-11 5.984563532124320291e-11 9.582570300573037248e-11 4.786479427030081208e-11 6.987467651149761835e-12 -2.749618523263885409e-11 -1.127087279664424258e-12 -1.251187229549434134e-11 -2.933209869902308379e-11 -9.235037259912935515e-12 4.037029425111285404e-11 -1.281138109325807746e-12 -9.605965528814694810e-11 -1.113491709526308188e-10 -1.108040095372548180e-10 2.872858999477674628e-11 7.869071436843177693e-11 -1.106018341526055917e-10 -1.138392410720007596e-10 1.194482020905439082e-10 2.737476500922769979e-10 7.480331962520301040e-10 9.406890762131853761e-10 5.944235110906410734e-10 1.551742410320013062e-09 5.559957418589609889e-09 1.873499075857255398e-08 5.583481209464326241e-08 1.493677115808596215e-07 4.013789096151640550e-07 1.079930664586157476e-06 2.922165455159508054e-06 7.930579150849778922e-06 2.154553142547055875e-05 5.857765278961093910e-05 1.599739877337884991e-04 4.410388396021570467e-04 1.244573583937210121e-03
3.219842630793746940e-02 1.244932548465150926e-03 4.411515154792612506e-04 1.600071334786062752e-04 5.856823043607647619e-05 2.154193738034469415e-05 7.932587732735139942e-06 2.921986569052006999e-06 1.075426945777504590e-06 3.963453340200618566e-07 1.455393941565118532e-07 5.359389112983416803e-08 1.902333117191318888e-08 7.176796693935719782e-09 3.553594194365958308e-09 1.747069679501221327e-09 8.857673655283694542e-10 1.345705710050276106e-10 -1.206308938482184195e-10 -2.253932695321449109e-10 -2.399732157613329523e-10 -2.191476649303138883e-10 -6.333223978320095195e-12 6.654305219394467091e-11 1.047144426231639185e-10 -2.921771717049660742e-12 -3.340870270397194192e-11 6.494741170637510158e-11 9.996608659134284510e-11 4.947440561201925914e-11 5.240672134480778794e-12 -2.828394276399975834e-11 -3.860846201666186552e-15 -1.099729906918831128e-11 -2.715091115782444574e-11 -6.968496876044529848e-12 4.134196865325180230e-11 -3.306628169254500172e-12 -9.875919514758697108e-11 -1.090533437380151679e-10 -1.088895686579573932e-10 2.817383895947703659e-11 7.446943520606115246e-11 -1.147339107155690899e-10 -1.074360309233031245e-10 1.212221509937438555e-10 2.768696999806756690e-10 7.591603124538397949e-10 9.495883993134966835e-10 5.903318660923044091e-10 1.541882606856323759e-09 5.562110691067086471e-09 1.873733352570081238e-08 5.593423482035150034e-08 1.495299294619117593e-07 4.013601977910496962e-07 1.079518300984975540e-06 2.921584737780690486e-06 7.929424592160921122e-06 2.154366800381112739e-05 5.857408144793468539e-05 1.599631059742235911e-04 4.410100488832837946e-04 1.244504786318995169e-03
3.219783190654187943e-02 1.244915733203924742e-03 4.411429295274696969e-04 1.600060340778826590e-04 5.856916206102203326e-05 2.154228459618911197e-05 7.932910047957181555e-06 2.922300300738324936e-06 1.075621453521572312e-06 3.966201612246862515e-07 1.456920611682623685e-07 5.366069446829205295e-08 1.902691533673515060e-08 7.167342934269359771e-09 3.523496126743996261e-09 1.694268003247755895e-09 8.710074065466890831e-10 1.563682771511038800e-10 -9.864860678664064559e-11 -2.032311117748843484e-10 -2.221302658534940073e-10 -2.042463635929282780e-10 3.064686879632046392e-12 6.830310033476717239e-11 9.993987476664808889e-11 -1.056907006106386537e-11 -4.442043522778751644e-11 5.804822190849120316e-11 9.500207282110038477e-11 4.774946801264313876e-11 8.187242050496811351e-12 -2.705246586730270209e-11 1.401023729930174520e-12 -1.207464499490038426e-11 -3.224210445463567672e-11 -1.298253969459658236e-11 3.918483416403673914e-11 -4.078258520923110285e-12 -1.009211749989013219e-10 -1.122967709012913417e-10 -1.078200070695939295e-10 2.832364453031778427e-11 6.669793961368985147e-11 -1.268186585534964512e-10 -1.133722669113774478e-10 1.272437930977979809e-10 2.597754255354036074e-10 7.214212320480870742e-10 9.169705896526170546e-10 5.932962005474589801e-10 1.543004398492805066e-09 5.535559337271973453e-09 1.870503980686939140e-08 5.593874844186989211e-08 1.494863768059069103e-07 4.013044662045328086e-07 1.079792022099927745e-06 2.921932133696966153e-06 7.930263117667827932e-06 2.154501196371903511e-05 5.857569220354442318e-05 1.599648302460695279e-04 4.410118040031914396e-04 1.244515641893627301e-03
3.219839892439217699e-02 1.244919638557025546e-03 4.411495803697210866e-04 1.600058869941444037e-04 5.856742001923802819e-05 2.154129938325166524e-05 7.931994140587590944e-06 2.921508336565365758e-06 1.075276936865738697e-06 3.962991181894134003e-07 1.453850808436021993e-07 5.350155367895118817e-08 1.902190815444469905e-08 7.247223152145619131e-09 3.593270522902977725e-09 1.750083889286346802e-09 9.016570087896995042e-10 1.717872781558926307e-10 -1.130424865385862458e-10 -2.239427920440304496e-10 -2.363792536010422712e-10 -2.136011482037246665e-10 -2.986627190147593660e-12 6.254978870920125082e-11 1.010727288467225260e-10 -6.797641640441960178e-12 -3.919863964256481524e-11 6.037853678581710739e-11 9.878142782620429080e-11 5.028973671654338107e-11 7.990193139473380007e-12 -2.882419397966444447e-11 -1.460887090166420928e-12 -1.211903688413015448e-11 -2.860664556142731855e-11 -7.747243475023952697e-12 4.268567322369023306e-11 -1.986924865953115307e-12 -9.957684644022687450e-11 -1.168693550252579102e-10 -1.062953839800958196e-10 3.707914389608064670e-11 7.265950944700522868e-11 -1.147846346832801790e-10 -1.167148504136837502e-10 1.027241140209713599e-10 2.448894271937426365e-10 7.331075553689388185e-10 9.328898620766053587e-10 5.991162127657526864e-10 1.502194611315909546e-09 5.422427877065569256e-09 1.856845537612078545e-08 5.586377500337735286e-08 1.494880523626821422e-07 4.014494865708072708e-07 1.079860544309092749e-06 2.922072911506297888e-06 7.929572196335780594e-06 2.154212291559914810e-05 5.856946832406572680e-05 1.599524216930856045e-04 4.409915730887920319e-04 1.244467976175570685e-03
3.219803677211573872e-02 1.244991878060822165e-03 4.411739509778810769e-04 1.600201143590609877e-04 5.857468072346031217e-05 2.154496727748392195e-05 7.933417040033142824e-06 2.922338073032906700e-06 1.075600389988517471e-06 3.962926299300359470e-07 1.453862588596179628e-07 5.357204314767152089e-08 1.903129273658609838e-08 7.155201472504433644e-09 3.548636744554388433e-09 1.760405974047458183e-09 8.921937837438621377e-10 1.424222905228001205e-10 -1.211250624311661935e-10 -2.148536776487016189e-10 -2.285209566178644058e-10 -2.169530616434129663e-10 -1.368173375283935465e-11 5.752331661696739424e-11 9.446347695392218829e-11 -1.028340397411174076e-11 -4.070828581721501796e-11 5.793958901860084046e-11 9.514434950911525965e-11 4.729727584430779237e-11 6.206040504493353296e-12 -2.912320769583703156e-11 2.595474379334659405e-13 -1.029100003613539119e-11 -2.719086998694782022e-11 -7.710578230314171998e-12 4.324973085773884071e-11 -1.551511928726152018e-12 -9.709730012138813276e-11 -1.120115724074337292e-10 -1.099228047849554818e-10 2.575144090263715488e-11 6.777044659192406275e-11 -1.202020514784562692e-10 -1.213937655580933075e-10 9.581413376726814486e-11 2.456539414324343529e-10 7.415778565517654926e-10 9.614640869263495908e-10 6.207034574953525715e-10 1.536053937301896136e-09 5.481371247861267089e-09 1.864170899975249001e-08 5.592599435898243500e-08 1.494800942129613240e-07 4.014482781041461272e-07 1.079843018551397064e-06 2.922078737080279449e-06 7.930361817634789574e-06 2.154471987557002516e-05 5.857487200582755003e-05 1.599633496747516104e-04 4.410095976688447727e-04 1.244509930150034015e-03
3.219770616211825587e-02 1.244887179071664041e-03 4.411365575775704449e-04 1.600021791205610388e-04 5.856696311499351372e-05 2.154222143471346920e-05 7.932163901766326239e-06 2.921302599408023068e-06 1.074917858655937714e-06 3.960768403849243909e-07 1.454464998497031668e-07 5.357073243079270932e-08 1.905965454482499414e-08 7.212837591062956348e-09 3.617689209655117116e-09 1.789752188401451528e-09 8.992037927094260487e-10 1.664478188429222457e-10 -8.560266428857678795e-11 -1.997409360002043627e-10 -2.173848681244926165e-10 -2.033448117486047462e-10 -3.438592467089322843e-12 6.200047684785712539e-11 1.023175520053304269e-10 -6.399410977555553752e-12 -3.937072026977004581e-11 6.101565885007623580e-11 9.567797935648960454e-11 4.848780905501732764e-11 8.200444060065822800e-12 -2.731785462914258252e-11 4.535654151147082933e-14 -1.301766817609066304e-11 -2.974371064638830999e-11 -8.456119283811821482e-12 4.089319872604864968e-11 -4.291941171211777608e-12 -9.722733857062233641e-11 -1.077607513170358384e-10 -1.090927592506685329e-10 2.763454928965182031e-11 7.158960245816100595e-11 -1.199153314698451382e-10 -1.288763731683110325e-10 8.659230614341487655e-11 2.424502745530919030e-10 7.418806229643093593e-10 9.701352171063753186e-10 6.501502252044055762e-10 1.603242671145324451e-09 5.583096997364370709e-09 1.880822978238397376e-08 5.609905561562992456e-08 1.495971460187657896e-07 4.014842958624728575e-07 1.080117593330220893e-06 2.922605111483052927e-06 7.930664434388858097e-06 2.154433879164288819e-05 5.857447011216479840e-05 1.599627080095329299e-04 4.410072422092969858e-04 1.244488395974530266e-03
3.219768486048248113e-02 1.244912063337422908e-03 4.411460248678960531e-04 1.600089096750183671e-04 5.857068025125144285e-05 2.154369652163262738e-05 7.933165016677712607e-06 2.922156409383115443e-06 1.075470627704312957e-06 3.962672181055746703e-07 1.453367046305615921e-07 5.349904568308851521e-08 1.902916579323777312e-08 7.193129592602861512e-09 3.578107646540035680e-09 1.742824704334427273e-09 8.675626472765353034e-10 1.346456831480171633e-10 -1.155974875358897712e-10 -2.046931602880787618e-10 -2.259800771044618127e-10 -2.154861060391375966e-10 -4.467515237819085738e-12 6.626981336641948814e-11 1.027029762807389514e-10 -9.731306047669598968e-12 -4.122172439688385663e-11 5.959825928294440793e-11 9.647548109201714307e-11 4.797673320602969421e-11 6.210446810778020228e-12 -2.954344343437281779e-11 -1.251640904884880797e-12 -1.212497257231652073e-11 -2.956078442329378056e-11 -1.059132555963577215e-11 4.107738160852130056e-11 -2.450609849761002671e-12 -9.814389834150302599e-11 -1.140167646852444623e-10 -1.130364200092500695e-10 2.730312916658280046e-11 6.098663729374802190e-11 -1.287000129224519532e-10 -1.238906583499604748e-10 9.819235823130282469e-11 2.425064338670038018e-10 7.123394430183111558e-10 9.150815415444411667e-10 5.632065866879874086e-10 1.501754296068045591e-09 5.542342128959163897e-09 1.880725301483379569e-08 5.607140824731842428e-08 1.496152846344683131e-07 4.016093177649569551e-07 1.080181569716744883e-06 2.922444857359392002e-06 7.930488017137353774e-06 2.154450144850955924e-05 5.857584848481515750e-05 1.599697133656768997e-04 4.410338001764591812e-04 1.244566894212013148e-03
3.219787198192892996e-02 1.244955055767808186e-03 4.411617363110294818e-04 1.600132342235773019e-04 5.857164324707142430e-05 2.154367951797225597e-05 7.933073488596689691e-06 2.921769896672566378e-06 1.075375427506521910e-06 3.964646277303482233e-07 1.455488006577238010e-07 5.352449210656599070e-08 1.900616623492373251e-08 7.175424529158960533e-09 3.598623395348573966e-09 1.801808466237476974e-09 9.092053215112886993e-10 1.464794402412831120e-10 -1.237596613658246317e-10 -2.249412686576962771e-10 -2.397442566723212530e-10 -2.137177232084325802e-10 2.363085823459670746e-12 7.009086321093502509e-11 1.033827153085633579e-10 -6.339267445543619834e-12 -3.749516189470700882e-11 6.251391826024154052e-11 9.757937290755885127e-11 4.812807854670759196e-11 6.974010306878332595e-12 -2.903444320770783844e-11 4.496933772172516288e-13 -9.476285543672947658e-12 -2.648908163553994767e-11 -7.051975313618912157e-12 4.045149525367435762e-11 -3.275733570018711749e-12 -9.956457161786047634e-11 -1.143550073289385808e-10 -1.095528974908363845e-10 2.378858968593334409e-11 6.028775927111582396e-11 -1.213941490832382717e-10 -1.133793356927519993e-10 1.316703527414401551e-10 2.914135626744777526e-10 7.643560041190605302e-10 9.700788880611159845e-10 5.888832247003140476e-10 1.513024392017550720e-09 5.527623252123899326e-09 1.875514076604197276e-08 5.604682785462410945e-08 1.496092818465031415e-07 4.014094949417481813e-07 1.080023237056695669e-06 2.922227005413025306e-06 7.930231437633006685e-06 2.154460791049602635e-05 5.857412876255712703e-05 1.599601794619581860e-04 4.410026252134203865e-04 1.244500491521934428e-03
3.219813706641288381e-02 1.244995758635589721e-03 4.411787610430514643e-04 1.600191887990457472e-04 5.857409954683158508e-05 2.154486236987596795e-05 7.933719125317525311e-06 2.922296632744545369e-06 1.075486362741817680e-06 3.964111163114351806e-07 1.455296521646654698e-07 5.359455448565603611e-08 1.901990068605776889e-08 7.160740055028982924e-09 3.546933475166309361e-09 1.746584813333153957e-09 9.279426208177107290e-10 2.045387063561869847e-10 -7.232610887343378605e-11 -1.906059177971379976e-10 -2.305578110373330776e-10 -2.191612720000345412e-10 -1.603497428556906594e-11 5.656035857740195228e-11 1.020497385336436715e-10 -6.099669162187335341e-13 -3.450678114537220596e-11 6.229555529827381349e-11 9.881809854555186568e-11 4.940142278111093585e-11 6.433669931853127909e-12 -2.943918439587797634e-11 -8.206283580756745187e-13 -1.238815066311944222e-11 -3.007383449118903314e-11 -1.036556759263958298e-11 4.102052092799695968e-11 -1.219311759672931319e-12 -9.717646847773426990e-11 -1.108197536808155570e-10 -1.093458936200634180e-10 1.979518508308583485e-11 5.558357857249324744e-11 -1.226552955896297705e-10 -1.062817409249426882e-10 1.222792887907571289e-10 2.678373544034871096e-10 7.531399255377493134e-10 9.390358154351546625e-10 5.696791942316385188e-10 1.533704416904318775e-09 5.547978453546336727e-09 1.877262458176340202e-08 5.599604280958994923e-08 1.495776683932843105e-07 4.015251814355542531e-07 1.079973169941143611e-06 2.922490406968793195e-06 7.931100766101116881e-06 2.154598266546911496e-05 5.857794480183234933e-05 1.599733546401626086e-04 4.410376456244065563e-04 1.244569820174743283e-03
3.219806095075235242e-02 1.244848457573710047e-03 4.411128563969430672e-04 1.599936029932530783e-04 5.856517715162725611e-05 2.154193687410546501e-05 7.932454441831267208e-06 2.921670278813669046e-06 1.075488738475496059e-06 3.964532038660876995e-07 1.455620562064548656e-07 5.365361059332314053e-08 1.907732080266740176e-08 7.228350238474389849e-09 3.607129593873349077e-09 1.767935286509849447e-09 8.737430148633231001e-10 1.426732454569034631e-10 -1.119966246245640824e-10 -2.160533905062568673e-10 -2.368699045109127337e-10 -2.228014547970137184e-10 -7.650603532517371514e-12 6.307672023385618295e-11 1.010892539982754115e-10 -3.835813315742662187e-12 -3.779121587875886162e-11 5.983713903615700147e-11 9.608369697371160652e-11 4.840804761074951714e-11 6.882729457968941075e-12 -3.006505511704339527e-11 -1.303264287624207241e-12 -1.073294802012002808e-11 -2.816836884810133131e-11 -8.895445226659538876e-12 4.160684579911885289e-11 -1.452829396826080966e-12 -9.577378501965293563e-11 -1.079134563827563963e-10 -1.007798733747116778e-10 3.376199927003378180e-11 6.681215086753397272e-11 -1.224472663430945232e-10 -1.078126446181419792e-10 1.411673766280889403e-10 2.892311834560496006e-10 7.504678443074446971e-10 9.174079324744592287e-10 5.518740977594344263e-10 1.496356770431195475e-09 5.536166361081473965e-09 1.874074282584258109e-08 5.597920327434725132e-08 1.494133963600104131e-07 4.011878317968398672e-07 1.079624960613403388e-06 2.922222513332380792e-06 7.930967907215924484e-06 2.154600074084780606e-05 5.857671113480194728e-05 1.599694562129356059e-04 4.410328211968965093e-04 1.244565455594293405e-03
3.219801949743907044e-02 1.244937577276022771e-03 4.411561214696719971e-04 1.600055440296716913e-04 5.856806984430386239e-05 2.154199314848753087e-05 7.932056087104488598e-06 2.921396778328850013e-06 1.074913178379302223e-06 3.962050056641913679e-07 1.454594394477626958e-07 5.354124465812336578e-08 1.903513126051340375e-08 7.219093144659746686e-09 3.544783137286658749e-09 1.696275697257444766e-09 8.425851598677944429e-10 1.223000184640347052e-10 -1.354823168985251726e-10 -2.196451345634488159e-10 -2.325454270901618766e-10 -2.191839398908875739e-10 -1.338734844294033761e-11 5.667631807700587408e-11 9.639906167444573725e-11 -9.976683452230971369e-12 -4.131318694818617087e-11 6.114522521314972899e-11 9.856548059292137335e-11 5.047858006873130060e-11 6.105113176621813040e-12 -3.045016749338255375e-11 -3.313023616187665701e-12 -1.477305124704679059e-11 -3.111932670584545977e-11 -1.039131860936349974e-11 4.084470611121652116e-11 -3.906675356598668761e-12 -9.739004770281071862e-11 -1.119367100966915498e-10 -1.141180825951986825e-10 1.812520651787843141e-11 5.811806984569493616e-11 -1.253114407479427932e-10 -1.053473969263646467e-10 1.335449932290736523e-10 2.697861099209424680e-10 7.322502658535781908e-10 9.120336046295339634e-10 5.315579708066493971e-10 1.499746838881460839e-09 5.532602866765845677e-09 1.878174912144781403e-08 5.605851883404419112e-08 1.495293174428034406e-07 4.014846687604900143e-07 1.080198243989207987e-06 2.922764092147008043e-06 7.931264879919998860e-06 2.154483494378718009e-05 5.857416406159967882e-05 1.599657478937418413e-04 4.410248820461686731e-04 1.244541985870209954e-03
3.219820289510071099e-02 1.244896670597255353e-03 4.411393397664889297e-04 1.600048823519647351e-04 5.856815025005833176e-05 2.154186495097599167e-05 7.932043599360353127e-06 2.921526905330978103e-06 1.075355058192720889e-06 3.963459254882992609e-07 1.454824027729347774e-07 5.353993879455823220e-08 1.898323288847699533e-08 7.164434328843121218e-09 3.580015091726893028e-09 1.753799448110199301e-09 8.866089282293335536e-10 1.403999071779339483e-10 -1.189816285884328895e-10 -2.188978199484717627e-10 -2.434708616389059168e-10 -2.228586765897356824e-10 -5.937101997923501366e-12 6.312689454218187500e-11 1.016352884399776954e-10 -4.113982823638830096e-12 -3.775649512759896204e-11 6.052497547791060166e-11 9.618184859619766899e-11 4.745027960882587639e-11 5.210352445886729403e-12 -3.014900713767695178e-11 -1.379694731174138345e-12 -1.129849666030459163e-11 -2.977025133545418632e-11 -1.104739238527340994e-11 3.941521853778629588e-11 -4.032911124968369098e-12 -9.952972658014002184e-11 -1.092122751297441111e-10 -1.033008181830450288e-10 2.818579360490577240e-11 6.217180571533883233e-11 -1.274602553887725521e-10 -1.255123523685932856e-10 1.111932505435554327e-10 2.711072417280005311e-10 7.548099642253105644e-10 9.629103663068599714e-10 5.969615450525219680e-10 1.481485206820192389e-09 5.480813262246884205e-09 1.879148223142394710e-08 5.607940850585176180e-08 1.495361997110996742e-07 4.015199991866503881e-07 1.080137709156627546e-06 2.922510451780781290e-06 7.930357849313571816e-06 2.154348365945205787e-05 5.857264245737897769e-05 1.599600142552709884e-04 4.410060871779703808e-04 1.244491681875661750e-03
3.219799198507122123e-02 1.244883281114480666e-03 4.411289310697501568e-04 1.599987108962246812e-04 5.856743420944092140e-05 2.154298683193444803e-05 7.932950252981455026e-06 2.922047205769187406e-06 1.075519867325195515e-06 3.964585474758966879e-07 1.455396381794488288e-07 5.354031783319976115e-08 1.901761057277373088e-08 7.204146318599061614e-09 3.609392175425665027e-09 1.753206283909659819e-09 8.579705448539236609e-10 1.260754431886851762e-10 -1.227327317204871142e-10 -2.303337739763588309e-10 -2.371744462944540816e-10 -2.092646014613149018e-10 -1.775608055062019636e-12 6.489423031662106755e-11 1.030290772985288325e-10 -4.466239137105024557e-12 -3.569065902365823868e-11 6.384861605621407678e-11 9.874502080877848302e-11 4.891245894907348822e-11 5.358311146980516794e-12 -3.067925677619697481e-11 -1.218657443820016434e-12 -1.294462802205372606e-11 -3.092597668633035971e-11 -1.139278073577292309e-11 4.090394732571775899e-11 -5.735230589918196004e-13 -9.659018960074214155e-11 -1.079232577989734178e-10 -1.043913884355858926e-10 3.431098089538402501e-11 7.622094302908858603e-11 -1.186731082396620631e-10 -1.063889770943491557e-10 1.270177629001648051e-10 2.529969128257165866e-10 7.324436814053814741e-10 9.394233936110328246e-10 5.728831070041224165e-10 1.540143158054932800e-09 5.582561494394497530e-09 1.884030455055433237e-08 5.619640697419253047e-08 1.496959133714789198e-07 4.015503163625572864e-07 1.079971739228842160e-06 2.922413141949397183e-06 7.931130232334272813e-06 2.154519341584112439e-05 5.857407045976119309e-05 1.599622132655472687e-04 4.410137672391495193e-04 1.244521193376667495e-03
3.219808637466896328e-02 1.244912825257648821e-03 4.411413563674908929e-04 1.600053168825677223e-04 5.856973100978579954e-05 2.154394479494022707e-05 7.933261868504528486e-06 2.921625473774086556e-06 1.075035700675342111e-06 3.962331750419275731e-07 1.454424060039801847e-07 5.356799078156558259e-08 1.902320502640812173e-08 7.201232455193495573e-09 3.595420436571487191e-09 1.782195084056817680e-09 9.151290570916709885e-10 1.766567499112318478e-10 -1.001663355685086712e-10 -2.127350682650843251e-10 -2.202055842900472547e-10 -1.993919803220165543e-10 1.493961291609139412e-12 6.356492644833649154e-11 1.059053816832943563e-10 1.393002824349378511e-13 -3.652717703879395743e-11 6.240515970887583059e-11 9.798039964348580749e-11 4.932077247213302905e-11 7.785235305678900825e-12 -2.880563198831185783e-11 -1.301217725567062281e-12 -1.324504773581562833e-11 -3.079955001513098645e-11 -8.913820232841537111e-12 4.407318560784122613e-11 2.075943376203883901e-12 -9.613088093960850617e-11 -1.163252111406483584e-10 -1.149155999566896717e-10 2.719570857934673620e-11 6.633739223366467491e-11 -1.251651723070676646e-10 -1.204793405553639587e-10 1.119881902059996587e-10 2.537230809106702764e-10 7.310933610232743039e-10 9.443551216934748839e-10 5.871258045012264738e-10 1.528629203404338818e-09 5.482183846705896904e-09 1.864266642014223482e-08 5.586783187039611121e-08 1.493856871468250761e-07 4.012277361048468431e-07 1.079590381759197272e-06 2.921947576360366492e-06 7.930109319271818935e-06 2.154365590248362235e-05 5.857242544927637544e-05 1.599574941471405105e-04 4.409984104737252222e-04 1.244476358612152563e-03
3.219803527470454368e-02 1.244949857238480907e-03 4.411582564990304371e-04 1.600144254532822675e-04 5.857360996927667005e-05 2.154473419081156290e-05 7.933638868061324879e-06 2.922361763867581186e-06 1.075494193443515260e-06 3.963392858281739848e-07 1.454789887793785842e-07 5.363147211248337857e-08 1.912327629308451098e-08 7.261871891387007984e-09 3.594616554925209843e-09 1.781602060743611594e-09 9.056478161662709556e-10 1.527252247635757045e-10 -1.217522147938937707e-10 -2.260541124463163949e-10 -2.334867528822222691e-10 -2.080909336394672409e-10 -3.393211769880279551e-12 6.104176830194369970e-11 9.703418956395909601e-11 -1.022452462913056030e-11 -3.964164631429155033e-11 6.181539772846635006e-11 9.685145548049765035e-11 4.848995902442425983e-11 7.329731560222392316e-12 -2.901145038015076295e-11 -1.875178762601798333e-12 -1.260677477088630554e-11 -3.142137885036782970e-11 -1.149562037939547789e-11 4.029682206999836269e-11 -3.386604829925737043e-12 -1.009264046398683926e-10 -1.133888350425012524e-10 -1.067705031539479760e-10 3.004483476282362073e-11 6.523765889843197726e-11 -1.243259107396255639e-10 -1.228759751700174134e-10 1.071595241789885120e-10 2.626988986652491043e-10 7.433591923894756177e-10 9.390195067934283778e-10 5.915986925178734303e-10 1.554791794809505266e-09 5.565787213751678339e-09 1.878249027701524629e-08 5.603449834247304013e-08 1.495518163892447619e-07 4.014559985328576120e-07 1.080030746464621259e-06 2.922558459745415206e-06 7.930928363035333374e-06 2.154535030415084782e-05 5.857624605527409297e-05 1.599669160561284064e-04 4.410217778805247961e-04 1.244541226046410806e-03
3.219837638163480786e-02 1.244878549946633632e-03 4.411255889120694489e-04 1.599960048083674943e-04 5.856386104888203773e-05 2.154035102257163971e-05 7.931825933746236839e-06 2.921499479500676322e-06 1.075039655944095765e-06 3.960907084320104365e-07 1.454063058548591543e-07 5.351630727335194107e-08 1.897631293750994364e-08 7.177018085862390120e-09 3.556554277612747370e-09 1.724192573060339025e-09 8.449680378302154884e-10 1.366632986549882860e-10 -1.087328040307257519e-10 -2.058338832588585478e-10 -2.244057512236471617e-10 -2.143325106324296093e-10 -8.566660920570804764e-12 6.604417167835706470e-11 1.063436242138491841e-10 -4.217455997167493060e-12 -3.824890320553171597e-11 6.031043198106246270e-11 9.766075181328725066e-11 4.827778708364438308e-11 4.266165228945476086e-12 -3.051694920467280617e-11 -1.171651630189648657e-12 -1.234762187310088795e-11 -3.056275174440371219e-11 -9.549585434552001499e-12 4.199616453706982412e-11 1.483946460310515301e-13 -9.138016858588736734e-11 -1.030639262220095721e-10 -1.026994996613988123e-10 3.009321606184837013e-11 6.820898107877170150e-11 -1.146386379490964360e-10 -1.029085315585518944e-10 1.243747553616646550e-10 2.638451548632438838e-10 7.442612306793460369e-10 9.558530366800058283e-10 5.723128641728144294e-10 1.485317342033604651e-09 5.486872261104715665e-09 1.871589679842888672e-08 5.593650811433974195e-08 1.493430819470070734e-07 4.012482356275686954e-07 1.079929609007219018e-06 2.922429832055215507e-06 7.930119502090587964e-06 2.154269979106978556e-05 5.857076741660436774e-05 1.599568314841145773e-04 4.409990253865459712e-04 1.244470130823031135e-03
3.219809568611597256e-02 1.244948306982171082e-03 4.411533195152309603e-04 1.600088255239137983e-04 5.856986847323594785e-05 2.154224583084083329e-05 7.932569116080526856e-06 2.922163836202038799e-06 1.075772216836757110e-06 3.967512197186531172e-07 1.456722146727022553e-07 5.371248724589121402e-08 1.912641060812828751e-08 7.237399017035933960e-09 3.562418322889462804e-09 1.703703431195675097e-09 8.377531780951612760e-10 1.326000600289578827e-10 -1.130373287586953959e-10 -2.155460234355649342e-10 -2.292215771489815455e-10 -2.108107790835158099e-10 -3.908571207054488747e-12 6.127038054219720569e-11 1.014118121248805954e-10 -7.853599528068908035e-12 -4.269614858174750852e-11 5.688581811208548655e-11 9.261763906471425528e-11 4.731605754844423324e-11 8.004346139004591561e-12 -2.608427348415707141e-11 1.943092191227129230e-12 -1.109878953815211109e-11 -3.050377894653379345e-11 -9.784310770985481230e-12 4.288026661983316441e-11 -1.040738455613390798e-12 -9.876067728677308802e-11 -1.127266224328652525e-10 -1.111285086193130196e-10 2.546051143643731217e-11 6.655070378336364469e-11 -1.211780749271247892e-10 -1.125334996888305274e-10 1.158544562109448400e-10 2.632387984886755111e-10 7.596516054813536377e-10 9.662186547411014684e-10 5.973854523223704080e-10 1.491727972479600063e-09 5.503422594525446985e-09 1.875149334684617661e-08 5.596211565849140247e-08 1.494866688616790805e-07 4.013715885579032172e-07 1.079852564206026902e-06 2.922233934274768395e-06 7.929739655381710348e-06 2.154191888172772215e-05 5.857147483874954990e-05 1.599647786909487327e-04 4.410193723417430637e-04 1.244525060489827788e-03
3.219821408039431898e-02 1.244920173050457698e-03 4.411415887465365321e-04 1.600047245005718083e-04 5.856880304013064795e-05 2.154266319222216563e-05 7.932638554476061278e-06 2.921745173615962552e-06 1.075373506669705051e-06 3.962856145461872080e-07 1.453555339249983809e-07 5.345273106315228761e-08 1.899801266782081949e-08 7.181329340015918276e-09 3.541742432719136733e-09 1.721397630903670893e-09 8.726127583393319772e-10 1.361485185029089590e-10 -1.256266819458460306e-10 -2.350779941956413427e-10 -2.458048158176348072e-10 -2.250517404305509311e-10 -9.652972503051923707e-12 7.192133678004936485e-11 1.087408938661536109e-10 -9.515559780110604318e-12 -4.544750360838301226e-11 5.894033947591150311e-11 9.969321758703759170e-11 5.110076409327861630e-11 8.473529212863441364e-12 -2.732649973455099144e-11 -6.828103416616174428e-13 -1.253019467545698277e-11 -2.976106185971177881e-11 -8.047634530483639883e-12 4.181656959239634374e-11 -2.079022402826015239e-12 -9.889276274958158307e-11 -1.129310445654572155e-10 -1.134407925230363596e-10 2.136444890516213419e-11 6.167188349995813402e-11 -1.241242066089932873e-10 -1.163110228376621207e-10 9.672361953995824096e-11 2.437004858086988496e-10 7.188938427332731949e-10 8.823756621969513912e-10 4.941921513964000804e-10 1.481728746378653349e-09 5.567402969873089217e-09 1.882015436600845403e-08 5.610340691973860251e-08 1.496781575635005125e-07 4.015943613983382889e-07 1.079842025396437360e-06 2.922064583425556873e-06 7.930581260871236203e-06 2.154585851190096501e-05 5.857823497681262560e-05 1.599728626329697818e-04 4.410316517097597117e-04 1.244549173912817917e-03
3.219829983051844535e-02 1.244868247764688643e-03 4.411160411753096587e-04 1.599906523038628799e-04 5.856250156398256615e-05 2.153957593240181118e-05 7.931406989982489435e-06 2.921396071359483677e-06 1.075277631352876639e-06 3.963098660917016101e-07 1.454323852413649982e-07 5.359130297560052167e-08 1.907937244443432725e-08 7.255637849607720469e-09 3.596974416940026146e-09 1.727693022696159915e-09 8.839314632702959372e-10 1.639102206602598078e-10 -1.070537334730446990e-10 -2.175884662088999156e-10 -2.359727638139975112e-10 -2.135350334368799016e-10 -5.190152051615278582e-12 6.226523164447210765e-11 9.810959800249403837e-11 -7.355216190688526863e-12 -3.987348086125826896e-11 5.859911489202498319e-11 9.589654981472792985e-11 4.910215399831078070e-11 7.420609644493366597e-12 -2.931389038793151588e-11 -1.828305786874411849e-12 -1.348760217325205715e-11 -3.035583064893962017e-11 -9.572685544141767894e-12 4.321708729094339580e-11 -1.143308116260304321e-12 -9.759321153495708403e-11 -1.109261246326187080e-10 -1.064070577431208367e-10 3.131684093469312800e-11 6.890855661596405411e-11 -1.231156573492439046e-10 -1.120550241058673137e-10 1.247049557242562517e-10 2.772180762645861794e-10 7.663207683833150052e-10 9.738762347165787958e-10 5.952144095428305669e-10 1.480957554105538779e-09 5.436455141338180869e-09 1.868930685153632471e-08 5.604796754151304627e-08 1.494583745070398721e-07 4.011759953017769017e-07 1.079503921297137392e-06 2.921837181596735355e-06 7.929988347814602244e-06 2.154298296266409592e-05 5.857024321357326039e-05 1.599552343115616176e-04 4.409959379955559174e-04 1.244475973487028930e-03
3.219851927516073631e-02 1.244861736079390900e-03 4.411167972208887740e-04 1.599935861402155581e-04 5.856453877530612482e-05 2.154127876282606438e-05 7.932645004003822091e-06 2.922088311102823020e-06 1.075220668967929010e-06 3.961558284173358085e-07 1.453758607875436654e-07 5.354901180303840551e-08 1.901169802408083050e-08 7.181608756284175892e-09 3.611044679916314277e-09 1.775051129607553728e-09 8.889932238797142883e-10 1.413462696029315542e-10 -1.239854084233356718e-10 -2.220860850753264924e-10 -2.323173274697799036e-10 -2.092993004196881010e-10 -9.333655953067926579e-13 6.727666238104211734e-11 1.046471216761956915e-10 -1.693816014444601925e-12 -3.509805820845468793e-11 6.411402177153459598e-11 9.921351217380036338e-11 4.978388791715827230e-11 7.359059334872209933e-12 -3.069834958874980580e-11 -2.453575381906346906e-12 -1.197280252744156078e-11 -2.989690769646100788e-11 -1.280658135305655971e-11 3.858462122354856816e-11 -2.943085493531655577e-12 -9.621637639913463374e-11 -1.079169848299970635e-10 -1.079817195556441932e-10 2.249626506990458662e-11 6.333593543183428881e-11 -1.148892776296688618e-10 -1.069344422254155748e-10 1.087042075281938945e-10 2.299226015233460211e-10 6.920828150893433442e-10 9.307432203357700913e-10 6.284639154154656137e-10 1.560203451599545944e-09 5.591168933796446159e-09 1.883756867953871098e-08 5.607091585089023172e-08 1.496028645907137391e-07 4.015235536157025145e-07 1.079766850104278274e-06 2.921915660812034798e-06 7.929890930089863430e-06 2.154367328742994573e-05 5.857377796753103635e-05 1.599603584712324951e-04 4.410048440313680119e-04 1.244489646461218206e-03
3.219839190606815782e-02 1.244908009321941955e-03 4.411353721688935194e-04 1.600020862725416455e-04 5.856658888649214292e-05 2.154162076770962830e-05 7.932840872021199244e-06 2.922111920825569114e-06 1.075431101952048475e-06 3.963131447863188460e-07 1.455322770431892386e-07 5.370921270120193448e-08 1.905306070804969467e-08 7.165176008512920000e-09 3.575109150401409049e-09 1.741254861575748976e-09 8.383063712040592310e-10 1.474122385189787232e-10 -7.780699145271589959e-11 -1.783909954012864630e-10 -2.041997994676398096e-10 -2.048579723596959186e-10 -3.044532930054316512e-12 6.137516990202385815e-11 9.934575586580770806e-11 -6.948016993113748864e-12 -3.936282654934272607e-11 6.123699512207136350e-11 9.631864166873475490e-11 4.849854697468317634e-11 7.872180266408206086e-12 -2.777965206055208887e-11 -1.632221580859656317e-13 -9.891746557212754186e-12 -2.737447687029329881e-11 -8.311241289765038189e-12 4.030281176603703703e-11 -4.900576161089410590e-12 -1.019005828212273597e-10 -1.134052035203410299e-10 -1.055377854469030142e-10 3.134799509177291627e-11 6.890324827800854421e-11 -1.183148447534726753e-10 -1.233794524866501664e-10 1.000418513976105986e-10 2.451153317036694693e-10 7.298756258921684891e-10 9.567679132615634269e-10 6.148206555469066691e-10 1.515780697589064363e-09 5.522057558045975789e-09 1.872398411254855754e-08 5.598627081680383945e-08 1.494868876242997120e-07 4.012870689157494154e-07 1.080045504304938991e-06 2.922402778813318795e-06 7.929924905954084476e-06 2.154247633224117242e-05 5.857017153805262559e-05 1.599558859816083731e-04 4.409959377376120233e-04 1.244469525281838643e-03
3.219816425453314590e-02 1.244955696677041423e-03 4.411617885575053449e-04 1.600131185747380013e-04 5.857119542231368570e-05 2.154317668305111427e-05 7.932955978879941322e-06 2.922201623086363280e-06 1.075628345846172927e-06 3.965601413441633375e-07 1.456237851014275055e-07 5.354934196015488370e-08 1.895906534096129625e-08 7.153926807465303105e-09 3.542507781076525148e-09 1.744259114447969872e-09 8.983913646283754793e-10 1.558264910796526237e-10 -1.159791254795648251e-10 -2.128460600339971433e-10 -2.288069810050632160e-10 -2.059618363327792119e-10 4.194600716828590027e-12 7.118889309238986018e-11 1.033049633599848249e-10 -1.034280362939619070e-11 -4.166766418419535628e-11 6.149910973641495342e-11 9.775721225285876055e-11 4.732028554259952804e-11 5.841286422756713239e-12 -2.811248044588200980e-11 -6.296417937514788241e-13 -1.265165085762066413e-11 -3.119257918079997506e-11 -8.484227306480543424e-12 4.496447311218385296e-11 -1.832248325251692557e-12 -1.003525361376045691e-10 -1.159900633527900198e-10 -1.156376185584292784e-10 2.192323676236160956e-11 7.378221646252176418e-11 -1.068284753978040291e-10 -1.035950211712388958e-10 1.233790402866376564e-10 2.616147867836046332e-10 7.256136511587605777e-10 9.400315969488516693e-10 6.079488067554019637e-10 1.532261261355658933e-09 5.508927406215391198e-09 1.870907982914298045e-08 5.605526018783317398e-08 1.495884697970928208e-07 4.014299142517175134e-07 1.079947408636216876e-06 2.922451767599616765e-06 7.930693119822528566e-06 2.154386006497303383e-05 5.857297334854488536e-05 1.599608574663955829e-04 4.410085193988949907e-04 1.244512974899440174e-03
3.219837027710291399e-02 1.244916143440387380e-03 4.411420722514277130e-04 1.600015591170531406e-04 5.856684947335256893e-05 2.154120963571177366e-05 7.932184408920348972e-06 2.921710020810963156e-06 1.075151001838026784e-06 3.962686296485379664e-07 1.454672447191997141e-07 5.350765291155020939e-08 1.897393675585697861e-08 7.187526242645308808e-09 3.537630801232922382e-09 1.752272222415191564e-09 9.111587572494804745e-10 1.469388254657124549e-10 -1.239271147940614448e-10 -2.228683869216014060e-10 -2.351281998561815074e-10 -2.122958550957642485e-10 1.684374427578598135e-13 6.566960576279763244e-11 9.973702324969818420e-11 -7.023400001865383705e-12 -3.913739249342878405e-11 5.768982710977958544e-11 9.428753575967591200e-11 4.567017914541187218e-11 7.403657760483863074e-12 -2.501252353101342993e-11 1.577989413624359069e-12 -1.101986357913273561e-11 -2.890760463611808572e-11 -9.148156521425523241e-12 4.108654685294524670e-11 -7.487880120005918730e-13 -9.270099417911869058e-11 -1.054835701233261539e-10 -1.081312493784189707e-10 2.113181605119557857e-11 5.532120000443117159e-11 -1.385310168656019925e-10 -1.383117017343203652e-10 1.061501601154665990e-10 2.609568151306491189e-10 7.310703888307052612e-10 9.093864155448220499e-10 5.698993564808260612e-10 1.532268267998291233e-09 5.523799408628546900e-09 1.879575163464622364e-08 5.605769344387185608e-08 1.495873123973795200e-07 4.015389732936342558e-07 1.080099619715774430e-06 2.922499240273385992e-06 7.930090914042880587e-06 2.154230349113388758e-05 5.856976601063739536e-05 1.599547056539893364e-04 4.409928485293806251e-04 1.244467266439188173e-03
3.219796381497670723e-02 1.244944674680315954e-03 4.411537033469324631e-04 1.600097063229694787e-04 5.856876867493934552e-05 2.154197606880368579e-05 7.932233129438891233e-06 2.921568137866744721e-06 1.075218779405815106e-06 3.963519812090887182e-07 1.455627855120677651e-07 5.365103973487888071e-08 1.911015871876370846e-08 7.242835051623046087e-09 3.577613938838974037e-09 1.744926023731678038e-09 8.951980028369447996e-10 1.764554023462769838e-10 -8.078435189707767377e-11 -1.970849520897114809e-10 -2.251449030982899727e-10 -2.155301791807253519e-10 -1.249177030420493020e-11 5.682882945014716745e-11 9.794373511087922244e-11 -1.062537867689026133e-11 -4.172692139364294340e-11 6.112506204961189480e-11 9.809961133555299276e-11 4.814507847709888013e-11 7.082744358054736501e-12 -2.725868561940313880e-11 5.577700924151521386e-13 -1.047796504019685032e-11 -2.947481909447834575e-11 -1.087276235541092963e-11 3.944570289203936998e-11 -1.976911141547416300e-12 -9.589948226156533854e-11 -1.103252020401685154e-10 -1.105409111863788133e-10 2.220362953062921499e-11 6.737772527493100515e-11 -1.173780643830861664e-10 -1.015624246119373083e-10 1.236216241519463213e-10 2.664438000995055198e-10 7.474250869800884041e-10 9.344480439558473190e-10 5.668229537880508909e-10 1.492295200037068472e-09 5.484786551132630056e-09 1.875648722066451932e-08 5.603936658256831089e-08 1.496177922877021487e-07 4.014320284156285454e-07 1.079742267220804678e-06 2.922143193126986996e-06 7.929959259592489392e-06 2.154312718104569051e-05 5.857174721485119680e-05 1.599577023228260220e-04 4.409974610598586873e-04 1.244480301875932520e-03
3.219788405301737821e-02 1.244912202821851256e-03 4.411350608111183451e-04 1.599980566998186499e-04 5.856440218548160446e-05 2.154026324211637524e-05 7.931367489032449097e-06 2.921453472813015779e-06 1.075263484892153751e-06 3.963994000001476715e-07 1.455126474021572449e-07 5.356008480819492968e-08 1.903161463673793074e-08 7.216704892112900294e-09 3.585014907296484621e-09 1.737324603604055058e-09 8.639258281421327691e-10 1.266992096105539670e-10 -1.189958739575838962e-10 -2.002426674263716100e-10 -2.159746900707008957e-10 -2.065768850725084333e-10 -5.108914722886110045e-13 6.392071504954112949e-11 1.001502040079118269e-10 -4.993269730682686410e-12 -3.783121851013050921e-11 6.097519363562950926e-11 9.532110001301673568e-11 4.715549652193909485e-11 5.928483580908269440e-12 -2.975526132510527785e-11 -2.141879670725559908e-12 -1.444434005540792131e-11 -2.862763201108526591e-11 -6.125727204953671659e-12 4.443393825729182872e-11 1.342865679671706517e-12 -9.689619133353923152e-11 -1.104891028054777292e-10 -1.055558490180286565e-10 3.480050901487893241e-11 7.642410520425721189e-11 -1.139035795251882738e-10 -1.201346393429497530e-10 9.378747644345196285e-11 2.341238405347742388e-10 7.275616013687150919e-10 9.376668389749670030e-10 5.703250224111084207e-10 1.532104563429581147e-09 5.564848665956612063e-09 1.882286018041401181e-08 5.605624413378882177e-08 1.495604391687221883e-07 4.014193988582206020e-07 1.079999668568569909e-06 2.922073176144829974e-06 7.929755768924717235e-06 2.154292857847096994e-05 5.857040395083027454e-05 1.599549771703178812e-04 4.409933056185883090e-04 1.244475170912279433e-03
3.219805092475251651e-02 1.244911798852722708e-03 4.411445228090767143e-04 1.600067063209933645e-04 5.856927311172080100e-05 2.154252927382699362e-05 7.933035352428140027e-06 2.922351467846290087e-06 1.075564982476449201e-06 3.964650730144483409e-07 1.453997299849860680e-07 5.349627549920235787e-08 1.899029576952650904e-08 7.151819369966879798e-09 3.560490177867012170e-09 1.757527917548148020e-09 8.951525893450684940e-10 1.775652640198868890e-10 -9.217832099041420973e-11 -2.069264591524585192e-10 -2.247715407691589592e-10 -2.090935626067718758e-10 -6.638437730048935606e-12 6.061686298415181236e-11 1.020925994084948487e-10 -1.156318385016392778e-12 -3.403166384469310021e-11 6.299129967868362450e-11 9.748918229045043300e-11 4.635123106733553267e-11 4.058165382023215785e-12 -3.068001534772771073e-11 -1.836381116234900738e-12 -1.254400160749328455e-11 -2.807045269845057697e-11 -7.626924449241577688e-12 4.098655053437000186e-11 -2.633610027579541473e-12 -9.725305244780799368e-11 -1.088422238020638997e-10 -1.055619417196007052e-10 2.964080027067342982e-11 6.956265897274310009e-11 -1.181312954454610725e-10 -1.123205015647717202e-10 1.330129874051290630e-10 2.905773528656242608e-10 7.514029285158780600e-10 9.056457921436839825e-10 5.539274396748687397e-10 1.487542372242759015e-09 5.478160181864304222e-09 1.874235740301482993e-08 5.609411196707435550e-08 1.496827171253761858e-07 4.016544304338639101e-07 1.079972372587019221e-06 2.921983331374908141e-06 7.929957382900573983e-06 2.154366847724919199e-05 5.857284031560421739e-05 1.599616192721501295e-04 4.410119484364771378e-04 1.244522109565867089e-03
3.219812695690119075e-02 1.244875702825596004e-03 4.411256418857743529e-04 1.599965568015774512e-04 5.856601034576784323e-05 2.154180294229983699e-05 7.932290074793606817e-06 2.921661780376891303e-06 1.075194312784341504e-06 3.960191203898118739e-07 1.451615910652477802e-07 5.347421273644710599e-08 1.900667846814748598e-08 7.158068851369042561e-09 3.537324295755922049e-09 1.715556624787893911e-09 8.590441291448760438e-10 1.423193475968001593e-10 -1.176386880626686111e-10 -2.192557591972671846e-10 -2.331493362653024605e-10 -2.113453868479975284e-10 3.510059064503156343e-12 7.298464041195891819e-11 1.052289891069787510e-10 -4.911722082313965290e-12 -3.456643826310080302e-11 6.234808967064866139e-11 9.632492616735835789e-11 4.710873709148355905e-11 7.397849599723797000e-12 -2.678704279594686117e-11 1.104992038198328133e-12 -1.024773944126821582e-11 -2.776889116385695495e-11 -9.625369139047080704e-12 3.749489051306504663e-11 -8.389200245654555267e-12 -9.901735294794883405e-11 -1.081640500547172509e-10 -1.027408022515484254e-10 3.676477268218293331e-11 7.596369630750549419e-11 -1.138958752504762146e-10 -1.102043586088464062e-10 1.144295507149885402e-10 2.601162686748099305e-10 7.379997131182569651e-10 9.410064247400437460e-10 5.851502888817409820e-10 1.477409764690717848e-09 5.448315828897647308e-09 1.870283321343381538e-08 5.595146230585880381e-08 1.493400836928726556e-07 4.010810201503563252e-07 1.079286646020129772e-06 2.921569985442672945e-06 7.929372021576830168e-06 2.154135809241629736e-05 5.856768359646938522e-05 1.599493594852241095e-04 4.409797712548810126e-04 1.244433124622080968e-03
3.219792984514412149e-02 1.244910696265901385e-03 4.411403175140574942e-04 1.600044718356311349e-04 5.856871704918229079e-05 2.154207729875214111e-05 7.932394527068066520e-06 2.921609048287016593e-06 1.075126570368556441e-06 3.962758774907726613e-07 1.454583024984664370e-07 5.356751509749809918e-08 1.899856929759610753e-08 7.159880209303130729e-09 3.506661363066888987e-09 1.693859763509078154e-09 8.968730455316007981e-10 1.742170440932817200e-10 -9.652751304640626119e-11 -2.114238262008329681e-10 -2.316849712551793789e-10 -2.211774599280372898e-10 -9.345552028605976604e-12 5.763282658029496379e-11 9.726571465436301282e-11 -8.392842576881048984e-12 -3.342047266102868196e-11 6.659913388635530906e-11 9.889270646214581338e-11 4.833992063511801492e-11 5.148530404868228014e-12 -3.055445309743122524e-11 -4.024851263178400267e-13 -1.018023660604260275e-11 -2.807550147867162544e-11 -9.030043917999024817e-12 4.163580417304933035e-11 1.079568043690065044e-12 -9.406304917599658732e-11 -1.106736207975270793e-10 -1.102416215645197851e-10 2.404277526741564434e-11 6.962560495218325976e-11 -1.212656954986439521e-10 -1.143704616878774806e-10 1.086785766632334524e-10 2.584464866148293622e-10 7.416585404889666339e-10 9.460227429690572869e-10 6.019975581516258134e-10 1.532591658991251517e-09 5.522773905344154977e-09 1.876685487303803831e-08 5.600856114220329038e-08 1.495049472312754185e-07 4.014234947471749354e-07 1.079805952831921045e-06 2.921955056082743425e-06 7.929697825590922920e-06 2.154224995217461766e-05 5.856965441471775641e-05 1.599539897831890351e-04 4.409876684785191191e-04 1.244446855574662513e-03
3.219771262593148359e-02 1.244891136066060035e-03 4.411326820319051863e-04 1.600017892456095426e-04 5.856759412150726427e-05 2.154290782420614371e-05 7.933398276072427485e-06 2.922148543073703255e-06 1.075540661691563779e-06 3.963515782735214761e-07 1.454752298576900851e-07 5.365274642951678472e-08 1.905207297685546421e-08 7.210127713191019336e-09 3.593995874040590974e-09 1.745786340297784047e-09 8.885572811871572714e-10 1.552659561433136058e-10 -1.219399163255491805e-10 -2.356499384707924418e-10 -2.387493681638076363e-10 -2.055985660352307134e-10 -1.184314221057307471e-12 6.374736996568620238e-11 1.047525289805508185e-10 -1.921536327595693780e-12 -3.700038482380365113e-11 6.126287229456850992e-11 9.571892800690029706e-11 4.504936915963293328e-11 3.683212511086532359e-12 -2.989480556914167970e-11 -2.307925193278642451e-12 -1.254613863757350004e-11 -2.819775317654544450e-11 -5.570028019990482651e-12 4.569219523422808749e-11 -8.996471484806381741e-14 -9.616169234984844189e-11 -1.098477896483460227e-10 -1.122916001952807346e-10 2.135948047756340288e-11 6.764662790690994585e-11 -1.121470409053508662e-10 -1.139961088695234157e-10 1.149290021936292585e-10 2.766932699681724072e-10 7.398922964122923025e-10 9.381629107624908823e-10 5.978952089023108921e-10 1.532260510639813696e-09 5.525007211363122006e-09 1.874504514499517722e-08 5.604062855784863895e-08 1.496577690196959098e-07 4.015347281874385656e-07 1.079887243824245241e-06 2.922246210806869048e-06 7.930621788219311845e-06 2.154518940568385331e-05 5.857514528415226315e-05 1.599636467299829620e-04 4.410086870600830921e-04 1.244496737526116234e-03
3.219796352048664295e-02 1.244863189710043163e-03 4.411229995864951827e-04 1.599972398059555222e-04 5.856572522481509629e-05 2.154141811179844149e-05 7.932223003252131805e-06 2.921624079708002129e-06 1.075046908605102327e-06 3.961219862288573775e-07 1.453836223323317145e-07 5.355785525689603923e-08 1.903036508923166808e-08 7.179485244441162779e-09 3.563730216494726000e-09 1.737215150185071973e-09 9.013041363323003093e-10 1.900147728772436901e-10 -7.462758253959918004e-11 -2.094147048136332861e-10 -2.332580359693408685e-10 -2.145848808374976195e-10 -6.259753115078220630e-12 6.366464935339155701e-11 1.048575421988964990e-10 -3.765690977687887897e-12 -3.537490649942226762e-11 6.378896684375557151e-11 9.887245641568802284e-11 4.867569638711421013e-11 5.989693382042956651e-12 -3.075731059301231168e-11 -2.818933566436063438e-12 -1.239898905313090297e-11 -2.789321360708532914e-11 -6.303131681777033587e-12 4.223900918047975016e-11 -4.329398417459356519e-12 -1.020111730514912729e-10 -1.157830644486628009e-10 -1.122679657521685516e-10 2.911609722899675286e-11 6.432897269802803114e-11 -1.288254420244553637e-10 -1.248774757728092642e-10 9.709500408301298109e-11 2.544300993567793410e-10 7.418598837002806389e-10 9.201334529838142494e-10 5.526033022732314466e-10 1.482239709909467762e-09 5.490535069909588027e-09 1.877418944488293325e-08 5.603563253016810076e-08 1.495429448772230939e-07 4.013965458567699035e-07 1.079810828587286183e-06 2.921932618872215535e-06 7.929315292070971655e-06 2.154158158015420936e-05 5.856936009203936501e-05 1.599539669705065195e-04 4.409893468650071782e-04 1.244459227680191384e-03
3.219789884510025624e-02 1.244936973318959157e-03 4.411463820589700264e-04 1.600049532322618095e-04 5.856798801674171411e-05 2.154233122548372152e-05 7.932610004347867485e-06 2.921856210916362279e-06 1.075203510739265495e-06 3.962230405508869354e-07 1.454338269204607590e-07 5.357025505967210246e-08 1.904336973957309234e-08 7.169071308300320632e-09 3.585098813407208879e-09 1.782418406690471962e-09 9.207078324649134074e-10 1.878804391935061635e-10 -1.102610398841891260e-10 -2.368085815382586344e-10 -2.401039226458712097e-10 -2.140555505324574126e-10 -5.954756973027842117e-12 6.552227401274870586e-11 1.102801409927501012e-10 7.331970715298907689e-13 -3.610673480758878185e-11 5.976127139685927223e-11 9.596201349077631555e-11 4.857730266546509852e-11 8.194464324049862579e-12 -2.780750787269424586e-11 -1.172032734166750686e-12 -1.115512349387902445e-11 -2.668437320756864399e-11 -5.874925989990069306e-12 4.146564909657664095e-11 -5.421192268473798560e-12 -1.008193429186383818e-10 -1.107730369499830228e-10 -1.067140572024523855e-10 3.116813429611433165e-11 7.815521383339984821e-11 -1.101190584706184924e-10 -1.148658527167851749e-10 1.000717915459966576e-10 2.373861208034323895e-10 7.067888562442982894e-10 9.107760949341350285e-10 5.889975883022534101e-10 1.562077564192627733e-09 5.587786633443145376e-09 1.879044250619378146e-08 5.595483046676150171e-08 1.494753585082067800e-07 4.014053450405223152e-07 1.079637878560565534e-06 2.921418837265558944e-06 7.929027759523048165e-06 2.154152122274124323e-05 5.856685554347731845e-05 1.599464521122262678e-04 4.409751495911284100e-04 1.244431064331616259e-03
3.219782069722729873e-02 1.244880178346435568e-03 4.411316406155338073e-04 1.600025146572471753e-04 5.856768275090168299e-05 2.154237849067369983e-05 7.932633656489304023e-06 2.921768623990795956e-06 1.075380906587846255e-06 3.963090659658164302e-07 1.453176756199735535e-07 5.336797158122028302e-08 1.889852922383764275e-08 7.225643289873840330e-09 3.606421545427306820e-09 1.728590029135886655e-09 8.694393000143059155e-10 1.837878728739788780e-10 -6.460840505711095399e-11 -1.963647674909246107e-10 -2.350025269563177625e-10 -2.224736424204093029e-10 -1.526612513699615867e-11 6.383823883299941465e-11 1.067441065076566423e-10 -1.805004639414996359e-12 -3.733079626251855895e-11 6.226796775535633051e-11 9.787767628274321115e-11 4.715818112956153711e-11 5.466779516333779361e-12 -2.848418390687442638e-11 9.088667814168432015e-13 -9.945154010805049351e-12 -2.837600839250525520e-11 -7.178209373990106184e-12 4.400911958152188448e-11 -7.494881987310430847e-13 -9.525739575670389817e-11 -1.064224336942136376e-10 -1.062970944700176855e-10 1.837566013156506125e-11 5.513385156488208738e-11 -1.340119062273563424e-10 -1.251966656471254414e-10 1.178545515759339711e-10 2.883783964737795559e-10 7.755017629017342267e-10 9.735999975497123840e-10 5.795503185261572001e-10 1.493724056488365161e-09 5.422474514613831706e-09 1.853191006982132740e-08 5.579357834537605734e-08 1.494661537389390451e-07 4.014248349843155637e-07 1.079856913060302084e-06 2.922039772602915086e-06 7.930561873874604725e-06 2.154448003903516992e-05 5.857485950818458773e-05 1.599649395379276707e-04 4.410171146586424262e-04 1.244523009840750594e-03
3.219838755057972263e-02 1.244907302529825585e-03 4.411424233239177482e-04 1.600084617888764015e-04 5.857173336169193580e-05 2.154373633189698571e-05 7.932783292801396979e-06 2.921806282176075116e-06 1.075470403356969979e-06 3.962966184285476200e-07 1.453605038546184689e-07 5.356334921488985990e-08 1.909349851683276091e-08 7.192344236424687029e-09 3.548798831193191435e-09 1.743288675579662196e-09 9.021444988091703551e-10 1.402085573610283942e-10 -1.405209219702073831e-10 -2.191322009479093811e-10 -2.259356903169377968e-10 -2.167928752486997035e-10 -1.502959909312052624e-11 5.741535803721593768e-11 1.022940350001899536e-10 -2.826251617902374863e-12 -3.316860461472388849e-11 6.289570224138997673e-11 9.604038683355577289e-11 4.795186317266612305e-11 5.978314992680583962e-12 -2.814969274780632646e-11 -3.572698629593594079e-13 -1.328443776460709459e-11 -3.136747025842856571e-11 -1.080892969713449479e-11 4.083401812036528264e-11 -3.009172712094754748e-12 -9.830839744066235708e-11 -1.114989149693813442e-10 -1.105054047921008500e-10 2.284369894051779912e-11 6.098095508129933769e-11 -1.347874208424502544e-10 -1.278698902940286848e-10 1.020061019591960500e-10 2.605229559900447999e-10 7.523606932760311847e-10 9.580938191383154144e-10 5.918113135112768452e-10 1.521773049420532424e-09 5.505779263135138183e-09 1.876857863228901393e-08 5.614496288334655197e-08 1.496123527208301563e-07 4.014596186144567981e-07 1.079652325084487910e-06 2.921738180638816497e-06 7.929912930136021827e-06 2.154406914607466151e-05 5.857432104136636172e-05 1.599644735380973402e-04 4.410147188406736613e-04 1.244521417091947954e-03
3.219774017886829071e-02 1.244932296019707037e-03 4.411491353976422091e-04 1.600065193888824608e-04 5.856928692582657119e-05 2.154278076350470248e-05 7.932646512719480192e-06 2.921801920388657575e-06 1.075550410313003686e-06 3.964304273414214289e-07 1.453846912466135023e-07 5.343141904301267885e-08 1.897852683625540114e-08 7.263954703763011050e-09 3.642346318469844996e-09 1.783032757186654393e-09 9.045124721654727689e-10 1.562512969694386966e-10 -1.038956658993495454e-10 -2.175404912875890743e-10 -2.411395602234027282e-10 -2.179791988359487485e-10 -8.445473882001163985e-12 6.449684162992060523e-11 1.070909440511451629e-10 -1.714006068723786934e-12 -3.943944333209041381e-11 5.892787390047429845e-11 9.663739520086348350e-11 4.872520849176383947e-11 5.810859251870723594e-12 -2.907045436553345193e-11 9.809389816071803408e-13 -8.934001061747529697e-12 -2.915591136896096306e-11 -1.155830555044755733e-11 3.828556002731236028e-11 -5.526817622164441736e-12 -1.012935078728376043e-10 -1.141896259228879608e-10 -1.100685672479093198e-10 2.661648868664982177e-11 6.691786526109665415e-11 -1.232765436298385710e-10 -1.266669604496436358e-10 9.832826561599489919e-11 2.622323456638071023e-10 7.507312557244335708e-10 9.552073474819847043e-10 5.845981599250162846e-10 1.494985021075585193e-09 5.507038392169385488e-09 1.875917472486233328e-08 5.601091483248893838e-08 1.495902614291312419e-07 4.015466763303154846e-07 1.080211460329445112e-06 2.922620538199796802e-06 7.930826996966320214e-06 2.154535622623971014e-05 5.857610732518859527e-05 1.599682304273916016e-04 4.410188568756652017e-04 1.244523144652853264e-03
3.219755177417062825e-02 1.244907419614745469e-03 4.411409037207259334e-04 1.600041873408182005e-04 5.856756901007074739e-05 2.154186019830761631e-05 7.932668411467958764e-06 2.922336182977032303e-06 1.075666995408234889e-06 3.963352220574384089e-07 1.453298408831028332e-07 5.351883692752078896e-08 1.901003361729863321e-08 7.210785473335101197e-09 3.611203805266711973e-09 1.778051754706093979e-09 9.141550973275965388e-10 1.808223912230180708e-10 -1.078400880147625745e-10 -2.334577292654690532e-10 -2.371445760700172456e-10 -2.062897275429145376e-10 -5.457040543436127014e-12 5.734161728516837276e-11 9.888296787762280904e-11 -6.984823771736467821e-12 -3.728712788167415691e-11 6.091341910122071083e-11 9.627480552745252756e-11 4.936432577731833354e-11 7.262244398853225634e-12 -2.720428469428362173e-11 -2.533711898065869168e-13 -1.285234894331689285e-11 -2.987679351094366894e-11 -8.721688936380324971e-12 4.312191324812304301e-11 -1.277586283005788680e-12 -9.989383710908257109e-11 -1.132066592851369698e-10 -1.128875868782847611e-10 2.094519321887084953e-11 5.940077900848510269e-11 -1.202597458927735874e-10 -1.097887065042589617e-10 1.028391662989885817e-10 2.545154363210845197e-10 7.453758891519013934e-10 9.287802784800587040e-10 5.770361771083819748e-10 1.519129156431461863e-09 5.508000662614442101e-09 1.864611196505993358e-08 5.585915675404066838e-08 1.495671437172034109e-07 4.016301315314073243e-07 1.080162521848002527e-06 2.922314622132978936e-06 7.930275734572734430e-06 2.154402304662595720e-05 5.857337773706937606e-05 1.599622820524811541e-04 4.410109120739039591e-04 1.244514101080206655e-03
3.219815257253878793e-02 1.244933329656858602e-03 4.411518021878231446e-04 1.600062802512135110e-04 5.856837097689336185e-05 2.154204585177180980e-05 7.932119873629183936e-06 2.921600322386970614e-06 1.075150593288685898e-06 3.961814577683881442e-07 1.454098339085267777e-07 5.365515684399318072e-08 1.915412965154266186e-08 7.284672459720567667e-09 3.635591394816682264e-09 1.766921283763359164e-09 8.907528391858716623e-10 1.615789419607005935e-10 -1.027267352241139751e-10 -2.049382010462453746e-10 -2.304482634586185311e-10 -2.195970277325145147e-10 -1.033438158201075468e-11 6.288169637470862044e-11 1.024160464924019155e-10 -5.077524779897769816e-12 -3.668033356117755258e-11 6.438001991438207632e-11 1.012401607333862211e-10 5.126622690583424459e-11 8.829057845915219683e-12 -2.876214212859020708e-11 -6.611117166173398163e-14 -1.033764779446555992e-11 -2.923424523664156165e-11 -1.063394335854375118e-11 4.133942841308450042e-11 -7.106863880631951983e-13 -9.713256799794360399e-11 -1.130860951965789508e-10 -1.089849571495717613e-10 3.108046453380568014e-11 6.776157649306191531e-11 -1.260612878427042612e-10 -1.121425666705371305e-10 1.194568020576855298e-10 2.683769622052057763e-10 7.330453336214105223e-10 9.138544868953907220e-10 5.393317444261263437e-10 1.457914784768735913e-09 5.448783757657245085e-09 1.870149130097532133e-08 5.603183254373832925e-08 1.495486520152420861e-07 4.014860706820549787e-07 1.080021867346291476e-06 2.922279160050668409e-06 7.930507291725347353e-06 2.154445669011797258e-05 5.857414122815007699e-05 1.599633083365148759e-04 4.410103437204194576e-04 1.244512435802179635e-03
3.219819569019975042e-02 1.244932384345621545e-03 4.411454898210416292e-04 1.600047031314601957e-04 5.856796735310331798e-05 2.154188830155436969e-05 7.932067078584086018e-06 2.921424261849767079e-06 1.075157984033151751e-06 3.961062979564504718e-07 1.453149792701429253e-07 5.351910954114086455e-08 1.903544898845641554e-08 7.253045651709079378e-09 3.606351423925961499e-09 1.743973226485793729e-09 9.026731801772610278e-10 1.899991571520279524e-10 -9.602885109733853602e-11 -2.007257753374426296e-10 -2.149857836012971045e-10 -2.105525865147546173e-10 -1.100877114674019835e-11 5.893885151131562872e-11 9.568086587256457596e-11 -1.428678909156447940e-11 -4.431308811998530628e-11 5.995711871324017575e-11 9.898044912386498246e-11 5.082361845327334614e-11 9.513865883346452080e-12 -2.740521469250905156e-11 -1.256073907115294082e-12 -1.320702012062351347e-11 -2.951949821599935301e-11 -9.652059984109442370e-12 4.200960091259198746e-11 -4.880158177465152953e-13 -9.660378213752369479e-11 -1.096473700655266352e-10 -1.046845698581261388e-10 3.064737387547014466e-11 6.796532794605072793e-11 -1.267993855402016127e-10 -1.274273215687860015e-10 9.895688384837802413e-11 2.569373862942003527e-10 7.134236250764882755e-10 9.018203462166918778e-10 6.012469265981290931e-10 1.587829785998975334e-09 5.580243943290699353e-09 1.883079892647590943e-08 5.601563288111321725e-08 1.492724251901600296e-07 4.012512792228608308e-07 1.079863499266397655e-06 2.921985090298542326e-06 7.929894404828062492e-06 2.154436068201394833e-05 5.857462335362027312e-05 1.599647415227549983e-04 4.410172020319887772e-04 1.244529580282662277e-03
3.219789361045604509e-02 1.244874447367635972e-03 4.411233732313018466e-04 1.599965419720679775e-04 5.856602736457601992e-05 2.154259326715090531e-05 7.932628677803566419e-06 2.922036288973235417e-06 1.075663510171921336e-06 3.963938273510085246e-07 1.454089839346579430e-07 5.355324933687563054e-08 1.899367852966461877e-08 7.228405957286397249e-09 3.649531078233507581e-09 1.782795575898326956e-09 8.743926997381407251e-10 1.476922125706050774e-10 -8.859859072290235684e-11 -2.049528191677799704e-10 -2.286697380429723311e-10 -2.101318761609161746e-10 -3.117086663937162995e-12 6.681476457598017808e-11 1.032766757662140839e-10 -6.930095207824006349e-12 -4.062248358516626383e-11 6.073429396065347757e-11 9.829253094524282569e-11 4.947794339491924529e-11 5.964097562814774745e-12 -3.001708286453166141e-11 -1.807384156245923768e-12 -1.242162256321417029e-11 -2.800425650832253401e-11 -8.543522476198005263e-12 3.827754019215641272e-11 -4.294147893565786746e-12 -9.774098519625688169e-11 -1.079750336844374602e-10 -9.836762292541078133e-11 3.395163738430784562e-11 6.553486084234397672e-11 -1.237615298851999831e-10 -1.258836729016576633e-10 9.732587450266581706e-11 2.503633620547615965e-10 7.227298356657752733e-10 9.166417323832936713e-10 5.728426110518929150e-10 1.509485636997870949e-09 5.508467240049061543e-09 1.877508059944024051e-08 5.606230619705061573e-08 1.494946840142375599e-07 4.011928877388168103e-07 1.079486704598962456e-06 2.921726647113122214e-06 7.929549787662801936e-06 2.154275702019048264e-05 5.857077301759148975e-05 1.599564371269382413e-04 4.409913414797788679e-04 1.244459314812401685e-03
3.219779160744176000e-02 1.244862470035985403e-03 4.411203641219870429e-04 1.599965771326723046e-04 5.856647025877784245e-05 2.154167018694056994e-05 7.932412458755405733e-06 2.921783101985185001e-06 1.075394712137176129e-06 3.963902769080303969e-07 1.454652784659889441e-07 5.360304965224261277e-08 1.905584724139263365e-08 7.218946606282367607e-09 3.572903477174041797e-09 1.714435644429982875e-09 8.980891445191743484e-10 1.594359183401048246e-10 -1.208383590530305579e-10 -2.387240819287733336e-10 -2.520178737332875279e-10 -2.163487449405660913e-10 -1.979078434947568613e-12 6.387768513559671096e-11 1.056175927367211090e-10 -3.969034352897447471e-12 -4.031396470816349585e-11 5.834048286316384421e-11 9.556386643996621352e-11 4.948965904537922414e-11 8.419270929955379000e-12 -3.098384436718169512e-11 -5.430870788720468554e-12 -1.338888270272694764e-11 -2.985539951352902148e-11 -9.743980287384709290e-12 4.203583405080208907e-11 -3.710548259235288146e-12 -1.021035365649495344e-10 -1.155388360635955028e-10 -1.066081321678608748e-10 2.989397457232088227e-11 6.724990485395834561e-11 -1.291339036482992720e-10 -1.322088353038976860e-10 1.121481535104439102e-10 2.902641130829858906e-10 7.893660962031845667e-10 9.668944321112542747e-10 6.164368214433462027e-10 1.521421724086205137e-09 5.492749723644375876e-09 1.870811213758304593e-08 5.599424378310671530e-08 1.495858390355761235e-07 4.014138607144890915e-07 1.079609042680486983e-06 2.921525536358580164e-06 7.929148752297104276e-06 2.154213734078898779e-05 5.857078485107690744e-05 1.599563421297902624e-04 4.409950682330255277e-04 1.244474539757236490e-03
3.219783055220638845e-02 1.244968744023774174e-03 4.411635361203413222e-04 1.600144249505763177e-04 5.857257894912020618e-05 2.154407979092512755e-05 7.933095705107709870e-06 2.922115415000132198e-06 1.075532800097502269e-06 3.963441524225334794e-07 1.454184146245849216e-07 5.361213368713821019e-08 1.917432905633038346e-08 7.297643387831015848e-09 3.602979793437105427e-09 1.765064964140357091e-09 9.100547231141278087e-10 1.701061481679312811e-10 -1.021886282832683831e-10 -2.122115838368782447e-10 -2.333624463087898694e-10 -2.193421980273711522e-10 -1.281509954738063478e-11 5.767039051869909194e-11 1.030559877197421368e-10 -4.511611135293205565e-12 -3.564262187964650748e-11 6.315403886680472335e-11 9.812345614149420456e-11 4.864343379835260946e-11 6.680496631295013017e-12 -3.087391661878477233e-11 -2.878091931109625685e-12 -1.319978840173511244e-11 -2.879338488701142972e-11 -9.682788509930010555e-12 4.047015193401912491e-11 -2.896234622254857262e-12 -9.770861290700682894e-11 -1.078640980499167473e-10 -9.900798011877001695e-11 3.527588804165607683e-11 6.492874785275484905e-11 -1.299008299572473893e-10 -1.246621529957997913e-10 1.056247795263619900e-10 2.355659560927686278e-10 6.950685974068861057e-10 8.857744116087072994e-10 5.445853620831026758e-10 1.543751854987688514e-09 5.587269210792648590e-09 1.887002038772587662e-08 5.620027609452662925e-08 1.496831427249185796e-07 4.014517128174559345e-07 1.079695854137869867e-06 2.922193491273904992e-06 7.930273714412384189e-06 2.154322889646416436e-05 5.857036438103281010e-05 1.599533068042301111e-04 4.409862724821042991e-04 1.244456898660954583e-03
3.219783282193037360e-02 1.244934436216778469e-03 4.411486134522790313e-04 1.600086108914004573e-04 5.857038311718888290e-05 2.154306745116345303e-05 7.932729766478596552e-06 2.921622121799650556e-06 1.075207284575234102e-06 3.962515532943031725e-07 1.454196144198569113e-07 5.357315836342780755e-08 1.907253884830218949e-08 7.240585952561519105e-09 3.616018331966950188e-09 1.753951181826384819e-09 8.935210777746982277e-10 1.535406457984999064e-10 -1.281540702293303466e-10 -2.298483500316087463e-10 -2.331628490677486085e-10 -2.106921335359991123e-10 -4.029275880531063542e-12 6.439586407044793113e-11 9.943772293535795985e-11 -5.304517149561161773e-12 -3.594886485809299772e-11 6.047110108905771045e-11 9.506986595352343678e-11 4.790938399031054106e-11 7.146344824376393039e-12 -3.078758850225486691e-11 -1.944479114535927063e-12 -1.174357714461465506e-11 -2.880022637500854876e-11 -8.475381553517970738e-12 4.170420032794086228e-11 -3.724519742538909457e-12 -9.866515783597600734e-11 -1.093284270823686570e-10 -1.046504482085013379e-10 2.705474074478564842e-11 6.130740089650248810e-11 -1.222255028407337622e-10 -1.065980538417292262e-10 1.146102501736660860e-10 2.545937732525279239e-10 7.110369534792444069e-10 8.941034116858277290e-10 5.695342003553382745e-10 1.509144750705808077e-09 5.479937504998805501e-09 1.868745582825856782e-08 5.595631606720928808e-08 1.495901353904959445e-07 4.016706675311277285e-07 1.080037964828990617e-06 2.922170792471235009e-06 7.929781030351670170e-06 2.154288206036440349e-05 5.857167192245334462e-05 1.599591858099547886e-04 4.410008198856611933e-04 1.244481395594444111e-03
3.219835538405065034e-02 1.244928267118231143e-03 4.411468344846780892e-04 1.600064881154480436e-04 5.856959797407850513e-05 2.154293991852923655e-05 7.932489465274051660e-06 2.921655304200778979e-06 1.075427513009811256e-06 3.963548440011642148e-07 1.454385589019813453e-07 5.355239578704288983e-08 1.910005207344206680e-08 7.283997826529790929e-09 3.610538570321464578e-09 1.728795472850539819e-09 8.373056409811484884e-10 1.100306827305849678e-10 -1.249480248357687786e-10 -2.083376935595115651e-10 -2.269665129872037123e-10 -2.139835019700167832e-10 -2.762507001560079997e-12 6.522239361177573753e-11 9.789121995049643656e-11 -8.817588303138671021e-12 -3.747556194864887945e-11 6.544707657409474846e-11 1.014614793010575912e-10 5.242832234914089806e-11 1.104135620203159996e-11 -2.503560395601646459e-11 1.505531460042703262e-12 -1.088705226179007369e-11 -2.821900192362874974e-11 -8.619614341171113935e-12 4.115144899601776930e-11 -3.657190418713330746e-12 -9.788770958786104060e-11 -1.132260653834476278e-10 -1.139666540369562867e-10 2.549393828123657036e-11 7.126728078331183520e-11 -1.153623737106788369e-10 -1.175072553711661661e-10 1.092926011810069837e-10 2.516638086320130479e-10 7.542238553870180758e-10 9.572241331945112680e-10 5.802353986527828642e-10 1.515440015847600450e-09 5.551692489640909743e-09 1.879401351807041767e-08 5.605215444934141701e-08 1.496159898622332655e-07 4.015339363353842376e-07 1.080069998069929401e-06 2.922344238543956640e-06 7.930223299072304246e-06 2.154344434147209135e-05 5.857246760467518961e-05 1.599615097383261155e-04 4.410132356780373350e-04 1.244520527922324173e-03
3.219846562544126378e-02 1.244867343543992061e-03 4.411232575440053529e-04 1.599977601660442807e-04 5.856483138937882684e-05 2.154058442463768229e-05 7.932140082289802332e-06 2.921642523236544851e-06 1.075181421413744191e-06 3.962035490698919944e-07 1.453570789869135705e-07 5.344570675237058972e-08 1.892509950164848428e-08 7.145933105524275376e-09 3.560121369192364020e-09 1.736022170404600008e-09 8.420595917010416320e-10 1.157652994776018316e-10 -1.110907326411902121e-10 -2.018946289426252698e-10 -2.175845018046502485e-10 -2.089611670607842846e-10 -7.186632910263830415e-12 5.551799382555947822e-11 9.513968914048192068e-11 -1.053243693792992849e-11 -4.001348455601307583e-11 6.169837748085193331e-11 1.005140204473780924e-10 5.182607747264549682e-11 9.252282198096896002e-12 -2.807403945768169059e-11 3.047020567067065199e-13 -1.163860812808538525e-11 -3.171285073756972969e-11 -8.565436705443930890e-12 4.635677645601582032e-11 2.741181816489881930e-12 -9.436926725155647104e-11 -1.071742515180311852e-10 -1.107046322769900761e-10 2.011583855771865253e-11 6.424728708955763208e-11 -1.185006925916116360e-10 -1.154531772170922121e-10 1.109846594187818942e-10 2.658613416756891189e-10 7.429264014966096394e-10 9.443023335724495235e-10 6.021892205194357226e-10 1.472071029482032221e-09 5.380160035796932283e-09 1.862137660969722300e-08 5.603022642545224702e-08 1.496782844057767680e-07 4.014475514960187303e-07 1.079588267053189336e-06 2.921497768546531338e-06 7.928713853689253749e-06 2.154133801743527928e-05 5.856877750060612576e-05 1.599523793391588152e-04 4.409899442086222883e-04 1.244464414880531436e-03
3.219827425413063215e-02 1.244866949615370784e-03 4.411223731306147941e-04 1.599956902568064267e-04 5.856522085114185087e-05 2.154158167792984827e-05 7.932464354680593454e-06 2.921754896924885433e-06 1.075248881022263269e-06 3.964088766850559350e-07 1.455055455446902244e-07 5.348886860965193170e-08 1.902652048730999054e-08 7.241470553849583164e-09 3.568584037894158945e-09 1.699740565686414221e-09 8.546914645298698146e-10 1.555983154192529530e-10 -9.313202851906357647e-11 -2.170743190886637823e-10 -2.400843824642189515e-10 -2.210232475641673666e-10 -8.869384788985779408e-12 6.743555367529604813e-11 1.070270069648917296e-10 -3.321619016846661753e-14 -3.666972128050958118e-11 5.979088936067633528e-11 9.535602298317211465e-11 4.646302806447599865e-11 4.752305203625225692e-12 -2.961015241273427021e-11 5.789022493166923426e-13 -9.192095905975076991e-12 -2.785048421643564366e-11 -9.675715686787640607e-12 3.803932211848372391e-11 -5.232864213969195944e-12 -9.935486245141885264e-11 -1.127277773087930472e-10 -1.090337567911038093e-10 2.968808134479710062e-11 6.680302516800208795e-11 -1.178276987603339736e-10 -1.061799183295149901e-10 1.216563562033673552e-10 2.637912565951165157e-10 7.316298566264106483e-10 9.267982127855438782e-10 5.962833257114873660e-10 1.511290884797409998e-09 5.471280729811172343e-09 1.877685004929558225e-08 5.619701124977812171e-08 1.497662497789652960e-07 4.015260398104838470e-07 1.080013985255577631e-06 2.922568379398028769e-06 7.931280381565630462e-06 2.154593146295661596e-05 5.857700201191270919e-05 1.599672770648094989e-04 4.410169051738187327e-04 1.244516009860145234e-03
3.219780039786356018e-02 1.244905714044684851e-03 4.411398633549428274e-04 1.600003295929285378e-04 5.856422366653564758e-05 2.153972783638838956e-05 7.931235408053670640e-06 2.921095211703741194e-06 1.075124472858288881e-06 3.963441669890241361e-07 1.454485514446108301e-07 5.348863556141833717e-08 1.899218321294444461e-08 7.216452127214626876e-09 3.547312151941889298e-09 1.720447107832942655e-09 8.818900016339294935e-10 1.620561236365584932e-10 -1.014952434609146005e-10 -2.004666106386957241e-10 -2.158105087801251622e-10 -2.027477728009595341e-10 2.101699073860989353e-12 7.223110638685378444e-11 1.084184079148760685e-10 -3.788245438270380134e-12 -4.014439582220161253e-11 6.159818200843517097e-11 9.909663453363059630e-11 4.922991488266071775e-11 5.912426740640449575e-12 -2.946675852844592286e-11 2.624316083069064607e-13 -1.005859674795361142e-11 -2.804164596220431268e-11 -8.820839156830559947e-12 4.106447299230340300e-11 -2.627665200308259585e-12 -1.010137052696870862e-10 -1.159404477507184491e-10 -1.087917536814766288e-10 2.969624926486345614e-11 6.763802645160641211e-11 -1.185918916882020304e-10 -1.121576182755611963e-10 1.076455080886471912e-10 2.547903007736406738e-10 7.393370495061019781e-10 9.333802202926131612e-10 5.396554145765940813e-10 1.439803395181708480e-09 5.440893707632300134e-09 1.875550032170822411e-08 5.611811893548332834e-08 1.495743511785324853e-07 4.013691612401077156e-07 1.079746272815282069e-06 2.922020488675234263e-06 7.929831315381690902e-06 2.154245171932861393e-05 5.856893718846162777e-05 1.599493054004786925e-04 4.409768881526423471e-04 1.244434631701798284e-03
3.219829247753524387e-02 1.244945546384142697e-03 4.411555093494542567e-04 1.600132860412216071e-04 5.857211460101134626e-05 2.154370208744158340e-05 7.933255596930969883e-06 2.921812899599812846e-06 1.075212408699495059e-06 3.963924729650771380e-07 1.456253667875091491e-07 5.360047331735946101e-08 1.897414785303757928e-08 7.162529590177263266e-09 3.556852544963144803e-09 1.719029981024095012e-09 8.595145191887615732e-10 1.532939692599604082e-10 -8.268901901709469228e-11 -2.038180107129908382e-10 -2.390926785958838073e-10 -2.279168960965473494e-10 -2.224847679760935786e-11 5.168929371790908134e-11 9.714509678964094122e-11 -8.190085869981390143e-12 -3.846960150023333283e-11 6.244392978744623523e-11 9.601424394492403413e-11 4.665322133801008990e-11 6.434374510846081805e-12 -2.872472626691453650e-11 -1.030084120921421551e-12 -1.229892512932627375e-11 -3.010640457334098230e-11 -1.062637042303171801e-11 4.108734570710924230e-11 -9.723015024635909122e-13 -9.793865818614069950e-11 -1.075595377201173195e-10 -1.025946741195360268e-10 3.573195616799605956e-11 7.509546918083692611e-11 -1.193416695308509119e-10 -1.106599380812963821e-10 1.232270449972395860e-10 2.558450898357601324e-10 7.068141919200118445e-10 8.977972263237265733e-10 5.369877385608190443e-10 1.486155112852861040e-09 5.540885767258299373e-09 1.877021081432708223e-08 5.594531431473290888e-08 1.494637642017876913e-07 4.015609933200093711e-07 1.080047390213034075e-06 2.922126022770579010e-06 7.930244743151248848e-06 2.154462066542281031e-05 5.857407882199965960e-05 1.599609339193823194e-04 4.410047000476661518e-04 1.244502059564736801e-03
3.219810814098792578e-02 1.244891898979303465e-03 4.411350300962089423e-04 1.600019111833678545e-04 5.856831029139027107e-05 2.154305650318056616e-05 7.933390331375035596e-06 2.922246015927520455e-06 1.075375543159593730e-06 3.961030063314749142e-07 1.452866710968532348e-07 5.349301965928797942e-08 1.901634450250093953e-08 7.250160859025990092e-09 3.665516149324188877e-09 1.787373940629201733e-09 8.885707329461550310e-10 1.552311351589213829e-10 -1.096500116612941586e-10 -2.078828757513972935e-10 -2.179456667857059317e-10 -2.024406947639542620e-10 7.806866849589669781e-13 6.398304621921390870e-11 1.044350717334526301e-10 -1.481332088776790740e-12 -3.535621310169448214e-11 6.246739845833844030e-11 9.712362597393479808e-11 4.954045090868596787e-11 8.496056313054345853e-12 -2.677713797840095630e-11 -5.188948036627319906e-13 -1.226017398869393558e-11 -2.894796277322486249e-11 -9.906413725700969050e-12 3.880880746764581855e-11 -5.889600067149708948e-12 -1.037560981149106206e-10 -1.145167844763800362e-10 -1.053611550100201037e-10 3.384245844370222030e-11 7.746958188526786104e-11 -1.104223669056499517e-10 -1.048461121497676381e-10 1.295452117549420403e-10 2.672305319214974461e-10 7.257520847827994152e-10 9.217768223826909576e-10 6.062379395517299317e-10 1.540113657698911064e-09 5.536873746319194014e-09 1.873412355699690545e-08 5.594036172457490185e-08 1.495663164522870715e-07 4.016750507038221467e-07 1.080201994064569194e-06 2.922218630666342374e-06 7.930293500167624266e-06 2.154507493151151430e-05 5.857632258167511308e-05 1.599694754535435734e-04 4.410337426666088921e-04 1.244577953941812011e-03
3.219793421587131832e-02 1.244928701830550020e-03 4.411484440408536050e-04 1.600071131677454261e-04 5.856911066493811804e-05 2.154270538737132460e-05 7.932859099548274969e-06 2.922303056343795457e-06 1.075813092143623955e-06 3.965177700605890776e-07 1.454131930579499627e-07 5.346035935088672256e-08 1.899238320470598799e-08 7.163166826179951646e-09 3.523580649716914130e-09 1.727511713854813164e-09 9.016179185505745021e-10 1.708502267616120455e-10 -9.988245992946340766e-11 -2.163640449882772144e-10 -2.372979092529901906e-10 -2.181480006912205282e-10 -7.341365876302835204e-12 6.376246246704033371e-11 1.026410719154187973e-10 -7.551470108079612234e-12 -4.118977838296260949e-11 5.702342736055801377e-11 9.389608514207535492e-11 4.811831903097143535e-11 6.980624295076926193e-12 -2.901659785902254942e-11 -6.086197845493709882e-13 -1.098839397726470103e-11 -2.754374575847747200e-11 -7.250120199529807521e-12 4.153512794327431700e-11 -2.593384040546332834e-12 -9.846158606325994235e-11 -1.079190379664121255e-10 -1.031005420776187908e-10 2.560342534307299470e-11 6.474052401758608557e-11 -1.172255959616775843e-10 -1.042452121630987853e-10 1.241900057372454095e-10 2.670179036056470238e-10 7.520611642446119494e-10 9.746162766121662691e-10 6.341489407580373713e-10 1.560545102366606583e-09 5.517309732286299589e-09 1.872432381437932074e-08 5.598991268188001714e-08 1.496074178896806341e-07 4.015363133984642569e-07 1.079764028429547536e-06 2.921969531830638040e-06 7.930565163627433599e-06 2.154522484258390057e-05 5.857653461050520751e-05 1.599705887106233292e-04 4.410247022774149706e-04 1.244528448322317158e-03
3.219792645974109413e-02 1.244903554285320445e-03 4.411356529253257280e-04 1.600023211104282497e-04 5.856734483089508361e-05 2.154231352121078818e-05 7.932837737872957745e-06 2.921974870113263382e-06 1.075398938310621031e-06 3.964079241862519843e-07 1.454677054263666911e-07 5.358428496934004778e-08 1.907404756191912044e-08 7.196345107418254540e-09 3.540495749614513378e-09 1.697580701409956300e-09 8.309061128945721620e-10 1.316232149190921280e-10 -1.184309952112993948e-10 -2.160244127174608509e-10 -2.209347016851349600e-10 -2.035178526333199659e-10 -4.041539180383964007e-12 6.452163824889146278e-11 1.054463331859535278e-10 -9.056840206735623002e-13 -3.385311222468300302e-11 6.280511747632944144e-11 9.954293954407004405e-11 5.067998881559374368e-11 7.361136670643482429e-12 -2.957826164227818433e-11 -2.033812637343610461e-12 -1.259899452866496507e-11 -2.962452835614790544e-11 -1.044350887794725296e-11 3.912208947493144242e-11 -3.174696178836616764e-12 -9.531467506574829173e-11 -1.066632433875287673e-10 -1.019790913102526147e-10 3.310168400285707886e-11 7.102990423853675711e-11 -1.239369603399682755e-10 -1.287956545612809706e-10 1.088433505517455379e-10 2.636614092555712309e-10 7.287030660657695705e-10 9.234352888790266258e-10 5.829315084078511091e-10 1.520749899941225421e-09 5.469740276568584931e-09 1.867786032658348090e-08 5.600293278401928782e-08 1.495973760592990563e-07 4.014545064377840805e-07 1.079845262723637707e-06 2.922319148481306102e-06 7.930385748784188069e-06 2.154371380782255950e-05 5.857122487229144081e-05 1.599502088823744354e-04 4.409782054197069253e-04 1.244429658344056375e-03
3.219826823626580070e-02 1.244842227763013872e-03 4.411143585728348818e-04 1.599943685797283700e-04 5.856474780434605824e-05 2.154117861530005352e-05 7.932006298002322787e-06 2.921659631434782551e-06 1.075389552247573449e-06 3.962292397286832679e-07 1.452651699576391200e-07 5.343466900651992237e-08 1.902674946730570958e-08 7.282631267564419810e-09 3.674921415746055865e-09 1.778203640161904065e-09 8.973373693457120203e-10 1.638039681402093454e-10 -1.267283767099331158e-10 -2.310962152317469284e-10 -2.365814927067479046e-10 -2.061044079122234477e-10 -3.231986945987209625e-12 5.947218401016614972e-11 9.880144159983074062e-11 -9.355821751252975684e-12 -3.854183842379708631e-11 6.129622174878146209e-11 9.461558766073981196e-11 4.446957843029999895e-11 2.897608731590776687e-12 -2.937789086159065046e-11 1.025389956029169142e-12 -9.867414644517921192e-12 -2.734374675365268966e-11 -9.671366201854181125e-12 3.985442530227400550e-11 -4.187753008002757471e-12 -9.944936926136465295e-11 -1.080378624215126441e-10 -1.043335849335903585e-10 2.887334068320780931e-11 6.772323572013286855e-11 -1.274783559906409843e-10 -1.232270761153424420e-10 1.121085347677570638e-10 2.718148200610725864e-10 7.474183904041281391e-10 9.407152320176342212e-10 5.929432295453328739e-10 1.524325765079050035e-09 5.535258367031404032e-09 1.879591064347515019e-08 5.596918841204235040e-08 1.494558317310196958e-07 4.012838394600395353e-07 1.079719998464793794e-06 2.922065644557896385e-06 7.930251534425370485e-06 2.154393331447324920e-05 5.857403084828706491e-05 1.599678786681811918e-04 4.410295306208187227e-04 1.244560872778705451e-03
3.219811895459929324e-02 1.244887754486964952e-03 4.411311912974111684e-04 1.599995752211291625e-04 5.856536858268507665e-05 2.154051083612777638e-05 7.931529827817069249e-06 2.921189933455218259e-06 1.074839230915094024e-06 3.960330293912157285e-07 1.452601792182315861e-07 5.349031482968714058e-08 1.909898029500530463e-08 7.294371165669998541e-09 3.626543440368513710e-09 1.775316158526094102e-09 8.984116211918145258e-10 1.503800781142924063e-10 -1.105330311212038576e-10 -2.025443813862583152e-10 -2.144290166687784757e-10 -2.072705319764469583e-10 -4.570931960507922614e-12 6.471050025955538841e-11 1.066623398219415570e-10 7.239750459861344321e-13 -3.269053743465842730e-11 6.294677126849261971e-11 9.683381112428395117e-11 4.811089757511408743e-11 6.712455720992865908e-12 -2.972846596803005433e-11 -3.291424962180068270e-12 -1.391697891324007069e-11 -2.925730185709095653e-11 -8.657952838774207414e-12 4.174473493277754794e-11 -2.084726616559039795e-13 -9.468892997654784081e-11 -1.037444132697014276e-10 -1.006449423925557857e-10 3.102285651038265245e-11 7.411540361041559440e-11 -1.155152976716197840e-10 -1.145828527656071345e-10 1.209244510782676211e-10 2.805555057835543783e-10 7.432200124488314838e-10 9.306362334244156133e-10 5.962184575073586393e-10 1.495942242789882051e-09 5.461404545615602765e-09 1.876291279824335226e-08 5.618946874978024205e-08 1.497406993082698696e-07 4.014910678289441185e-07 1.080141710548713388e-06 2.922948128869747926e-06 7.931800248866839191e-06 2.154654572258580029e-05 5.857907549333081417e-05 1.599745711399082457e-04 4.410350264748214076e-04 1.244564111395736255e-03
3.219785614910859045e-02 1.244957699860660188e-03 4.411590444202169036e-04 1.600088640315296227e-04 5.856950685520995799e-05 2.154300348370368222e-05 7.932634439924745855e-06 2.921958191794480267e-06 1.075494328049900703e-06 3.963765971086238197e-07 1.454999888220552248e-07 5.351782639537395018e-08 1.899183047688771953e-08 7.238549220099874024e-09 3.627339488297607303e-09 1.782840679951193188e-09 8.932473334844327645e-10 1.577468964940062362e-10 -1.067731131893551652e-10 -2.014411543011852612e-10 -2.129502437906867385e-10 -2.086629859468209831e-10 -5.884374628660629783e-12 6.385164111646581705e-11 1.057260344950320063e-10 -4.891571650643509025e-12 -3.939012470244231868e-11 5.872011166043354899e-11 9.624239172988562477e-11 4.806565669011842154e-11 5.811834782495876597e-12 -2.836559919856713957e-11 3.112071277849270891e-13 -1.176432493390689960e-11 -2.787237367182463216e-11 -5.660801063789853748e-12 4.300243547146790455e-11 -4.093333789964735342e-12 -1.007800194943282179e-10 -1.124770349030432490e-10 -1.075027668308057163e-10 3.028979416194747879e-11 7.535786610215154004e-11 -1.160434120006393453e-10 -1.164459693133021423e-10 1.131812687014794280e-10 2.580538718289949511e-10 7.286015524997013726e-10 9.212715951355960326e-10 5.785475455048308672e-10 1.507457498934079256e-09 5.518212812357902345e-09 1.876341465535816961e-08 5.608584637804260389e-08 1.496077359584940825e-07 4.014683918734249001e-07 1.079879797324344490e-06 2.922380333876451550e-06 7.930993212743669841e-06 2.154462870199049511e-05 5.857430906229084075e-05 1.599669771099459256e-04 4.410225203177225626e-04 1.244533644014122337e-03
3.219763214124825995e-02 1.244884366405094771e-03 4.411271986029001099e-04 1.599971955393262061e-04 5.856506848265434739e-05 2.154070760585100619e-05 7.931917858396913296e-06 2.921854491681371634e-06 1.075483194177531050e-06 3.963575649915013925e-07 1.455264043850582251e-07 5.367364695797110333e-08 1.910018537519204462e-08 7.200105206866866725e-09 3.552342086530331532e-09 1.755275469123380710e-09 8.977048894252645494e-10 1.515197784912323980e-10 -1.286110181127647397e-10 -2.295338769975497780e-10 -2.352728395381368712e-10 -2.148249142194158040e-10 -7.380153441392947613e-12 6.499349465377292529e-11 1.062898133718096373e-10 -2.968892808896324949e-12 -3.639393699913075051e-11 6.083171925446503087e-11 9.614987216530478424e-11 4.784365397225567310e-11 7.584438103373892868e-12 -2.819324258239375088e-11 -1.062006532760104089e-12 -1.242837891056749947e-11 -2.946309125365954410e-11 -9.243150772280332627e-12 3.952274546909126673e-11 -5.862902746869818468e-12 -9.981937784115393533e-11 -1.098055306365834892e-10 -1.027631268990799373e-10 3.250822484600691541e-11 5.655585051812825309e-11 -1.432349862333451711e-10 -1.336513418448336457e-10 1.209888357005630616e-10 2.896131622009034027e-10 7.771595539632348937e-10 9.657029366834986928e-10 6.036341362812775686e-10 1.568909518720865732e-09 5.560002989177766871e-09 1.873336807591803897e-08 5.598048150917305113e-08 1.495489275899452504e-07 4.014527475941262175e-07 1.079924465458739858e-06 2.922321072624360005e-06 7.930357329518942386e-06 2.154387993248330614e-05 5.857381687706875786e-05 1.599641063404075780e-04 4.410127431939648776e-04 1.244525399905500656e-03
3.219783806205071819e-02 1.244885769418848992e-03 4.411313801590817743e-04 1.600004021189888905e-04 5.856666930903754292e-05 2.154149167429026676e-05 7.932305766591074211e-06 2.921555210033169868e-06 1.075056963248357406e-06 3.961283092527520319e-07 1.454728159665060832e-07 5.365019983980948458e-08 1.903899891185607627e-08 7.252101555540332790e-09 3.667613368080900688e-09 1.820519912380956518e-09 8.991921889542537738e-10 1.384795425475848835e-10 -1.132577706859949024e-10 -2.167489360021012012e-10 -2.284860724061801751e-10 -2.093503740584444225e-10 4.410363743833141816e-14 6.781304974059752923e-11 1.014574233999326203e-10 -7.421532169992512141e-12 -3.840766179765755433e-11 6.471937125027434066e-11 1.002508769930127780e-10 5.061418410282939255e-11 7.966825450679075388e-12 -2.628229122263660179e-11 9.836836822380086863e-13 -9.959967100482946615e-12 -2.665017344131765834e-11 -7.367548629083301624e-12 4.141825755238098271e-11 -3.194080601106604486e-12 -9.826388134115800622e-11 -1.111629469872756314e-10 -1.112284384565921594e-10 2.472669408925199910e-11 6.776701571778642053e-11 -1.221509051463544731e-10 -1.167975789961322374e-10 1.181542329417268913e-10 2.774453820973235818e-10 7.442726032865852947e-10 9.440709317089903366e-10 6.023861784161091528e-10 1.566007798188769529e-09 5.531722616646987910e-09 1.871649010698234672e-08 5.596582920522485473e-08 1.494963634549600545e-07 4.013657417019805228e-07 1.080006904354602389e-06 2.922381697001011525e-06 7.930703425739155863e-06 2.154464384753756339e-05 5.857348222615838131e-05 1.599607715913842437e-04 4.410037862707866848e-04 1.244482492227150412e-03
3.219755103083988407e-02 1.244917941555034142e-03 4.411459788200156463e-04 1.600061050393309921e-04 5.856787876812458973e-05 2.154144197095952455e-05 7.932048790437784522e-06 2.921699523618701221e-06 1.075279537231655139e-06 3.961791728447642807e-07 1.453993458603482502e-07 5.358053712091236815e-08 1.908840212737703731e-08 7.224890785080437048e-09 3.588064786635977787e-09 1.767126430345737401e-09 8.999039503825941761e-10 1.699060247450136767e-10 -8.994571408040719441e-11 -2.004010671328932890e-10 -2.246231835325180480e-10 -2.229642025658253054e-10 -1.959559493419796864e-11 5.603211997637074100e-11 1.007808649520088307e-10 -5.854481839264148208e-12 -3.974841033636852886e-11 6.001639463089358951e-11 9.677178083785222378e-11 4.687454454815926799e-11 3.379953135543604907e-12 -3.050765589097235813e-11 -1.231460281834237754e-12 -1.201240688940568471e-11 -3.001844934921118798e-11 -9.488821211726693004e-12 4.186553619819343913e-11 -2.828637252625711158e-12 -9.760146866762282179e-11 -1.094528986961966788e-10 -1.071581030709745055e-10 2.709959955318001378e-11 7.056149096170897039e-11 -1.131272372123016323e-10 -1.267585170980074614e-10 9.682976869343358398e-11 2.663691256542702014e-10 7.354090599824472244e-10 9.117694664611425263e-10 5.695120306473959844e-10 1.513859433800430377e-09 5.485832704073750263e-09 1.874666249531538403e-08 5.612531334089894310e-08 1.496442414170063775e-07 4.014631999724669928e-07 1.079987998331615002e-06 2.922649949721667421e-06 7.931556122560646317e-06 2.154666008023583507e-05 5.857848938980861271e-05 1.599726764825043512e-04 4.410284656068942329e-04 1.244538768236709602e-03
3.219804464958160584e-02 1.244917316266641464e-03 4.411433065420984146e-04 1.600070974682056947e-04 5.857003214627634651e-05 2.154272489932051326e-05 7.932558630765429940e-06 2.921824782401904457e-06 1.075366885248884912e-06 3.963628547649226984e-07 1.455935205485283251e-07 5.359806829825971275e-08 1.895506410776977590e-08 7.146407095837757688e-09 3.548341282337176576e-09 1.723009508364950875e-09 8.962508629488759159e-10 1.783163657877977679e-10 -8.792252290328197895e-11 -1.944873136036592326e-10 -2.184569312783786202e-10 -2.150477113558832142e-10 -9.790479243323845948e-12 5.868861564059648186e-11 1.019835820146144133e-10 -3.553207891108487731e-12 -3.524746288363654530e-11 6.325695887097705844e-11 9.663465473689868728e-11 4.763678692685075408e-11 6.453525807228624610e-12 -2.799188278530308752e-11 6.204403877660897771e-13 -1.077964378030873133e-11 -2.764040995965366317e-11 -6.884663363726571313e-12 4.465992503538080193e-11 5.350289808626668326e-13 -9.805991484504469973e-11 -1.137675226835403400e-10 -1.104623724817818981e-10 2.476437047566389372e-11 6.578640991523555387e-11 -1.280272546043423957e-10 -1.284476895900476897e-10 1.071685947774415243e-10 2.686203343292730442e-10 7.425175593945753675e-10 9.391977266743117068e-10 5.854429602213803629e-10 1.462306512526134786e-09 5.371227517380734230e-09 1.857821056029426548e-08 5.597085942767138540e-08 1.496298147430328233e-07 4.014794372462215606e-07 1.079786419695918236e-06 2.921895649506384378e-06 7.929519734125965516e-06 2.154154259569190390e-05 5.856669817241264573e-05 1.599465274543740174e-04 4.409722496195777534e-04 1.244435701740848705e-03
3.219826658948698322e-02 1.244884715267618276e-03 4.411333042092538360e-04 1.600031029900223596e-04 5.856795296539043410e-05 2.154189114464154489e-05 7.932152487854540374e-06 2.921676802978466454e-06 1.075230944109001398e-06 3.961488485939613274e-07 1.453888996641939869e-07 5.358939497268224230e-08 1.901362211325932574e-08 7.123290814456739339e-09 3.567920540033337598e-09 1.786369985074605012e-09 9.157811424318355486e-10 1.812247842890666575e-10 -7.438215205004866072e-11 -1.860501114700749154e-10 -2.181702336622225034e-10 -2.148056501933304255e-10 -1.437789744651602603e-11 5.779472521472419185e-11 9.817458481344823035e-11 -9.157446236750417825e-12 -3.994576398742493447e-11 6.203136513692069698e-11 9.706090102417683041e-11 4.726887476130062510e-11 6.006552691629388636e-12 -2.738325623669700113e-11 -7.166202685602292816e-14 -1.154647095348441908e-11 -2.766977795174464275e-11 -8.914049747732817318e-12 4.339450831165623466e-11 1.872277767714265566e-12 -9.538099931834940205e-11 -1.090934666260629999e-10 -1.034110068839052797e-10 3.784395288567021324e-11 7.004010145831294870e-11 -1.269506727163083333e-10 -1.316415610294118156e-10 9.790406461757758134e-11 2.411564185178988261e-10 6.983764823280156233e-10 8.894373531969314353e-10 5.539465135950300285e-10 1.521610597397684898e-09 5.565720470445889965e-09 1.884078425473175234e-08 5.597895529241175790e-08 1.492593605762083591e-07 4.011369359542916207e-07 1.079834718191756365e-06 2.922335761371790266e-06 7.930125735662977313e-06 2.154335944320284640e-05 5.857272083635371561e-05 1.599609151097401347e-04 4.410085883991320468e-04 1.244507633069688200e-03
3.219804354793432549e-02 1.244980976705935011e-03 4.411698645159579436e-04 1.600171569691857603e-04 5.857377582918646766e-05 2.154510694442573863e-05 7.934248494550464830e-06 2.922663077685218511e-06 1.075704580554738416e-06 3.964190200971666871e-07 1.455780491086718926e-07 5.360651937396748182e-08 1.904326620369661657e-08 7.179078599576309359e-09 3.506465747204742139e-09 1.681187762173111015e-09 8.245209228538810872e-10 1.162218178448650708e-10 -1.270027247812460806e-10 -2.181693365359152349e-10 -2.220973077342593984e-10 -1.960535831197866010e-10 3.711086546728696689e-12 6.811457743198226353e-11 1.062757847362582537e-10 -2.057800262309612070e-12 -3.803375055811523502e-11 6.038142137347835582e-11 9.643842552290840931e-11 4.770587503654818638e-11 6.754992983156257898e-12 -2.724536609786684986e-11 1.295686319034500806e-13 -1.112008465595164677e-11 -2.767837003517217618e-11 -8.705555024856949727e-12 4.225403904423346527e-11 -1.822805779063681440e-12 -9.979261787455425802e-11 -1.113476832389853088e-10 -1.051954200683301222e-10 2.578839384555325549e-11 5.976457069405020705e-11 -1.228788370404509808e-10 -1.131581024306697407e-10 1.166070033599234295e-10 2.735558006916501603e-10 7.515719541488831004e-10 9.242120863313206632e-10 5.660805166472702112e-10 1.508880635531329024e-09 5.522534438620737420e-09 1.875275733135541895e-08 5.596888520726424677e-08 1.494955215354449560e-07 4.013429152209346794e-07 1.079788770476507643e-06 2.921792728561512549e-06 7.929544747296037022e-06 2.154334853388014922e-05 5.857352824007920432e-05 1.599619484935818484e-04 4.410126406443269339e-04 1.244525578138253215e-03
3.219814639516618837e-02 1.244900926292281766e-03 4.411350632478640288e-04 1.599999311183571919e-04 5.856567530773856123e-05 2.154065739539815885e-05 7.931616233896458506e-06 2.921404239918155676e-06 1.075257508221556629e-06 3.962212092295033407e-07 1.454113910912086068e-07 5.350996144899116639e-08 1.902406231065424560e-08 7.237299139642981521e-09 3.600080770092971128e-09 1.764994327452031400e-09 9.115986739609339995e-10 1.671221997600526278e-10 -9.755135555378497564e-11 -2.170231143966812790e-10 -2.384136196977867744e-10 -2.152179003919923980e-10 -5.707982064423384814e-12 5.892277773943319842e-11 9.751923947300942629e-11 -7.216204591781415473e-12 -4.010359683627858208e-11 5.865921346033275650e-11 9.485778797964676736e-11 4.575886718054402464e-11 4.976844057112200630e-12 -2.892868514222285679e-11 -2.769957206760146624e-13 -1.067473266059956548e-11 -2.831081905995389384e-11 -9.889569259562677418e-12 3.996227508124681550e-11 -3.154303405916633032e-12 -9.975575099015764556e-11 -1.116487877336108605e-10 -1.091341562621410555e-10 2.740109738501591134e-11 6.295691081215333361e-11 -1.287824130081175988e-10 -1.133239413763532811e-10 1.214739616011206819e-10 2.711072598409986735e-10 7.463315947171784888e-10 9.257525436984887930e-10 5.938379779495021718e-10 1.536549435686969879e-09 5.585364753725391211e-09 1.877379205253728780e-08 5.602572775778081152e-08 1.495898856806417268e-07 4.014966660742139212e-07 1.079999031556973517e-06 2.922498101105851766e-06 7.930635276934693649e-06 2.154378807685262658e-05 5.857337176134371089e-05 1.599635907325529618e-04 4.410105203780618024e-04 1.244510297139175782e-03
3.219830696352987687e-02 1.244924123093753840e-03 4.411460408479863510e-04 1.600071991680060771e-04 5.857056080751012753e-05 2.154325927878818103e-05 7.933058365395578751e-06 2.921947052626602293e-06 1.075200207661914217e-06 3.961208994608541175e-07 1.453844974780684689e-07 5.353985111828157712e-08 1.905259759373829840e-08 7.189809382785770739e-09 3.534135383452663514e-09 1.742077865212279513e-09 9.432103053512108657e-10 1.978267097286328576e-10 -1.020172706386231646e-10 -2.157939355408835689e-10 -2.388861993388504261e-10 -2.228773551900256836e-10 -1.147404999952364450e-11 6.892362854925495138e-11 1.111235586801577490e-10 -2.581413960867576296e-12 -3.891994938795374575e-11 5.964656480735556445e-11 9.638807212190430936e-11 4.777915901710183111e-11 5.346523509940156036e-12 -2.894284341028899817e-11 -6.083128607501448742e-14 -1.196372174596059236e-11 -3.140182500365968254e-11 -1.111291302368560989e-11 4.291411612606780040e-11 -2.225365372407924228e-13 -9.848129952866575929e-11 -1.142882140309087055e-10 -1.130154224784113794e-10 2.312581014870619428e-11 7.155684813550947681e-11 -1.158929526368912908e-10 -1.211462499779846751e-10 1.140589302185136474e-10 2.780407869847702339e-10 7.657120447789835919e-10 9.595510466740457068e-10 5.918429625544426588e-10 1.510959622821811976e-09 5.493445631366806837e-09 1.866947296194407214e-08 5.593989145950996575e-08 1.495051506734541407e-07 4.014373248130085940e-07 1.079918587735803765e-06 2.922253303434718560e-06 7.930642052459128711e-06 2.154536578135972459e-05 5.857720610450036755e-05 1.599727982258016793e-04 4.410397447880984399e-04 1.244576393696136514e-03
3.219770955123466005e-02 1.244981991970708522e-03 4.411787327035492784e-04 1.600183125033501270e-04 5.857277853479578197e-05 2.154368240299376234e-05 7.932966166814570819e-06 2.921817116670181747e-06 1.075419426041754555e-06 3.963016108825336718e-07 1.453129626742460810e-07 5.354419749752533499e-08 1.909670135294811353e-08 7.305466744344551884e-09 3.650025994532252632e-09 1.778839795246651039e-09 9.092352493393592697e-10 1.706800478498940683e-10 -9.609808303614582309e-11 -2.086274718809311464e-10 -2.365475233166522589e-10 -2.152245494205006669e-10 -1.908561456343687020e-12 6.293710902980349481e-11 1.005190903249038885e-10 -5.966723889508377632e-12 -3.811303137587566842e-11 6.318067861005644117e-11 1.011720107622848119e-10 5.196303027260011592e-11 8.163802482004070476e-12 -2.843060504842797650e-11 -1.659379897425236247e-12 -1.296748997407700628e-11 -2.968972968275836887e-11 -9.587671475138336388e-12 4.190233565259039492e-11 -2.510348951918961178e-12 -9.979044854585153487e-11 -1.121729708607128029e-10 -1.068023031334681254e-10 3.348904467722685171e-11 7.448743311840423950e-11 -1.117656190822513278e-10 -1.095651852760428450e-10 1.107905897267676816e-10 2.581244142575794527e-10 7.433034730258120576e-10 9.595243078564780545e-10 6.143041240432748490e-10 1.581156436612620128e-09 5.561078796830693487e-09 1.876426994377690948e-08 5.597554997910762125e-08 1.495264802526363967e-07 4.016370574001746346e-07 1.080273306944390279e-06 2.922903825321309884e-06 7.932100784882194265e-06 2.154778117330659201e-05 5.858210689910798988e-05 1.599792784448536619e-04 4.410385516333402314e-04 1.244564912645397059e-03
3.219792343571885318e-02 1.244944910096626965e-03 4.411563086164708145e-04 1.600103268855821684e-04 5.856999740528392182e-05 2.154305664020691563e-05 7.932952655372217614e-06 2.921837888127636356e-06 1.075375396931685433e-06 3.964546424428301322e-07 1.455393512014700620e-07 5.362090807898787835e-08 1.912423234247257388e-08 7.257960122852347618e-09 3.589226357984949915e-09 1.734872775490109768e-09 8.906961222569592192e-10 1.566889336585236832e-10 -1.177545373562902991e-10 -2.125898457193184519e-10 -2.325717297716492001e-10 -2.165239327090548144e-10 -5.215517468965537022e-12 6.774883707230023138e-11 1.033823543719206026e-10 -5.904077150145902050e-12 -3.542783054788207879e-11 6.377437995911178854e-11 9.898748471568224348e-11 4.967679764334540425e-11 6.137641591158193531e-12 -3.084613654903807588e-11 -2.317635781178687576e-12 -1.237144871259207779e-11 -3.024162105601810805e-11 -1.052463507422620390e-11 4.145422659020106338e-11 -4.049496471933296588e-12 -9.963088166419611831e-11 -1.051005157393718856e-10 -9.779223349309393936e-11 3.355982912103253390e-11 6.768763994145144110e-11 -1.185600856272473809e-10 -1.194240709445589600e-10 1.045066454068556779e-10 2.630566891092123613e-10 7.428995914493746222e-10 9.464109026984642868e-10 5.874520214650855255e-10 1.521088115152088887e-09 5.551709033969715935e-09 1.879904133380482359e-08 5.598145342960862471e-08 1.495704907009960094e-07 4.014783962129849761e-07 1.079781228856185250e-06 2.921972761056474984e-06 7.929842736121053601e-06 2.154260391789099811e-05 5.857070470987747176e-05 1.599572427410231507e-04 4.409954883314863203e-04 1.244466473428980542e-03
3.219808856260562152e-02 1.244861770828144037e-03 4.411208101692580476e-04 1.599984038689183246e-04 5.856629189990325036e-05 2.154160317610405738e-05 7.932267220798172220e-06 2.921478384581709028e-06 1.075133820052204076e-06 3.964239815704189203e-07 1.456354915756683943e-07 5.370861129506417843e-08 1.911733493738919328e-08 7.219138676463921856e-09 3.592722643616540501e-09 1.786406843068944321e-09 9.181906122891749256e-10 1.960680076062064409e-10 -7.216351969505604375e-11 -1.886640690784116177e-10 -2.161519168937226325e-10 -1.967070784882140094e-10 6.466018824135765570e-12 6.688125968012852982e-11 1.009376297352567651e-10 -4.337420380795965821e-12 -3.973276452055264426e-11 5.751055824928489697e-11 9.323092854325680307e-11 4.626655964988883641e-11 5.234859834145879227e-12 -3.061541022096531269e-11 -3.225327799604412073e-12 -1.508947348482687691e-11 -3.340628689400803577e-11 -1.182765343800063406e-11 4.267292104797515646e-11 1.310949509201483672e-13 -9.318640400740636389e-11 -1.059920393265572911e-10 -1.098719377447560497e-10 2.105878835873091038e-11 5.590423873205447956e-11 -1.249187162208131523e-10 -1.220474760057016507e-10 1.144357081044578785e-10 2.929662923626285642e-10 7.880553806474045508e-10 1.002026787713637707e-09 6.484563509549013596e-10 1.577217936946950995e-09 5.561772876958805466e-09 1.878547938014508756e-08 5.607806867717570596e-08 1.495355250044643605e-07 4.013830619680103200e-07 1.079825308094299253e-06 2.922273965814202226e-06 7.930708153105743989e-06 2.154430980252712672e-05 5.857372716101138686e-05 1.599617537805477136e-04 4.410117556561225240e-04 1.244517438979130929e-03
3.219821223765440693e-02 1.244943888272237757e-03 4.411515283854840533e-04 1.600053104297987933e-04 5.856692956570428538e-05 2.154167279400341707e-05 7.932392205483781232e-06 2.921602433951863803e-06 1.075101005759068819e-06 3.962197162222347233e-07 1.455049928748867016e-07 5.360571170599134806e-08 1.902483840464996080e-08 7.176403261850062436e-09 3.575485735771360139e-09 1.752249282434484485e-09 8.768077177922930696e-10 1.273058790421704724e-10 -1.165629386825860671e-10 -2.171662981095429147e-10 -2.401818843389514408e-10 -2.207336529090720471e-10 -8.418741041983938422e-12 6.571930309710265314e-11 1.057688061525566191e-10 -2.667026275307438625e-12 -3.528850600700118437e-11 6.201768986970163796e-11 9.387153897967247378e-11 4.499020768972141967e-11 5.465607993234454458e-12 -2.651298918613111265e-11 7.664481656493383980e-13 -1.242092326132567678e-11 -2.877140155588798232e-11 -7.175948572513275680e-12 4.332637437898615005e-11 -2.217297485373993574e-12 -9.928318607090865817e-11 -1.126451623198147068e-10 -1.084484316990579644e-10 2.510386733418732524e-11 6.561643771606166053e-11 -1.215745793105162738e-10 -1.225112642731649507e-10 9.914025229347035244e-11 2.516223203207357679e-10 7.351027549425884380e-10 9.303801337976600252e-10 5.910332420729294360e-10 1.535711599295077051e-09 5.563940964118146241e-09 1.875874881171698898e-08 5.595739413489250743e-08 1.493525009370860890e-07 4.012747498286422880e-07 1.080130378745678380e-06 2.923069472428188098e-06 7.932275460736892172e-06 2.154784095166994946e-05 5.858198047775393919e-05 1.599808914069597717e-04 4.410503510141529251e-04 1.244596517165385543e-03
3.219778688249223808e-02 1.244774760843161835e-03 4.410856097323408664e-04 1.599837435464277597e-04 5.856051379848565880e-05 2.153930024740196829e-05 7.931168293132229938e-06 2.921261131562831815e-06 1.075071547144461368e-06 3.960549906325007821e-07 1.452552373102002724e-07 5.350605654382781664e-08 1.904206513914832290e-08 7.212203927286740372e-09 3.585450560118934792e-09 1.773108120435460333e-09 9.104002504595165697e-10 1.536571038889708013e-10 -1.200774413803233282e-10 -2.308237096420790977e-10 -2.426331598885108733e-10 -2.278511367481024854e-10 -5.503387467089348882e-12 6.734115683440521318e-11 1.018123569657666833e-10 -6.264863588156174426e-12 -3.800242331109928822e-11 6.017087189672467492e-11 9.255469386833750841e-11 4.693235688790353043e-11 7.096875562538643038e-12 -2.867554992847820772e-11 -1.548289374498009716e-12 -1.477039143520453629e-11 -3.112455800889391629e-11 -9.986170043524739770e-12 4.191118294588296703e-11 2.459950915067962780e-12 -9.138966441382961396e-11 -1.044217046261932766e-10 -1.033531456185676881e-10 2.585708871647600770e-11 6.627402529621893298e-11 -1.289817154516211157e-10 -1.376286308194148776e-10 9.450189224930305046e-11 2.777179428972837166e-10 7.729692749150528379e-10 9.583857016468387521e-10 6.084489814269963736e-10 1.506206348855774694e-09 5.438369199321252669e-09 1.864334361445079957e-08 5.589473946701330763e-08 1.494444564161662504e-07 4.014914062326954573e-07 1.080080228092919833e-06 2.922354403767757489e-06 7.930574751906958335e-06 2.154511947394711793e-05 5.857662914878983143e-05 1.599683196925885610e-04 4.410222570806958224e-04 1.244539982050790533e-03
3.219783456278184353e-02 1.244872970529309645e-03 4.411281208276745212e-04 1.599983914716258764e-04 5.856435801868532624e-05 2.154005782387032956e-05 7.931784866045910000e-06 2.921688413815532764e-06 1.075433006992674533e-06 3.965324678497908006e-07 1.455908378280593174e-07 5.358352033531917240e-08 1.898661422971754478e-08 7.187173865954983180e-09 3.585377291328220458e-09 1.719892440395746010e-09 8.593919569741039510e-10 1.481649344523229612e-10 -1.011162961031712293e-10 -1.977674853435737275e-10 -2.139839368585851106e-10 -2.028379529467631422e-10 -3.256632524163470663e-12 6.643465748503922425e-11 1.024485516718008893e-10 -6.355365218220839149e-12 -3.894541102992882832e-11 6.098015974405155923e-11 9.956527526232494236e-11 4.962668959057460915e-11 6.103236516093264260e-12 -3.060839441341923022e-11 -2.378865994207545838e-12 -1.239201016326599219e-11 -2.879844291156181309e-11 -4.635966944586474013e-12 4.776999185783294193e-11 1.703234247307994448e-13 -1.001127915691686518e-10 -1.125094432658307646e-10 -1.085420962604515183e-10 2.679629956497928949e-11 6.509142064131666759e-11 -1.213933790379229992e-10 -1.179422005894812538e-10 1.059552263944422242e-10 2.558912179409085951e-10 7.426808427572491828e-10 9.519426187488986401e-10 5.733373572424426054e-10 1.464823670880018558e-09 5.449213638839123278e-09 1.865827239024341281e-08 5.591083932064331813e-08 1.495623701471035419e-07 4.016318776040111577e-07 1.080225008221762254e-06 2.922682443686989391e-06 7.930939955882410913e-06 2.154508181234971224e-05 5.857539159036682979e-05 1.599641430401814945e-04 4.410102510574229868e-04 1.244507453145542305e-03
3.219736059608862416e-02 1.244967567562794974e-03 4.411617168401396291e-04 1.600140654427562926e-04 5.857349824694012166e-05 2.154495886400162910e-05 7.933712783572418353e-06 2.922304671357207412e-06 1.075559732173193632e-06 3.964046972388016374e-07 1.453881291338839295e-07 5.344906790983098650e-08 1.902249664618832546e-08 7.227562928706219452e-09 3.619030357102557968e-09 1.772868225468646985e-09 8.899310522370669228e-10 1.670705046938544569e-10 -8.633079236603547867e-11 -2.043444367553755360e-10 -2.239267364778673310e-10 -2.084005259815895240e-10 -2.538581803077434898e-13 7.129641028541489386e-11 1.054168980683422718e-10 -6.949616149560620709e-12 -4.037260352128893321e-11 6.041901856151324295e-11 9.760796827822605323e-11 4.893368616073679413e-11 6.500187617684486793e-12 -3.032149162504761055e-11 -1.886911313245363680e-12 -1.072371123433456403e-11 -2.528879060298107216e-11 -5.008864249241013477e-12 4.313812839032808524e-11 -2.254550356908295943e-12 -1.003382202612833941e-10 -1.194278559610742485e-10 -1.196106036722295538e-10 2.101775423044631608e-11 6.986418495995591245e-11 -1.191071924030804053e-10 -1.257116813227798393e-10 9.031742456119876461e-11 2.534365776531212751e-10 7.196978581445625279e-10 8.941897961385195121e-10 5.639257488275821433e-10 1.526809472268522916e-09 5.506032722035920595e-09 1.870174694757844419e-08 5.600221228279619238e-08 1.495998749399167099e-07 4.015025655666453241e-07 1.079893716900156416e-06 2.922254086354138179e-06 7.930650584943206379e-06 2.154531802206470457e-05 5.857764870967727578e-05 1.599702026891954801e-04 4.410249558440215386e-04 1.244536160645741364e-03
3.219803622084648626e-02 1.244969944546425950e-03 4.411661919110103553e-04 1.600141517909923897e-04 5.857158233770916041e-05 2.154346429484520583e-05 7.933123466349916624e-06 2.922011884289996185e-06 1.075377294203742462e-06 3.962017184031344249e-07 1.452886218744807056e-07 5.351704109552088340e-08 1.902926398846053199e-08 7.208886174411455133e-09 3.607385235664635755e-09 1.771124765150990457e-09 8.654775671545675808e-10 1.152183198186351998e-10 -1.283008439202594867e-10 -2.175324720087209679e-10 -2.258634725041054207e-10 -2.108140820161735114e-10 -3.487997942398085880e-12 6.712264822070547489e-11 1.080553662768428365e-10 -5.512915172210486806e-12 -4.062342301141072663e-11 6.030285615784177276e-11 9.733750989982594033e-11 4.899779711027626855e-11 8.341735157010971618e-12 -2.640506021698565374e-11 -3.112768790240613811e-14 -1.280275071068039305e-11 -3.035882701280414891e-11 -1.108936166102253756e-11 3.704945809435357270e-11 -6.820381301099386050e-12 -9.974665051987249073e-11 -1.069484342689710018e-10 -9.708193974239484902e-11 3.921754662867478492e-11 6.860360811979008901e-11 -1.322418050048740602e-10 -1.280040118704057296e-10 1.110992780755982136e-10 2.707430077073612497e-10 7.393955189415873021e-10 9.482302013157070756e-10 6.239736564090610356e-10 1.531011711550464276e-09 5.514100054906675985e-09 1.872889222990087899e-08 5.590080392074704049e-08 1.493659539440918624e-07 4.013707592835594733e-07 1.079977335114346570e-06 2.922117302017652825e-06 7.930319730830699091e-06 2.154450652744046370e-05 5.857443908604910080e-05 1.599644561241748498e-04 4.410196280189359686e-04 1.244534009994183697e-03
3.219811689300471069e-02 1.244874226714163916e-03 4.411232813217793192e-04 1.599936049245235430e-04 5.856331952275620304e-05 2.154035228692431663e-05 7.931885083524841540e-06 2.921557673595462249e-06 1.075134684314404565e-06 3.961791788977504485e-07 1.454149371665611330e-07 5.364285792110265329e-08 1.917430341031512515e-08 7.298673974641382060e-09 3.601146781517554491e-09 1.731147153698022065e-09 8.652215341942919101e-10 1.313599837395962695e-10 -1.195868486184029017e-10 -2.119404380639175655e-10 -2.289050895439123434e-10 -2.138939905869745361e-10 -7.833873771161183801e-12 5.773890034003182665e-11 9.877694158805539471e-11 -9.218687720535854131e-12 -4.167126702610757576e-11 5.948277658337129596e-11 9.782643517155130406e-11 4.811590638435129362e-11 4.902647462414113031e-12 -3.073471226206779419e-11 -3.318947252928559184e-12 -1.374460332692943565e-11 -2.874717450494591478e-11 -6.128688602844424327e-12 4.606464135639742079e-11 2.952883643913357587e-13 -9.845974101750462895e-11 -1.123376680941572788e-10 -1.056140391866735029e-10 2.931875945539321906e-11 6.721006964881829454e-11 -1.282764112343205942e-10 -1.340597325792013782e-10 1.111064267705347378e-10 2.599404172350847926e-10 7.137639873457285964e-10 9.192704236434636054e-10 6.203206973601350694e-10 1.552425882062892737e-09 5.538692331855171589e-09 1.875083329171771027e-08 5.593145652685363239e-08 1.494293896898779904e-07 4.014313308444907590e-07 1.080067167967102888e-06 2.922063681791698628e-06 7.929713018570231972e-06 2.154324596606445490e-05 5.857261738906553158e-05 1.599597356986103946e-04 4.410090348349614861e-04 1.244505571776589317e-03
3.219798573112690743e-02 1.244923228695119692e-03 4.411442204839735571e-04 1.600055262361945233e-04 5.856876647024657765e-05 2.154254965495498212e-05 7.932996334133038112e-06 2.922065867398839759e-06 1.075424012067832277e-06 3.964000290644890406e-07 1.454181125543253812e-07 5.342246240126994924e-08 1.892209194527857647e-08 7.181763906016264326e-09 3.600708332132356923e-09 1.758582474044064283e-09 8.782075858411029985e-10 1.408403099542184867e-10 -1.152355316738859436e-10 -2.027005017614824970e-10 -2.192324871479566552e-10 -2.065900768642258182e-10 1.713704674822885738e-12 7.023731102694442608e-11 1.059140798430505460e-10 -6.931892359174929839e-12 -3.784733882195852948e-11 6.485598514252811653e-11 1.020128048425586320e-10 5.085633180782200231e-11 6.674179662187185120e-12 -2.880950674099837807e-11 -7.786579356532222028e-13 -1.099555182807336794e-11 -2.820171536692474224e-11 -9.631100861497562233e-12 4.101778645187676075e-11 -8.763849984654724325e-13 -9.783799424799539124e-11 -1.124577727024114662e-10 -1.018118511400339592e-10 3.922481272393246517e-11 7.672423598502358194e-11 -1.175626939866916947e-10 -1.263288862598250639e-10 1.006302284197869956e-10 2.533796837046373845e-10 7.312353037344113078e-10 9.303694313588115651e-10 5.761489168914744567e-10 1.501390806140573798e-09 5.490140677195865536e-09 1.872938615024714998e-08 5.597410968958991119e-08 1.494097927130772533e-07 4.011863639711979683e-07 1.079588751201543618e-06 2.922122176633978243e-06 7.930389724165461018e-06 2.154346292059403250e-05 5.857221062359124151e-05 1.599571541415276534e-04 4.409927366345615853e-04 1.244472057198414998e-03
3.219817695838391586e-02 1.244985075811382664e-03 4.411705763916168419e-04 1.600164718875523022e-04 5.857231745276472604e-05 2.154366455888408180e-05 7.932865615620458613e-06 2.921825511816491507e-06 1.075340664594978831e-06 3.963168307074825022e-07 1.454280034883443070e-07 5.352001615348547092e-08 1.899467031056671763e-08 7.170564602912471006e-09 3.556953296931365506e-09 1.743725485258710439e-09 8.959027041430131044e-10 1.600276273525131468e-10 -1.110580310181737232e-10 -2.178410403529997142e-10 -2.374535893543443887e-10 -2.223639090308589256e-10 -1.398858313788637246e-11 5.363016886107483568e-11 9.914401055742674707e-11 -1.860815042368761765e-12 -3.489540150116410341e-11 6.101631150267773208e-11 9.702476515391081704e-11 4.840044977230810962e-11 6.300033619940752780e-12 -2.882919499103680934e-11 8.453267692670315506e-13 -1.188342261148920121e-11 -2.865939984121556682e-11 -8.240564832344986737e-12 4.184518708307625957e-11 -1.498114321082476898e-12 -9.550204854236480119e-11 -1.086600915321087544e-10 -1.065820892652060784e-10 2.588649425093987541e-11 6.401783728178904148e-11 -1.252787432804113429e-10 -1.320961359677783234e-10 9.061574414789783047e-11 2.498401576227768841e-10 7.255420183066893851e-10 9.163639359816642234e-10 5.756703859821728530e-10 1.521439634606779842e-09 5.511690869422694487e-09 1.874947981016246845e-08 5.600588593360576126e-08 1.495328768319794180e-07 4.014712437618726421e-07 1.079937316501831524e-06 2.922334971635813287e-06 7.930578871696581308e-06 2.154440555022487110e-05 5.857429958923315362e-05 1.599636667937152131e-04 4.410171602618940699e-04 1.244543215793292388e-03
3.219822523079402671e-02 1.244897481924156848e-03 4.411350907946574341e-04 1.599994413424886484e-04 5.856482055000440521e-05 2.154034114713547415e-05 7.931547158095115409e-06 2.921209453233203382e-06 1.075072600687993842e-06 3.963884942356200624e-07 1.456294582041789400e-07 5.367527309377352888e-08 1.907210891643672757e-08 7.231805818729315399e-09 3.619656237573804910e-09 1.775976372668185076e-09 8.734546541253736238e-10 1.284556320781302336e-10 -1.331471426481453742e-10 -2.232511078332580416e-10 -2.303441300787405850e-10 -2.016524618822272740e-10 -8.638951384334733259e-13 5.863576000994865527e-11 9.982875018775211925e-11 -3.254268569491189986e-12 -3.415641433461210239e-11 6.270469279592367521e-11 9.581347037156552740e-11 4.623687171292450364e-11 5.710411564387644124e-12 -2.829188913664469083e-11 5.158556978207469620e-13 -1.113082859436719703e-11 -2.964009699798870224e-11 -1.113167202619623516e-11 3.817013527933196149e-11 -7.048193624333519570e-12 -1.030014133969214937e-10 -1.177930019752848019e-10 -1.143278313309685753e-10 2.516939266248827727e-11 6.185904124631435546e-11 -1.376063953030844276e-10 -1.388317357660419360e-10 8.563400308024337894e-11 2.473811862025284805e-10 7.727847808394759149e-10 9.833451618767945055e-10 5.912394177688125624e-10 1.528690649880870712e-09 5.530918853072609338e-09 1.876840245825163594e-08 5.601160217276479491e-08 1.495654638474279441e-07 4.016982444776340834e-07 1.080377718503203981e-06 2.922691143424966744e-06 7.930987026991336987e-06 2.154454035346099037e-05 5.857475900891794386e-05 1.599629255212002446e-04 4.410104685775328211e-04 1.244513480577181825e-03
3.219810228085447784e-02 1.244877194802371202e-03 4.411289788535469329e-04 1.600003324630245444e-04 5.856507900854163808e-05 2.154015257172922765e-05 7.931110777336221885e-06 2.920972040740650134e-06 1.074989079821365480e-06 3.963573324538769867e-07 1.456663984241760642e-07 5.364644158722624476e-08 1.902938328562366973e-08 7.203412673500757132e-09 3.564920374958456348e-09 1.721461543785193583e-09 8.787173079277236085e-10 1.776744833197476757e-10 -8.441401466835189203e-11 -2.036665216819355627e-10 -2.269266005640420136e-10 -2.182947414996837231e-10 -1.122010485783818274e-11 6.123188320320096242e-11 1.029553283802507563e-10 -5.115577158539423559e-12 -3.815049644291308429e-11 5.926819393585276106e-11 9.676601870919363242e-11 4.762844789870645782e-11 7.539537439694100348e-12 -2.851851362832131706e-11 -2.424544070864710069e-12 -1.354700069504443035e-11 -3.067129057434490061e-11 -9.496252191533459997e-12 4.161774724915096138e-11 -2.301490954163424048e-12 -1.014645353045757905e-10 -1.160498735021710750e-10 -1.155122136175965957e-10 2.082360241313654984e-11 6.249990840861240046e-11 -1.301031854275511685e-10 -1.195294968123539620e-10 1.219076037793205770e-10 2.865508041421846771e-10 7.677552977788069476e-10 9.468371910206317950e-10 5.664229369842969353e-10 1.492604994933510824e-09 5.565687807017744648e-09 1.885143435369742108e-08 5.605328072634078661e-08 1.494487947452858120e-07 4.011447462467357360e-07 1.079561736808273260e-06 2.921810565961430061e-06 7.929678818158330468e-06 2.154269006300281434e-05 5.856989118571777261e-05 1.599526161099059209e-04 4.409854081160763817e-04 1.244445364611399289e-03
3.219818602522443729e-02 1.244899762865101433e-03 4.411415087032613015e-04 1.600061184219175891e-04 5.856909888839679417e-05 2.154240746294761044e-05 7.932133873057428189e-06 2.921433403249171085e-06 1.075133751424937392e-06 3.962821481495730040e-07 1.454352701483417056e-07 5.352910957640124283e-08 1.906117476680326395e-08 7.269953383268972562e-09 3.643572569106657899e-09 1.778656026568871811e-09 8.907771129694269713e-10 1.308772255782593339e-10 -1.222400564022574046e-10 -2.047067620269590198e-10 -2.212662171022160356e-10 -2.138509697645283250e-10 -1.153160194708162135e-11 6.041712163041964686e-11 9.800739876352148070e-11 -9.563314266541335081e-12 -4.218047489568067883e-11 6.115507660488452093e-11 1.002580328866768829e-10 5.063420671269448792e-11 7.346869106935732995e-12 -3.157972666404786421e-11 -3.674895140945365622e-12 -1.438367456507339529e-11 -3.098329545269555550e-11 -8.057263896107649697e-12 4.546124741064419253e-11 5.338734576267118749e-13 -9.528839616021160400e-11 -1.096650092751803866e-10 -1.092769362802805976e-10 2.571723011157743303e-11 6.854937528255794983e-11 -1.265922441439027521e-10 -1.246355983529781305e-10 1.155803808103250784e-10 2.721279634610090182e-10 7.413004429236186001e-10 9.172495484038483771e-10 5.714526427408630635e-10 1.531654835987683544e-09 5.534934244709704503e-09 1.879222772828598558e-08 5.608194214196911464e-08 1.495956249456995512e-07 4.014393054154131677e-07 1.079956771539445880e-06 2.922521681889184010e-06 7.930810925787676349e-06 2.154504218151632417e-05 5.857583002494159448e-05 1.599652690234740205e-04 4.410155415210324477e-04 1.244511788178336411e-03
3.219779831425689798e-02 1.244957194911003881e-03 4.411624458498969209e-04 1.600142491780376494e-04 5.857272347952314459e-05 2.154403135781511339e-05 7.932764535430731801e-06 2.921765587138135321e-06 1.075339817690671318e-06 3.964092450029061187e-07 1.455608857189428468e-07 5.361507274351119809e-08 1.905285521812152423e-08 7.218290885458593080e-09 3.581421684977872282e-09 1.749826074695712032e-09 8.977719711014299458e-10 1.647436997018146577e-10 -8.895975411575928268e-11 -1.965063364010692538e-10 -2.178764377881449315e-10 -2.138901802895019938e-10 -7.001055045278592033e-12 6.424370751723001754e-11 1.069272819660294442e-10 -2.833399094420924362e-12 -3.964419349458250228e-11 6.133190243930180274e-11 1.005635450383023502e-10 5.056393561194335855e-11 6.889675046651571015e-12 -2.861799385517550503e-11 -1.505101630168191598e-12 -1.275571984127782393e-11 -2.808211957030892431e-11 -8.702228446654828371e-12 3.874578111252653840e-11 -6.688166945424156427e-12 -1.006358030690756831e-10 -1.120972109547073815e-10 -1.074194029246573398e-10 3.276811003233986824e-11 6.946085718057118394e-11 -1.187312906467440299e-10 -1.074308080162157890e-10 1.187209617070086505e-10 2.562973589123768258e-10 7.322861806846271013e-10 9.187528934724619297e-10 5.715054491740907863e-10 1.524763026211075495e-09 5.531077373708739923e-09 1.874195755284202934e-08 5.602088434402710866e-08 1.495916942992004478e-07 4.014462586490581763e-07 1.079758261918265156e-06 2.921724270797854708e-06 7.929808124408765512e-06 2.154476633403236007e-05 5.857739799195190675e-05 1.599729927478818719e-04 4.410422640132065299e-04 1.244587169375576622e-03
3.219758625493561455e-02 1.244928417786981189e-03 4.411494235270045920e-04 1.600113722875607747e-04 5.857331114972962158e-05 2.154453335360052805e-05 7.933388116877610643e-06 2.922372951813708547e-06 1.075835393423198090e-06 3.964721774680690948e-07 1.453414509874598087e-07 5.344994326640858142e-08 1.901784270038150210e-08 7.193534610392336041e-09 3.556228382241423768e-09 1.759450095341571276e-09 9.187366583666694117e-10 1.798251056648186544e-10 -9.656901781585147287e-11 -2.181782667563670863e-10 -2.300827960633039064e-10 -2.115948303902637348e-10 -1.085287112748033886e-11 5.907323115200721370e-11 1.012088820202064257e-10 -7.400598890618353329e-12 -4.359616723742916098e-11 5.730556193374357365e-11 9.450597566891786645e-11 4.615218720099469061e-11 5.644958926244421334e-12 -2.840780102479581722e-11 -7.920801974047640530e-13 -1.053759987396217568e-11 -2.626037680436397812e-11 -6.048469150437759782e-12 4.442927686311262508e-11 -1.564396538846559866e-12 -1.009310235541475081e-10 -1.180470710701147670e-10 -1.146997576536643805e-10 1.953198679811635710e-11 5.839502225023899764e-11 -1.221920213078574603e-10 -1.221463808334390259e-10 9.667173301822427464e-11 2.456973268893609259e-10 7.196224367459361504e-10 9.500530303651914477e-10 6.260444803597002569e-10 1.519761394630609306e-09 5.483531253486715971e-09 1.871424573736318439e-08 5.593929534187407827e-08 1.493780417030213245e-07 4.013583208985035752e-07 1.079994564219066447e-06 2.922622816996916644e-06 7.931178783101686501e-06 2.154515250708478522e-05 5.857598832186114608e-05 1.599659431713969444e-04 4.410182693791336894e-04 1.244533706108383059e-03
3.219767686930098682e-02 1.244886232939798046e-03 4.411298592472363074e-04 1.599972239936655954e-04 5.856443903565697464e-05 2.154124313023610373e-05 7.932375849905951308e-06 2.922031390554610790e-06 1.075658927975026518e-06 3.963693640381169764e-07 1.454707069955970850e-07 5.363130935150317655e-08 1.901205471743829180e-08 7.160342302064839696e-09 3.558443891098874006e-09 1.743714693229551728e-09 9.029150556588115309e-10 1.664993879956870826e-10 -1.014630484087666990e-10 -2.059983815534124987e-10 -2.230349030059400075e-10 -2.062496609964045464e-10 7.863645884079456473e-13 6.367068902807221123e-11 1.020953591779011571e-10 -6.759702299231678942e-12 -3.882583021118962766e-11 6.096769374644730979e-11 9.566002072306517989e-11 4.732994559363031566e-11 5.529511292465540447e-12 -2.855248862233852907e-11 -4.936817192797765226e-13 -1.154505041674741755e-11 -2.697225759131329439e-11 -3.997416380799888010e-12 4.658590879638044613e-11 3.424449401561771998e-12 -9.485936458006285106e-11 -1.125521258240775419e-10 -1.133754785782785807e-10 2.573665775089111043e-11 6.810978840018036921e-11 -1.143658708615398038e-10 -1.090110864910452760e-10 1.215168015471293031e-10 2.504236268899263582e-10 7.079580158242773654e-10 8.877704772801639653e-10 5.400267958786889811e-10 1.513769345915763088e-09 5.518469362716944115e-09 1.875824264639725492e-08 5.602922142346541271e-08 1.494289380156450370e-07 4.012453121023509193e-07 1.079859432485782753e-06 2.922389691729824071e-06 7.930399855896994680e-06 2.154482067231727947e-05 5.857695693564363008e-05 1.599696025913691501e-04 4.410281133637374441e-04 1.244550439045208692e-03
3.219828173721337589e-02 1.245018839442746730e-03 4.411889594475321293e-04 1.600236832139295185e-04 5.857496927425596918e-05 2.154425132697400865e-05 7.932993625132277920e-06 2.921923104075661944e-06 1.075391987720244137e-06 3.963211920488414292e-07 1.454925538816721323e-07 5.357687491651620817e-08 1.902546998709294593e-08 7.270082256211183908e-09 3.681386356095994292e-09 1.821865626229761235e-09 9.080872376871549515e-10 1.506262459572659290e-10 -1.162111263590773808e-10 -2.330828887949167408e-10 -2.468872464207789064e-10 -2.244903370265075188e-10 -8.928747407703454699e-12 6.078213244187375568e-11 9.497619353727758682e-11 -9.014925324503806709e-12 -3.571521849419806764e-11 6.422278841864128363e-11 9.640933744575658626e-11 4.857072638089941669e-11 9.836227034048731358e-12 -2.605261377560403305e-11 -6.407376756043853155e-13 -1.182403538011119901e-11 -2.961951084808944923e-11 -1.162957803405668166e-11 3.912442818928301577e-11 -3.445416568523948980e-12 -9.978872283757266118e-11 -1.133181205133129292e-10 -1.087635743041346943e-10 3.098862569530978187e-11 7.248508184103425660e-11 -1.224480302021518665e-10 -1.149374707086805721e-10 1.289224208304847405e-10 2.706163436449337571e-10 7.357064177593847647e-10 9.331249835060592427e-10 6.212841425338483818e-10 1.578760952025975350e-09 5.562391940633215670e-09 1.875890564770874275e-08 5.597630925645250632e-08 1.494797688671587326e-07 4.014937137704848324e-07 1.080065482424551315e-06 2.922419857933283450e-06 7.930464424694372454e-06 2.154422902702638748e-05 5.857443522231609782e-05 1.599650544753632435e-04 4.410199391551539411e-04 1.244538353391359906e-03
3.219837878122196184e-02 1.244943672162082812e-03 4.411497059305144572e-04 1.600083554780169532e-04 5.857096878532658138e-05 2.154383191162920796e-05 7.933115691555009624e-06 2.921931881645438954e-06 1.075255508605777071e-06 3.962485724337848681e-07 1.454789357619066433e-07 5.351180196275294318e-08 1.900097239349882064e-08 7.228477992813751409e-09 3.607964315591872036e-09 1.762809813497615778e-09 8.868501391171731860e-10 1.577898571855991090e-10 -1.080330999150801586e-10 -2.203484920323463573e-10 -2.365594592155184832e-10 -2.128112736321243587e-10 1.851911097334511209e-12 6.447016468327559012e-11 9.967771985836052024e-11 -5.740716943096922177e-12 -3.976358623173079292e-11 5.856354822242317546e-11 9.738638382071903808e-11 5.113307709450800985e-11 8.248626820175183469e-12 -2.764556530876909538e-11 1.187881307153471394e-12 -9.494861784293969131e-12 -2.658142927438358459e-11 -8.215376043783519410e-12 4.078178330716581295e-11 -4.066899669281831068e-12 -9.998515508779998427e-11 -1.129503106984919043e-10 -1.094357076277082913e-10 3.328635442658690759e-11 7.852873505240949073e-11 -1.116109707482868082e-10 -1.125069521130771206e-10 9.947461929545205202e-11 2.230972738947431804e-10 6.985596242108523242e-10 8.888830069119491781e-10 5.204902471179379361e-10 1.448996698132159427e-09 5.434602572429687438e-09 1.867755951360608918e-08 5.597103322767877624e-08 1.495027609850339257e-07 4.013963641142295663e-07 1.079882278193047395e-06 2.922276241044174948e-06 7.930405667812588178e-06 2.154397977717023045e-05 5.857181196491918860e-05 1.599570737047263907e-04 4.410040586118914850e-04 1.244515042271735665e-03
3.219791900780510918e-02 1.244911349594893636e-03 4.411439388454974531e-04 1.600066605376458738e-04 5.856982442821214157e-05 2.154325890876099777e-05 7.932954051692058507e-06 2.922080784062301083e-06 1.075467048840268985e-06 3.963844687672950801e-07 1.455233168142519321e-07 5.360561122829371172e-08 1.915272033999928601e-08 7.267730936410227775e-09 3.598135917710954017e-09 1.752026684999568641e-09 8.783210594587135723e-10 1.249585694194157469e-10 -1.314962321886927264e-10 -2.222147070971286694e-10 -2.256963822229118614e-10 -2.147426268237395189e-10 -1.919086564942280980e-11 4.974730035351294890e-11 8.910875812575670485e-11 -1.484947362810299501e-11 -3.940723470999568867e-11 6.402863815071861461e-11 9.536278702859673935e-11 4.565509453241936266e-11 5.854078558141797409e-12 -2.990743892640447253e-11 -3.288070254904674431e-12 -1.174654402775392584e-11 -2.707771231383177115e-11 -6.376907906116550827e-12 4.310764405704347098e-11 -3.139576697610001722e-12 -1.003538308867835853e-10 -1.108179444286111700e-10 -1.048239508022173731e-10 3.195481164650260986e-11 7.080848659248097769e-11 -1.161443499567969410e-10 -1.034572159472868615e-10 1.482460455883573265e-10 2.978731955007964336e-10 7.547415481983120133e-10 9.374813793540506256e-10 5.706814082851438646e-10 1.496141675107474834e-09 5.474046193159105245e-09 1.870273905793713793e-08 5.597137341420674956e-08 1.495896076502966895e-07 4.015396493031252770e-07 1.079916702006664931e-06 2.922052199312762971e-06 7.929782518999267831e-06 2.154266265445297867e-05 5.856893457946299187e-05 1.599501459778999730e-04 4.409848604458262481e-04 1.244453879976207969e-03
3.219820148944696481e-02 1.244917629740576858e-03 4.411422844873511559e-04 1.600030147276561938e-04 5.856733301269482269e-05 2.154150661271783351e-05 7.931783113372725056e-06 2.921442739327904052e-06 1.075178575013065472e-06 3.962457945623163288e-07 1.454304415946045137e-07 5.352813181912097496e-08 1.901559432610231063e-08 7.185951707316592957e-09 3.584815663518881473e-09 1.761181156473279176e-09 9.044810193889614310e-10 1.815005038481398244e-10 -9.006687828132528923e-11 -2.205437580566369852e-10 -2.443096722071448685e-10 -2.209943670969178555e-10 -6.982262498214674846e-12 6.522065831174502516e-11 1.015138930035155292e-10 -1.003795669794854673e-11 -4.031802850035278481e-11 6.331912331282477825e-11 9.709333931388108220e-11 4.697730615998216328e-11 6.382101043559037232e-12 -3.066267608050903754e-11 -4.048002484612473172e-12 -1.329622889954649455e-11 -2.876368499924244204e-11 -8.260302391229661676e-12 4.308589248758295971e-11 -2.290541233554772933e-12 -1.023608117279300984e-10 -1.163247219712396061e-10 -1.064721350952267704e-10 3.551221573966606803e-11 8.114585214908004313e-11 -1.141027603137561874e-10 -1.161432980584603078e-10 1.099612585891905172e-10 2.518914151503512350e-10 7.095654471595415565e-10 8.877160915374661969e-10 5.130454063913646345e-10 1.437681489970062019e-09 5.470095906732300890e-09 1.870372822561485467e-08 5.595572260897798262e-08 1.494865117028449573e-07 4.013634098027506142e-07 1.079935264656647092e-06 2.922565172237254412e-06 7.931223139907141531e-06 2.154545730903067852e-05 5.857612059676776375e-05 1.599686267186917242e-04 4.410286840601846292e-04 1.244565016479309665e-03
3.219812306796873691e-02 1.244863149042937630e-03 4.411169557635861364e-04 1.599931091975017737e-04 5.856356768739385307e-05 2.154027648967423483e-05 7.931366028476922748e-06 2.921034362907360320e-06 1.074968909079465729e-06 3.961958449863986922e-07 1.454516347627540361e-07 5.353192590812549480e-08 1.893053083952668849e-08 7.200336412880325102e-09 3.634179536249354627e-09 1.795401655416842009e-09 9.187311769390445866e-10 1.594455805996194880e-10 -1.163863771012407748e-10 -2.159377042847405104e-10 -2.274805004937971024e-10 -2.036549367696088891e-10 8.812969186804278192e-12 7.431071965714883740e-11 1.029753398937076800e-10 -9.158013390229807101e-12 -4.042519105978156335e-11 6.183727352539173982e-11 9.686876789062010813e-11 4.723650150335676655e-11 5.658457417769827757e-12 -2.944669260263660861e-11 -4.441240560743622513e-13 -1.045955766042070521e-11 -2.707078753163482033e-11 -8.918284700696103311e-12 3.987311071153990901e-11 -2.113693658475627528e-12 -9.321077977001141817e-11 -1.011788434997560991e-10 -1.018975328809903418e-10 3.114430771683310334e-11 7.245896965816452385e-11 -1.153498207613425746e-10 -1.128341451701337666e-10 1.064087078575539164e-10 2.338780786166037575e-10 6.979486702894225595e-10 9.051100888197741297e-10 5.639575407554507008e-10 1.518522486931511657e-09 5.525754062913842310e-09 1.873151554416623479e-08 5.603808466388383940e-08 1.496349091197030306e-07 4.014821172293144462e-07 1.079838291829761424e-06 2.922098761496679791e-06 7.930152825794137625e-06 2.154323356418590260e-05 5.857158360316015445e-05 1.599582199197509237e-04 4.410021664243330992e-04 1.244497472967914624e-03
3.219796099368593678e-02 1.244921258378437964e-03 4.411434647672332859e-04 1.600039322666071257e-04 5.856904349250376194e-05 2.154324232143917678e-05 7.932912288431971976e-06 2.921979938128427139e-06 1.075231676615961107e-06 3.962441476287761826e-07 1.454980203073233957e-07 5.365490394702659475e-08 1.902047622362576111e-08 7.151549561339120507e-09 3.515737166493527728e-09 1.728934112901268430e-09 9.005211587091281019e-10 1.604672898654057611e-10 -1.129219530032714662e-10 -2.186462114083808578e-10 -2.259599763595638317e-10 -2.085660425333874232e-10 -1.332639211831072826e-12 6.524917532722656562e-11 1.042972466478821622e-10 -8.992385024334414221e-13 -3.483155404392547766e-11 6.413929343818141325e-11 9.979855845314397813e-11 5.125928035407884604e-11 8.013654021246807102e-12 -2.836710356445615553e-11 3.383249048199113206e-13 -1.206823330717892570e-11 -2.911012334599793084e-11 -7.321029671976827094e-12 4.226064199924924342e-11 -4.108058118964493114e-12 -1.017854654185224135e-10 -1.139824666999743405e-10 -1.098129893444081833e-10 2.851188561852950799e-11 6.401396268155617005e-11 -1.254948896481653857e-10 -1.085477474169811144e-10 1.128543977208167422e-10 2.522186603357750071e-10 7.333348022578514892e-10 9.354795909356082675e-10 5.905621519720818552e-10 1.526270423300247936e-09 5.521024083615798368e-09 1.873450142495185211e-08 5.598690569417983318e-08 1.495291336572713036e-07 4.015829200593602057e-07 1.080148457415828335e-06 2.922590086760245119e-06 7.931248038781146868e-06 2.154528703369586813e-05 5.857626548389259025e-05 1.599711642662196218e-04 4.410372259839233323e-04 1.244570161838055074e-03
3.219779646826084057e-02 1.244902299821010888e-03 4.411383331508026166e-04 1.600045752961176508e-04 5.856917463437724561e-05 2.154295586937268956e-05 7.933471368059420890e-06 2.922197860990115467e-06 1.075166618704701686e-06 3.960500717224589074e-07 1.453278268415519230e-07 5.346236186113362895e-08 1.905216300672015408e-08 7.302240819840864654e-09 3.628410057230399280e-09 1.777152917230313715e-09 9.043138382971484100e-10 1.682176071675075218e-10 -9.846561385964401790e-11 -2.050044458705017319e-10 -2.211413592721684657e-10 -2.111236465608758258e-10 -7.481386720302322980e-12 6.447296566614534659e-11 1.076448374693912608e-10 -3.872416893951090310e-12 -3.697045084518122333e-11 6.329100830993580833e-11 9.661349523220642367e-11 4.610609328217762446e-11 3.642087806007139721e-12 -3.117978839953672378e-11 -5.930642832576432257e-13 -9.062991373805067654e-12 -2.474101945091759090e-11 -6.116764014631708834e-12 4.116518365983784177e-11 -8.348970746381221484e-12 -1.070102355318478212e-10 -1.149375485390503399e-10 -1.050031054028390408e-10 2.822853376527602342e-11 7.272906461837610177e-11 -1.110728694295656641e-10 -1.136055250518850243e-10 9.825493277789455542e-11 2.461041416289487317e-10 7.110899993544380291e-10 9.201462963423113815e-10 6.224152282144232763e-10 1.577975183161691301e-09 5.642917149717116340e-09 1.888181967146530333e-08 5.603129857388550422e-08 1.494596684139786209e-07 4.013508859551495146e-07 1.079592836275362641e-06 2.921619907024086665e-06 7.929232724300478108e-06 2.154231101265922468e-05 5.856977358294011810e-05 1.599550439482802185e-04 4.409999971907483480e-04 1.244493805985819913e-03
3.219807625921225491e-02 1.244951449644818775e-03 4.411612724372546406e-04 1.600139002713056385e-04 5.857297657394694071e-05 2.154432317793140276e-05 7.933437959438609206e-06 2.922228330707160503e-06 1.075394109924564440e-06 3.960744690775798378e-07 1.453296533022938863e-07 5.357024200193807125e-08 1.907883649378859239e-08 7.252164870632777751e-09 3.602853219296282810e-09 1.779412800444795512e-09 9.151247062232787478e-10 1.817744306341203227e-10 -9.022932266723234654e-11 -2.028129348509956813e-10 -2.228931400865451113e-10 -2.038043221691993650e-10 6.005102586030525969e-12 6.879519943366745170e-11 1.019335567597389501e-10 -8.713431491717314529e-12 -3.756355229448172580e-11 6.398486733057760722e-11 9.878736591394424586e-11 4.954684726435069858e-11 6.549191307260113577e-12 -2.771173031931919829e-11 6.435940164438223299e-14 -1.249494625420868773e-11 -2.953551176421472828e-11 -7.418687882714476781e-12 4.183416215873770224e-11 -1.942773235450965390e-13 -9.563722651312726949e-11 -1.077176186842090470e-10 -1.032230338741078672e-10 3.273124558200239304e-11 7.735700941862035645e-11 -1.131699942933513631e-10 -1.204075747968322698e-10 9.151072201325598856e-11 2.515698682253678830e-10 7.234076208315779391e-10 8.939743540421487644e-10 5.763821561211505866e-10 1.577930758359309613e-09 5.553079633156069808e-09 1.864668115643392157e-08 5.582982079945998351e-08 1.495419283126386500e-07 4.017349058316899942e-07 1.080320330534868597e-06 2.922356422772005166e-06 7.930315914828802294e-06 2.154471916847527593e-05 5.857544189319498971e-05 1.599677386588845549e-04 4.410219834187305548e-04 1.244533010183058314e-03
3.219825529108840539e-02 1.245002572984666919e-03 4.411813894528647225e-04 1.600227390900262753e-04 5.857601337824103638e-05 2.154502063755343161e-05 7.933739637892418299e-06 2.922482843675907401e-06 1.075704235767989673e-06 3.964898256422593169e-07 1.455474709551316465e-07 5.357271707810849320e-08 1.904184441740658935e-08 7.192134907350755371e-09 3.566280551113519090e-09 1.754711302964777891e-09 8.835599469723009770e-10 1.520067891339124000e-10 -1.168492320716083390e-10 -2.149997477081042896e-10 -2.171459720769010128e-10 -2.089731759473906164e-10 -1.255762935590678175e-11 5.440024233199369351e-11 9.985691209268445592e-11 -6.729959715244179324e-12 -3.601632205504866792e-11 6.534820236480197410e-11 9.875998198287663042e-11 4.839020276853618968e-11 6.748624889767003952e-12 -2.982097093292043939e-11 -1.659129645943625849e-12 -1.156131303681146006e-11 -2.899587764914338348e-11 -9.265695132437716861e-12 4.037492283179581804e-11 -4.163267479072720728e-12 -9.950826495271997256e-11 -1.078991742404681880e-10 -1.041495487489404106e-10 2.603125932700812180e-11 6.381920238507999860e-11 -1.181161249421727152e-10 -1.108149011341316484e-10 1.107401754029002258e-10 2.553556522077554402e-10 7.258944036024778802e-10 9.087061116689951863e-10 5.598072655031772445e-10 1.503990553786711314e-09 5.494267021948859705e-09 1.875006739050195234e-08 5.605725781116245470e-08 1.496153377817092220e-07 4.014540636387018650e-07 1.079979416902455278e-06 2.922695603928225102e-06 7.931441463094019117e-06 2.154623969808970870e-05 5.857749751596105786e-05 1.599707501873169179e-04 4.410359858848606688e-04 1.244558309045383027e-03
3.219816592330811134e-02 1.244902657071524565e-03 4.411355954236910893e-04 1.599994625166478355e-04 5.856600355381497884e-05 2.154150596257683426e-05 7.932248232961088997e-06 2.921782655871883621e-06 1.075448865456645650e-06 3.964051594964505659e-07 1.454910019214931976e-07 5.359530062179914499e-08 1.907833458292280791e-08 7.246401198349202774e-09 3.546770049367903484e-09 1.717641775980039891e-09 8.751103679389570650e-10 1.421039017107520742e-10 -1.167915081207678099e-10 -2.136717704327856766e-10 -2.203647197071055941e-10 -1.985449503621354794e-10 1.634337026632441121e-12 6.507776913865553738e-11 1.021912603088673037e-10 -2.520925795637565208e-12 -3.387335979195715736e-11 6.251597501114755516e-11 9.583091134229662651e-11 4.571106990381921907e-11 5.978016774633593485e-12 -2.711553826348339658e-11 -1.898045669277203744e-13 -1.189403220270107268e-11 -2.696387894740275124e-11 -6.513531808702873291e-12 4.117852160261739962e-11 -4.370675977031802982e-12 -9.822334978152794478e-11 -1.096530089889033100e-10 -1.074591583106037237e-10 2.997281628085075084e-11 7.452281865535310109e-11 -1.148319136705915406e-10 -1.138429066791263611e-10 9.977771879340853857e-11 2.361831700718107155e-10 7.225139848441653646e-10 9.186130386953190311e-10 5.549872457669168799e-10 1.513112657583027074e-09 5.549253990250697590e-09 1.881635969662428094e-08 5.610455694218037250e-08 1.496123686931559010e-07 4.014892351440686658e-07 1.079799395896916038e-06 2.922065928656903709e-06 7.930326403842983570e-06 2.154315156266995657e-05 5.856993799133696751e-05 1.599517882215468979e-04 4.409822832701973654e-04 1.244444054667815779e-03
3.219807239989890685e-02 1.244974732174584237e-03 4.411655506139764869e-04 1.600159739679740125e-04 5.857419977567649599e-05 2.154441868267558812e-05 7.933213362076887401e-06 2.922049666052119310e-06 1.075264231725971243e-06 3.962556415569285497e-07 1.454195722674853785e-07 5.353659168985666343e-08 1.905010228131445289e-08 7.204281999417992495e-09 3.549986917613193495e-09 1.728196257463403063e-09 8.982997651610502842e-10 1.871241577219291026e-10 -8.672867605751455833e-11 -1.915114914409054976e-10 -2.101316630964680384e-10 -2.023390352578878390e-10 -4.931421443959682439e-12 5.974694895859600780e-11 1.010790023022188577e-10 -6.694969505431370705e-12 -3.732598755640634660e-11 6.328120745572497928e-11 9.992305882201689577e-11 4.914678996812750441e-11 6.843988615501778473e-12 -2.803304381495396018e-11 1.011890035061483332e-13 -1.242909523201334260e-11 -3.074540379125083958e-11 -1.182657316908919633e-11 3.692680361394153973e-11 -4.289068042418313431e-12 -9.937851699605663655e-11 -1.101900816539727254e-10 -1.031116965987763642e-10 3.774305906299942483e-11 7.680180455522702413e-11 -1.170219898177167144e-10 -1.260269690871727438e-10 1.004253267956331063e-10 2.672559797666638223e-10 7.450543029109210080e-10 9.372588240761918350e-10 5.935001638402579142e-10 1.559989267488889518e-09 5.569524931142951698e-09 1.880694231792933902e-08 5.617205273144295844e-08 1.497741559471072246e-07 4.015195873712302371e-07 1.079719101689560368e-06 2.921809186188534494e-06 7.929972787033760147e-06 2.154497853734365899e-05 5.857796344655793753e-05 1.599726825811015915e-04 4.410363111913892910e-04 1.244579001318722690e-03
3.219807742939551076e-02 1.244904438599958672e-03 4.411330242675164017e-04 1.600007369755417498e-04 5.856720591881746244e-05 2.154244125044538360e-05 7.932977904441395223e-06 2.922138997207327249e-06 1.075664178079173017e-06 3.964678631521759074e-07 1.454473365258575287e-07 5.352227286726664707e-08 1.900180741624719555e-08 7.194085661117260055e-09 3.557797324740766387e-09 1.757534004612197033e-09 8.796498061736894839e-10 1.419789333401022188e-10 -1.070825261110751482e-10 -2.141716680887374825e-10 -2.356527010806572800e-10 -2.157487933346376739e-10 -4.331654417735727886e-12 6.423825505239048910e-11 1.048940952896978351e-10 -5.595594323427579802e-12 -3.778838194246357450e-11 6.303880099474734708e-11 9.637617025688581839e-11 4.709987191783447728e-11 6.384582644372759519e-12 -2.722084782695379559e-11 8.995258974308133036e-14 -1.054136317620997060e-11 -2.881787416365722956e-11 -9.478311022777957822e-12 4.248511244332108635e-11 -3.684836523642640429e-13 -9.951606934143896833e-11 -1.177195367278583210e-10 -1.146973281289198313e-10 2.613332611979757140e-11 7.598832906704976020e-11 -1.089909853949311245e-10 -1.168532064625935633e-10 1.064375979787842188e-10 2.484815283588962011e-10 7.409689183814023664e-10 9.304804838396578849e-10 5.605452217779664097e-10 1.498164777449421584e-09 5.528112794450961755e-09 1.880835280414606286e-08 5.612495042029526548e-08 1.496822240064337663e-07 4.015831952236530372e-07 1.080063252067393901e-06 2.922521148267522680e-06 7.931281706282356005e-06 2.154636802132982787e-05 5.858011858604956790e-05 1.599778464389401821e-04 4.410458287759635911e-04 1.244584349925214207e-03
3.219836212635084072e-02 1.244872745373256772e-03 4.411306018148222871e-04 1.600025277152297134e-04 5.856612942318159835e-05 2.154131328626552707e-05 7.932438585722442190e-06 2.921959096237824826e-06 1.075323353453814217e-06 3.962206628483577097e-07 1.453632334742039055e-07 5.351560463122414634e-08 1.896032509374169222e-08 7.133876461088795224e-09 3.530506155683813645e-09 1.707579138156022205e-09 8.524639933371975856e-10 1.268063399136511909e-10 -1.240430769041309347e-10 -1.996719138031461880e-10 -1.983808684305586510e-10 -1.934779075329684700e-10 -1.045642828409926454e-12 5.870601518066640807e-11 9.516554822148384659e-11 -1.234239330409437739e-11 -4.012056685548039666e-11 6.019528365668340533e-11 9.395878463321170939e-11 4.568093751551021083e-11 5.467844826375299055e-12 -2.941844542414345155e-11 -2.235392022322389889e-12 -1.351983748633649377e-11 -2.993836719364194386e-11 -7.938307464600451164e-12 4.361371276171394814e-11 5.877640767768004563e-13 -9.649604386406404008e-11 -1.137981909197242735e-10 -1.185178173124494802e-10 1.746738245779180068e-11 6.414459366893577163e-11 -1.194287336467337536e-10 -1.155432707191872042e-10 1.136746754775113578e-10 2.593413851542314678e-10 7.283768777318605028e-10 9.347167862578595429e-10 5.979149079018607292e-10 1.552321096826067055e-09 5.575451426808778323e-09 1.879943915404694010e-08 5.596703293726264666e-08 1.493982376938655261e-07 4.012934549051574049e-07 1.079651226757084305e-06 2.921915415410249018e-06 7.930053646274919245e-06 2.154396812012631917e-05 5.857408149220522830e-05 1.599668635199767892e-04 4.410248110722450490e-04 1.244529924182963959e-03
3.219768437129286870e-02 1.244903987223860281e-03 4.411452197735740602e-04 1.600064048184248746e-04 5.856859794958847650e-05 2.154239250282884789e-05 7.932753605427816688e-06 2.921961087208357101e-06 1.075388274395953739e-06 3.964165986138032123e-07 1.455600504546517476e-07 5.363112899241782134e-08 1.907927451798186573e-08 7.293309875092147379e-09 3.657301983056306535e-09 1.803427399860135178e-09 8.824631249239213393e-10 1.262174068060771090e-10 -1.337206018435309837e-10 -2.316599084971229884e-10 -2.527204641681081134e-10 -2.467589290800442306e-10 -3.084047389546543383e-11 5.544001391322036526e-11 1.025993689794281901e-10 -2.015505150811513243e-12 -3.426565036484866072e-11 6.490488062660971201e-11 9.923546075494508901e-11 4.872066038790251661e-11 6.692899527480047435e-12 -2.933893448111188107e-11 -2.099518243933617859e-12 -1.267683348363261702e-11 -2.933605934183698159e-11 -8.280130234366776271e-12 4.218492975034987228e-11 -2.178747243743463340e-12 -9.785888877760470870e-11 -1.090971357107361332e-10 -1.073996152641362982e-10 2.958176047368285587e-11 6.639412649627741940e-11 -1.286740806494996932e-10 -1.258423860549178354e-10 1.036517971746666008e-10 2.536655157009113277e-10 7.371232617075194487e-10 9.356915099266623815e-10 5.881117674304361927e-10 1.536698239305733762e-09 5.524973291345198101e-09 1.876563895912454726e-08 5.610529762377254284e-08 1.496892872117351751e-07 4.015912457019103701e-07 1.079995899644082036e-06 2.922443549976737903e-06 7.930651090383852855e-06 2.154348672979920619e-05 5.857048720676344156e-05 1.599561551848826017e-04 4.409994561090071412e-04 1.244479898062580839e-03
3.219787083929048777e-02 1.244905602474784181e-03 4.411401811647331934e-04 1.600046951086576941e-04 5.856837635866969205e-05 2.154215781553923319e-05 7.932319479745739973e-06 2.921490013919623655e-06 1.075154247606740542e-06 3.962318159613800274e-07 1.455386187509633251e-07 5.359938677044621308e-08 1.898811452015031440e-08 7.144894109904596743e-09 3.550944523060505831e-09 1.751365940284573943e-09 8.890814832986532540e-10 1.438273711594892596e-10 -1.254845782576869836e-10 -2.217996115690331443e-10 -2.312234596416534012e-10 -2.128776508524489573e-10 -1.729933408468838068e-11 4.576040055449226189e-11 9.355645718658967822e-11 -7.245662252156433333e-12 -3.850792774868487875e-11 5.906755663893970914e-11 9.672247809184818249e-11 4.929020739097610774e-11 7.366995098444483638e-12 -3.027761263040296137e-11 -2.917303303047332151e-12 -1.253364310845002363e-11 -2.881954960766458335e-11 -1.034388680024135704e-11 3.918928609907542603e-11 -2.974873958948044132e-12 -1.002837994499299572e-10 -1.117860152390332277e-10 -1.047604139404201469e-10 3.168294903366880057e-11 7.258018525942711089e-11 -1.176906913876845356e-10 -1.186201236637928733e-10 1.075687438220649670e-10 2.634966545920764069e-10 7.299179311257680811e-10 9.310924874020165317e-10 6.092992513232817960e-10 1.558079328286709367e-09 5.578814422188365799e-09 1.881046737056459704e-08 5.603999290385851658e-08 1.495000420106094604e-07 4.014220546048176194e-07 1.079765802917869524e-06 2.922278882232368885e-06 7.930906286015814837e-06 2.154530253024111795e-05 5.857687236647795420e-05 1.599707415236177382e-04 4.410229610307805155e-04 1.244509147063774116e-03
3.219779593492593656e-02 1.244891355475899507e-03 4.411360024105106603e-04 1.600044827690159748e-04 5.856833136910767591e-05 2.154191690182469474e-05 7.932105362384620308e-06 2.921452932549016097e-06 1.075031003502695417e-06 3.960402034890138123e-07 1.453399851607790046e-07 5.358186935796175916e-08 1.905267576100164804e-08 7.183942832293336226e-09 3.585325436664418188e-09 1.766665996027041207e-09 9.273136981218574851e-10 1.700112937200489161e-10 -1.090747342661403961e-10 -2.151714609398915785e-10 -2.391093307227489339e-10 -2.227926279126311469e-10 -7.051203339517295193e-12 6.493088927526729505e-11 1.048633368660355868e-10 -1.947784138347090272e-12 -3.592013795259515728e-11 6.104835654219519693e-11 9.436640926443828850e-11 4.660272143619581444e-11 6.385117842208036309e-12 -2.854863401826271408e-11 1.351859483510834673e-13 -1.008138964920358332e-11 -2.499075421219025592e-11 -6.234655890022015184e-12 3.951242553023623880e-11 -7.246190926139812044e-12 -1.018312178533558095e-10 -1.157086811332434695e-10 -1.088849710802781208e-10 3.344877694596823590e-11 7.199897434112571660e-11 -1.230869815833688883e-10 -1.214940291299326821e-10 1.240750507558907220e-10 2.580013007326880376e-10 7.432854419526548363e-10 9.677943337470569130e-10 6.373232136326188300e-10 1.580048280111071670e-09 5.521729001883241490e-09 1.860604832143099086e-08 5.576447677380295380e-08 1.494032836227939963e-07 4.013897757050366623e-07 1.079836661807952459e-06 2.922066484690002267e-06 7.930342379443901810e-06 2.154437002868907829e-05 5.857356969032886327e-05 1.599607691485811767e-04 4.410076236058465822e-04 1.244507554934438844e-03
3.219793912697568178e-02 1.244877062376385226e-03 4.411339942288259154e-04 1.600023283576729649e-04 5.856878996893526319e-05 2.154239194894973464e-05 7.932474633029683062e-06 2.921927801015198607e-06 1.075336361581704721e-06 3.962740288730034946e-07 1.454094973682201030e-07 5.350665732077570871e-08 1.896911374603087476e-08 7.230421790777524805e-09 3.623967042391685513e-09 1.752696032924341186e-09 8.595423211411551154e-10 1.337115020792849231e-10 -1.147084569749549405e-10 -2.145989808800763248e-10 -2.221715682877910186e-10 -2.008110000791619711e-10 -2.615464443983528865e-13 6.334533003188103871e-11 1.029085462960952431e-10 -2.112062950491631925e-12 -3.286833215649302570e-11 6.528432475537274827e-11 9.648330501780132817e-11 4.794078226931632379e-11 6.588430576620168492e-12 -2.972968965052716983e-11 -1.360088081040640523e-12 -1.190275568315100140e-11 -2.745475532831756674e-11 -6.170834510203691337e-12 4.191618852124588451e-11 -3.467747612578361102e-12 -9.745088978133724156e-11 -1.095826163177174713e-10 -1.105646998027008444e-10 2.722306302895309681e-11 7.917038207666197199e-11 -1.154131822287905903e-10 -1.237724671642724719e-10 1.078240205939909303e-10 2.595606253657628513e-10 7.086498394103851827e-10 9.024693390868112603e-10 5.393065148236263344e-10 1.466535460389130394e-09 5.512941821151696420e-09 1.878965647667218938e-08 5.598800825908595198e-08 1.495241983035696332e-07 4.015989163963661905e-07 1.079901880547417349e-06 2.921938756022557240e-06 7.929643678198850838e-06 2.154264033586457468e-05 5.857228412719155613e-05 1.599581734729542111e-04 4.409951539360915367e-04 1.244474868974014894e-03
3.219798700171092043e-02 1.244909518177945203e-03 4.411409229198739014e-04 1.600034479157740031e-04 5.856738922842735150e-05 2.154182324930022162e-05 7.932369954795115462e-06 2.921928571593343526e-06 1.075400436571593928e-06 3.962274088142362710e-07 1.453234452334901475e-07 5.347672726263617607e-08 1.893755516301684520e-08 7.143037328005891371e-09 3.561463675766954995e-09 1.722166521188903041e-09 8.934237575435405547e-10 1.774096893347763107e-10 -9.469906080758163441e-11 -2.065758332225234408e-10 -2.294539929438836709e-10 -2.145858243773591222e-10 -1.086646216927788054e-11 6.376132551934549343e-11 1.038913532586923114e-10 -6.288548250179003518e-12 -3.793948999720665947e-11 6.302248992718271753e-11 9.925258790821819859e-11 4.909888626217757736e-11 5.227422894335513626e-12 -3.116994982728338036e-11 -2.435274993479664852e-12 -1.193849993106965143e-11 -2.994331514063822642e-11 -1.033243333476583460e-11 4.278155074128998690e-11 3.778001659246061309e-12 -8.998274486324841743e-11 -1.046794339566272922e-10 -1.063910814567532927e-10 2.607035324459611523e-11 6.730963898063485183e-11 -1.293945556628693824e-10 -1.379001688060926026e-10 9.044602202798461822e-11 2.573138883701308927e-10 7.491128439162459198e-10 9.645848834903080510e-10 6.207581279529632944e-10 1.578723549214262788e-09 5.612692545913233087e-09 1.877855784270770917e-08 5.597139771873877235e-08 1.494824133828672077e-07 4.015145834288227663e-07 1.080151190799077988e-06 2.922679176773022853e-06 7.931051289332231714e-06 2.154518375222645545e-05 5.857707753823821861e-05 1.599722019338862037e-04 4.410348658021324953e-04 1.244558442698986403e-03
3.219817629940142228e-02 1.244902016233987883e-03 4.411361269940352551e-04 1.600018922305706777e-04 5.856772449769166787e-05 2.154196194013276581e-05 7.932371391810120675e-06 2.921757030680104252e-06 1.075217778279439983e-06 3.962713972328933759e-07 1.453815642385861040e-07 5.345131421901467625e-08 1.897304207288630570e-08 7.196850695663540623e-09 3.592261744589190239e-09 1.730337546337996452e-09 8.505914820139384288e-10 1.454339501610677311e-10 -9.864947335927779792e-11 -1.902697247165341177e-10 -2.239816189925545691e-10 -2.233219265431731619e-10 -1.142248693399394406e-11 6.058890790680802013e-11 1.010715563953862449e-10 2.851105394518716374e-14 -3.189610641234657116e-11 6.405984833220017926e-11 9.509699904221140736e-11 4.638317753672229035e-11 5.702549192137993320e-12 -2.959403302268714706e-11 -6.593699968812455011e-13 -1.308065393885912223e-11 -3.139306311490989348e-11 -9.099251483010353711e-12 4.176570037315890786e-11 -3.871470468962630987e-12 -9.901496608486631375e-11 -1.061770115870068625e-10 -1.010185757954087751e-10 3.109591241050448322e-11 7.078521745104213015e-11 -1.188907360072497478e-10 -1.130102299578744536e-10 1.208181453273784002e-10 2.637841097161801665e-10 7.507750068605325255e-10 9.704547722467652784e-10 6.491635867316333414e-10 1.594181088577721528e-09 5.568753054007075438e-09 1.875649646169384861e-08 5.592105255714592495e-08 1.493840961102527601e-07 4.012305169869956847e-07 1.079673220250366700e-06 2.921728127402478273e-06 7.929613041464471832e-06 2.154344559580014689e-05 5.857391856742817871e-05 1.599632556370149199e-04 4.410076441518990175e-04 1.244497055739725343e-03
3.219823140972598308e-02 1.244885982481167214e-03 4.411319699561188842e-04 1.600034719328149904e-04 5.856977590861466959e-05 2.154324657749961616e-05 7.933054342202885655e-06 2.922204063918683222e-06 1.075595335389837638e-06 3.963519805808818095e-07 1.453902653900766075e-07 5.353995209164052061e-08 1.906821726095391579e-08 7.239924759592499877e-09 3.634393961458653766e-09 1.780067279044022731e-09 8.925708117871538432e-10 1.476541038433780227e-10 -1.101707949134093693e-10 -2.135429854942199734e-10 -2.278890428759243793e-10 -2.123426067842579058e-10 9.879444783789424176e-13 7.077515112005440832e-11 1.064023820438593851e-10 -2.181782809106765002e-12 -3.520707900456873268e-11 6.425176775660104233e-11 1.003512788900032180e-10 5.332595847680963756e-11 8.988803182947151511e-12 -2.916460837756783472e-11 -2.627920453394515208e-12 -1.410625698833409532e-11 -3.112154789251735326e-11 -1.228437669183750765e-11 3.899582672804096310e-11 -2.955114173057945826e-12 -9.665666722427276927e-11 -1.060479316097407817e-10 -9.981832345458401270e-11 3.767866221092928801e-11 8.215031786012385993e-11 -1.142726964849946197e-10 -1.329700127869548593e-10 8.296430596095966774e-11 2.345279837841433316e-10 7.394964065887509049e-10 9.693643248064359978e-10 6.304989045324149899e-10 1.532650630281310261e-09 5.465116155013592416e-09 1.869615996809673450e-08 5.602647852909992630e-08 1.494373207074730322e-07 4.012680709453967983e-07 1.079738189919977467e-06 2.922161497877278522e-06 7.929986927740511780e-06 2.154277699732922742e-05 5.857181128303705266e-05 1.599610175856238162e-04 4.410116915573472998e-04 1.244528801746232509e-03
3.219777184571669115e-02 1.244910363163719263e-03 4.411426954837748991e-04 1.600038929799362311e-04 5.856772767792111734e-05 2.154184868716246034e-05 7.932036542074248609e-06 2.921692050217498662e-06 1.075287744921553752e-06 3.963829605937417175e-07 1.455359678745848377e-07 5.360236821004938490e-08 1.905282925979376678e-08 7.173321013113491644e-09 3.532994554545056807e-09 1.733877464812314985e-09 9.236882035849261085e-10 1.857856028885301621e-10 -8.553472613891779967e-11 -1.951722515082546104e-10 -2.195858895147091421e-10 -2.062972512544224525e-10 7.651637968454651626e-13 6.177931268808008137e-11 9.785379818426509119e-11 -1.156591701030253487e-11 -4.459586132216034159e-11 5.633011406690379175e-11 9.551453097710294262e-11 4.988940408685988397e-11 8.273692280812330542e-12 -2.713114070134761641e-11 -2.288783058064304164e-13 -1.184346093827786910e-11 -2.962681810697596356e-11 -8.091791882000263995e-12 4.574746709617191666e-11 2.467418510560419742e-12 -9.861997599979123071e-11 -1.149447789850834313e-10 -1.041988588602976408e-10 3.208171078455011387e-11 6.677933043956350807e-11 -1.298106646812093787e-10 -1.267328412762142859e-10 1.150269177703716703e-10 2.958666795778981906e-10 7.824501145096668929e-10 9.842668215933678771e-10 6.502028607037516272e-10 1.609443240457353471e-09 5.540333652454441706e-09 1.869962235896383527e-08 5.586909956100370907e-08 1.493822450322983151e-07 4.013250195371821457e-07 1.079677067196635461e-06 2.922020733848468954e-06 7.930470803485536010e-06 2.154493648658685129e-05 5.857566793557012857e-05 1.599639538756901318e-04 4.410134576867177632e-04 1.244523797312630832e-03
3.219772965544908522e-02 1.244881639943321190e-03 4.411262104099786838e-04 1.599980750066247264e-04 5.856625913266467510e-05 2.154195953304081113e-05 7.932777969165941918e-06 2.922145502831309514e-06 1.075518338918526702e-06 3.964756047745694397e-07 1.455312158554666628e-07 5.347834433742945923e-08 1.894188387681427254e-08 7.237086936804001891e-09 3.653231720690575062e-09 1.802479356023857367e-09 9.190120939660485737e-10 1.678706954581777242e-10 -1.139415496407780775e-10 -2.291484363040020650e-10 -2.330022522614230956e-10 -2.027636108335645690e-10 7.455926156046184515e-12 6.609741173625785802e-11 9.863693356375261790e-11 -9.050790255250710886e-12 -3.959173260475964981e-11 6.089594651426202884e-11 9.798333509059819730e-11 4.959167525199291343e-11 5.386708003506368364e-12 -3.056190061280082759e-11 -1.999604031518338710e-12 -1.236176215689771136e-11 -3.047438184570365005e-11 -9.524893505883290421e-12 4.116735835851943711e-11 -3.055560894797330480e-12 -9.572970944061988870e-11 -1.055300777325842204e-10 -1.066967058665211496e-10 2.310051118588338491e-11 6.043715665862660059e-11 -1.286003262746125328e-10 -1.192848900662085632e-10 1.173852497282789552e-10 2.528194040513983707e-10 6.869033049851713553e-10 8.553198289144236396e-10 5.290252301412547707e-10 1.504382097669728173e-09 5.542442738880910602e-09 1.877940871595785772e-08 5.606949776490083455e-08 1.496056258874788624e-07 4.015304249268931449e-07 1.080048120508264975e-06 2.922611860327746707e-06 7.931302931997955081e-06 2.154577873225337886e-05 5.857724679429302829e-05 1.599702586458575542e-04 4.410272997067071830e-04 1.244543083827105495e-03
3.219758008463373400e-02 1.244912914570679534e-03 4.411388614674419139e-04 1.600059727100609731e-04 5.856979581458713593e-05 2.154274759218249353e-05 7.932366407852653296e-06 2.921603291107908486e-06 1.075111741409293109e-06 3.962065877604363018e-07 1.454360970325059355e-07 5.349271861563365494e-08 1.900085677349264644e-08 7.206158012664436318e-09 3.588195000786947514e-09 1.770331180739424101e-09 8.931763653549819236e-10 1.276825108671976527e-10 -1.262519308884912068e-10 -2.160707569874074167e-10 -2.332942463056916377e-10 -2.169216329507494771e-10 2.278759036477435556e-13 7.077289581821932777e-11 1.064325116671828502e-10 -5.799222038040804027e-12 -3.861828396934902556e-11 6.100709488151229794e-11 9.747681427756690883e-11 4.813066645477415177e-11 6.853371333121666650e-12 -2.857353138200049910e-11 -2.004936585408367785e-12 -1.338576672327895698e-11 -2.989958200734918234e-11 -1.027660159357170013e-11 3.914741135552922607e-11 -3.172934092055115035e-12 -9.758320436265743749e-11 -1.101458688602514824e-10 -1.058808626512062676e-10 3.785569461200332940e-11 8.075745790724811548e-11 -1.146062305271893726e-10 -1.201090233065298681e-10 9.162996162758379961e-11 2.372176183339375090e-10 7.013285686071479301e-10 9.141771083495598073e-10 6.088066112452094507e-10 1.581672086608824996e-09 5.554032854680228622e-09 1.872079502309611042e-08 5.597152458872940990e-08 1.495007890507586995e-07 4.015101614314016110e-07 1.079940637875681457e-06 2.922068053662539845e-06 7.929883523352086749e-06 2.154315511861947742e-05 5.857121900441900937e-05 1.599537749689245955e-04 4.409896036222745895e-04 1.244474341955612235e-03
3.219779755914580627e-02 1.244905680577360020e-03 4.411366887615495976e-04 1.600034251929084489e-04 5.856806456421272621e-05 2.154220480627036025e-05 7.932140801698104996e-06 2.921645516892195950e-06 1.075435188177117198e-06 3.964812885485515343e-07 1.456820362854214815e-07 5.379364801795670022e-08 1.915588739170020220e-08 7.251971510088269308e-09 3.556897125095495421e-09 1.729059419696854978e-09 9.165409404875626601e-10 1.807918081945990343e-10 -1.064622696224065697e-10 -2.120808373564937682e-10 -2.290490092226231668e-10 -2.098342586737402663e-10 -2.792085886411581896e-12 6.462388312829562698e-11 1.033210261252343008e-10 -4.540898643333958840e-12 -3.880961017554413456e-11 6.137197853841706456e-11 9.703139029812063714e-11 4.752842081772731014e-11 4.371408535252656313e-12 -3.109393901271970341e-11 -9.131835049192991974e-13 -1.120015238947442060e-11 -2.933765600376419174e-11 -9.832508353201948631e-12 4.005428302342449213e-11 -3.445155577839514046e-12 -9.645067292638575401e-11 -1.095143037956239057e-10 -1.079827950460275243e-10 3.078583225521909687e-11 8.161429772289052950e-11 -1.058847969129459715e-10 -1.071315708308668372e-10 1.321205848009730810e-10 2.800524753383787982e-10 7.430941434212549975e-10 8.987337214930996601e-10 5.054464652799630183e-10 1.396791438070333107e-09 5.405199256008331511e-09 1.867661640977671490e-08 5.598322017873688541e-08 1.496477186286323315e-07 4.016332210672488721e-07 1.080007260343968547e-06 2.921877699902381495e-06 7.929611094061480268e-06 2.154315269346166522e-05 5.857047992993699519e-05 1.599540780994684007e-04 4.409870917810195770e-04 1.244462679850446771e-03
3.219839449020357042e-02 1.244908241610889364e-03 4.411380224814010083e-04 1.600032546707033144e-04 5.856833736651049306e-05 2.154276274667035710e-05 7.932572989502411064e-06 2.921793276834230347e-06 1.075322863767194301e-06 3.963130610412041488e-07 1.454634022562761306e-07 5.364498267101306451e-08 1.911728540810065919e-08 7.243496725569863593e-09 3.578831387000272858e-09 1.745753916008490808e-09 8.661463394653165359e-10 1.161007500518487520e-10 -1.323007972640040364e-10 -2.207843911425021982e-10 -2.278480666399516949e-10 -2.108468373175916056e-10 -8.778159723950901603e-12 6.036826034300468188e-11 1.000611271448191361e-10 -8.397738621096459296e-12 -3.911973901387815289e-11 6.065781239535003425e-11 9.669550942057919248e-11 4.902571646479055643e-11 5.873840896350755863e-12 -3.144621378000634396e-11 -4.085769806126577581e-12 -1.325090365689520078e-11 -3.010810273682568673e-11 -9.876220995391799697e-12 4.073499753927326621e-11 -9.913507254804279801e-13 -9.565322907410818077e-11 -1.092439517674127309e-10 -1.092378538790176018e-10 2.350327754951232512e-11 6.309124601972742467e-11 -1.176819859490588029e-10 -1.070640182991288749e-10 1.207992805868205739e-10 2.646109199698152932e-10 7.137505950439379778e-10 8.883264784738338893e-10 5.605798099697385519e-10 1.527353473808954811e-09 5.531625296699113438e-09 1.874734137554111833e-08 5.602755025393945782e-08 1.496391470596195370e-07 4.015963864487722587e-07 1.079964980777295722e-06 2.922316508454477345e-06 7.930142703750663575e-06 2.154399732222834921e-05 5.857521766332595580e-05 1.599689936624480561e-04 4.410275808148385844e-04 1.244546583549431670e-03
3.219810189855024096e-02 1.244969805005259568e-03 4.411715354633139016e-04 1.600179556937957309e-04 5.857386403672731461e-05 2.154496788176624912e-05 7.933685659480346159e-06 2.922163419525435419e-06 1.075426922184305416e-06 3.963654081595625449e-07 1.455455634149151731e-07 5.361100428472351841e-08 1.905332382132182695e-08 7.200835968169713755e-09 3.559662160605580369e-09 1.769595771118462283e-09 8.977194573214736312e-10 1.510733516814717949e-10 -1.003771000491354974e-10 -1.931838090178677414e-10 -2.127973458937797317e-10 -2.123245815215872637e-10 -7.832609650670367973e-12 6.376253186917813806e-11 1.049152462170578992e-10 -4.972828815287968681e-12 -3.686123908640996905e-11 6.236492691153626384e-11 9.569086105030503482e-11 4.609186164899441939e-11 6.232121804522740189e-12 -2.902074140949353755e-11 -4.334340733280737396e-13 -1.211043546624455419e-11 -2.984374509244341181e-11 -9.864796813465654110e-12 4.119375905540514609e-11 -2.405169685139521943e-12 -9.646120841470898561e-11 -1.072819285594423897e-10 -1.007913601025419794e-10 3.397409202974945079e-11 7.088660614556938234e-11 -1.217009158921040239e-10 -1.219128391110727912e-10 1.115697314014541728e-10 2.660803434460707660e-10 7.307514048893202744e-10 9.180703636958889535e-10 5.610045635970288828e-10 1.456544881802354220e-09 5.459653100109730489e-09 1.868796088473175874e-08 5.589179504919761180e-08 1.494637266195225508e-07 4.013900437783861879e-07 1.079846953767103937e-06 2.922008091309017479e-06 7.929895534941556936e-06 2.154377211405889732e-05 5.857291150203543137e-05 1.599617524673757575e-04 4.410129887725750051e-04 1.244522429559333059e-03
3.219790684446029172e-02 1.244906726899235733e-03 4.411373830091453157e-04 1.600009273796129759e-04 5.856651283810197610e-05 2.154172088935727829e-05 7.932449448642262175e-06 2.921726960280846778e-06 1.075208647555715255e-06 3.963061835389524570e-07 1.454946046659105286e-07 5.354058581016653258e-08 1.892087169832251903e-08 7.150591493176319408e-09 3.573857763736883389e-09 1.746603153507980456e-09 8.674846953248097497e-10 1.449929831196746086e-10 -1.010827153471245718e-10 -1.995424317999089114e-10 -2.278232791913843203e-10 -2.178560268325562569e-10 -2.706323012788645892e-12 6.834832794677737003e-11 1.052829025056165974e-10 -6.501497013860178566e-12 -4.173268346533611982e-11 5.763087825527982953e-11 9.538164106907584484e-11 4.828558358472273541e-11 6.383860744161095888e-12 -2.827481046015704709e-11 -2.684025226835156729e-13 -1.157761574935794999e-11 -2.848530180429153786e-11 -9.864034766838752395e-12 4.132565353590914078e-11 -2.898215603751224525e-12 -1.000819463342784364e-10 -1.088440929513223595e-10 -1.030571048667812505e-10 2.746572079360239600e-11 5.747588001833809461e-11 -1.355122251771214873e-10 -1.239286882964909974e-10 1.179562808880063796e-10 2.796199276559175482e-10 7.400100239520701309e-10 9.278419208833282317e-10 5.722904564504568159e-10 1.471245710037927864e-09 5.448975008761437485e-09 1.866144213532651934e-08 5.591780200186497589e-08 1.494287709564029998e-07 4.012975041876703919e-07 1.079878627225014410e-06 2.922527321307724398e-06 7.930788628289811673e-06 2.154430613489781950e-05 5.857443104894915066e-05 1.599649599190310241e-04 4.410182515118869990e-04 1.244532226315616438e-03
3.219803244614443533e-02 1.244921825110838990e-03 4.411456735945306772e-04 1.600067689144522908e-04 5.856895155440261394e-05 2.154250859859450877e-05 7.932684034799488757e-06 2.921964660761897094e-06 1.075486975586965446e-06 3.964013572256640049e-07 1.455285856201404642e-07 5.361190547263951750e-08 1.906748109286833408e-08 7.253947769382672163e-09 3.641962925031979016e-09 1.772664510381474800e-09 8.535544524187043244e-10 1.504270226755231648e-10 -7.937017502850885465e-11 -1.835402247730228170e-10 -2.193864054923556239e-10 -2.137542467075061576e-10 -6.095091424439942631e-12 6.081255422031480845e-11 9.891420292050604365e-11 -4.872676606864095629e-12 -3.483186456010690912e-11 6.271380170816280224e-11 9.877026571700049393e-11 4.861312876164189399e-11 5.127375666234916991e-12 -2.995256324895454267e-11 -1.070594892853419200e-12 -1.239636533287648341e-11 -2.768543975767344059e-11 -4.272527985412443542e-12 4.622869478889174080e-11 2.153918551885361252e-12 -9.347286109578404322e-11 -1.039758217298764851e-10 -1.025179880042334590e-10 2.806154580532217550e-11 6.424782251853138321e-11 -1.315766039667897619e-10 -1.346996903361095645e-10 1.015933209305104624e-10 2.712885978188665028e-10 7.551671857427568646e-10 9.619324517905419977e-10 6.163969639382849245e-10 1.527198458379952113e-09 5.497421583322524200e-09 1.869977406811263520e-08 5.592736032831495733e-08 1.493817828248174540e-07 4.013870353520497238e-07 1.080221243424314514e-06 2.922786083364908796e-06 7.930535288121188207e-06 2.154287971441994022e-05 5.857053463726086452e-05 1.599561405139340636e-04 4.409950846228633653e-04 1.244478850106160196e-03
3.219798998576248183e-02 1.244989773804921346e-03 4.411685376148897011e-04 1.600138904857176356e-04 5.857118974397574533e-05 2.154359156406343787e-05 7.933094500739444800e-06 2.922182611883786422e-06 1.075592000480996037e-06 3.963089146613574599e-07 1.453798665385592568e-07 5.355261041945177883e-08 1.909650232016882133e-08 7.275147126232119397e-09 3.605795185210151493e-09 1.745345293127886379e-09 8.723847582403219821e-10 1.567746399256650864e-10 -9.440950044711586779e-11 -2.048039549571617071e-10 -2.305560624450684493e-10 -2.222397882065539849e-10 -1.351956193434643865e-11 5.810701205272870646e-11 9.667465278453527507e-11 -9.755733232424765420e-12 -3.944453259506155164e-11 6.044937368453146956e-11 9.539936128873773348e-11 4.822974248331629803e-11 8.568192847428447033e-12 -2.699924819120899209e-11 1.309628785779382791e-12 -9.995182230753207060e-12 -2.872213701590508185e-11 -1.074931067368471048e-11 3.794136638010368322e-11 -4.792640181184534760e-12 -9.713400448719046165e-11 -1.079664750736595326e-10 -1.062569626015631528e-10 2.811067673935024194e-11 7.160215057937149619e-11 -1.171645185694960897e-10 -1.196384067781513274e-10 1.034581958688317501e-10 2.586076737010137976e-10 7.420563754494527239e-10 9.308476290400347054e-10 5.975423739600842695e-10 1.557772772016422131e-09 5.536734080974904467e-09 1.872805663319058455e-08 5.602285444646561164e-08 1.496043860605089018e-07 4.016035159346112720e-07 1.080270461946415484e-06 2.922913701728506824e-06 7.931561139760599338e-06 2.154632149396891485e-05 5.857876147064553819e-05 1.599734309926206018e-04 4.410349637558723412e-04 1.244563844486883380e-03
3.219759665787969016e-02 1.244926019749830609e-03 4.411488243609116037e-04 1.600090041037216949e-04 5.857016944309043494e-05 2.154318053410384767e-05 7.932918612562806873e-06 2.922120650087891625e-06 1.075452817769092112e-06 3.963221956063922231e-07 1.454532337874844370e-07 5.356016728539031607e-08 1.905843175467742063e-08 7.240291235741275680e-09 3.603787418128472127e-09 1.746732938918630809e-09 8.801845814895936573e-10 1.537017455162252633e-10 -1.107367377190607463e-10 -2.168865139209958286e-10 -2.288353808362122393e-10 -2.050588660117059938e-10 -1.311604702462022791e-12 6.872837056602593554e-11 1.047075509435180344e-10 -5.206102390643127965e-12 -3.701422526956491971e-11 6.427352014009503505e-11 9.984437463615014468e-11 5.014762404832744025e-11 7.394553636326924111e-12 -2.976867203308284965e-11 -1.344314536544371676e-12 -1.515925692258224721e-11 -3.215957885835417796e-11 -1.027877085014473754e-11 4.141868878286516364e-11 -2.763026149171214696e-12 -9.971767907564892756e-11 -1.133950192055553817e-10 -1.079013865467558212e-10 3.140338364480660742e-11 7.710994713070989870e-11 -1.189664096497514750e-10 -1.197041082927096768e-10 1.221567872618297876e-10 2.802671356320469604e-10 7.625110330694628609e-10 9.374884540373847746e-10 5.710787312620495044e-10 1.495803862434363772e-09 5.494510563067411423e-09 1.869499804463626960e-08 5.597572263545306562e-08 1.496005304782433581e-07 4.016317924702574649e-07 1.080329310365788503e-06 2.922824985536964355e-06 7.931604491645345817e-06 2.154720850732441846e-05 5.857962590093609019e-05 1.599731579904144468e-04 4.410332884444929176e-04 1.244560900021077221e-03
3.219821654705274511e-02 1.244877629051860000e-03 4.411280178217924855e-04 1.599976035258430368e-04 5.856527934878607270e-05 2.154075960874179979e-05 7.931611931186992456e-06 2.921395282837380298e-06 1.075161487587511205e-06 3.962984703413889833e-07 1.453933388032957580e-07 5.344837272852852089e-08 1.895406108219556280e-08 7.191116436472105853e-09 3.611487462875612917e-09 1.780691111485403756e-09 9.058955305817077207e-10 1.634222349163036883e-10 -9.969679360144269284e-11 -2.075115503824693344e-10 -2.310945469187143778e-10 -2.161178536088556673e-10 -4.534266027208236953e-12 6.426325260690347160e-11 1.052612667680919744e-10 -3.241065395284774262e-12 -3.665242747333393922e-11 6.214362595449171908e-11 9.596003101851578772e-11 4.575503057408439214e-11 3.965874720595311953e-12 -3.029901125750986057e-11 -6.875984201144803782e-13 -1.083342532644490231e-11 -2.876488004063396048e-11 -1.053944095921395224e-11 3.853574213064468086e-11 -6.084879415331847458e-12 -1.037120730737217977e-10 -1.182269820618150176e-10 -1.141220946097371597e-10 2.080100678158918080e-11 6.564109127796485087e-11 -1.135051886870321431e-10 -1.066839453881072848e-10 1.100976352301065097e-10 2.465187945988129063e-10 7.070470513599397734e-10 8.830897996747989425e-10 5.593509041159950116e-10 1.556162588722119783e-09 5.582277920524831746e-09 1.876862895156517215e-08 5.597864489787851548e-08 1.495370605784890958e-07 4.014476065723685738e-07 1.079713928180369452e-06 2.921866342832661779e-06 7.929761450572862360e-06 2.154364234902918205e-05 5.857275048979513401e-05 1.599578869617279003e-04 4.409985632695683118e-04 1.244479610056071356e-03
3.219863232531113700e-02 1.244916984274225483e-03 4.411446989214576320e-04 1.600042687244909235e-04 5.856666853686103751e-05 2.154145459673030119e-05 7.932614302922291481e-06 2.921894870265323070e-06 1.075276052532992785e-06 3.964475125098642902e-07 1.455109663740619463e-07 5.351374656345285162e-08 1.894423364995630167e-08 7.194119137400355656e-09 3.577303314193325634e-09 1.761968657478881182e-09 9.212982307891634820e-10 1.713636989492103474e-10 -1.158616097967022569e-10 -2.263023713520937334e-10 -2.336929790852049187e-10 -2.158639911050055138e-10 -6.314394836281550520e-12 6.585642164478034811e-11 1.031409166031110242e-10 -7.341142483079919786e-12 -4.261732705732646514e-11 5.714438136480115636e-11 9.372339364852964753e-11 4.780108824281042928e-11 6.306954161819125625e-12 -2.859807163738660726e-11 -9.960842121243611895e-13 -1.454676714357018030e-11 -3.282046867028873733e-11 -1.018699429748243951e-11 4.288848032059649191e-11 -9.114808167931162094e-14 -9.937119357339511131e-11 -1.146947657139933514e-10 -1.094704292061377448e-10 3.042853240569642893e-11 7.361773725990622871e-11 -1.119130571850555332e-10 -1.221475672067248531e-10 9.131402569036302270e-11 2.353859522732998446e-10 7.075854542944733081e-10 9.145766630209503164e-10 5.777752998818702285e-10 1.508789900226443885e-09 5.563892618561686349e-09 1.886076506824343995e-08 5.608225107615845560e-08 1.495940986855511129e-07 4.015369662281570461e-07 1.079861299859415229e-06 2.922351705560900351e-06 7.930931136607549659e-06 2.154580658820302554e-05 5.857761302283020973e-05 1.599688378060788231e-04 4.410210206184926899e-04 1.244522889974416071e-03
3.219822309378544967e-02 1.244982065922991404e-03 4.411696476030497354e-04 1.600165690135793854e-04 5.857413880409462735e-05 2.154508789661540577e-05 7.933855811823412876e-06 2.922293549006461757e-06 1.075417782565454240e-06 3.962842323094923373e-07 1.455176038204057872e-07 5.360243762334368508e-08 1.904088297805515709e-08 7.233436421805862632e-09 3.617079754352215763e-09 1.783797620047053475e-09 9.072105841310613802e-10 1.682156079186017955e-10 -8.683793716131698170e-11 -1.931652382300195876e-10 -2.157670732591139960e-10 -2.026632916926736983e-10 -1.936156948576390215e-12 6.062649756077245471e-11 9.609061739927481027e-11 -7.213238014201220252e-12 -3.811871742648479434e-11 5.959303658884703287e-11 9.320362383905819223e-11 4.565620183408761413e-11 3.331562932750093120e-12 -3.178037649557152050e-11 -1.624015539285838544e-12 -1.115155358406637704e-11 -2.949318148470306304e-11 -1.054264277129684607e-11 4.045971911291348921e-11 -3.313058001269770383e-12 -9.919130490295341852e-11 -1.115863171694632119e-10 -1.048213230292686753e-10 2.788372776198008578e-11 6.305126751659226360e-11 -1.174526925645377614e-10 -1.058808644261503023e-10 1.167860937027822948e-10 2.616684054068972936e-10 7.357654071813724040e-10 9.322409836307270096e-10 5.724988523548087551e-10 1.512186066891902758e-09 5.540777139266099767e-09 1.878115418646571457e-08 5.601039194597650580e-08 1.494722327375545190e-07 4.013189482297652492e-07 1.080021102337907627e-06 2.922600722155954916e-06 7.930918829423040615e-06 2.154493189780424015e-05 5.857558402329564724e-05 1.599645616439035467e-04 4.410155298507965980e-04 1.244528937542709003e-03
3.219829791917288436e-02 1.244917487364056996e-03 4.411472976170621491e-04 1.600064328959796415e-04 5.856825239938560440e-05 2.154204513905252124e-05 7.932427297549639555e-06 2.921835408088366536e-06 1.075177534386445784e-06 3.960887480064453448e-07 1.453711151629726120e-07 5.340000174184817621e-08 1.891468908897105477e-08 7.233563634728705180e-09 3.672815328838201896e-09 1.824517213577170892e-09 9.096109307698419330e-10 1.493891993270107045e-10 -1.300364586778291284e-10 -2.366901564864061870e-10 -2.476367158605741857e-10 -2.207327331572433032e-10 -5.598740925956860319e-12 6.503662154488644588e-11 1.030061971709267892e-10 -6.202730197961622074e-12 -3.985717148990931817e-11 6.182665931985219437e-11 9.909568858295295605e-11 5.141037759879412407e-11 9.691996815617005247e-12 -2.653138767073882267e-11 -1.697455330808760384e-12 -1.571262213510737217e-11 -3.086011079708189735e-11 -8.719856127792552205e-12 4.235255284009253442e-11 -1.921110477859485377e-12 -9.660658926004452224e-11 -1.083187639145407441e-10 -1.055038958967547645e-10 2.880828993618499022e-11 6.991618146443133577e-11 -1.188843438806838828e-10 -1.127559034662326107e-10 1.153233082031987582e-10 2.648842725046147647e-10 7.283692580840428548e-10 9.245717020605304467e-10 5.689598195204797720e-10 1.479852778756114529e-09 5.479598334097347124e-09 1.872505373652916555e-08 5.598307102162075278e-08 1.494556064850595171e-07 4.013141385875273181e-07 1.079735598134654282e-06 2.921945895404662864e-06 7.929955856510394367e-06 2.154326398470552493e-05 5.857204869057226597e-05 1.599598868070837036e-04 4.410065503155083584e-04 1.244501878782326926e-03
3.219824577313453590e-02 1.244990278520035666e-03 4.411726331013687309e-04 1.600162955839255752e-04 5.857367240861051795e-05 2.154475332326695529e-05 7.933491391708841369e-06 2.922487858472279497e-06 1.075719985364677858e-06 3.964367936487617332e-07 1.453581219850744485e-07 5.347466818548430127e-08 1.899080765130648233e-08 7.203340814049732509e-09 3.603187794381149419e-09 1.779258622721159694e-09 8.989849931288342727e-10 1.596676561363330849e-10 -1.017337641683526535e-10 -2.100104599149615301e-10 -2.231367176035064023e-10 -2.120967830306083264e-10 -1.635237638544536835e-11 5.100391844170539809e-11 9.493395050339987194e-11 -1.076723476472884127e-11 -4.125305525533276636e-11 6.080853573435498143e-11 9.792994202791310333e-11 4.950043391078834034e-11 8.044042470639642142e-12 -2.975839662261606242e-11 -2.288145370477881397e-12 -1.188114122331587714e-11 -2.789941847759344367e-11 -6.131716966358405285e-12 4.593441324767652379e-11 3.039712938083418866e-13 -9.946204282157828718e-11 -1.114878838885052437e-10 -1.088190630277526082e-10 2.753880933985409209e-11 7.016638988007606430e-11 -1.207543683910936668e-10 -1.164479145535529303e-10 1.047577823195264624e-10 2.452773082537067648e-10 7.239542238005290405e-10 9.272452171080621014e-10 5.709324326592778064e-10 1.488831631896822689e-09 5.485080606812070604e-09 1.870007472792378215e-08 5.594534797137254370e-08 1.495457825623563550e-07 4.015179820811627997e-07 1.079718307235090007e-06 2.921592997300201199e-06 7.929590869955478659e-06 2.154326318061118161e-05 5.857273870636599570e-05 1.599593928859807657e-04 4.410095750304482442e-04 1.244528324406896048e-03
3.219817241882717840e-02 1.244891222891953515e-03 4.411352085273954893e-04 1.600022963052306403e-04 5.856618479713324496e-05 2.154072650145193079e-05 7.931865077997203077e-06 2.921773706622603773e-06 1.075522560949679372e-06 3.963565759724110292e-07 1.453487770331152280e-07 5.342114987702593747e-08 1.891990076455296635e-08 7.145285542576724506e-09 3.562158522068621604e-09 1.740788856227716055e-09 8.985534980166651607e-10 1.953636838083885404e-10 -7.292090335424678235e-11 -1.990566955231888105e-10 -2.168818747076385523e-10 -1.968119288116755949e-10 1.011788968073000817e-11 7.176788808082236717e-11 1.040096758026897441e-10 -7.810643870236136942e-12 -4.195798343039593629e-11 5.933540500191430500e-11 9.699942047083737205e-11 4.917204098003085061e-11 6.093898999605910176e-12 -3.095218257076920801e-11 -1.784071769577739506e-12 -1.138751808121342536e-11 -2.842080727439664483e-11 -8.715651703220371339e-12 3.981938877452604947e-11 -1.035544941817832382e-12 -9.282006848591588638e-11 -1.051270644267437588e-10 -1.061539689198603125e-10 4.034567037525227140e-11 9.610841244574875475e-11 -1.006475721367704661e-10 -1.106273616515081738e-10 1.107537722269061741e-10 2.617244384808044615e-10 7.551379911869763447e-10 9.640198720596561365e-10 6.268307546508125786e-10 1.603032305481572792e-09 5.577649323091361654e-09 1.875022118003212158e-08 5.601692019698175920e-08 1.495345909114360025e-07 4.014081594705702503e-07 1.079770175577455116e-06 2.921846938603307196e-06 7.930142398976044066e-06 2.154457081720909841e-05 5.857556724836201188e-05 1.599675395562469662e-04 4.410197948187936402e-04 1.244518853793609393e-03
3.219839566075857751e-02 1.244915048671242034e-03 4.411439001175868177e-04 1.600069857748994523e-04 5.856932417306971635e-05 2.154255282934812386e-05 7.932969403011180175e-06 2.922321978981376032e-06 1.075537342820853542e-06 3.963409155868265943e-07 1.454932413531430096e-07 5.358162482362183230e-08 1.903565403451976376e-08 7.212437252219445438e-09 3.564363555437719682e-09 1.746800684779798583e-09 8.901208971068814212e-10 1.613152209090181127e-10 -1.051788611363387526e-10 -2.171334849277923471e-10 -2.342392525615733491e-10 -2.155319981221467182e-10 -1.111182497810056076e-11 5.963325248063014950e-11 1.001980524674939965e-10 -2.967118591686213633e-12 -3.311878173340072811e-11 6.729505616612166655e-11 1.017743010072953154e-10 5.035350348657824721e-11 7.467304263036305797e-12 -2.920213606348725456e-11 -2.097155595552368801e-12 -1.311039856798156025e-11 -2.814426783199053885e-11 -7.696026007518126637e-12 4.168860571625997327e-11 -3.384748424167675349e-12 -9.857130510497507372e-11 -1.140770695203829711e-10 -1.094906347363199071e-10 2.752235287769736590e-11 7.179185452366362053e-11 -1.240745526788615277e-10 -1.289603199374844975e-10 1.067363385306980045e-10 2.623243993881832388e-10 7.333301073495973712e-10 9.341935302737406020e-10 5.610801489515692907e-10 1.476176335629260150e-09 5.451586198232752008e-09 1.867194912721018767e-08 5.588259237396147329e-08 1.494191254303356708e-07 4.015334933537405345e-07 1.080306677003085774e-06 2.922793067474808703e-06 7.931202005707982267e-06 2.154521391210004354e-05 5.857555215267055748e-05 1.599691002145039987e-04 4.410283931731302223e-04 1.244547835375343046e-03
3.219800567875698988e-02 1.244849280647598172e-03 4.411155057537980068e-04 1.599920682788911900e-04 5.856281425293376138e-05 2.154080058769397853e-05 7.932069952714058191e-06 2.921827929209446376e-06 1.075483736985837288e-06 3.963204620644189993e-07 1.453307869531202347e-07 5.345419799423386325e-08 1.898651084931786084e-08 7.123326404702862724e-09 3.498628959006873581e-09 1.705407722825159679e-09 8.613807639704675105e-10 1.370532517084458703e-10 -1.166727930646410882e-10 -2.089878272098259037e-10 -2.166864745451241442e-10 -2.080675242012106539e-10 -3.122778338756666274e-12 7.157560643536680193e-11 1.063811149486727476e-10 -4.496581360434288672e-12 -3.736758317961320648e-11 6.148428039325402509e-11 9.555363898316733597e-11 4.522124682781342057e-11 4.163274964021569583e-12 -2.897368675305363906e-11 -4.036023291005448236e-13 -1.316931788583051916e-11 -3.045252105030777761e-11 -9.579714954029798783e-12 4.419627795124531880e-11 2.533703527188618536e-12 -9.714313180980509375e-11 -1.131815573446809309e-10 -1.106062689033521442e-10 2.800732407149182300e-11 7.319048890416233654e-11 -1.125057808594986767e-10 -1.196204327478884105e-10 8.786636768234421396e-11 2.312251135728241015e-10 7.068701125859986543e-10 9.210850489530905879e-10 5.814730080382042035e-10 1.492599753644664400e-09 5.488332926119409369e-09 1.869000786212620039e-08 5.593777741430663086e-08 1.494552373328305290e-07 4.011972527785870769e-07 1.079712567258705851e-06 2.922183729935703644e-06 7.930628096889347529e-06 2.154516523036472420e-05 5.857566564077274694e-05 1.599664502811727466e-04 4.410198885992526246e-04 1.244530395959978766e-03
3.219844795436100499e-02 1.244882449508858194e-03 4.411263549870296443e-04 1.599971650529333634e-04 5.856442211100878863e-05 2.154074501970549481e-05 7.932234350363502848e-06 2.921679238667927178e-06 1.075133489737926762e-06 3.961997171708814789e-07 1.454802762577407422e-07 5.358808843569685844e-08 1.909391253424685795e-08 7.273808280260891028e-09 3.644943501608159370e-09 1.778161761810769676e-09 9.146671272963821310e-10 1.654157322337423976e-10 -1.213705646098568260e-10 -2.249169391247385077e-10 -2.375435284071783210e-10 -2.100643525035371259e-10 4.658212206784053391e-12 7.038678832916924420e-11 1.020492088785638645e-10 -9.329400538525466587e-12 -4.157040511922080449e-11 5.993259377140820301e-11 9.718207176385615689e-11 4.982763238603155687e-11 8.253693185903528862e-12 -2.787603441754772877e-11 -8.771247366321707214e-13 -1.159807709343890893e-11 -2.721201190535090251e-11 -7.129396114635326838e-12 4.216968502694365126e-11 -4.765164657525292305e-12 -9.918020931790196068e-11 -1.103663240310234219e-10 -1.081517274909442478e-10 2.450669018668979493e-11 6.393375056452012268e-11 -1.144844641634318059e-10 -1.022957749264477677e-10 1.204563250113521054e-10 2.621604770128159616e-10 7.413684045082239859e-10 9.250824512504904252e-10 5.739918096715426033e-10 1.472913138722066919e-09 5.436921360060449260e-09 1.867936184019231973e-08 5.594782917967075027e-08 1.494495229264261309e-07 4.014674573354691931e-07 1.080047484842932373e-06 2.922322484044612580e-06 7.930338587864478876e-06 2.154402161055426378e-05 5.857440170417333483e-05 1.599639680225068523e-04 4.410110299744905509e-04 1.244508924249356375e-03
3.219791957540828892e-02 1.244915258479789739e-03 4.411423380997355989e-04 1.600051044058020482e-04 5.856875780479015015e-05 2.154206874192940687e-05 7.932230081465367744e-06 2.921795871096052770e-06 1.075484682930822753e-06 3.963763998602494339e-07 1.454757837150809161e-07 5.361525178524995175e-08 1.912133624138754281e-08 7.281658444790940708e-09 3.643159872388429115e-09 1.801543035550944827e-09 9.027199771314272555e-10 1.751759238673096143e-10 -9.160690374937393282e-11 -2.054440010702468591e-10 -2.306826831805181353e-10 -2.145383851859634703e-10 -3.524133905750110565e-12 6.694755848062131171e-11 1.038478239851767097e-10 -7.811133997259067919e-12 -4.059302310734606420e-11 5.870730070247115611e-11 9.391846518106567081e-11 4.634192686883029249e-11 7.781683681590658182e-12 -2.691755502356979080e-11 -5.002931895491499383e-13 -1.201298958661849997e-11 -2.941520707491249996e-11 -1.119189974676526847e-11 3.740352794666136727e-11 -4.497342816069329890e-12 -9.740779814649907433e-11 -1.120063638088133614e-10 -1.090180870256135082e-10 3.305179474967411869e-11 6.847626742622016766e-11 -1.236672897124405578e-10 -1.124089324957542406e-10 1.220556026946990270e-10 2.614098266266142538e-10 7.241409770210666697e-10 9.084605484151522972e-10 5.711893524178827094e-10 1.504030200171521988e-09 5.462119028041433773e-09 1.871468646642734967e-08 5.599933959802207857e-08 1.495906030184058887e-07 4.014894303162337430e-07 1.079924389911376625e-06 2.922175905150235163e-06 7.929927296344897419e-06 2.154408969168188279e-05 5.857632325987371957e-05 1.599688186147909955e-04 4.410149292460258195e-04 1.244515439912485420e-03
3.219822903068958464e-02 1.244951556820971493e-03 4.411583139012940978e-04 1.600118578001189103e-04 5.857104034498169452e-05 2.154342962554189574e-05 7.933161261528197565e-06 2.921956170423073234e-06 1.075394203771356426e-06 3.963804843477178396e-07 1.456315956701817091e-07 5.367520142676447151e-08 1.897616274911402877e-08 7.123820310235549864e-09 3.553232177043691164e-09 1.767569559073735591e-09 9.212128329279380845e-10 1.712124330764320814e-10 -1.091083136213404012e-10 -2.081621573486719629e-10 -2.218013021639465911e-10 -2.169771382588200305e-10 -1.575220378318010906e-11 5.515020588570306601e-11 9.356754015212573448e-11 -1.472729432702954097e-11 -4.142638505123061041e-11 6.177912761179928488e-11 9.888805191729799811e-11 5.056018479678750948e-11 8.314628760460091200e-12 -2.850831676969676293e-11 -5.309888615314403590e-13 -1.104025085947644688e-11 -2.832689360175573037e-11 -1.065544870900191727e-11 3.813318778458773833e-11 -4.719604970202524354e-12 -9.866805792790227581e-11 -1.110589342662078860e-10 -1.069051740609629672e-10 2.482930375677427658e-11 6.097566030382557915e-11 -1.224452028187577269e-10 -1.086780515388620270e-10 1.210436883534514703e-10 2.918167303011694747e-10 7.781017671503648133e-10 9.579960603493845738e-10 6.042533331965611055e-10 1.513542126628218370e-09 5.480477481800466575e-09 1.866638507716858940e-08 5.592584536121291311e-08 1.494240149859692202e-07 4.013139776123360644e-07 1.079680798234883322e-06 2.921954017256604074e-06 7.930566344973761597e-06 2.154480516775837630e-05 5.857560477349753764e-05 1.599669414191449708e-04 4.410193501263208536e-04 1.244518413511994841e-03
3.219772555562225302e-02 1.244925643232628644e-03 4.411501315875930519e-04 1.600091888437415262e-04 5.857072452316797927e-05 2.154314901896763030e-05 7.932829632805874358e-06 2.921934466218528797e-06 1.075118454049424913e-06 3.960498074517954535e-07 1.454151005534534462e-07 5.357334880870234837e-08 1.906420415887947541e-08 7.223190851611787909e-09 3.567545473465086918e-09 1.746852394882039949e-09 8.835122987558500394e-10 1.489950833995340142e-10 -1.169841547604328240e-10 -2.066406571519191718e-10 -2.172903785245860071e-10 -2.069327478899279931e-10 -2.732614753073571240e-12 6.357590564649923773e-11 1.053310379219592617e-10 -1.280927543211427945e-12 -3.432918563311507171e-11 6.682617189171624547e-11 1.003254685216624343e-10 4.839036183881937535e-11 6.959087347008560356e-12 -2.923885477432579882e-11 -3.944700002598256238e-12 -1.658375289692532195e-11 -3.243538157354243705e-11 -8.885357025354380972e-12 4.322841389944574477e-11 9.297012359702993706e-13 -9.330607122819201403e-11 -1.082874026635896533e-10 -1.112573426744702656e-10 2.365283075685791326e-11 6.048451368947381534e-11 -1.328005116089533457e-10 -1.271148797922808478e-10 1.050715655579315112e-10 2.526356316092187644e-10 7.318939455127069532e-10 9.285434126472011668e-10 5.661908779635772614e-10 1.475100234183250462e-09 5.509292832508150687e-09 1.878724863580505668e-08 5.603688329474711688e-08 1.494316622352066788e-07 4.013703406562331272e-07 1.079930316164005157e-06 2.922181701535535477e-06 7.929984744147217739e-06 2.154326580670417904e-05 5.857284886240043628e-05 1.599595880290624996e-04 4.410013082741301286e-04 1.244497380693336671e-03
3.219844630947647085e-02 1.244928410106183351e-03 4.411512902501281636e-04 1.600077068647446765e-04 5.856878337384462612e-05 2.154204249495219627e-05 7.932450153693712137e-06 2.922008476286976855e-06 1.075586983380813545e-06 3.963632261052952344e-07 1.453890516262035489e-07 5.350308172909424564e-08 1.896912629774497815e-08 7.158750168921353223e-09 3.580636749543051731e-09 1.785056917519007996e-09 9.160520628438298137e-10 1.883003525956574716e-10 -7.896641893164128417e-11 -1.919538339670554093e-10 -2.291063407393878804e-10 -2.197857252256382034e-10 -1.077867655389382096e-11 6.591742435651632019e-11 1.087059760054692751e-10 -4.074239044357467900e-12 -3.791762265411774958e-11 6.086279414485631567e-11 9.595235221149473084e-11 4.844072941792333394e-11 7.683055640950604611e-12 -2.724277005760267424e-11 1.155445818183321603e-12 -1.108280774952633815e-11 -2.989227857152496974e-11 -1.002276480485095177e-11 3.940333419026904069e-11 -6.490120096808724952e-12 -1.021563406687785299e-10 -1.148512401912555068e-10 -1.135543636507759488e-10 1.722425202029441284e-11 6.241769429734277885e-11 -1.204310517896302677e-10 -1.127962792880259355e-10 1.330055222188218952e-10 2.831669947385269354e-10 7.448926191384172425e-10 9.242222072414793819e-10 5.626108021841126399e-10 1.465707517856565563e-09 5.407391460842383125e-09 1.861610765311345966e-08 5.590538516185129077e-08 1.495202906101992774e-07 4.015581719729830802e-07 1.080028681146606365e-06 2.922464391741011605e-06 7.930436785044175571e-06 2.154323496039870902e-05 5.856994843665884140e-05 1.599549137355797603e-04 4.410002789109352945e-04 1.244493712242895032e-03
3.219812335030412809e-02 1.244932851696248927e-03 4.411544890822831615e-04 1.600113353541501263e-04 5.857255770257268219e-05 2.154408288881888507e-05 7.933231663582633199e-06 2.922182763742886007e-06 1.075481258180668002e-06 3.963410891325191455e-07 1.455714909526275199e-07 5.374647812297528448e-08 1.915580800462920507e-08 7.250573363057091825e-09 3.639320992583617442e-09 1.797224918754500214e-09 8.845714994048057463e-10 1.389873036745982598e-10 -1.089603604117308095e-10 -2.095341894657551402e-10 -2.282447297549422717e-10 -2.147427237884460723e-10 -2.470509662950018109e-12 6.760850239503558621e-11 1.052102743493947650e-10 -4.238996818503737662e-12 -3.897623221693869467e-11 6.094706143915990333e-11 9.774337739905806867e-11 4.880381220039228302e-11 6.412544054518451047e-12 -2.807164927701923454e-11 -1.639862139844335338e-12 -1.374837640472537019e-11 -3.075853359416132531e-11 -8.003558065537738374e-12 4.475270098887088173e-11 1.106197545290624161e-12 -9.233511316508920189e-11 -1.003387399525761415e-10 -9.117291148342558573e-11 4.079289557922082222e-11 7.081623031059861917e-11 -1.233164968869434687e-10 -1.286321221755166072e-10 1.141157633532603982e-10 2.816329846026078016e-10 7.652885352785174399e-10 9.603188185364488333e-10 5.824837830155556039e-10 1.485930923335797953e-09 5.462040068456052902e-09 1.870403761137848343e-08 5.595727210469269333e-08 1.494645209875598966e-07 4.014185769257714094e-07 1.080046848690946097e-06 2.922614852952956391e-06 7.930969375926213099e-06 2.154481929305239276e-05 5.857343949818826634e-05 1.599611491900715604e-04 4.410102368750927634e-04 1.244500120337360899e-03
3.219818296222611703e-02 1.244842643347384608e-03 4.411109878811055691e-04 1.599915854187817631e-04 5.856336697999940959e-05 2.154033871956233733e-05 7.931878982171300149e-06 2.921567602173504652e-06 1.075258895905585340e-06 3.962222495501362419e-07 1.453250237837882430e-07 5.340733549645290640e-08 1.892065600567965768e-08 7.124552463041777586e-09 3.530844173859759512e-09 1.733446837559369928e-09 8.723663342257056634e-10 1.346217016921220154e-10 -1.422991964367040496e-10 -2.296760472881318499e-10 -2.270021379496601123e-10 -2.072961385006161732e-10 4.109085985210320766e-12 7.289160924665036746e-11 1.074210770585210868e-10 -3.138535024713355694e-12 -3.757796684732616641e-11 6.175348429864611696e-11 9.918187051873293075e-11 5.161723764076371920e-11 1.179687104120222231e-11 -2.476052655813049288e-11 -4.748493737817698375e-13 -1.418541295428166772e-11 -3.063456639443208688e-11 -1.020874086136640963e-11 3.991916392917515937e-11 -1.543433693844859733e-12 -9.648319325857974918e-11 -1.082282671007591664e-10 -1.044396507891796460e-10 2.895469906329226663e-11 6.755670276203055550e-11 -1.259893768044921835e-10 -1.268098475389420786e-10 1.083837725088706410e-10 2.815501053348037074e-10 7.823563422774112470e-10 9.721828041081576780e-10 5.978455976719905373e-10 1.544806514234972756e-09 5.587071647229728629e-09 1.885247576593876219e-08 5.606526000769039371e-08 1.495516420336342355e-07 4.015724814950649913e-07 1.080045242915500564e-06 2.922211594688239335e-06 7.930426875823953518e-06 2.154530552492411413e-05 5.857832572859622956e-05 1.599724719682286110e-04 4.410283161575883834e-04 1.244542176933760135e-03
3.219800089490802708e-02 1.244947235707868742e-03 4.411575744044892149e-04 1.600123099152090137e-04 5.857120505893792083e-05 2.154369489993991806e-05 7.933389800478216576e-06 2.922206651203118329e-06 1.075419118796851970e-06 3.963585687710654511e-07 1.454047168731079031e-07 5.345811867488422020e-08 1.899443114395900619e-08 7.212029195652679205e-09 3.565514515243306468e-09 1.735963943211978141e-09 8.754812748557304504e-10 1.510498633604621657e-10 -1.093167678262973048e-10 -2.203224480922032761e-10 -2.370881874556503458e-10 -2.124925430447511518e-10 -5.508821596413008480e-12 6.489280709675176834e-11 1.065009465655681847e-10 -3.734581732389104864e-12 -4.025753535883517335e-11 5.915235110477766668e-11 9.616996176144442637e-11 4.876105066489484630e-11 7.895262486814070824e-12 -2.749150078873833723e-11 -5.416109629935256214e-13 -1.180478964902566972e-11 -3.021672517118624569e-11 -8.238868945453009389e-12 4.351859276448699470e-11 -1.018006452948818904e-12 -9.777887228018329452e-11 -1.119227654039629188e-10 -1.127488193285198032e-10 2.955268060228639223e-11 8.309946278456563959e-11 -1.040257104847659218e-10 -9.874086723215882685e-11 1.281845900984038003e-10 2.620545340359089274e-10 7.311882770785693284e-10 9.475776923926408052e-10 5.864318148548352102e-10 1.448033432279197940e-09 5.439411029951992685e-09 1.875428617749730479e-08 5.603696955688052159e-08 1.495829226311076310e-07 4.013928615661916811e-07 1.079910346243388218e-06 2.922403172145986375e-06 7.930796550985893758e-06 2.154550555771149957e-05 5.857794309954848018e-05 1.599727779038313900e-04 4.410305529904000777e-04 1.244552768350254196e-03
3.219823535010349347e-02 1.244939033962245154e-03 4.411574517087944107e-04 1.600122863412135020e-04 5.857116869191159389e-05 2.154333107713097504e-05 7.933098387013256579e-06 2.922294925763333462e-06 1.075769969142772642e-06 3.967287332944360535e-07 1.456296186198090585e-07 5.352282597401690008e-08 1.896552758504249749e-08 7.133287938760244247e-09 3.541703458731509006e-09 1.754015500790234715e-09 8.871414699970276633e-10 1.478703257501911672e-10 -1.052219309542979185e-10 -2.096534255437779372e-10 -2.216650451406630951e-10 -2.076379837930708622e-10 -4.436295407041221645e-12 6.290989364981433746e-11 9.938197435179595871e-11 -7.479135801211158798e-12 -4.036135766853792880e-11 6.110910545128238371e-11 9.837324815985029417e-11 5.008485971802279914e-11 8.505561891371157444e-12 -2.796543406567174514e-11 -1.557808062635160116e-12 -1.264316656868232343e-11 -2.856184107200559973e-11 -7.410661755097018323e-12 4.042976813632053923e-11 -6.931522139104605943e-12 -1.046697982971544102e-10 -1.182762009367304302e-10 -1.144133052216878135e-10 2.890825429475313904e-11 7.326455186042291831e-11 -1.136461889222072503e-10 -1.018391790543050713e-10 1.328367751794123823e-10 2.533056747070964242e-10 7.134214727240137420e-10 9.117569184026490898e-10 5.823723705659121385e-10 1.557116186123281658e-09 5.536842994128520437e-09 1.870468614856873215e-08 5.589222395183522548e-08 1.494728852733854267e-07 4.013832185256051047e-07 1.079964065447536653e-06 2.922170965952949097e-06 7.929528061175783154e-06 2.154242026834313816e-05 5.857170512946414161e-05 1.599612943164678395e-04 4.410177341018444537e-04 1.244528196150813644e-03
3.219840419515627300e-02 1.244897448370945424e-03 4.411309568264012320e-04 1.599985838878280157e-04 5.856627603798779088e-05 2.154166723956125695e-05 7.932064112833277222e-06 2.921515865903810578e-06 1.075267371798699988e-06 3.962652339510584465e-07 1.453810445995620518e-07 5.354247502939593414e-08 1.905691116814429986e-08 7.223831154901468457e-09 3.600352297509869329e-09 1.777945615451850569e-09 9.196743969299672840e-10 1.822045798354687443e-10 -9.021358476429510362e-11 -2.052988805864937543e-10 -2.389974253932085325e-10 -2.175804498570434940e-10 -3.499877137948782833e-12 6.624115469797942375e-11 9.916367925811698700e-11 -9.870695176950329092e-12 -3.934079259086636408e-11 6.324889270574233815e-11 1.007045126951306940e-10 5.248093987549828894e-11 9.181145407261181735e-12 -2.733840047297623254e-11 -1.321982354554760113e-12 -1.290923938267459472e-11 -3.025422933571430572e-11 -9.505822947086749518e-12 4.210369768092712218e-11 -3.806911291876207430e-12 -9.974523430596944899e-11 -1.118937807614173485e-10 -1.043559950287006570e-10 3.407009690391430209e-11 6.817273178902774875e-11 -1.290891108683310453e-10 -1.272142952653060553e-10 9.672946462348150514e-11 2.364451448779188210e-10 7.272608297624058159e-10 9.358582037371967937e-10 5.621841831145382085e-10 1.490802750184312497e-09 5.514151274099357914e-09 1.870667594996386722e-08 5.590378068739148122e-08 1.494032741194595373e-07 4.013175833025629383e-07 1.079874737101141212e-06 2.922389405371333491e-06 7.930684701722701666e-06 2.154457857740158091e-05 5.857558178833683363e-05 1.599693408434075474e-04 4.410235574031288845e-04 1.244530021210752324e-03
3.219842203921977758e-02 1.244903621027446594e-03 4.411392035589080168e-04 1.600031552391786144e-04 5.856683006011099936e-05 2.154191206831301817e-05 7.932534265676383721e-06 2.921758338058406718e-06 1.075310225349947884e-06 3.963672331851517836e-07 1.455507813831494018e-07 5.359523033553177824e-08 1.906344697056989675e-08 7.247584226502488395e-09 3.645246141101774560e-09 1.782962126738906186e-09 9.229920856544815519e-10 1.848335483453452459e-10 -8.672022526190548578e-11 -1.978279711767064085e-10 -2.218149853465135677e-10 -2.162513848002725569e-10 -1.401585729748448405e-11 5.299221979955750163e-11 9.657907554926332653e-11 -6.213289547145672151e-12 -3.781328804064950472e-11 6.156025846893073027e-11 9.600001253786868593e-11 4.690698014324822813e-11 6.728945501536024462e-12 -2.741290968733058346e-11 -4.829875304185849042e-14 -1.234017836388797221e-11 -2.845726575376687827e-11 -7.209435387842077339e-12 4.406518789926246546e-11 6.167411442534450109e-12 -8.704922137848244302e-11 -1.061404364169613655e-10 -1.109540564642443307e-10 2.498500761196389388e-11 7.201716727172205875e-11 -1.211539202266801655e-10 -1.215580329233552152e-10 1.132262719381055381e-10 2.621434486933894854e-10 7.372676550235581822e-10 9.331063783789244200e-10 5.850761083167467527e-10 1.492260806306003977e-09 5.505695494363468402e-09 1.873650956737408434e-08 5.601948235090769270e-08 1.495756392799496329e-07 4.014493463917807380e-07 1.080010393550993811e-06 2.922578269686531245e-06 7.930853289958976842e-06 2.154435854351015439e-05 5.857398103602393850e-05 1.599634511589717535e-04 4.410167746772315094e-04 1.244532270471231800e-03
3.219758477683237752e-02 1.244841231085357450e-03 4.411133904126244057e-04 1.599946849371485023e-04 5.856439620008732248e-05 2.153992767441327460e-05 7.931243138994946044e-06 2.921264973516124897e-06 1.075115669642373132e-06 3.961772703637214413e-07 1.454946115039759069e-07 5.360347258604950837e-08 1.907113468283518910e-08 7.212457790641632430e-09 3.571930442071609309e-09 1.779363538798889493e-09 9.397465848751633222e-10 1.947192570749814458e-10 -9.894975749717282309e-11 -2.227547738847904744e-10 -2.369702466396098704e-10 -2.168378174835484839e-10 -6.197772033603094498e-12 6.039711787801369425e-11 9.922169131728831856e-11 -7.607323840948280235e-12 -3.833461767998353939e-11 5.998266054973960160e-11 9.791363213279913370e-11 5.066680126899129589e-11 8.355419116577341914e-12 -2.944930732660160173e-11 -2.479762238208978206e-12 -1.321540673481543284e-11 -2.912551560474301805e-11 -6.556020855033410036e-12 4.335420661808369589e-11 -1.955453022363129398e-12 -9.760080682690603153e-11 -1.102481083351239151e-10 -1.043675641573869830e-10 3.021189060231565735e-11 7.104979516625271212e-11 -1.235038653016559560e-10 -1.186446067039804611e-10 1.206657687389484829e-10 2.726402981636490560e-10 7.182316910626674468e-10 8.825809779905225780e-10 5.302672959998576840e-10 1.522235283465263044e-09 5.580563026826176299e-09 1.881786056647274392e-08 5.603671428385184695e-08 1.494895622262698930e-07 4.012863152923881918e-07 1.079586883538394857e-06 2.921677059927344607e-06 7.929659857958600778e-06 2.154271929382662709e-05 5.857002204525879672e-05 1.599515253144183217e-04 4.409774584380153086e-04 1.244413941719390822e-03
3.219794446380048331e-02 1.244886030327364270e-03 4.411366387830553812e-04 1.600026141067244472e-04 5.856703211651512582e-05 2.154231093103834384e-05 7.932904954270961467e-06 2.921930351315140318e-06 1.075254748980780576e-06 3.961123473890911572e-07 1.453273253764971480e-07 5.353357684294929418e-08 1.899366662452145243e-08 7.203178678151124204e-09 3.634668931891174155e-09 1.822025683262319843e-09 9.641142240156521714e-10 1.921878928601116894e-10 -1.156344148796395226e-10 -2.442154861826863049e-10 -2.410945334273094497e-10 -2.050633589118647533e-10 7.492897189689436113e-12 7.035409457834778470e-11 1.016759048574007180e-10 -6.794719215788235897e-12 -3.750499326492934826e-11 6.011466096238144982e-11 9.441428572697327644e-11 4.741284492358126344e-11 8.047763517306321680e-12 -2.538679770573759162e-11 1.844747065588534192e-12 -1.186866423111165349e-11 -3.038742877914799169e-11 -8.124344494034322397e-12 4.304502941309767078e-11 -2.968046805292180623e-12 -1.052132855988066896e-10 -1.178925937183507183e-10 -1.058599681981051339e-10 3.637097592345661654e-11 8.189594282701774163e-11 -1.084784872434009799e-10 -9.344124410548638541e-11 1.435776907012459908e-10 2.711165585522165553e-10 7.388671787002029243e-10 9.292877898184463481e-10 6.254895584981629000e-10 1.584271706837225418e-09 5.530364753881125832e-09 1.868402876295954336e-08 5.586078192100230238e-08 1.494441926492982207e-07 4.013123266982037050e-07 1.079750765527159888e-06 2.922002094679515147e-06 7.929473667741126233e-06 2.154182288835779536e-05 5.856945809662958706e-05 1.599531013015750706e-04 4.409821826078200060e-04 1.244427236546936108e-03
3.219788601519096849e-02 1.244968597960928111e-03 4.411683829193071855e-04 1.600150450231551313e-04 5.857222241947046310e-05 2.154355409168772075e-05 7.933014692948787481e-06 2.922013796680486156e-06 1.075328086135725939e-06 3.961975938501227294e-07 1.454227461726706273e-07 5.354413426534974264e-08 1.903815059223182429e-08 7.249687913044178521e-09 3.592864357896931677e-09 1.756597312708429336e-09 8.990985084146763109e-10 1.667122024033320808e-10 -1.043207610236445325e-10 -2.141517541843098214e-10 -2.253438446139184223e-10 -2.037009736996831719e-10 1.114355181649845451e-12 6.108774624236320559e-11 9.939568495351463150e-11 -7.118735522578291290e-12 -3.642729288840422193e-11 6.433748892981518447e-11 9.895817720571480456e-11 4.788881244019331500e-11 5.806180017688042280e-12 -2.779114244896359486e-11 2.006896132928356985e-12 -8.636594660002228300e-12 -2.587068528674823217e-11 -6.213578561567521318e-12 4.233138585808157504e-11 -5.255838548827615996e-12 -1.015353832816212744e-10 -1.127973277811572161e-10 -1.053719975250113825e-10 3.090117626056300924e-11 6.406233312588497815e-11 -1.348024940334713669e-10 -1.315826667335560203e-10 1.191901297841356273e-10 2.863813334091961269e-10 7.610658054857915580e-10 9.460510919019948553e-10 5.831527607505815044e-10 1.489088280895619948e-09 5.438234049866379514e-09 1.864745966733899928e-08 5.597946239804929274e-08 1.495406151839362040e-07 4.013608678637857341e-07 1.079613041279150491e-06 2.921786157923311860e-06 7.929892310617620360e-06 2.154352056769459606e-05 5.857215360750719452e-05 1.599584400264091922e-04 4.409976008061512417e-04 1.244468916241950026e-03
3.219819716770746382e-02 1.244970318330076466e-03 4.411705790938742593e-04 1.600185347274710949e-04 5.857379242820662002e-05 2.154448186530510286e-05 7.933254212686884695e-06 2.921928713576066052e-06 1.075423095254316489e-06 3.963759555324678839e-07 1.454965334884716410e-07 5.366774277195743104e-08 1.915555475435240513e-08 7.279498469817041655e-09 3.599877540617197488e-09 1.759103316916774593e-09 9.048747000393766385e-10 1.619782161684535192e-10 -9.268255291782704152e-11 -1.927607786142018047e-10 -2.241650721717090839e-10 -2.201987150662169593e-10 -1.404927113606538187e-11 6.050157985913012586e-11 1.023134224790335191e-10 -6.372606135907816703e-12 -3.823667246159312236e-11 5.968379488546278953e-11 9.784428894060243085e-11 4.991852730246142475e-11 6.003637332180390304e-12 -3.057063555157978344e-11 -8.690035214817167620e-13 -1.156037125624398846e-11 -2.938992355754614666e-11 -9.759763033007486514e-12 3.773460540278079812e-11 -4.937325515457528300e-12 -9.379563129565905652e-11 -1.041816727093309934e-10 -1.046495544010544192e-10 2.940138844460669366e-11 7.247429000839552552e-11 -1.133156458057815301e-10 -1.182943579819508234e-10 1.125301406580734639e-10 2.589081718609865003e-10 7.190954862355076476e-10 8.947113540500477340e-10 5.808683641522767053e-10 1.571358814303407047e-09 5.556865164440652541e-09 1.883613859855718714e-08 5.611417416089280119e-08 1.496039792235419978e-07 4.012749683221243150e-07 1.079633370179483035e-06 2.922044491175413606e-06 7.929738818316199584e-06 2.154306151592106690e-05 5.857304410513464095e-05 1.599630876746466223e-04 4.410142726416594553e-04 1.244515968759880766e-03
3.219810478029045547e-02 1.244894914944719893e-03 4.411276746645879021e-04 1.599994040246332182e-04 5.856679198697758114e-05 2.154171423090501584e-05 7.932230104697428279e-06 2.921650661657614333e-06 1.075252173825747159e-06 3.960993071296682843e-07 1.453516376854160138e-07 5.349498502263267611e-08 1.895326999298796455e-08 7.140826869301426901e-09 3.557710062888118862e-09 1.726535392187883057e-09 8.562529772034120063e-10 1.445235648759275532e-10 -1.008983585198472175e-10 -2.140981288066380420e-10 -2.373978027928674418e-10 -2.083635563599308698e-10 3.618215497146761780e-12 6.750444124150540703e-11 1.031484307259758390e-10 -9.968333146178428394e-12 -4.096008069153273821e-11 6.217625850423486162e-11 1.006959540280577361e-10 4.972665100568375644e-11 4.653591203463322074e-12 -3.140118985940896917e-11 -1.002672110315813856e-12 -1.244449634373375188e-11 -3.032356573950460009e-11 -1.047144061227564625e-11 3.819520441997719250e-11 -5.605598766223515518e-12 -1.005063915235746457e-10 -1.117637456965317845e-10 -1.073727498322610172e-10 3.209370287010471454e-11 7.608675892304749327e-11 -1.095972344018230362e-10 -1.160357149521579112e-10 1.043484680889340534e-10 2.473734567909238122e-10 7.026949475944011039e-10 8.911191124770352393e-10 5.573421734933485525e-10 1.524474854769764437e-09 5.541229472813273336e-09 1.873121143654164853e-08 5.591518588878454208e-08 1.493558306187089922e-07 4.013612599485381493e-07 1.080004714828642575e-06 2.922037589500334336e-06 7.929369823514688728e-06 2.154151439487086829e-05 5.856723614289372203e-05 1.599468321739470780e-04 4.409714477286469261e-04 1.244412591245564522e-03
3.219804622805871180e-02 1.244961354203040537e-03 4.411619173061268637e-04 1.600161805129574673e-04 5.857343560744744844e-05 2.154386219126601436e-05 7.932874549893110481e-06 2.921834152900491664e-06 1.075391141411921922e-06 3.964262813481197078e-07 1.454521374964838010e-07 5.348099064221344325e-08 1.900954243209634405e-08 7.243645114937674585e-09 3.675003998258303246e-09 1.833965526437934842e-09 9.020416554770968389e-10 1.149492194013487661e-10 -1.393622658701148855e-10 -2.210063406569693589e-10 -2.303845459128882760e-10 -2.222559927456528157e-10 -1.626407836240966179e-11 5.434328788963298211e-11 9.905344363975279503e-11 -8.879977673179385331e-12 -4.363976067619664178e-11 6.002412094376697987e-11 9.728811466470594307e-11 4.792724774198289976e-11 8.226417382310964050e-12 -2.607194323128663720e-11 4.449275885965798926e-13 -1.210155438745737432e-11 -3.076799030875374931e-11 -9.771944223421995539e-12 4.313220254651368311e-11 1.135734183949505584e-12 -9.472762186601698342e-11 -1.096700305636971554e-10 -1.057407703140324310e-10 2.690551873092768726e-11 6.174449397987514267e-11 -1.245960921602687842e-10 -1.097014193778803165e-10 1.215085397900492946e-10 2.764273034624116396e-10 7.528638205915856995e-10 9.349005383971748920e-10 5.797537170528576504e-10 1.521223848400567737e-09 5.477200633590986028e-09 1.865107320743453347e-08 5.591750374469965623e-08 1.494961701366549607e-07 4.014664248000422122e-07 1.080210149087815208e-06 2.922905136471346304e-06 7.931504321187274857e-06 2.154611774083915621e-05 5.857697392777919327e-05 1.599680834839196984e-04 4.410185966605592828e-04 1.244524932464456668e-03
3.219798726270640954e-02 1.244912625686095745e-03 4.411427988860321960e-04 1.600032859526725711e-04 5.856747216396414660e-05 2.154182162170155813e-05 7.932041661188428267e-06 2.921848390860614391e-06 1.075612172717191080e-06 3.965456243732733862e-07 1.455838235388545761e-07 5.360197567358523751e-08 1.903119413903080256e-08 7.206921738153545582e-09 3.569526570162540991e-09 1.745999459325025627e-09 8.893101627992030697e-10 1.627094215346905510e-10 -1.109450454609685021e-10 -2.141739581441984598e-10 -2.363372274452733563e-10 -2.181232328479809189e-10 -6.597718302189394116e-12 6.236077304427619167e-11 1.021994107686798165e-10 -4.391686900688314505e-12 -4.078101585253256558e-11 5.880418671768767714e-11 9.625917349235638917e-11 4.888758436384483379e-11 7.326353046006445029e-12 -2.822575639061853939e-11 -5.260294642081066583e-14 -9.342396879228526359e-12 -2.683075251623593093e-11 -8.731843034432654161e-12 4.065325779111861016e-11 -1.507260973971343089e-12 -9.632142912786738945e-11 -1.086211155405392782e-10 -1.072256484818936816e-10 2.674849608563323545e-11 6.261142796658160717e-11 -1.237581834856849505e-10 -1.140692722629417754e-10 1.144640098469245661e-10 2.496445889896908574e-10 7.149430790724048142e-10 9.243892693946161896e-10 5.995378425934939856e-10 1.514058637479881956e-09 5.496491408408892640e-09 1.872809379233223504e-08 5.599125673659797325e-08 1.495717845287214017e-07 4.014702067550209366e-07 1.080112009095521266e-06 2.923044909694081635e-06 7.932182361502488653e-06 2.154691251394904312e-05 5.857986006901623970e-05 1.599790565070806521e-04 4.410555009990445351e-04 1.244608279269663730e-03
3.219830698740855368e-02 1.244938468186635632e-03 4.411502721265017960e-04 1.600077895462515541e-04 5.857004004932694273e-05 2.154349198497635900e-05 7.932634891866645693e-06 2.922022615407871900e-06 1.075406958364306484e-06 3.962457649495816422e-07 1.453151029306636078e-07 5.346843632640454932e-08 1.895959232878946844e-08 7.225557009072355546e-09 3.699209608628388762e-09 1.853507578372516268e-09 9.141474298231609029e-10 1.369883212133710745e-10 -1.196100563128566336e-10 -2.019783307787145646e-10 -2.214877620858947350e-10 -2.120559183373646288e-10 -8.513176596921178767e-12 6.356591050053559419e-11 1.037883246654628863e-10 -4.202644214738082511e-12 -3.657406733221149382e-11 6.081345202299605752e-11 9.630417991145946824e-11 4.788241200524130402e-11 6.575820850683465484e-12 -2.889667092234491667e-11 2.203730890114877568e-14 -1.243472454164491314e-11 -2.992264607821899445e-11 -8.444787553856797265e-12 4.273162371241859920e-11 -3.389522004651072021e-12 -1.000281220498773924e-10 -1.107716772628579277e-10 -1.057247880039173294e-10 2.990604124558326021e-11 7.329544947739207624e-11 -1.171396138784402956e-10 -1.262011408408443696e-10 9.153073370400453624e-11 2.301487641060864422e-10 6.978621262900996924e-10 9.013235947499832476e-10 5.521671952543295855e-10 1.469832174239517598e-09 5.440364331775322404e-09 1.867780042934246484e-08 5.592591782924175870e-08 1.494859049524293513e-07 4.014921938035016922e-07 1.080045487091443957e-06 2.922172119717906511e-06 7.929538036105204425e-06 2.154225388024269016e-05 5.857004413982997803e-05 1.599562061340599874e-04 4.409991181031625278e-04 1.244476681351312829e-03
3.219827288358705769e-02 1.244942845376587927e-03 4.411596418452275702e-04 1.600125296916141235e-04 5.857118772956021479e-05 2.154385413785463895e-05 7.933249886971004299e-06 2.922041779274913199e-06 1.075311470102846526e-06 3.963453160365036537e-07 1.455724033075843522e-07 5.361777967550340517e-08 1.908842868413929609e-08 7.197154033872745964e-09 3.536304448256575878e-09 1.706563310181770467e-09 8.850454601103356568e-10 2.089497788219890727e-10 -5.329856844727721088e-11 -1.955081544616918018e-10 -2.360506216278325066e-10 -2.240664798200599297e-10 -5.780303980628263903e-12 6.542334305123483317e-11 1.005065845401209608e-10 -6.676552901236088461e-12 -3.541717973222446480e-11 6.472617791050872178e-11 9.892719907993201982e-11 4.892721604328781035e-11 7.113888981213829539e-12 -3.032287679198578784e-11 -1.518259487922992965e-12 -1.114862532488601271e-11 -2.699839950348117735e-11 -7.145037853774559216e-12 4.264657122524740779e-11 -1.437916269177929312e-12 -9.817845376161358157e-11 -1.120423916215631826e-10 -1.095514086617262897e-10 2.991386583226227869e-11 6.958865197425430019e-11 -1.232672931874169860e-10 -1.085691310940047101e-10 1.367844457997672448e-10 2.890692868531481172e-10 7.482033319364344750e-10 9.352512579328478145e-10 6.052597738251141898e-10 1.549288038665414070e-09 5.556315095256359678e-09 1.864912811128621762e-08 5.586229553620697996e-08 1.495263150388844929e-07 4.015023706488652049e-07 1.080006149762655973e-06 2.922251351345785301e-06 7.930346382108161894e-06 2.154363071252970592e-05 5.857255729973441055e-05 1.599595167237052374e-04 4.410054307530392051e-04 1.244502173272070715e-03
3.219796817375516346e-02 1.244930817676169390e-03 4.411493350121037794e-04 1.600069916272799629e-04 5.856874625876128056e-05 2.154237011079324464e-05 7.932904690575874582e-06 2.922252133318268673e-06 1.075450125741981527e-06 3.962930868800894483e-07 1.454175224312961523e-07 5.355568935513669168e-08 1.905215468911195939e-08 7.205595421375588830e-09 3.569058736717786051e-09 1.751131521697191478e-09 8.902335748254446641e-10 1.605873879987096524e-10 -1.124680515751599989e-10 -2.181356396808575631e-10 -2.252268373603138619e-10 -2.143064493498841575e-10 -1.043790798710537785e-11 6.215195081398564829e-11 9.800460427615694163e-11 -9.096562572735198908e-12 -3.798027299788625970e-11 6.095717104009543856e-11 9.481493198528609563e-11 4.787343403015611343e-11 6.546369042989369215e-12 -2.905986993565588222e-11 -1.660034355236875644e-12 -1.178564234917817061e-11 -2.790412241375896387e-11 -7.644980733892885499e-12 4.143748517474681913e-11 -4.035525873698440508e-12 -9.991939588870883538e-11 -1.108954463018954176e-10 -1.048556311074654361e-10 3.652846135488755256e-11 7.556114850071687735e-11 -1.221131668304010182e-10 -1.166312423313666099e-10 1.145843110496014660e-10 2.723081957495519217e-10 7.357703578849216985e-10 9.263207176818668282e-10 5.405146216828906143e-10 1.442058398638333107e-09 5.434063802050815369e-09 1.867448992589022178e-08 5.597712115526828054e-08 1.493902772955181638e-07 4.013103171729123762e-07 1.079850977992536659e-06 2.921927699205511929e-06 7.929239479141215631e-06 2.154233685571277902e-05 5.857084270318719643e-05 1.599563611481268099e-04 4.409970272193452600e-04 1.244480774302279043e-03
3.219755793805623850e-02 1.244868634754240809e-03 4.411265795427563052e-04 1.599991331008072015e-04 5.856648876088692122e-05 2.154128241197582997e-05 7.931791865956987615e-06 2.921300633590615275e-06 1.075049699122468313e-06 3.961871999989911409e-07 1.455316302255203685e-07 5.363872454656703382e-08 1.904748929602305514e-08 7.245915666028117838e-09 3.603486452724853745e-09 1.728772612697513797e-09 8.546324478978419964e-10 1.494876616199643528e-10 -1.062628123875411331e-10 -2.111298248313007998e-10 -2.340925639070844269e-10 -2.193087517246846882e-10 -1.308527373904122911e-11 5.668308364584307464e-11 1.026240440892299616e-10 3.645352427497269072e-13 -3.338207485537458596e-11 6.212568792458027129e-11 9.571498137809535079e-11 4.662379759883926319e-11 6.335536586544255741e-12 -2.891617582823341720e-11 -6.017944054007799744e-13 -1.279560807483482635e-11 -3.027846956550170200e-11 -9.697982421320371487e-12 4.086934400622980042e-11 -2.304132011425711446e-12 -9.739553588735936765e-11 -1.136211177314383691e-10 -1.139789447055585036e-10 2.375276729466793887e-11 6.438540987699458199e-11 -1.283422443251572761e-10 -1.295248767325049376e-10 1.051331183603597797e-10 2.592439147799904744e-10 7.284220760664942962e-10 9.261136193185901347e-10 6.028777443256140967e-10 1.534168781820761872e-09 5.532760058576682819e-09 1.876772598082572018e-08 5.599792976286751524e-08 1.494136130234852750e-07 4.011745313874717377e-07 1.079406731024359558e-06 2.921593021806997192e-06 7.929568507942727834e-06 2.154303200514050178e-05 5.857112533899057544e-05 1.599568422088188508e-04 4.409951091102863054e-04 1.244473580858173256e-03
3.219810410607133050e-02 1.244874955881933700e-03 4.411275407002228561e-04 1.599988253197602150e-04 5.856576453660530178e-05 2.154117214723253381e-05 7.931842066072651646e-06 2.921483302821737677e-06 1.075233749165792321e-06 3.962741321876041868e-07 1.453339759850937970e-07 5.343284914330104156e-08 1.896897117851076427e-08 7.228120074974861236e-09 3.618583640306626145e-09 1.776267464133396670e-09 8.807322406456705801e-10 1.304418299506652945e-10 -1.186420683906825684e-10 -2.132989666466773309e-10 -2.229944463421015754e-10 -2.098470345162899862e-10 -6.484944045488552847e-12 5.667801770546164209e-11 9.230586058666843082e-11 -1.385411014296560953e-11 -3.999115631229261567e-11 6.035966918186423488e-11 9.634235162723776576e-11 4.755982292990224921e-11 5.445584579709014950e-12 -2.971579682919223015e-11 -1.658544130862551793e-12 -1.193689512376269590e-11 -2.750833019030909717e-11 -7.041710351759552196e-12 4.292778595891530465e-11 1.117445741046648970e-12 -9.105561092148838456e-11 -1.037980064165100652e-10 -1.056617238537796064e-10 2.616544499561001283e-11 6.504495317588131858e-11 -1.238439081813305171e-10 -1.205861375119430699e-10 1.030529396331114319e-10 2.635894250856994160e-10 7.725079946818460859e-10 9.631649115671689077e-10 6.265977933372119629e-10 1.596147275076824062e-09 5.566276047373639844e-09 1.875606324308394668e-08 5.610881680236544955e-08 1.496919397551751938e-07 4.014620771357643598e-07 1.079769498302050591e-06 2.922016959674485919e-06 7.930471700113078865e-06 2.154537590692007774e-05 5.857756894551652494e-05 1.599698259221423227e-04 4.410271403352235080e-04 1.244549838859271501e-03
3.219779654080477671e-02 1.244909254351407981e-03 4.411476027603628588e-04 1.600109612743920982e-04 5.857121731241581627e-05 2.154324232547442819e-05 7.932779765682079065e-06 2.921882533203895216e-06 1.075341055132761041e-06 3.963522910446757713e-07 1.455231964677925750e-07 5.361767899424921308e-08 1.899958367439132472e-08 7.158594147985424230e-09 3.557810588092844607e-09 1.745750205882633020e-09 9.123394724061760592e-10 1.856981497356274353e-10 -8.413671243137464583e-11 -2.006251457406810612e-10 -2.160684608463042266e-10 -2.012768747138360537e-10 -5.823947007021243125e-15 6.678535426237559252e-11 1.065162826954792258e-10 -1.240522117658436149e-14 -3.445052656351939778e-11 6.238707727501884179e-11 9.690179702520877469e-11 4.703229539536348304e-11 3.644681604243694522e-12 -3.167555248831958502e-11 -1.628079026200729105e-12 -1.128981243205061584e-11 -2.795459872328895966e-11 -9.944264088045404258e-12 3.998901456327110851e-11 -3.070752792464781264e-12 -9.988518688222051594e-11 -1.152647475672848890e-10 -1.166829527427914422e-10 1.952085732483291331e-11 6.553537482126276127e-11 -1.178091239472939802e-10 -1.148927615456880526e-10 1.095529772470409201e-10 2.704142372435164242e-10 7.463811572454071438e-10 9.251189056312690767e-10 5.651215561284037142e-10 1.538084613965255484e-09 5.536667936630361069e-09 1.869067432293019979e-08 5.599482455324321202e-08 1.495020153173924691e-07 4.013891535486947291e-07 1.079882482904118742e-06 2.922052439730511598e-06 7.930048660837209275e-06 2.154390119401608302e-05 5.857355341069350187e-05 1.599607800226921688e-04 4.410081977752105457e-04 1.244509637902662530e-03
3.219830066189482976e-02 1.244954765515212790e-03 4.411622204085040994e-04 1.600130857817654538e-04 5.857079225171886921e-05 2.154336314033393848e-05 7.932867305618285963e-06 2.921866655195389100e-06 1.075391793227198684e-06 3.964446353958876355e-07 1.454364309982336529e-07 5.359395155240983218e-08 1.905408912412250906e-08 7.206089950637994341e-09 3.590788014956525985e-09 1.741182671622701179e-09 8.568323303587099391e-10 1.271723044153356290e-10 -1.247045040336219017e-10 -2.127909444244106025e-10 -2.309847744853617079e-10 -2.200130477905465985e-10 -9.699945380090349369e-12 6.212199976429004299e-11 1.073986971242153371e-10 -1.959886188420199115e-12 -3.518961462168235606e-11 6.388236662165885132e-11 9.764245477129987668e-11 4.785389448507685794e-11 7.934355402485668754e-12 -2.764840290333444105e-11 -2.585972269895558142e-13 -1.055116104303041350e-11 -2.861037964656329691e-11 -9.045115048448002077e-12 4.105148809027134718e-11 -3.256574888517693597e-12 -9.945189085263122348e-11 -1.121564438096686808e-10 -1.096636441108291184e-10 2.165307822450041830e-11 7.176966637774632385e-11 -9.922736430387147329e-11 -9.551299828182207644e-11 1.203001642229080160e-10 2.455550370463128869e-10 7.171438369572927455e-10 9.210125966997039442e-10 5.590107655473743749e-10 1.466625282577665597e-09 5.460637982148200430e-09 1.872937616753841783e-08 5.596261685490071164e-08 1.493550451154709534e-07 4.012800940223601619e-07 1.079860230804078183e-06 2.922420116263076452e-06 7.930948125174618949e-06 2.154515364646535374e-05 5.857610370564205181e-05 1.599680533853305500e-04 4.410231091889868678e-04 1.244541524861815301e-03
3.219776738201483857e-02 1.244938784599814493e-03 4.411537175105010016e-04 1.600106510269288260e-04 5.857099347423157487e-05 2.154309379096826810e-05 7.932687107541102657e-06 2.921905763136837510e-06 1.075236862953515561e-06 3.962794804020526242e-07 1.455021559816479575e-07 5.364885770722213590e-08 1.912292408166440935e-08 7.241949057732838302e-09 3.610793150473192670e-09 1.774964306934826208e-09 9.035737623002078337e-10 1.630854076079268986e-10 -1.065297857617953114e-10 -2.272680079794207492e-10 -2.450822133671174897e-10 -2.218880477129924254e-10 -1.995788563609438042e-11 5.423414506387577692e-11 9.372778186045497463e-11 -1.177167702454262696e-11 -3.868991947111567343e-11 6.159222682281248791e-11 9.942209826131624317e-11 4.990601284086767012e-11 6.615834321548044204e-12 -2.907616664191373777e-11 1.058609526859623790e-12 -1.004709595797501061e-11 -3.102477192554773007e-11 -1.223290180724287981e-11 3.848602086547491076e-11 -4.405331492270460676e-12 -1.007789311333132064e-10 -1.129844610442797831e-10 -1.049399187443341504e-10 3.123093296097720591e-11 6.600018663801404407e-11 -1.235332767301335243e-10 -1.155909626111307927e-10 9.818341432921864338e-11 2.430270815870061382e-10 7.369689448667132285e-10 9.408146629278505054e-10 5.593738354691494691e-10 1.492676370452002940e-09 5.531347241797218668e-09 1.878629281676477484e-08 5.607643352924130073e-08 1.495207557813636912e-07 4.013192883291103182e-07 1.079721824061977595e-06 2.921971019465978814e-06 7.930265691984696413e-06 2.154485431425592364e-05 5.857698144009653346e-05 1.599690030787404276e-04 4.410230758745210984e-04 1.244539405453065888e-03
3.219762373040984532e-02 1.244867260710662239e-03 4.411231356218756256e-04 1.599976602609786964e-04 5.856600500364254831e-05 2.154119230778203656e-05 7.932061382544886694e-06 2.921697655511619739e-06 1.075385309522243325e-06 3.964691895403208600e-07 1.455724696590178467e-07 5.355607216491995161e-08 1.897383313587384024e-08 7.158072463496183159e-09 3.558860085050298080e-09 1.741588120703539115e-09 9.050207596589898477e-10 1.914867830373217820e-10 -6.542099617595864684e-11 -1.813189412611114024e-10 -2.160799172653124582e-10 -2.154603168358764520e-10 -9.292913548893621153e-12 6.690253944392070099e-11 1.063917832485952606e-10 -9.283340212853893983e-13 -3.477609294399155712e-11 6.177981134499089294e-11 9.559312237285169549e-11 4.807270179251153791e-11 7.342664257962518696e-12 -2.838003201328702049e-11 1.485147655940989928e-12 -9.663130178495329573e-12 -2.710457391296648193e-11 -6.032161313367722123e-12 4.246709753431807373e-11 -2.465848409168903619e-12 -9.438022961457702082e-11 -1.077042710694084962e-10 -1.119602015011255573e-10 1.826622555631516781e-11 5.846711201691741348e-11 -1.258667022833583670e-10 -1.090441443366347408e-10 1.326882423667604218e-10 2.740467635978466735e-10 7.306255590623923887e-10 9.361012160999322921e-10 5.941492494152786699e-10 1.514204102949644449e-09 5.510433554358629156e-09 1.876138086288974523e-08 5.605693789814195582e-08 1.495987468867011084e-07 4.013619461480259495e-07 1.079757967365884894e-06 2.922133946033340536e-06 7.930220497766999376e-06 2.154376731511246015e-05 5.857202218583099312e-05 1.599564729735633887e-04 4.409938645843556985e-04 1.244483393163727707e-03
3.219771397013383718e-02 1.244932660905153548e-03 4.411505992017150635e-04 1.600097365856388836e-04 5.856987446651504270e-05 2.154248697908883373e-05 7.932537660878038265e-06 2.921670116062338164e-06 1.075306912574227120e-06 3.963952952352230694e-07 1.455684435435742511e-07 5.365121849909326476e-08 1.907240427688998501e-08 7.166933682489469989e-09 3.546360942345452629e-09 1.730648265657183044e-09 8.793404841324140699e-10 1.421360706554828421e-10 -1.197197729779920773e-10 -2.212152191338374087e-10 -2.262118610680106817e-10 -2.111238322443768948e-10 -4.446239461684801327e-12 6.345731552260407812e-11 1.008792632469888278e-10 -6.883662434179176365e-12 -3.797357936809205464e-11 6.201331891282024040e-11 9.671170206075146090e-11 4.890474325202663465e-11 8.202392040206733393e-12 -2.655712194899258221e-11 1.641853467992580137e-12 -1.126460218171224910e-11 -3.109872886444776523e-11 -1.080971935400828030e-11 4.132489108739817020e-11 -3.849799580704556352e-12 -9.846081656907999007e-11 -1.105582226163699872e-10 -1.054124811372665047e-10 3.333725816661913792e-11 7.274974930656181850e-11 -1.170082632567763823e-10 -1.111915614409176094e-10 1.206539001515857787e-10 2.617003614228387349e-10 7.379143393789508176e-10 9.540625946706993896e-10 6.278852202163559097e-10 1.553440955178671610e-09 5.516273505258422616e-09 1.872124231429320998e-08 5.589821166864590249e-08 1.493189579370499358e-07 4.011226936821794868e-07 1.079260763974420197e-06 2.921182150929153983e-06 7.929037086878508564e-06 2.154259223281319651e-05 5.857005967057336317e-05 1.599544920746837008e-04 4.409944300932045944e-04 1.244469581240305019e-03
3.219788643440060077e-02 1.244927410065279098e-03 4.411380708405699996e-04 1.600034318795380518e-04 5.856815930797829354e-05 2.154207271416479268e-05 7.932415938873022953e-06 2.921768242157826291e-06 1.075521601257474745e-06 3.964784744763096390e-07 1.455617141494458725e-07 5.361712023841075863e-08 1.908757256471931553e-08 7.248943119163307466e-09 3.581253641159896536e-09 1.703652774352190878e-09 8.354774546370035022e-10 1.344342912680598684e-10 -1.169143626227518270e-10 -2.084448795520812127e-10 -2.190269979314886148e-10 -2.055536759821769263e-10 -6.089645106355090116e-12 6.390474201830008275e-11 1.031774435304588842e-10 -5.539953012659131454e-12 -4.113873949673867784e-11 5.947469537907317584e-11 1.006572763779060020e-10 5.210370313992772543e-11 6.888550897631671522e-12 -2.949246502559124370e-11 -1.097534325361057185e-13 -1.054107969334818952e-11 -2.919687325673260035e-11 -1.058843715916071836e-11 4.260106110461990920e-11 3.873609273849809272e-13 -9.191141348227043132e-11 -1.044681362346703503e-10 -1.097828233531771983e-10 2.001428161634389694e-11 6.646473004281219235e-11 -1.123758398744509466e-10 -9.703319307289836894e-11 1.203707597957742439e-10 2.404785366080976020e-10 7.101797271516565612e-10 9.287335332847437928e-10 5.841640437823380302e-10 1.504560984760958004e-09 5.506108521732883979e-09 1.882127473730617663e-08 5.615802348013213239e-08 1.496094120304085478e-07 4.013086727613221979e-07 1.079576420287503331e-06 2.921666285439985236e-06 7.929612715767737032e-06 2.154325529378575899e-05 5.857173600130022144e-05 1.599587034587898109e-04 4.410056936277682426e-04 1.244504920124581571e-03
3.219854647990494367e-02 1.244931982243560479e-03 4.411428762683987153e-04 1.600015945080608649e-04 5.856595790272343607e-05 2.154074108326940086e-05 7.931631615550320291e-06 2.921427246231171429e-06 1.075276971174089730e-06 3.962655429628686889e-07 1.453498583714069825e-07 5.348595674017578290e-08 1.898852341719172061e-08 7.187017147867092234e-09 3.592010746025834030e-09 1.773436048812970190e-09 8.889761006120402024e-10 1.338024920413227995e-10 -1.255161580763986747e-10 -2.214722261793015479e-10 -2.289946283211548488e-10 -2.094429771323477175e-10 2.954919070792056257e-12 6.640099820798278331e-11 1.064871278649734361e-10 -3.729865999231834415e-13 -3.261735055607775162e-11 6.130339911368563717e-11 9.260759393836060535e-11 4.397124799779082124e-11 3.534495641048587299e-12 -2.963637060430098942e-11 -1.488953727850670339e-12 -1.329843124132323992e-11 -3.044812207231285016e-11 -8.836332564901183379e-12 4.511420696022246617e-11 4.674736728244948823e-12 -9.043877424841146587e-11 -1.058932455505849880e-10 -1.058581721479132203e-10 3.042769654855094286e-11 6.534505603436299708e-11 -1.323713967506365843e-10 -1.285196869148847365e-10 1.095215707802052083e-10 2.790478588411377599e-10 7.575638114043781786e-10 9.409645544053284319e-10 5.949554844847838646e-10 1.575885689056258116e-09 5.557587685312256920e-09 1.877222489130474837e-08 5.603923783268619685e-08 1.495895196861518043e-07 4.012446917624015260e-07 1.079424997578830058e-06 2.921709889589675641e-06 7.929571143171787066e-06 2.154309570903814109e-05 5.857385673038086201e-05 1.599651979167168736e-04 4.410204661587042779e-04 1.244539705126760818e-03
3.219799326810679485e-02 1.244878313287045221e-03 4.411338009913783336e-04 1.600029214685138148e-04 5.856770151050232672e-05 2.154256626225474263e-05 7.932441247967588475e-06 2.921420546210279621e-06 1.075101440953460540e-06 3.962781016715086548e-07 1.455119895087268493e-07 5.359899253496749369e-08 1.906055727309481295e-08 7.224805522784073110e-09 3.587142472357793264e-09 1.740352121699127853e-09 8.752653676175490958e-10 1.354983551812027902e-10 -1.182984984186131215e-10 -2.144340395915447362e-10 -2.351774210467528039e-10 -2.188396841308967718e-10 -1.147796745483039384e-11 6.140112946243962693e-11 9.956130554715519889e-11 -7.183552607768923437e-12 -3.847648416386896940e-11 6.101881538893288651e-11 9.445698117418099662e-11 4.751507258326160620e-11 5.174465541772123424e-12 -3.080304601485034144e-11 -1.417947208383363256e-12 -1.110943875713892417e-11 -2.839804122390995966e-11 -9.168963767916533637e-12 3.948163964762605988e-11 -4.345094353385822412e-12 -9.925832137162958743e-11 -1.139159179750735989e-10 -1.099918819919569872e-10 2.899304903021493087e-11 7.014357175706702884e-11 -1.177353151002391057e-10 -1.255893724626957561e-10 9.652656383920844059e-11 2.542262671196990907e-10 7.352098405433703931e-10 9.361144792463605910e-10 6.062567823616780528e-10 1.542522036838331189e-09 5.501212155042673064e-09 1.868641464975858240e-08 5.597737003752690574e-08 1.495801609814767345e-07 4.013966553890866194e-07 1.079744778553205291e-06 2.921940752763976231e-06 7.930474136212557746e-06 2.154545861175110531e-05 5.857783392144086523e-05 1.599715207011440576e-04 4.410313467968982591e-04 1.244562168737877242e-03
3.219808442010024807e-02 1.244923222842586608e-03 4.411451828941056683e-04 1.600053813146193489e-04 5.856816199944411139e-05 2.154259263226833724e-05 7.932452797206862013e-06 2.921680729849092711e-06 1.075449848367540397e-06 3.964493314357909223e-07 1.455134436750052207e-07 5.358539400337084662e-08 1.902301927248810075e-08 7.228820425064429092e-09 3.589634439053877504e-09 1.715880112858703882e-09 8.696775267970601962e-10 1.505470028940846100e-10 -1.066940549095243581e-10 -2.116663868567364726e-10 -2.421554275600779930e-10 -2.243397081617983215e-10 -3.854880337636320841e-12 6.377202075692900921e-11 9.769898970991082991e-11 -4.461626943747095877e-12 -3.180492588804571455e-11 6.554428150811533363e-11 9.806513981513221857e-11 4.653262051951292284e-11 4.179282623078143429e-12 -3.093675821994400444e-11 -4.055249403349996026e-12 -1.407860061223319806e-11 -2.906441999687544788e-11 -8.498999177071177418e-12 4.287260323491666360e-11 9.739541237111737077e-13 -9.734898772683067497e-11 -1.152141272593037575e-10 -1.129522286897864703e-10 2.849848083157741351e-11 7.307895950204316677e-11 -1.179533992080736590e-10 -1.207812243102933138e-10 1.002083487329578762e-10 2.544691133393774708e-10 7.382778837386322284e-10 9.381940210831102558e-10 5.792676463305037409e-10 1.505714289504317650e-09 5.485434319250073880e-09 1.868733835508579261e-08 5.594549247813231800e-08 1.494739079511762692e-07 4.013796943690596269e-07 1.079746176153694991e-06 2.921914559147056683e-06 7.929977221375600401e-06 2.154404603704298854e-05 5.857345583327811585e-05 1.599622870800097591e-04 4.410151463553125314e-04 1.244516880823959542e-03
3.219805394191121301e-02 1.244938612143685905e-03 4.411538635203020938e-04 1.600099130419630996e-04 5.857007499415999426e-05 2.154252113993424062e-05 7.932909239769820865e-06 2.922304166268697095e-06 1.075719219978530021e-06 3.965757236150103121e-07 1.455706185455125554e-07 5.355509339044867661e-08 1.900088474642975086e-08 7.205396357453582670e-09 3.597222456270993605e-09 1.787352974728508521e-09 9.125086524382073645e-10 1.464624480202284388e-10 -1.226763303520155479e-10 -2.314607882740582079e-10 -2.428515710031588500e-10 -2.142035557205938004e-10 2.905971749650333818e-12 7.510099973396758682e-11 1.135179577656575191e-10 -4.286860990066560431e-12 -4.250320088041417719e-11 5.832836094302670529e-11 9.536351760089656906e-11 4.644452504875510265e-11 4.832428616275245293e-12 -2.872058255287824668e-11 1.868616821658397477e-12 -8.258373031951100205e-12 -2.691433682954791573e-11 -1.047404995306880671e-11 4.023154703263327768e-11 -2.449367127648973260e-12 -1.015008031583159230e-10 -1.111960064398238056e-10 -1.010174496621365200e-10 3.149775886375322005e-11 6.442812809859277772e-11 -1.299977280982445488e-10 -1.190806993775083910e-10 1.067298774525058610e-10 2.411404454076299259e-10 7.159875554206346715e-10 9.306707972507830325e-10 5.881732521039945293e-10 1.545839315800800229e-09 5.556166866777900906e-09 1.878586927070704631e-08 5.603415768061787744e-08 1.495246021973781546e-07 4.014143667346986979e-07 1.080050470071634368e-06 2.922650415135605957e-06 7.930954764776186879e-06 2.154514407907954666e-05 5.857649880462876201e-05 1.599702747091036922e-04 4.410287048629806927e-04 1.244552591601239466e-03
3.219809455500172862e-02 1.244890154353513493e-03 4.411315811316781949e-04 1.600023274846941923e-04 5.856839084555632403e-05 2.154259072092141897e-05 7.932452952883457353e-06 2.921628505965795510e-06 1.075152175264415884e-06 3.961338546322060608e-07 1.454023131948244247e-07 5.357983074506583009e-08 1.906708551454130947e-08 7.229175638203602419e-09 3.619321535513252109e-09 1.770288081222841596e-09 9.277676421008686926e-10 2.049668910989924127e-10 -6.961195569339436233e-11 -1.978631005590221595e-10 -2.298743678462202398e-10 -2.189967409250370598e-10 -1.215490308440024082e-11 5.748791870793012613e-11 1.014871937169290352e-10 -5.256986053545203149e-12 -3.984163456224181741e-11 5.981432133816586292e-11 9.273978935670469046e-11 4.504563447675004593e-11 7.288890003405486885e-12 -2.660507542372199520e-11 3.685351144207699972e-13 -1.262055532794192341e-11 -2.985586534246623308e-11 -7.939549016122353014e-12 4.276178387841506624e-11 -2.665478194850273035e-12 -9.942035287545228866e-11 -1.129452464596428927e-10 -1.085921636547383071e-10 3.025581028005676820e-11 6.676932088628788979e-11 -1.204142558813748059e-10 -1.129221535590877361e-10 1.135678993544599955e-10 2.571714587799019193e-10 7.297747749617236915e-10 9.434057401522518964e-10 6.590707907943881574e-10 1.562942797966824222e-09 5.491169021624472656e-09 1.871602597909189695e-08 5.597976586209058267e-08 1.495072021978441671e-07 4.014290821673746307e-07 1.079904338338126965e-06 2.922318885569828032e-06 7.930632948780326155e-06 2.154439762538783531e-05 5.857409215396195020e-05 1.599629845948940437e-04 4.410099371211738113e-04 1.244509818618850421e-03
3.219812828528344911e-02 1.244924802120425753e-03 4.411405669269334801e-04 1.600042315187956931e-04 5.856790839669239775e-05 2.154203564752003926e-05 7.932418616680480267e-06 2.921623213129686184e-06 1.075234273828892906e-06 3.964205391556714690e-07 1.456405216239803299e-07 5.367714474278752816e-08 1.908294694568260525e-08 7.245472619878966406e-09 3.605287938841900398e-09 1.712440907623533316e-09 8.709429382142740767e-10 1.499460692330270493e-10 -9.812568381634192008e-11 -1.984529775719422245e-10 -2.145665907278384938e-10 -1.963955771446945826e-10 1.127141025618255477e-12 6.504495604827602523e-11 1.029525187499970456e-10 -7.143290543618428664e-12 -3.657365006678346373e-11 6.583500646743565563e-11 1.027606558453292517e-10 5.049635379194557635e-11 6.827769486847163255e-12 -3.030386426918595763e-11 -2.864867207141457648e-13 -1.145946081135671865e-11 -3.068967904692924708e-11 -1.127527647356593052e-11 3.940595062373910581e-11 -4.958480921578874913e-12 -1.021154307177223390e-10 -1.134263751085627095e-10 -1.072438946897344031e-10 3.130777985862898904e-11 7.199841041631230884e-11 -1.199742840441118020e-10 -1.213855407945458471e-10 1.119330629148389244e-10 2.706809609355992540e-10 7.538160983099502597e-10 9.296308439277764003e-10 5.554974205358751866e-10 1.465176326251346183e-09 5.439478872129037216e-09 1.863708827494948374e-08 5.585779198031347481e-08 1.494895321878071033e-07 4.014345026850397898e-07 1.079604553431239407e-06 2.921583006091101873e-06 7.929673381864383116e-06 2.154381938011771459e-05 5.857477735683396485e-05 1.599682972833911521e-04 4.410303472347404429e-04 1.244558129995570941e-03
3.219768994860742334e-02 1.244928458492173227e-03 4.411475795856578111e-04 1.600061160552818660e-04 5.856917854195999230e-05 2.154309592576667914e-05 7.932939701722344420e-06 2.921824155508524043e-06 1.075157291941142193e-06 3.961792453677755172e-07 1.453926223052722249e-07 5.352887802617115077e-08 1.899792342964958547e-08 7.244150167913328320e-09 3.601667885210194473e-09 1.766930811263130756e-09 9.061908533837300638e-10 1.598397135674514544e-10 -1.113443879221909454e-10 -2.205238560989890992e-10 -2.301462148108016869e-10 -2.064329930005795117e-10 8.139822117518070943e-12 6.911959090514240985e-11 9.794862941899630505e-11 -9.338278888429102182e-12 -3.790060863240484129e-11 5.983496416276463733e-11 9.593410662134101172e-11 4.730016388077093468e-11 5.140689252167348057e-12 -3.045249932825722052e-11 -1.433708602826591220e-12 -1.148698127561143866e-11 -2.790195675062641375e-11 -7.739861113634449873e-12 4.099991914729298113e-11 -2.987400704619283475e-12 -9.777433600135751738e-11 -1.093846343321067483e-10 -1.033895141763264416e-10 3.103476391425973624e-11 6.865986892542378115e-11 -1.157387331640701287e-10 -1.010852413853498651e-10 1.345042226787032647e-10 2.734754983442938654e-10 7.288904645765938061e-10 9.243289972428786437e-10 6.149357120450508972e-10 1.547908919740358584e-09 5.489806551752750455e-09 1.868999362994266949e-08 5.603410772206186012e-08 1.496890536628432158e-07 4.017600362914292465e-07 1.080420698568743634e-06 2.922418683254839470e-06 7.930032861652608366e-06 2.154305989654726951e-05 5.857249857387975315e-05 1.599597918277575418e-04 4.410036191508598467e-04 1.244503037573620749e-03
3.219828794262509508e-02 1.244934341570788422e-03 4.411534750270393063e-04 1.600095283980217272e-04 5.857097621895367986e-05 2.154387065841319090e-05 7.933172035517969126e-06 2.922078947322207432e-06 1.075240379265136702e-06 3.962249775922687685e-07 1.452931099442340554e-07 5.345648224712239224e-08 1.900383432956391263e-08 7.266852847166603720e-09 3.640841968275386635e-09 1.830692113167040167e-09 9.565295519663715453e-10 1.794050744753537538e-10 -9.744513496881778504e-11 -2.076867245089308122e-10 -2.315418789813826346e-10 -2.252334561556071864e-10 -1.234669085100883789e-11 5.700169792459607147e-11 9.733140052013121628e-11 -4.025781144247616076e-12 -3.241178149975791266e-11 6.567953155339334915e-11 9.698854375171839702e-11 4.461879091729983635e-11 3.590614881430604845e-12 -2.950660793821827756e-11 -1.451601171640943797e-12 -1.323600318693580907e-11 -2.838433590105486395e-11 -5.209138947656030613e-12 4.576247728200415986e-11 1.955759555801634671e-12 -9.534729541145139310e-11 -1.082994113383273325e-10 -1.102074450726150372e-10 2.738689612267560243e-11 6.432404830174600194e-11 -1.358247075990144072e-10 -1.194890715226902908e-10 1.319203673521016096e-10 2.809345254446160166e-10 7.556156149981267777e-10 9.277581211857011730e-10 5.550322402485901554e-10 1.496815402566655609e-09 5.533336300950966848e-09 1.877468302148462268e-08 5.597867273580519548e-08 1.495003221118298015e-07 4.014502724087401085e-07 1.079896821147320243e-06 2.922093125022522913e-06 7.930675293066889549e-06 2.154527926332726394e-05 5.857721180920239136e-05 1.599722107761745147e-04 4.410346395078913913e-04 1.244569493747381362e-03
3.219820352639286148e-02 1.244907051372024648e-03 4.411356430602779303e-04 1.599993601284574885e-04 5.856468864202161149e-05 2.154105834189258540e-05 7.932223308220149265e-06 2.921758659819222088e-06 1.075281896823403560e-06 3.962350469358653511e-07 1.453426875880157076e-07 5.347914117573172254e-08 1.904583850852053644e-08 7.275832037944606392e-09 3.619035608045387962e-09 1.752588126862422033e-09 8.909702834133822855e-10 1.420926392984692561e-10 -1.362669815997343724e-10 -2.347366474176509796e-10 -2.387432301506548811e-10 -2.198289734414713079e-10 -1.233207968184937890e-11 5.314866216372722733e-11 9.328638741658673915e-11 -7.949275204730703162e-12 -3.750134506050599421e-11 6.296032916127820627e-11 9.797942822942512148e-11 4.816820912318986981e-11 5.219571015918527366e-12 -3.036415692801672808e-11 -2.794440716557698107e-12 -1.480626657311944296e-11 -3.100068659555973820e-11 -1.064101478330747995e-11 4.182441660330862640e-11 -1.595856080928784308e-12 -9.966430469068261337e-11 -1.129163018213885776e-10 -1.105544179467505969e-10 2.250852023133348893e-11 6.147518701691659093e-11 -1.311166827025391179e-10 -1.240010417724027332e-10 1.215128362689963285e-10 2.729185024245180350e-10 7.521973549136718665e-10 9.326106684145495734e-10 5.786119934186684063e-10 1.537818292898641461e-09 5.538764604503485819e-09 1.878262383304662915e-08 5.605708387202620974e-08 1.496848393951549303e-07 4.016000669452324124e-07 1.079889862392853133e-06 2.921869180826769736e-06 7.929931701530037425e-06 2.154388896206289397e-05 5.857294704248557830e-05 1.599617268100041309e-04 4.410075231297578701e-04 1.244504781031626319e-03
3.219780883553589879e-02 1.244897617220440790e-03 4.411312963965553454e-04 1.599989108080945356e-04 5.856524416688300045e-05 2.154064190626341055e-05 7.931683997441860755e-06 2.921378475629844010e-06 1.075303509465679045e-06 3.964820364195529827e-07 1.456535460741788932e-07 5.362542620572221607e-08 1.904065387910640249e-08 7.229870760002003482e-09 3.577528063812077769e-09 1.735561069976562211e-09 8.873046758912864565e-10 1.532730226721192000e-10 -1.224054803608408907e-10 -2.188742185761278405e-10 -2.244765065461476239e-10 -2.052928490052060222e-10 8.476999553848432829e-12 6.925304203291079418e-11 9.933698752245298950e-11 -1.072277279866597978e-11 -3.656150710744341233e-11 6.336978775650607788e-11 9.768174309243426394e-11 5.025583570353133702e-11 9.073063346371281467e-12 -2.653136540856090337e-11 6.989814600448451961e-14 -1.476096227744264480e-11 -3.460040177561140167e-11 -1.342615638272930746e-11 4.142737273507378735e-11 -7.975610311711683355e-14 -9.734025077001383625e-11 -1.082332426594599155e-10 -1.062066280731216993e-10 3.161763067954730872e-11 6.977304269255069300e-11 -1.250763193356151926e-10 -1.198723506994382267e-10 1.134714393839014051e-10 2.675356705577387636e-10 7.562761496986121026e-10 9.539426771975013957e-10 5.987645363059391506e-10 1.607199483751578771e-09 5.693853128588943430e-09 1.885465317116850168e-08 5.597356781835331139e-08 1.494586371563945440e-07 4.013235289451127808e-07 1.079702795287126899e-06 2.922079801061614702e-06 7.930062199486003247e-06 2.154370967549557836e-05 5.857423664546052304e-05 1.599627232145409996e-04 4.410062986039090405e-04 1.244500418211508990e-03
3.219830727937156301e-02 1.244878732292738861e-03 4.411244822765634523e-04 1.599977615935805654e-04 5.856576469136757926e-05 2.154172955787408665e-05 7.932811016002476546e-06 2.922298999986893576e-06 1.075784504526562315e-06 3.966080536918991084e-07 1.456611048433737152e-07 5.361174137240311487e-08 1.902332096761982377e-08 7.207078619724388743e-09 3.597961667624425010e-09 1.789048820629756026e-09 9.084782248124128106e-10 1.403908377253893992e-10 -1.295439712418091632e-10 -2.137973193217713562e-10 -2.226402985809952710e-10 -2.082078318299334623e-10 -6.996453986070776921e-12 6.290663177547500597e-11 1.047745387512796178e-10 -5.237193564827761630e-12 -3.850415569025914789e-11 6.125231161019799803e-11 9.677021843874817951e-11 4.945505600659953654e-11 7.968673644882611091e-12 -2.910027466783629220e-11 -6.748969501229313764e-13 -1.053210892968090667e-11 -2.645796849923345413e-11 -6.869827802419783963e-12 4.211155826266668472e-11 -1.525802425098924225e-12 -9.555051590909287288e-11 -1.058162364012486306e-10 -9.760603534471286844e-11 4.070799989171600564e-11 7.519309969166672744e-11 -1.133719390493827794e-10 -1.104000355447296616e-10 1.184306979043388893e-10 2.604530386228932888e-10 7.109776757207505326e-10 8.650585385937454152e-10 5.099877349486192166e-10 1.453842960612073296e-09 5.441268256980597072e-09 1.872832584516081424e-08 5.603900663464120754e-08 1.496720305656067747e-07 4.017642599433713612e-07 1.080183729325643090e-06 2.922226009983616544e-06 7.929919156669892644e-06 2.154321506562085372e-05 5.857178089032232020e-05 1.599591021389912119e-04 4.410043664497984516e-04 1.244500960672388157e-03
3.219839174953008365e-02 1.244852280339599042e-03 4.411204066292837705e-04 1.599972539273753218e-04 5.856581991559957269e-05 2.154125637368149300e-05 7.931849026208302115e-06 2.921475809493182945e-06 1.075262018129008170e-06 3.963758433358858477e-07 1.455419284850430385e-07 5.367523468966880821e-08 1.914449042252796625e-08 7.243043993843941427e-09 3.558355376682096051e-09 1.752685478406441927e-09 9.070531493135567828e-10 1.570126703886982825e-10 -1.148975130007080449e-10 -2.271052069085158248e-10 -2.406086876246272753e-10 -2.158565483318975507e-10 -8.214827709199416411e-12 5.429631904868947012e-11 9.671256834364477055e-11 -4.255422600241308076e-12 -4.078204767511667180e-11 5.843504633834349905e-11 9.625683587388569934e-11 4.630142445310019314e-11 4.375850427754462995e-12 -2.882989795888922516e-11 1.523545608917112007e-12 -9.870367104903729447e-12 -3.029428761705350405e-11 -1.106997948840870330e-11 3.830434425479473785e-11 -4.596832702971495552e-12 -9.967156623167577911e-11 -1.121810641262274393e-10 -1.035799431483844714e-10 3.517538859152494213e-11 7.195129863542278288e-11 -1.227287828846769873e-10 -1.210397795079885565e-10 1.109347220680790425e-10 2.784776985149349304e-10 7.574127145043821943e-10 9.551646689346273097e-10 6.186628792865960331e-10 1.527064396956600337e-09 5.487508958754226836e-09 1.875063558615914739e-08 5.594391278488601380e-08 1.494348847998396501e-07 4.013572342088322810e-07 1.079833087701988590e-06 2.921838283473827884e-06 7.929569420349179902e-06 2.154226322914090891e-05 5.856939911925185022e-05 1.599504212852491023e-04 4.409762954420953633e-04 1.244421976333399873e-03
3.219790196706850266e-02 1.244865597583831324e-03 4.411265458078409991e-04 1.600025687772793344e-04 5.856943433367095878e-05 2.154326335692814367e-05 7.933255582473974169e-06 2.922316138356189899e-06 1.075665512204945943e-06 3.965642965151877972e-07 1.456237446232821321e-07 5.362616202113198171e-08 1.902167660263962202e-08 7.164772994601085186e-09 3.549389426590059622e-09 1.769894695127978183e-09 9.227759722489973065e-10 2.050433981455840275e-10 -7.665253679703537723e-11 -2.024983640014167643e-10 -2.274609199246042676e-10 -2.027833879398707816e-10 1.471254262101864252e-12 5.896385271862703481e-11 9.543930714608385996e-11 -8.933398453079791124e-12 -3.763852301445967203e-11 6.223321071055239148e-11 9.790276350276556362e-11 4.954156389682574511e-11 7.742880362371537022e-12 -2.673115433817419313e-11 -4.056205840378123001e-13 -1.329402657245551054e-11 -3.162238581108420458e-11 -1.091045458586742865e-11 4.143007187227481112e-11 7.106739265620538302e-13 -9.334683856231441073e-11 -1.082692462051698295e-10 -1.100708303017504745e-10 2.489488898348722505e-11 7.230215227311114049e-11 -1.060805934529237365e-10 -1.048886416218468644e-10 1.267589987443720399e-10 2.682850168954336407e-10 7.218608351544589442e-10 9.081142683366178291e-10 5.706755485697123519e-10 1.523596627782876653e-09 5.459455747587070286e-09 1.861397724134500475e-08 5.584944349352083334e-08 1.495028868798092003e-07 4.013713892937971459e-07 1.079822258808426538e-06 2.922374021297147903e-06 7.930602949859684588e-06 2.154504187022855831e-05 5.857605649530895617e-05 1.599677355852179624e-04 4.410273030585786977e-04 1.244542803530242735e-03
3.219775924801975692e-02 1.244842024258718425e-03 4.411105557911126603e-04 1.599936414424054959e-04 5.856526320306908005e-05 2.154109342998560000e-05 7.931739721868779881e-06 2.921052743513413422e-06 1.074901242381011224e-06 3.961715374247217454e-07 1.454988546213998322e-07 5.359709657206853382e-08 1.896297161508570643e-08 7.146033006547647098e-09 3.516859198916211775e-09 1.729768440035735436e-09 8.811543947776739489e-10 1.297155822047184011e-10 -1.262667083447641038e-10 -2.280545847885576758e-10 -2.430293754090283997e-10 -2.155587752626419683e-10 -2.138174310063027800e-12 6.709764174919339898e-11 1.051505879717163396e-10 -9.246304726495517296e-12 -4.211969114183222162e-11 5.736352143833666122e-11 9.233216873301743842e-11 4.431798561472271847e-11 4.664241803918160039e-12 -2.807717448657587545e-11 2.559233602362589034e-13 -9.613692547904069995e-12 -2.595653453441563743e-11 -7.882407851373422037e-12 4.189786115720297247e-11 -2.290036227144656424e-12 -9.663477194782056340e-11 -1.063378082437499956e-10 -1.028982291487991617e-10 2.703742649343690207e-11 6.557043859396434807e-11 -1.213608443266337756e-10 -1.241627129261339570e-10 9.066039974684614123e-11 2.419505132271094239e-10 7.307141159378206530e-10 9.385211270057315521e-10 5.785297506829051037e-10 1.499347106723341290e-09 5.487854120053116966e-09 1.868413022685894713e-08 5.593266428752527512e-08 1.495062886563069898e-07 4.015492784889089728e-07 1.080134269618086664e-06 2.922675504493175682e-06 7.931258683069828473e-06 2.154566119117789700e-05 5.857670004060088219e-05 1.599690689174549263e-04 4.410289679030419420e-04 1.244560067203896335e-03
3.219763265244515033e-02 1.244858313287727954e-03 4.411262900499584617e-04 1.600003013205275159e-04 5.856584080174993264e-05 2.154116410597182232e-05 7.932265843440319204e-06 2.921764229555595453e-06 1.075371306214931010e-06 3.962900581103504554e-07 1.453536902543147400e-07 5.351562464261591868e-08 1.902716876791636374e-08 7.175092832830906405e-09 3.564075086220985467e-09 1.761295424350403378e-09 9.077863821438671996e-10 1.570343419052867457e-10 -1.085849597580241787e-10 -1.977497949286382821e-10 -2.116980312125885038e-10 -2.003238354914072803e-10 -1.070517224227082900e-12 6.456771564985947721e-11 1.015260522666406166e-10 -1.053725179531975715e-11 -4.292358505207484568e-11 6.065042428269801301e-11 9.599951111047481770e-11 4.779187623356780467e-11 6.781631862893433754e-12 -3.059485979190933536e-11 -2.215371176018952776e-12 -1.094680508920146960e-11 -2.730264139542216769e-11 -7.897432081870082127e-12 4.331030738305568980e-11 -2.276744481573749841e-13 -9.790969389788084933e-11 -1.120241487879308358e-10 -1.052884155450030315e-10 2.879404856944331090e-11 6.365511235428918423e-11 -1.159713237579631817e-10 -1.075316921996814097e-10 1.097399572744468384e-10 2.419542204546289160e-10 7.280802645093074382e-10 9.510887209977867752e-10 5.996914250064682045e-10 1.464610508102398425e-09 5.461577941200702288e-09 1.869559599743385517e-08 5.596637183563657769e-08 1.495358716781098333e-07 4.013793751532860908e-07 1.079630236847275195e-06 2.921708720044263603e-06 7.929186567179882176e-06 2.154131686244719219e-05 5.856753515014800145e-05 1.599470446952407999e-04 4.409688120549248467e-04 1.244412331170202234e-03
3.219829350152843273e-02 1.244898457127208624e-03 4.411379242991758003e-04 1.600025824849935245e-04 5.856855682404217583e-05 2.154282157487052152e-05 7.932545539006783875e-06 2.921567866601801043e-06 1.075156519317083421e-06 3.962390607570286933e-07 1.453873163341414332e-07 5.350048304653675219e-08 1.896515726888555851e-08 7.126311043451032726e-09 3.542833980160145686e-09 1.771122216669289171e-09 9.101198849903762302e-10 1.871081396228156699e-10 -8.920816526023660608e-11 -2.067754872991492172e-10 -2.349960340683852323e-10 -2.217242541825629467e-10 -1.225349901071441400e-11 5.430370232072522093e-11 9.753361711798772310e-11 -4.546451825960524836e-12 -3.615232821591786857e-11 6.296964072549011933e-11 9.701556002258115250e-11 4.591373714955199787e-11 3.840515505586921750e-12 -3.018746134841658674e-11 -1.339479861588001452e-12 -1.277047614645268615e-11 -2.978894301111620743e-11 -9.105601483319769210e-12 4.228160327304056803e-11 -1.272925890414333961e-12 -9.747909554654458100e-11 -1.182000196297987046e-10 -1.166804977203831174e-10 3.345084187717498775e-11 8.502870328661683854e-11 -1.096924755313394651e-10 -1.157291242399444507e-10 1.140821560559256028e-10 2.569725895271225069e-10 7.269319001088131042e-10 9.256851711262584402e-10 5.881054873530791344e-10 1.553777511166748860e-09 5.569115807601339638e-09 1.879958727039407634e-08 5.603530093132466487e-08 1.495193651493641265e-07 4.013848373742926179e-07 1.079839043709957906e-06 2.922236207607926027e-06 7.930658194463604754e-06 2.154564252179235739e-05 5.857734796655124864e-05 1.599704344591767525e-04 4.410292010226676503e-04 1.244546660167081611e-03
3.219803309125466445e-02 1.244959779433750090e-03 4.411592931986668925e-04 1.600107195482362149e-04 5.857151944580143462e-05 2.154427515905489273e-05 7.933619082369224333e-06 2.922250177016403176e-06 1.075347939595978991e-06 3.961695472830438193e-07 1.454626759957557028e-07 5.366032786215302841e-08 1.907207451935678659e-08 7.246181593367794048e-09 3.581511507404684719e-09 1.725684166567708291e-09 8.698559613142397850e-10 1.536959066690386447e-10 -9.530002521748268020e-11 -1.942281440976755538e-10 -2.181121240597563499e-10 -2.070641201336643030e-10 -1.534132118012447091e-11 5.002316055512419910e-11 9.811463520353058589e-11 -8.999253797179744081e-12 -4.141467124990429503e-11 6.231695646289481863e-11 9.946399620887108363e-11 5.098770787801585430e-11 7.686523830247889507e-12 -2.947455065784517907e-11 -1.642072257730891373e-12 -1.136479724543822355e-11 -2.798539816954840684e-11 -7.444994664712938795e-12 4.497663217158216849e-11 2.580673014959017595e-12 -9.541488328793618604e-11 -1.113985577536402867e-10 -1.099298352510363560e-10 2.985574606017144501e-11 7.013705593214647426e-11 -1.261149825919105017e-10 -1.191152116015943517e-10 1.057239603317953489e-10 2.440160808353787608e-10 7.087137055935019740e-10 9.140906080918376589e-10 5.881337581732801991e-10 1.549157812917411239e-09 5.568778888399222804e-09 1.875949593911068128e-08 5.598649629441430102e-08 1.496016216367406533e-07 4.017139875585141749e-07 1.080305372798316123e-06 2.922608727916753266e-06 7.931278352652904024e-06 2.154596226610813240e-05 5.857824081349842201e-05 1.599742464710007372e-04 4.410429477637206369e-04 1.244598427030948985e-03
3.219772006396349334e-02 1.244885882580544717e-03 4.411275910406876172e-04 1.599978178094087005e-04 5.856644197720591353e-05 2.154220051194577669e-05 7.932387480622674213e-06 2.921520779129897576e-06 1.075207675610643933e-06 3.963708824089304785e-07 1.455502648423649300e-07 5.366486471157323549e-08 1.915062708831616895e-08 7.270159363899799339e-09 3.608670259514077329e-09 1.784171879282108095e-09 8.911941457955988139e-10 1.544653000035128666e-10 -9.731452184975365112e-11 -2.138889830220706120e-10 -2.283289170846530079e-10 -2.044636779289151495e-10 -3.068169537678446423e-12 6.387203471915496642e-11 1.057879521480684681e-10 -4.177708215136261120e-12 -3.745510351991738451e-11 6.184778874173395489e-11 9.766301801748602872e-11 4.926754435994857312e-11 7.511819996943532694e-12 -2.853775872272910834e-11 -1.467701532702550736e-12 -1.306448972917813375e-11 -3.001863766312310780e-11 -9.587257381898835128e-12 4.264690208157813963e-11 -7.177615261370325896e-13 -9.670642585159590077e-11 -1.078048422469343982e-10 -1.045024258231997010e-10 2.709029508928764210e-11 6.632421374396795453e-11 -1.228823205634935422e-10 -1.191186819134738058e-10 1.113751560014197936e-10 2.676352763092952447e-10 7.419018281778233464e-10 9.259924956933715067e-10 5.594329766875542438e-10 1.531620906857629621e-09 5.615717587551293032e-09 1.884209565398368111e-08 5.602657674555290094e-08 1.494333428834669398e-07 4.012630380451395406e-07 1.079932286332558096e-06 2.922590336100810759e-06 7.930876230697286964e-06 2.154443200895037096e-05 5.857210173560868080e-05 1.599567211632891043e-04 4.409971666504492382e-04 1.244474112580508688e-03
3.219808104041069902e-02 1.244919765138785593e-03 4.411427603679130547e-04 1.600045364028880850e-04 5.856838313639886070e-05 2.154277441750172860e-05 7.933046185750011503e-06 2.922277781329099548e-06 1.075693755867257588e-06 3.963698922627446178e-07 1.453732005662594437e-07 5.355236333172423636e-08 1.904398864305498382e-08 7.207853569520894573e-09 3.536784743607518578e-09 1.724898637690972728e-09 8.820470109423463712e-10 1.823580318807937666e-10 -7.683806586807406077e-11 -2.090057866540889281e-10 -2.272974833797723782e-10 -2.060167707838146992e-10 -7.984387512068657872e-12 5.426622415977104205e-11 9.113595950868253226e-11 -1.270877264492912404e-11 -4.058754088692317062e-11 6.459959573234163534e-11 1.025346648954684801e-10 5.170910013858667899e-11 9.162767306514079837e-12 -2.723945644799929476e-11 -3.921208016660849418e-13 -1.309154471146711603e-11 -2.974417582864676285e-11 -9.793423212740603660e-12 3.962449447001454234e-11 -6.340386121473995612e-12 -1.047402568006267424e-10 -1.155597810205058291e-10 -1.044374525826615703e-10 4.095464965459938793e-11 8.144549347724494650e-11 -1.101039376312057874e-10 -1.078581406453930570e-10 1.290260237267400815e-10 2.837093140700316956e-10 7.632495440409168213e-10 9.531075207516405613e-10 5.785743982147036890e-10 1.464582782221700729e-09 5.431482019811487448e-09 1.866333588647166222e-08 5.603947769734345799e-08 1.496077021855838629e-07 4.014494807869728630e-07 1.079821141163026685e-06 2.922130702298030799e-06 7.930112865825447239e-06 2.154334059985854884e-05 5.857182185583119838e-05 1.599567007589655014e-04 4.410004914456205124e-04 1.244503408580920935e-03
3.219819959825193784e-02 1.244974586882079863e-03 4.411677984137134115e-04 1.600167780200220994e-04 5.857288435860917147e-05 2.154355009373905741e-05 7.932901740303457874e-06 2.921795308489674033e-06 1.075214891810407042e-06 3.962455283318397636e-07 1.454156754863152008e-07 5.359993290609224839e-08 1.907183594563035899e-08 7.221751550923816281e-09 3.561462199745409629e-09 1.760843208694950241e-09 9.219632154987879862e-10 1.822979731297600742e-10 -9.872372962016779142e-11 -2.178810511481068379e-10 -2.392015464004091954e-10 -2.215770279344437028e-10 -8.639138068609576981e-12 6.480857106286556111e-11 1.042573328616540964e-10 -7.657907607984483505e-12 -3.819075495865067811e-11 6.452501530311451328e-11 9.940374115301971021e-11 5.015649954507735925e-11 8.930991913015902600e-12 -2.822617779553216763e-11 -2.130994239801848222e-13 -1.052451647728714960e-11 -2.722748158948227202e-11 -7.258836291451786789e-12 4.239223971220352376e-11 -2.047243390454702482e-12 -1.004758632203217870e-10 -1.137238402680572118e-10 -1.069493830295978428e-10 2.890420157250061690e-11 6.660952600960047885e-11 -1.122670035794286315e-10 -1.007881259812561381e-10 1.227010911623154188e-10 2.513822210381559528e-10 7.203888631480070677e-10 8.903867570262792918e-10 5.501779095571036692e-10 1.514325182128910106e-09 5.501723632748269680e-09 1.873384552694902778e-08 5.603080564329100508e-08 1.495748371952621960e-07 4.014675743313557903e-07 1.079907486268947863e-06 2.922361520473393935e-06 7.930804958889686916e-06 2.154530965602529630e-05 5.857616850640094040e-05 1.599658678636340433e-04 4.410108875064363784e-04 1.244500018199065899e-03
3.219816014424327355e-02 1.244916576642403957e-03 4.411426949756370422e-04 1.600067859969964102e-04 5.856974598162916504e-05 2.154315421794444183e-05 7.932885388796898587e-06 2.921903650662370696e-06 1.075288955354961396e-06 3.961371380549829135e-07 1.454441346328296423e-07 5.364943161823772921e-08 1.913447617058088880e-08 7.288669195584635179e-09 3.602772254845379030e-09 1.709411317669820924e-09 8.407182555582211305e-10 1.400113631894196119e-10 -1.100094160473943622e-10 -2.126153320368036485e-10 -2.282326738081688566e-10 -2.124046807742195451e-10 -4.961557100546332253e-12 6.416483561971078437e-11 1.086322849972380808e-10 6.599272771598564656e-13 -3.423913672069544376e-11 6.388492384069887158e-11 9.816577514107551707e-11 4.949348406919706707e-11 8.343685670901707291e-12 -2.703325211927162417e-11 6.367872119836858798e-13 -1.182274925223183816e-11 -2.997705762503567837e-11 -9.948711500237636289e-12 4.106086538115406004e-11 -2.725385195678337958e-12 -1.012831394186104339e-10 -1.155983929700696488e-10 -1.125179018880379183e-10 2.643846131162882005e-11 7.427984000295897921e-11 -1.156089456933897776e-10 -1.185737283565388750e-10 1.129882639820469319e-10 2.690680776775136312e-10 7.446313227217010407e-10 9.429328744005147644e-10 6.245951947960716404e-10 1.553083449245513923e-09 5.557410719955044021e-09 1.880545750440646447e-08 5.609241074268703982e-08 1.495461429503235000e-07 4.013356018685344516e-07 1.079607186328837275e-06 2.921822314554045916e-06 7.929647644048279072e-06 2.154234265855501488e-05 5.857039825820389124e-05 1.599580666077271758e-04 4.410074972251183255e-04 1.244509700681193168e-03
3.219795313308697338e-02 1.244909430269066893e-03 4.411401779081947625e-04 1.600069644605587519e-04 5.857096672057408507e-05 2.154406881045005005e-05 7.933337428557654894e-06 2.922420714685238784e-06 1.075510904496842922e-06 3.962413662824764205e-07 1.453788476586522592e-07 5.356151732753851029e-08 1.905531402920164125e-08 7.212564810833327270e-09 3.573877399459862709e-09 1.750564833088700483e-09 8.804166758851143993e-10 1.523033035160610856e-10 -1.082978020990628929e-10 -2.105269418077606677e-10 -2.287589680316411244e-10 -2.136023625335325010e-10 -7.243293697288328723e-12 6.201556888971511479e-11 1.004464687804530532e-10 -1.152484972691349651e-11 -4.314607952686570465e-11 6.003838521197733481e-11 9.651742226936048839e-11 4.652466926565506223e-11 4.446293689365633714e-12 -3.011751465252639057e-11 -1.741632155290732522e-13 -1.147684743592018686e-11 -2.925865731286907696e-11 -9.156364946045896537e-12 4.130904290692071394e-11 -4.533913319708135372e-12 -9.997183321941198055e-11 -1.128984916443436413e-10 -1.127343080764884867e-10 2.095757772694955600e-11 6.440714668668213160e-11 -1.196616464969760158e-10 -1.247269365161547381e-10 1.039535985292129496e-10 2.698715937960843630e-10 7.656617568274400642e-10 9.780488550504688902e-10 6.200627992282457518e-10 1.527923043254631797e-09 5.520755433314675236e-09 1.874497433122355698e-08 5.603992333981992006e-08 1.494260623692048706e-07 4.011868936657953325e-07 1.079679472109586457e-06 2.922077457778744527e-06 7.930012231973826469e-06 2.154269624137531165e-05 5.857070379479064492e-05 1.599563430441278784e-04 4.409933242726469670e-04 1.244463114800403031e-03
3.219792494583159637e-02 1.244941620399618891e-03 4.411596081290786110e-04 1.600123816809964996e-04 5.857192931768718115e-05 2.154344319188667656e-05 7.932980745806034049e-06 2.921986505636547592e-06 1.075680298317668302e-06 3.966086701060515909e-07 1.455630412827653870e-07 5.355323451733648156e-08 1.896880609031627140e-08 7.158527682269993804e-09 3.538044240490937673e-09 1.721938457230616593e-09 9.112909824733116859e-10 1.850164486256312476e-10 -1.020537605012366950e-10 -2.202197373594815143e-10 -2.344833417680438523e-10 -2.099585346573847424e-10 3.498688137209058247e-12 6.866899131785632501e-11 1.056890050934925926e-10 -3.929042984312486263e-12 -3.747747555128068341e-11 6.037159264991116286e-11 9.490719767819591288e-11 4.833807230464151070e-11 6.712452688285770363e-12 -2.894813043547652358e-11 -4.982416487546123882e-13 -1.335801819297127613e-11 -3.048416784926209806e-11 -8.557245016935133693e-12 4.320139697952037357e-11 -1.170264658949519242e-12 -9.441898669226553357e-11 -1.028898954121034269e-10 -1.020985828792840833e-10 3.271245830606926000e-11 7.644548829209304663e-11 -1.109135611490674610e-10 -1.064803562903474799e-10 1.223165721265094771e-10 2.743947530634530950e-10 7.590044993390133650e-10 9.649749414221853906e-10 6.026642644109798234e-10 1.528850823870818851e-09 5.502284162939788803e-09 1.872772911326685075e-08 5.603385333550916160e-08 1.495467534584063825e-07 4.011650333708921363e-07 1.079640607302987526e-06 2.922328219881162381e-06 7.930957173926296103e-06 2.154480136111872789e-05 5.857544473556440274e-05 1.599651803254142999e-04 4.410123611366613861e-04 1.244507961490841103e-03
3.219794001099238190e-02 1.244944424884808758e-03 4.411541338389492260e-04 1.600109068142046534e-04 5.856923859494697599e-05 2.154212530867665129e-05 7.932765805261567200e-06 2.922240182995600004e-06 1.075670692080119277e-06 3.965049750410326363e-07 1.455806930680011383e-07 5.357416878212049242e-08 1.905541762000692980e-08 7.233754214060249645e-09 3.585050411254635405e-09 1.736800388867326822e-09 8.868770477003692748e-10 1.434743259239290324e-10 -1.176483772361849731e-10 -2.246323902025716730e-10 -2.437492788028842710e-10 -2.184695916533104524e-10 -9.012378191022768135e-12 6.256360839488875134e-11 1.094134019066566093e-10 -1.611158027931947784e-12 -3.853749946607948578e-11 5.888924819686651250e-11 9.275914664608258400e-11 4.660575103705938213e-11 5.840838067673982089e-12 -3.061904474316362312e-11 -2.842729901767416668e-12 -1.284081637922004096e-11 -2.744802142448390758e-11 -6.478915183649072848e-12 4.247510040715868644e-11 -3.356500150654239857e-12 -1.000412038476349417e-10 -1.128361147224235523e-10 -1.096790985004824363e-10 2.797541175551066355e-11 6.915088883320271729e-11 -1.229296130991810608e-10 -1.168792043712105288e-10 1.219361748823616463e-10 2.635519810101640950e-10 7.231765307793858365e-10 9.398954665362669164e-10 5.936413871215475580e-10 1.510498860129783805e-09 5.470822267030389253e-09 1.868600721068374735e-08 5.602702357940292839e-08 1.495749947672803673e-07 4.015640703948786049e-07 1.080114155055489168e-06 2.922422168552315578e-06 7.930754930221878729e-06 2.154420256939429195e-05 5.857144569077683848e-05 1.599559049412184323e-04 4.409989677367686040e-04 1.244502319899559728e-03
3.219745492831591754e-02 1.244851904488024352e-03 4.411208325253375461e-04 1.600012774414673170e-04 5.857008646622936213e-05 2.154415908667903025e-05 7.933259293331308001e-06 2.921580396682780282e-06 1.074902444556903882e-06 3.962342131200253939e-07 1.455666721558635356e-07 5.364212615058253816e-08 1.907505157473754375e-08 7.227912429094591245e-09 3.614300886105622771e-09 1.776457839349968779e-09 8.798073912618702696e-10 1.386133503960811239e-10 -1.264727048710803680e-10 -2.177275012136196056e-10 -2.285180726862407991e-10 -2.183517158037746732e-10 -1.179718330747739922e-11 6.459971753704110612e-11 1.064395527932484193e-10 -4.559839191928535594e-12 -3.643820230333358158e-11 6.398010004068224298e-11 9.832050188348263623e-11 4.829636309519080562e-11 4.951525656284649217e-12 -3.037461316350686073e-11 -1.130968936576370420e-12 -1.142947815769457828e-11 -2.760941988789408254e-11 -9.238663113249611746e-12 4.109396519005013369e-11 -1.949871060505745352e-12 -9.940851264143366748e-11 -1.134886627120847024e-10 -1.071729972695058170e-10 3.024419593122834203e-11 7.105375170155374933e-11 -1.155720640594165487e-10 -1.192081203999429845e-10 1.040561878379093161e-10 2.550034852532577980e-10 7.344882478542021646e-10 9.447043562993968459e-10 5.951270698603233862e-10 1.525436697441393715e-09 5.541861502122815725e-09 1.883012007134147479e-08 5.614541213011105992e-08 1.496341804684676845e-07 4.014629515550867968e-07 1.079874642315787592e-06 2.922385134472595504e-06 7.930911105097997161e-06 2.154434749007276672e-05 5.857173465831061167e-05 1.599542232482664380e-04 4.409869993179870123e-04 1.244449572710380324e-03
3.219790041641984457e-02 1.244902687851281997e-03 4.411359538443771237e-04 1.600030460442752238e-04 5.856720320211090979e-05 2.154177659350586783e-05 7.932418007982831233e-06 2.921875267338701046e-06 1.075498798075551735e-06 3.964912228238809009e-07 1.456205601615328585e-07 5.364562117668938306e-08 1.905835430510524933e-08 7.189638857281474111e-09 3.533888682795149580e-09 1.682835640412403475e-09 8.574667322836674646e-10 1.397146646796681552e-10 -1.165336394603397604e-10 -2.082543402688040783e-10 -2.231624409133174061e-10 -2.094494677770754075e-10 -5.859553199815635091e-12 6.513281780270065774e-11 1.080830706848649942e-10 -3.648685492510594959e-12 -3.764052764183509204e-11 6.160756179426814474e-11 9.677193588521403203e-11 4.684575712223090714e-11 4.613861020761811771e-12 -3.021312223792397337e-11 -1.172041710679676881e-12 -1.198259708687980416e-11 -2.863279782441515512e-11 -8.459953691038446241e-12 4.257418500326175441e-11 -2.806887538141263450e-12 -1.004259219744439131e-10 -1.158515908378177605e-10 -1.147003835727096092e-10 2.303870084057495229e-11 6.347285712401269104e-11 -1.245453255288767252e-10 -1.264701604856044105e-10 1.082438426433089611e-10 2.769638210374653829e-10 7.507832044043282929e-10 9.454998844964760293e-10 5.935773552795451050e-10 1.505646548629588996e-09 5.505782603898313617e-09 1.880408733199130667e-08 5.608107511175048457e-08 1.495209527477866168e-07 4.013197307838904755e-07 1.079682225040364100e-06 2.921695493253073089e-06 7.928933910225631780e-06 2.154160808006951876e-05 5.857022279374705719e-05 1.599576493601447707e-04 4.410055428334073036e-04 1.244512698141096285e-03
3.219843086095132423e-02 1.244896825586116725e-03 4.411356543634314389e-04 1.600045996533708444e-04 5.856882604644239484e-05 2.154204682190101274e-05 7.932247381304221071e-06 2.921946775166111085e-06 1.075504943938855712e-06 3.963707977252640476e-07 1.454810817331637209e-07 5.361309553418550931e-08 1.909782594944972633e-08 7.215585618001797815e-09 3.579685251304714676e-09 1.719699085554617698e-09 8.313502899785417747e-10 1.143604056662153117e-10 -1.374353771425528747e-10 -2.318174471533247381e-10 -2.335639917315739941e-10 -2.198729021191010518e-10 -2.004478999881781214e-11 5.567706744990572131e-11 1.000360038457579751e-10 -5.511378181423641941e-12 -3.807452512037443645e-11 6.119667410297584237e-11 9.648582770547724078e-11 4.716056832896147084e-11 5.405844834248305232e-12 -2.738929031913799890e-11 1.784800497395986473e-12 -9.859974674565182003e-12 -2.713642095074506006e-11 -6.000432447830156125e-12 4.228942438335417992e-11 -5.715730978094867261e-12 -1.040049219178822269e-10 -1.153178154299544795e-10 -1.067612937350987035e-10 3.466262411934141408e-11 7.417713528489897138e-11 -1.182554894078141437e-10 -1.207786970880293486e-10 9.207168272362547107e-11 2.403731410481725593e-10 7.422102445960542265e-10 9.554668857890896584e-10 6.082267953301455354e-10 1.561522184021512042e-09 5.537948927805793699e-09 1.873597055426291121e-08 5.598203645268991243e-08 1.495726696462278018e-07 4.015744096271902784e-07 1.079846642041091282e-06 2.921684521401588044e-06 7.929618244078810453e-06 2.154365437215891371e-05 5.857302796850923240e-05 1.599607187223542890e-04 4.410077240352945432e-04 1.244502177755977450e-03
3.219768784691429825e-02 1.244900967465389008e-03 4.411345140763326994e-04 1.600002934952790101e-04 5.856637325873501781e-05 2.154201245207225236e-05 7.932826967335921176e-06 2.921916241471662962e-06 1.075353465017897780e-06 3.963352111110134147e-07 1.454910184300318524e-07 5.347217981174459328e-08 1.896459324869325146e-08 7.169029780458708313e-09 3.564342417179889151e-09 1.757243321302610245e-09 8.970753141598827827e-10 1.602233591358729433e-10 -1.002927474618887742e-10 -2.269522794558615420e-10 -2.354790803715954673e-10 -2.073355776204406519e-10 -1.578447417419721241e-12 7.235872708957391964e-11 1.083045637420134448e-10 -4.337034980659602662e-12 -3.795569755398113317e-11 5.995461657087046608e-11 9.578440629121162451e-11 4.640590144141581892e-11 4.189446935511154011e-12 -3.131108160718216735e-11 -3.525627469631861922e-12 -1.317716728589631988e-11 -2.973161903310961767e-11 -9.150808586089790194e-12 4.072549881149208225e-11 -4.502164318543318486e-12 -9.967290280286723935e-11 -1.085668338661970098e-10 -1.053086472733398789e-10 3.044433703738046292e-11 7.011519083994451492e-11 -1.205719453473713011e-10 -1.227379998573074312e-10 9.997746261242110147e-11 2.460256183670854040e-10 7.294733980704202889e-10 9.068207118904980631e-10 5.729333437133505598e-10 1.565292695667556458e-09 5.544953806934188423e-09 1.874567482364802513e-08 5.597151779294096804e-08 1.494507401910657670e-07 4.014287543560032313e-07 1.079728472706259205e-06 2.921832652926771349e-06 7.929700209226875113e-06 2.154346096285592946e-05 5.857380537856328163e-05 1.599639822235454992e-04 4.410090121108366581e-04 1.244496445014916077e-03
3.219772490379503582e-02 1.244891810675730244e-03 4.411328054203438129e-04 1.600003807828704987e-04 5.856560819074213206e-05 2.154100609266453267e-05 7.931819834387242893e-06 2.921757011616319955e-06 1.075455424771078861e-06 3.962412528311964440e-07 1.453579861309925592e-07 5.353633732077921414e-08 1.901280619911648245e-08 7.141424651793328156e-09 3.500869480613716201e-09 1.724928721082194030e-09 9.094611048512910631e-10 1.681292372170427942e-10 -1.187303422126698580e-10 -2.126306867186248559e-10 -2.170219514914531138e-10 -2.060850745158854279e-10 -3.867243515362683073e-12 6.477369920862046527e-11 1.042331970679607606e-10 -1.206318421893432487e-12 -3.250370127957858288e-11 6.615244648896557795e-11 1.017215429048204282e-10 5.132459608854320339e-11 6.635936764378157044e-12 -3.054948395847330362e-11 -1.771093811444313024e-12 -1.192241865484189973e-11 -2.756314865612967952e-11 -7.801476192582399041e-12 4.385916416720089920e-11 -1.334005772952900319e-12 -1.000437240512938337e-10 -1.149712814382727176e-10 -1.117886998943601646e-10 2.672279514294780264e-11 6.959062469505414906e-11 -1.174238761440518315e-10 -1.174118682600018697e-10 1.025795388567014876e-10 2.348093861749260901e-10 7.102680014375297368e-10 9.401324318584409597e-10 6.010437306942005702e-10 1.527164280258664307e-09 5.542568720435527038e-09 1.882344835523768351e-08 5.613130216056906307e-08 1.495770044480553667e-07 4.015436257517749356e-07 1.080025236573426158e-06 2.922409288942370303e-06 7.930595719908087259e-06 2.154413278493287935e-05 5.857334873022066135e-05 1.599602946479321990e-04 4.410028006501822925e-04 1.244486664270104143e-03
3.219787311878465064e-02 1.244903665790371731e-03 4.411412358839044605e-04 1.600064329740218691e-04 5.856888484100303879e-05 2.154283310701245874e-05 7.932748977375143673e-06 2.921624724941871007e-06 1.075221826177906005e-06 3.964113982101379452e-07 1.454344151103014249e-07 5.349328503361826402e-08 1.904171566480749802e-08 7.258139196130329231e-09 3.659327695866634012e-09 1.781735598994518471e-09 8.896273943141790066e-10 1.491437138379042137e-10 -1.369700385585598631e-10 -2.254525314138592706e-10 -2.396676499031917298e-10 -2.170909456319882116e-10 -2.677252362729556633e-12 7.206908051720402428e-11 1.082021127631302887e-10 -4.317068910318441270e-12 -3.813596634444282276e-11 6.133962396882734419e-11 9.456244586901584431e-11 4.633551710716442333e-11 5.400152634617501015e-12 -2.983729044567479076e-11 -2.119101228405670328e-13 -1.140269691888456741e-11 -2.924911743354779304e-11 -9.609519237862796647e-12 4.364300665264396603e-11 3.695514741128308386e-12 -9.580418456327740723e-11 -1.104028081473583425e-10 -1.063988032631262977e-10 2.655044638188373703e-11 6.646017631988107674e-11 -1.289833181233082980e-10 -1.222574208018077616e-10 1.152312400238858653e-10 2.761525723697758248e-10 7.542475340375685703e-10 9.420959335651380474e-10 6.013605618647022867e-10 1.502228780193008984e-09 5.494846775510303549e-09 1.872221843564270037e-08 5.597508867204868378e-08 1.495633173922278036e-07 4.016477045763218883e-07 1.080227891118896855e-06 2.922321634107451929e-06 7.930145420888261122e-06 2.154328809091305392e-05 5.857118017507474201e-05 1.599536836459588586e-04 4.409840687319404456e-04 1.244443169679072033e-03
3.219765900200430991e-02 1.244905757861620608e-03 4.411457727448972509e-04 1.600067428364319324e-04 5.856835741948144132e-05 2.154212703652247385e-05 7.931833466780410498e-06 2.921163884503318353e-06 1.075097471834392168e-06 3.963280612750041322e-07 1.455093912619833980e-07 5.353641362836335144e-08 1.899727951978085577e-08 7.172157825342768657e-09 3.564326585544958398e-09 1.777394333526364480e-09 9.292490497803902461e-10 1.797112086443021639e-10 -1.051843966897812439e-10 -2.207007681496442641e-10 -2.350332637777920798e-10 -2.164084819359413707e-10 -1.006969817684647509e-12 6.909133818540231165e-11 1.005362346304216869e-10 -6.511570674909806492e-12 -3.465908088481520224e-11 6.043191025815684829e-11 9.341356595056907669e-11 4.531245585915762346e-11 4.373217466899314820e-12 -3.131582859312500210e-11 -2.831845734428258997e-12 -1.354615772733313442e-11 -3.059271203739084767e-11 -1.152163712945103800e-11 3.953597910182989357e-11 -2.937772809529705815e-12 -9.753314024377758544e-11 -1.088872264235322026e-10 -1.032820223835624046e-10 3.297489605163517867e-11 7.156865208985497753e-11 -1.198860646006928886e-10 -1.196838986293529069e-10 1.113776357234016208e-10 2.768144250838961864e-10 7.616900976307966452e-10 9.652085766939256668e-10 6.052455097321504487e-10 1.514895185574283547e-09 5.508226666947305217e-09 1.874639476873724942e-08 5.598459164893359982e-08 1.494800299377779809e-07 4.013796175199161272e-07 1.079696948422744145e-06 2.921922724848598459e-06 7.930270755993512914e-06 2.154467030264426745e-05 5.857484897257597445e-05 1.599620959389312083e-04 4.410045903697349724e-04 1.244485583644680364e-03
3.219823319294839309e-02 1.244988789598757729e-03 4.411708691452717645e-04 1.600165434441153860e-04 5.857283134381076220e-05 2.154318119943360456e-05 7.932261724989128567e-06 2.921434069356117127e-06 1.075186466715191131e-06 3.963919687640102286e-07 1.455649740857351712e-07 5.366986251472938117e-08 1.908227537925162043e-08 7.182832799373248727e-09 3.586447896512577493e-09 1.768100855582255027e-09 8.942467490674551750e-10 1.516975254667376071e-10 -1.011600335435588265e-10 -2.187285170227333989e-10 -2.408091602498144384e-10 -2.080966385451500435e-10 -3.077731831765313428e-12 5.946891837795111151e-11 1.018726914931963351e-10 -3.316554505050854296e-12 -3.679072830513129226e-11 6.141960186179873057e-11 9.688991321702310812e-11 4.785447828368634891e-11 4.742232448283535484e-12 -3.061962025111801102e-11 -2.076957795131781995e-12 -1.210992367650696421e-11 -2.814083055028341162e-11 -8.973447787748659290e-12 4.173118501093194785e-11 1.948274753332623096e-12 -9.248591324792342115e-11 -1.108706210141448052e-10 -1.154834673159883993e-10 1.854516966056001876e-11 6.798642933330620071e-11 -1.189423489570533357e-10 -1.148253238688494617e-10 1.111510358131752122e-10 2.401630414550026564e-10 6.880923731409367828e-10 8.720128270970167366e-10 5.511096463133903900e-10 1.521835988018356404e-09 5.491042220722357036e-09 1.872116656774333384e-08 5.605114187960113781e-08 1.495969838529508793e-07 4.013437070986238772e-07 1.079584568824183952e-06 2.921820044161650727e-06 7.930261848973097497e-06 2.154449846787247674e-05 5.857475866355480148e-05 1.599656222430237667e-04 4.410183436526451842e-04 1.244523664467926194e-03
3.219810489526292452e-02 1.244857854567967860e-03 4.411219804585622597e-04 1.599965004297844212e-04 5.856481794733246169e-05 2.154126719725478267e-05 7.932528919600976067e-06 2.921944331465100192e-06 1.075510756285835467e-06 3.963885131394337168e-07 1.454767902095931731e-07 5.364340082442137736e-08 1.908487215641574512e-08 7.244434237437285938e-09 3.596788777783008191e-09 1.728067436364441719e-09 8.635381909651971453e-10 1.553375569814840356e-10 -8.913418248446286056e-11 -2.041166508355780276e-10 -2.264951081931302197e-10 -2.059715190295699413e-10 -7.736331274111261623e-13 5.987100505602896339e-11 9.692276314198018698e-11 -1.151888581649365265e-11 -4.393444885165477947e-11 5.778183028923278358e-11 9.587079914284751637e-11 4.748616308349538869e-11 5.233674268744778517e-12 -2.922855387152604025e-11 2.283857163025283218e-13 -8.874318111642165455e-12 -2.531748481150809052e-11 -4.353519761039580798e-12 4.577706846738600691e-11 -1.632209037264949560e-13 -9.891948234629447585e-11 -1.111319559817225524e-10 -1.026207494064042938e-10 3.325595523365974461e-11 7.054684960243083362e-11 -1.128873512169982965e-10 -1.065125331740574618e-10 1.288732193313022952e-10 2.765196109111056464e-10 7.264937689416730534e-10 9.229730210515343074e-10 5.525164723520771762e-10 1.445884596616331671e-09 5.461418275180121695e-09 1.874770895560291373e-08 5.600124629201509692e-08 1.494734723170951443e-07 4.013569419768970308e-07 1.079938831994854982e-06 2.922444465860304266e-06 7.930541558953162689e-06 2.154399117035324138e-05 5.857509405840521672e-05 1.599670553316120763e-04 4.410210830825301589e-04 1.244543349987992228e-03
3.219776157863295241e-02 1.244854995034874474e-03 4.411226598197721255e-04 1.599979623299212553e-04 5.856467487322179050e-05 2.154001513837725670e-05 7.931653778738193927e-06 2.921426759855034733e-06 1.075179652073480510e-06 3.962239766718179424e-07 1.455750276158245016e-07 5.367460323749826945e-08 1.910457406105682603e-08 7.251197566585429527e-09 3.542196968171779861e-09 1.677393576172650979e-09 8.724357587147863947e-10 1.817138819063901321e-10 -7.249344885005666711e-11 -1.936923383446430682e-10 -2.260193705776951818e-10 -2.131655524330178483e-10 -1.966440049000601311e-12 6.582698250439848778e-11 9.709937545161161197e-11 -1.047397981824779379e-11 -3.812117952960597578e-11 6.475887482057928534e-11 9.892334763096931859e-11 4.681636887005996563e-11 4.674032943569628087e-12 -2.888054168425183885e-11 -1.369581333241387360e-13 -1.309710541231307444e-11 -3.019668112441790958e-11 -9.362928279645092692e-12 4.123621707621295625e-11 -2.069893273708855933e-12 -9.613953467307927437e-11 -1.119977389804196861e-10 -1.081125486307401575e-10 2.658713223422869263e-11 6.465930179195423752e-11 -1.193765071946235383e-10 -1.105726258905636201e-10 1.204973229578074652e-10 2.623048928281163815e-10 7.238790752375391830e-10 9.003154776771371246e-10 5.563774985564523974e-10 1.538068771640440339e-09 5.541461260956531228e-09 1.876344650897198710e-08 5.603050430946040485e-08 1.495430720199118132e-07 4.014368780023403826e-07 1.079860358103709031e-06 2.921947174111888978e-06 7.929409487090326801e-06 2.154223674875270744e-05 5.857090668815083194e-05 1.599558881153584995e-04 4.409956090254861993e-04 1.244475471880631670e-03
3.219809481199874257e-02 1.244921493863006224e-03 4.411490514436804795e-04 1.600079810846213001e-04 5.857042346737491171e-05 2.154326816456627052e-05 7.933147267438685088e-06 2.922172757816933118e-06 1.075366650110038736e-06 3.961866421872068786e-07 1.453471262081708057e-07 5.345849685605696556e-08 1.898533569289149808e-08 7.174719633568707819e-09 3.576690948354116419e-09 1.751677345005331133e-09 8.962117316779004105e-10 1.694967496047091591e-10 -1.103830346169656794e-10 -2.201804338725315591e-10 -2.327541785815537424e-10 -2.152251311348002251e-10 -5.998815588629352312e-12 5.714704019900442525e-11 9.594494411457116258e-11 -1.266158691884975121e-11 -4.278938756458652745e-11 5.827692501087452356e-11 9.483097192701126550e-11 4.746649165454360715e-11 7.569924565131528835e-12 -2.831848480032467148e-11 -1.176156185511926862e-12 -1.120438092073148520e-11 -2.944537783779164604e-11 -1.021376993339190278e-11 3.873138871245210742e-11 -6.593418882710184566e-12 -1.005256735734908366e-10 -1.099435429433699296e-10 -1.087420567800960850e-10 2.620785257899603959e-11 7.486965337728851158e-11 -1.105639048564781565e-10 -1.206718207465629946e-10 9.782305496102674298e-11 2.447398385585418145e-10 7.376616272227321359e-10 9.569276019348459525e-10 6.072632253981657910e-10 1.514852510371210958e-09 5.483513675082868352e-09 1.867780623245087577e-08 5.602005522309275760e-08 1.496298100936704052e-07 4.015295332833608663e-07 1.079814378353592082e-06 2.921837974983203260e-06 7.929926086354901782e-06 2.154451963510068121e-05 5.857457181023213098e-05 1.599637533170345926e-04 4.410123757517928652e-04 1.244502166265781069e-03
3.219818333594672705e-02 1.244905203168626164e-03 4.411448296628133620e-04 1.600068233390674417e-04 5.856832199438156251e-05 2.154182114191037712e-05 7.932450501496387334e-06 2.921914490265644539e-06 1.075365635971759682e-06 3.960964711449394240e-07 1.453255221374195287e-07 5.357718686895502382e-08 1.905007364925440554e-08 7.237483035575127191e-09 3.597217805023878383e-09 1.754139702221544921e-09 8.933981208333980501e-10 1.699475342718948910e-10 -9.691397725095199908e-11 -2.058649013249433819e-10 -2.240480230766545112e-10 -2.069714013268438606e-10 4.058007704609648421e-12 6.542949360082881456e-11 1.013975751049281670e-10 -6.437443892552705852e-12 -3.893745839217842232e-11 6.062361509306928884e-11 9.650871142737857710e-11 4.941171309284401273e-11 1.011602815555658516e-11 -2.577103367209602575e-11 9.245901713922908367e-13 -1.145732043931558687e-11 -3.029172036020270326e-11 -8.847789505306873267e-12 4.232957945024651148e-11 -1.222450475425121335e-12 -9.998025210271145949e-11 -1.108215198278996033e-10 -1.043488456159826928e-10 3.004338807161535685e-11 6.345682696387366568e-11 -1.337530992957427010e-10 -1.316157180496471511e-10 1.155914229296522688e-10 2.936376638518558061e-10 7.734047893373403109e-10 9.600107511260443883e-10 5.597474273570938191e-10 1.473893113865698688e-09 5.530092302098750140e-09 1.882575739069589370e-08 5.611917295598389320e-08 1.495269533938291875e-07 4.012229672721637611e-07 1.079713932013063307e-06 2.922164255331617408e-06 7.929952892521705481e-06 2.154409287487960676e-05 5.857326197137327451e-05 1.599624372714692345e-04 4.410117046343740659e-04 1.244508761540503257e-03
3.219764257305128552e-02 1.244827749926150041e-03 4.411043114452476268e-04 1.599899548896569043e-04 5.856254098867494514e-05 2.153969994539645113e-05 7.931450145374880785e-06 2.921556023739482146e-06 1.075312241184437760e-06 3.963485307006037545e-07 1.455311557084345221e-07 5.366076513048326931e-08 1.911709509116222095e-08 7.230548770140366881e-09 3.537410104614671603e-09 1.693906652411982941e-09 8.647962613194586860e-10 1.643411057258118348e-10 -9.211735180729820535e-11 -2.141086898328464221e-10 -2.385500666934177451e-10 -2.144441071474113245e-10 -1.051409292888462974e-12 7.038798419183137974e-11 1.078099620398262047e-10 -1.921575051591777365e-12 -3.653745058113272020e-11 6.291123655918442914e-11 9.757412852100967095e-11 4.883194008405507233e-11 6.232919170541299387e-12 -3.005932960613534550e-11 -2.230304793057923305e-12 -1.565300856898976196e-11 -3.447870276378480584e-11 -1.302259221980228160e-11 3.893906219677709586e-11 -4.629044729937600752e-12 -9.930023863406198998e-11 -1.115254579935492224e-10 -1.074983332477346264e-10 3.177861071264277230e-11 7.675480118132202826e-11 -1.180808367929218794e-10 -1.119636595872958367e-10 1.192339343612594431e-10 2.682465696383540530e-10 7.282595371901909613e-10 9.154704431595461541e-10 5.424447616476152031e-10 1.459083980356381087e-09 5.483962570983313254e-09 1.876631113958822785e-08 5.605584647644077270e-08 1.495826971408948346e-07 4.014393829836364470e-07 1.080014768265637399e-06 2.922706386655544702e-06 7.931373989746204236e-06 2.154602871853359035e-05 5.857715785011716485e-05 1.599699871176696265e-04 4.410295376869086776e-04 1.244565016364155901e-03
3.219789407096263628e-02 1.244886476380546508e-03 4.411302026217780526e-04 1.600012905297682950e-04 5.856626417225492087e-05 2.154077188026012481e-05 7.932127426348994519e-06 2.921704902447458400e-06 1.075371318478850638e-06 3.963818891461297301e-07 1.454863136004069238e-07 5.359653420800743971e-08 1.907100414277845485e-08 7.164775995647928703e-09 3.496971797526497869e-09 1.716791551460041508e-09 9.118656427453263140e-10 1.830066577242311344e-10 -8.930530143282491288e-11 -1.956100997986670984e-10 -2.132400250563923274e-10 -1.997718665954581681e-10 5.097951483226864273e-12 6.644089962623294213e-11 1.030148072077236028e-10 -4.271680113920362305e-12 -3.470177241743835918e-11 6.356650169775129656e-11 9.967013577766161036e-11 5.122767489583420773e-11 7.592270811380671135e-12 -3.192341604915920064e-11 -4.899524234275787429e-12 -1.451512196660351698e-11 -3.087939447467809862e-11 -8.545888758666610925e-12 4.272721323439500137e-11 -3.393322058215192617e-12 -1.019244011231953524e-10 -1.141399837184150371e-10 -1.083192941732413989e-10 3.274227594091880915e-11 7.595461097881837251e-11 -1.035691435323978057e-10 -9.438600858920608102e-11 1.244071248698218061e-10 2.530435618465760528e-10 7.252849192037954387e-10 9.373304082179389162e-10 5.880734003284482596e-10 1.495235827862498433e-09 5.506441674121020901e-09 1.876972993594928291e-08 5.599955418498834479e-08 1.494756140309906961e-07 4.014334799562187591e-07 1.079864136807053155e-06 2.922137325377327897e-06 7.930813606661745298e-06 2.154600265402044964e-05 5.857839838255992607e-05 1.599737683452460372e-04 4.410401080764251615e-04 1.244583085694971145e-03
3.219796940437019694e-02 1.244831291800903815e-03 4.411051706120011021e-04 1.599894029605526235e-04 5.856216595047315700e-05 2.153986376973355296e-05 7.931896356932164143e-06 2.921629996617124570e-06 1.075257357144684135e-06 3.963621330824072980e-07 1.454614631376030368e-07 5.345290482569583471e-08 1.896332582268418795e-08 7.210566983462224464e-09 3.593127850707075348e-09 1.783166467281605693e-09 9.183702891096722678e-10 1.678136257456865513e-10 -8.817381985614574265e-11 -1.886042698034044197e-10 -2.139644057078555249e-10 -2.117646277887850239e-10 -6.959944152421584471e-12 5.810647756522262179e-11 9.827205958044908233e-11 -5.703969516215510832e-12 -3.894494177202819579e-11 5.870102351624939548e-11 9.471781271451344387e-11 4.756697609044130068e-11 6.482577743643045042e-12 -2.670508881726486465e-11 1.115672497411381551e-12 -1.222762477685937185e-11 -2.944410387277284400e-11 -9.737635334292499567e-12 4.091678536601589679e-11 -1.944706205337037094e-12 -9.691338824293894789e-11 -1.079749345343192761e-10 -1.034756900879335975e-10 2.438657079878155692e-11 5.937790672623530246e-11 -1.276298586447903491e-10 -1.238078512024956399e-10 9.698625169254708695e-11 2.290968047214813083e-10 7.009850876893940248e-10 9.125294149296095469e-10 6.042361925192345550e-10 1.564741845519535563e-09 5.570538018911594455e-09 1.881504142264059514e-08 5.603616301672536235e-08 1.495266304432257597e-07 4.012464972455767367e-07 1.079777479769580425e-06 2.922345540011241802e-06 7.930492392322360476e-06 2.154418604946695573e-05 5.857282922672902442e-05 1.599619610898560512e-04 4.410160230856282650e-04 1.244523423342618106e-03
3.219811231200667839e-02 1.244971146481036383e-03 4.411687804475204950e-04 1.600145637919368183e-04 5.857143285587273948e-05 2.154317804426360790e-05 7.932990152849659558e-06 2.921724164499781524e-06 1.075031439766846341e-06 3.963403796167929404e-07 1.456338016791670959e-07 5.368454689684251606e-08 1.908808092275185048e-08 7.235896743261304899e-09 3.604661573064567688e-09 1.749814727325144975e-09 8.557586112149071125e-10 1.277708836376786664e-10 -1.063803585977456151e-10 -2.034220473413556020e-10 -2.244381777750108001e-10 -2.081451259403676100e-10 2.982798188818035906e-12 6.947900906027909910e-11 1.048949456886491378e-10 -4.672209340023385102e-12 -3.918678131903548325e-11 5.791371782446107253e-11 9.484878429223092595e-11 4.962095940390626703e-11 9.523259279282620932e-12 -2.746932414865263819e-11 1.698004457712273602e-13 -1.046881504762919837e-11 -2.954960784998186878e-11 -1.126282440318739224e-11 3.781028153407537008e-11 -4.723941542911172666e-12 -9.665988355172874077e-11 -1.064704673649435946e-10 -1.025180706597471162e-10 2.879207085454950610e-11 6.520601529435280947e-11 -1.261803407532913213e-10 -1.256205898144437103e-10 1.084733920858005058e-10 2.640853166050331681e-10 7.554185321041641853e-10 9.635294527849071339e-10 6.049753298035606247e-10 1.525515740817629125e-09 5.478496054099741658e-09 1.862284674941604095e-08 5.586152649333834111e-08 1.493786127040072775e-07 4.013133759300380985e-07 1.079799745859087334e-06 2.922189295115725850e-06 7.930172806863157635e-06 2.154374455587135722e-05 5.857393812379468753e-05 1.599639386989662947e-04 4.410099379379420681e-04 1.244498374772197132e-03
3.219781576438290882e-02 1.244881342680731863e-03 4.411322832216028585e-04 1.600003991528225968e-04 5.856600730850447029e-05 2.154112619515909539e-05 7.931970158436803871e-06 2.921808946747403421e-06 1.075571443087787324e-06 3.964034335717173700e-07 1.454930495122125066e-07 5.353887885720572825e-08 1.900764312979559914e-08 7.225934321188823044e-09 3.603645540507793403e-09 1.722705579545325801e-09 8.435013762355129006e-10 1.232409710217455741e-10 -1.185553358202754420e-10 -2.156467976764238753e-10 -2.239731780726816098e-10 -2.033048484039295788e-10 7.787271766842347235e-12 7.279533979797245246e-11 1.068146597476476735e-10 -7.306272282891951528e-13 -3.361092837043915018e-11 6.324483875843106689e-11 9.715352868710186962e-11 4.723248474602874729e-11 4.395829719780694407e-12 -3.093812258015944024e-11 -8.364685452720746652e-13 -1.137309865730408933e-11 -2.765697941834805749e-11 -8.337621558000937449e-12 3.860958897158464465e-11 -5.602212347900025471e-12 -1.000079602965102422e-10 -1.091966935278150104e-10 -1.080536951310280956e-10 1.546398753869491007e-11 4.470601223165895997e-11 -1.313876415732782989e-10 -1.064601814949728015e-10 1.320184053605373751e-10 2.858862921889781863e-10 7.736417739476852012e-10 9.961358170055187356e-10 6.199449478929642442e-10 1.541353327942349560e-09 5.527975962297013938e-09 1.877425895424510965e-08 5.611447732013941636e-08 1.496097090835998267e-07 4.014665711707954685e-07 1.079950940975473795e-06 2.922377842801947978e-06 7.930461227850012584e-06 2.154383150717114844e-05 5.857293951130960520e-05 1.599606795928171406e-04 4.410020814096756218e-04 1.244484715133868050e-03
3.219759118137728582e-02 1.244843646538859594e-03 4.411127927116395087e-04 1.599921880186422633e-04 5.856339585197800222e-05 2.154095103467705983e-05 7.932085069076235279e-06 2.921824082532738015e-06 1.075514473536619513e-06 3.964856516385792759e-07 1.455245302436123569e-07 5.351497475426829910e-08 1.903320427911543294e-08 7.243784640996623155e-09 3.617748816825066113e-09 1.752808061439938961e-09 8.713190533558823466e-10 1.509314133085867302e-10 -1.064287826879161186e-10 -2.062615650611845715e-10 -2.242871222551974857e-10 -2.097859776714713369e-10 -2.685887484436331566e-12 6.485159077774655546e-11 9.686194884094608916e-11 -9.472215698214225447e-12 -3.781850831985924942e-11 6.176390549961769810e-11 9.561564147974262746e-11 4.490307000009906420e-11 4.865838970415116800e-12 -2.944728169192547350e-11 -4.903185053457473195e-13 -1.186820488497557548e-11 -3.073463007412396879e-11 -1.023945876514317059e-11 4.277464762653794357e-11 -1.059831113747390471e-14 -9.561806542345304190e-11 -1.096006537499707313e-10 -1.100391871210917240e-10 2.592553995318860373e-11 6.750040325335290360e-11 -1.294764616065579149e-10 -1.268838924137194531e-10 1.215644364154547131e-10 2.713318120495993206e-10 7.444575212833975491e-10 9.246793448295619513e-10 5.469590522813898221e-10 1.471336123503625116e-09 5.473957328060603795e-09 1.876877419514588083e-08 5.609292618617647298e-08 1.496831601991438275e-07 4.015136000798271737e-07 1.079696271004835644e-06 2.921630588310962847e-06 7.929402030334219511e-06 2.154247626107212588e-05 5.857192184221712941e-05 1.599610186242594650e-04 4.410106453587253703e-04 1.244510698863152348e-03
3.219797023394618818e-02 1.244825799279732645e-03 4.411114832979590519e-04 1.599922411158815965e-04 5.856316261787274856e-05 2.154015681466450187e-05 7.931375018250663096e-06 2.921328073864300950e-06 1.074972328884436517e-06 3.959446163107220719e-07 1.451466483878576203e-07 5.338587801560610548e-08 1.887426813056283328e-08 7.118485408844716872e-09 3.570402773643815105e-09 1.777637734207030975e-09 9.084642388592103513e-10 1.668247542682471148e-10 -1.087894807025313478e-10 -2.264805401538637666e-10 -2.421933330265149103e-10 -2.154641413769948838e-10 3.033853376858989847e-12 7.582426115528332104e-11 1.133609488768257711e-10 -1.554736452468918667e-13 -3.609627106293289238e-11 6.244045823385083424e-11 9.678665391544964651e-11 4.734845327749041760e-11 5.084821915565352454e-12 -3.020561900979985683e-11 -7.062639079804963694e-13 -1.025282494254523583e-11 -2.716591946686543712e-11 -7.947551045458738650e-12 4.199133021950767249e-11 -3.317838943493617149e-12 -9.772583503091696215e-11 -1.089468658388598880e-10 -1.043964385723260282e-10 3.726674528000444292e-11 7.832878022730926725e-11 -1.234209216797996526e-10 -1.283997439681936112e-10 1.269829693778235711e-10 2.949279074729195738e-10 7.528686328781489930e-10 9.376720796922460993e-10 5.750109584846333439e-10 1.517792133359127078e-09 5.495896503354937172e-09 1.871565408025378022e-08 5.595550434730706214e-08 1.494238620012695742e-07 4.012531474419536317e-07 1.079635912963075447e-06 2.921806023865778271e-06 7.929539824683091092e-06 2.154336692973649351e-05 5.857242796828392032e-05 1.599579924587829212e-04 4.410007049797295812e-04 1.244495769758919125e-03
3.219794584141853766e-02 1.244897774030611325e-03 4.411397568226133200e-04 1.600069970265226478e-04 5.856996549902064586e-05 2.154305396391552023e-05 7.932849531075539972e-06 2.921926988670141120e-06 1.075158096010725266e-06 3.962211007847357951e-07 1.455228590193575519e-07 5.363285139241783437e-08 1.911874001043682285e-08 7.222966529841960504e-09 3.524273699284747896e-09 1.704128810480582900e-09 8.720440232077909461e-10 1.501872376308175786e-10 -1.277225346491682704e-10 -2.369380502911063741e-10 -2.478031983437957120e-10 -2.243563892389285520e-10 -1.099999999173225625e-11 6.187856236047256152e-11 1.057156070175832894e-10 -7.193053021227867848e-13 -3.460451500485888234e-11 6.211963723681745853e-11 9.844625575839336793e-11 5.040876448018929367e-11 8.739890620111255334e-12 -2.826962662750621493e-11 -1.064456250509239877e-12 -1.346602681734498093e-11 -3.061466983512961011e-11 -8.567246711518728718e-12 4.249967004464910798e-11 -3.306094836858838158e-12 -1.014895129384744869e-10 -1.187108797817609456e-10 -1.173950846969080499e-10 1.820145568390870955e-11 5.701905932246836163e-11 -1.237355054737404381e-10 -1.058358468148096088e-10 1.208783940838378737e-10 2.711540893299673260e-10 7.573456559794726863e-10 9.412079763771482643e-10 5.555669423060887566e-10 1.454034715435409270e-09 5.463386157091098139e-09 1.870068202009289971e-08 5.596765895109713756e-08 1.495141942715959400e-07 4.015330214913360953e-07 1.080038134916226098e-06 2.922408496446612599e-06 7.930969619778184388e-06 2.154476009786720795e-05 5.857324742912234649e-05 1.599602530981455301e-04 4.409978982782698483e-04 1.244475102472730483e-03
3.219805482643915695e-02 1.244963073814230091e-03 4.411642094695365714e-04 1.600136645571123843e-04 5.857143267225330986e-05 2.154333486761067138e-05 7.932903399038193607e-06 2.922117749633178149e-06 1.075651452041309161e-06 3.964161025107075508e-07 1.454010279974105030e-07 5.349610353665535373e-08 1.895738626001406074e-08 7.185673983376944595e-09 3.589002826390027373e-09 1.744530368516157061e-09 8.757826967630002936e-10 1.513632405351987721e-10 -1.156340762817699828e-10 -2.038597662476537023e-10 -2.154527526267412328e-10 -2.017667444362286363e-10 -1.953197199303462273e-13 6.123196334043016882e-11 1.007542519311647306e-10 -5.173330249148974001e-12 -3.629847975098880041e-11 6.213580974151649160e-11 9.834734894885035908e-11 4.893899373189020225e-11 6.249862029469758233e-12 -2.961990926594246634e-11 -2.560659243871226675e-12 -1.292890917395110471e-11 -2.877961228767690770e-11 -6.518145304516320682e-12 4.303011683847998508e-11 -5.021222754470990230e-12 -1.023127976065355728e-10 -1.153353595314776852e-10 -1.134095707507972133e-10 2.291079520031689917e-11 6.490646343953348747e-11 -1.148742407421140222e-10 -1.082341607622810506e-10 1.193148014015879142e-10 2.697758198815619683e-10 7.463371305012901296e-10 9.314048942484901785e-10 5.836558692803971579e-10 1.546242906426995376e-09 5.558769608251207367e-09 1.870025012127874548e-08 5.584073612366423489e-08 1.493058237194925165e-07 4.013560120302806615e-07 1.080038160827698544e-06 2.922344316782266043e-06 7.930675646306343973e-06 2.154402042855182406e-05 5.857167355398584595e-05 1.599596748871723968e-04 4.410082672960233176e-04 1.244513377560459069e-03
3.219809978771869668e-02 1.244919639076703813e-03 4.411470308025273275e-04 1.600092273292963571e-04 5.857163483138790966e-05 2.154347617127686429e-05 7.933044289526642884e-06 2.922223979664284324e-06 1.075677500038373178e-06 3.965566165298037613e-07 1.455909244110179851e-07 5.363411252923446222e-08 1.904790190431699910e-08 7.219721726427965713e-09 3.659002943273646835e-09 1.829273233590375740e-09 9.392769081026362455e-10 1.774088242883826435e-10 -1.089044763981510502e-10 -2.193732539129215260e-10 -2.413938089865522157e-10 -2.220778844957932314e-10 -1.346757548812201687e-11 5.962278575313810737e-11 1.016868073921191517e-10 -9.409215808340425934e-12 -3.968900226657367984e-11 6.155313158282746713e-11 9.790194858707827528e-11 5.039595954583399270e-11 1.076451708039403931e-11 -2.687404242439287513e-11 -8.814108693575321250e-13 -1.029494890608074972e-11 -2.575955862062703514e-11 -6.360673095075309511e-12 4.327701382716727357e-11 -2.383723781214526580e-13 -9.957150531097148918e-11 -1.145337157712742246e-10 -1.111762376800803215e-10 2.003357785536883507e-11 6.263211945135553091e-11 -1.245704220706423235e-10 -1.281354342071590065e-10 1.137201174938298814e-10 2.890814262913015087e-10 7.678198286171605103e-10 9.568701793475095939e-10 6.180839431174844700e-10 1.539864558647250479e-09 5.553719106067873805e-09 1.875998444996952972e-08 5.599395750521015559e-08 1.495388052457860192e-07 4.013917814369108421e-07 1.079680593442638690e-06 2.921833375088000972e-06 7.929555345950579730e-06 2.154162222935080017e-05 5.856870416360382230e-05 1.599540011063752660e-04 4.409955552641089049e-04 1.244479599563911047e-03
3.219826194841697575e-02 1.244915745464030650e-03 4.411402880958037453e-04 1.600017592513390205e-04 5.856583043508390416e-05 2.154065674611346247e-05 7.931733486718215687e-06 2.921419321902372352e-06 1.075282319821192115e-06 3.963386756699898514e-07 1.454715834419003344e-07 5.357508476310968578e-08 1.908420115893065660e-08 7.178151073749466285e-09 3.534603004573627915e-09 1.737696826526538998e-09 9.018466504062223090e-10 1.674823134124494275e-10 -1.154152788891287262e-10 -2.242993279644905484e-10 -2.348151834112372759e-10 -2.196139143359661548e-10 -7.324192555642433595e-12 6.679326961275372591e-11 1.077237536892191186e-10 -1.008605810735119576e-12 -3.615088289713849953e-11 5.957724245916437813e-11 9.249864469363042498e-11 4.505567916030235281e-11 5.896007639152764910e-12 -2.944055416538514153e-11 -1.449692807897651146e-12 -1.251778762535668363e-11 -3.094000877885141236e-11 -1.261714660563716304e-11 3.728999384372973440e-11 -7.875392940450191059e-12 -1.046071273908977600e-10 -1.145773637751920297e-10 -1.074493334119180676e-10 3.386326794192293128e-11 7.641445692265527028e-11 -1.118680371234056489e-10 -1.052519858968215821e-10 1.242582550320609777e-10 2.742375724574481932e-10 7.531903751339082132e-10 9.387298749070932298e-10 5.875289035472562108e-10 1.500872324027868522e-09 5.494408824701492324e-09 1.868774188123599388e-08 5.595692753522218207e-08 1.495871470499379179e-07 4.015929399367017661e-07 1.080014573698451787e-06 2.922254984743293572e-06 7.930968457695992778e-06 2.154528553441195578e-05 5.857527148760470969e-05 1.599638469538495014e-04 4.410105598785079564e-04 1.244503252873829617e-03
3.219825476948479093e-02 1.244848110297809519e-03 4.411077539152783952e-04 1.599906224345897009e-04 5.856344944890192546e-05 2.154030724143517816e-05 7.931732717307836975e-06 2.921396730285409754e-06 1.075087301586383417e-06 3.962762925521553092e-07 1.454161851119946361e-07 5.346003286178881760e-08 1.891917308821897885e-08 7.107584030571396452e-09 3.562250972798027506e-09 1.761763577185009196e-09 8.882914203685303229e-10 1.667748990811720869e-10 -9.298790583464482472e-11 -2.213071988200620069e-10 -2.493682016270997646e-10 -2.171529123096990017e-10 1.469146464363000604e-12 6.995661236144059376e-11 1.053616554066838304e-10 -6.264529750471798722e-12 -3.970039806497260687e-11 6.087603865211559197e-11 9.723490962825712333e-11 4.833962657539562470e-11 5.850215974505210876e-12 -2.843208014599807055e-11 3.258715464830202297e-13 -1.137625562337626519e-11 -2.968282446297880781e-11 -1.099409662687174115e-11 3.869852752115989325e-11 -1.773585191568726109e-12 -9.151899337962995840e-11 -1.054648905226017983e-10 -1.058323682212720625e-10 2.774344079576642665e-11 6.871631362232848786e-11 -1.233052749760792855e-10 -1.210647977811492942e-10 9.813440723304300838e-11 2.305307365873133982e-10 7.120239622511165631e-10 9.161237214938835988e-10 5.863951871599490258e-10 1.530668170544746373e-09 5.523886798190049257e-09 1.867788104924491929e-08 5.593832652912847792e-08 1.496669750169982586e-07 4.017679183139249108e-07 1.080249488910975038e-06 2.922335243905130941e-06 7.930453835676589655e-06 2.154443070676646501e-05 5.857458132306701386e-05 1.599642383139616791e-04 4.410187939404421422e-04 1.244536542406837190e-03
3.219833232043444599e-02 1.244856983092537195e-03 4.411168915898373019e-04 1.599984406648598896e-04 5.856824719451171900e-05 2.154302089888729627e-05 7.933080611726136340e-06 2.921917983662167203e-06 1.075225381156209552e-06 3.962253814201595448e-07 1.454903058582364228e-07 5.362513981080735325e-08 1.905464141675872461e-08 7.203524650055799321e-09 3.535725399173255242e-09 1.708595367863723687e-09 8.802506616498730244e-10 1.825846167250164722e-10 -9.381722986038647479e-11 -2.242544326270382409e-10 -2.386411994978974235e-10 -2.116023391328090021e-10 -2.392525442592712628e-12 6.746232892400542998e-11 1.094476439239444692e-10 -1.794254659967995115e-12 -3.426180653081904901e-11 6.407767404047907991e-11 9.837240995634939521e-11 4.791290688279654994e-11 6.045430737526623706e-12 -3.053655201336964786e-11 -1.519937939542211093e-12 -1.082169532361737725e-11 -2.733005030470402188e-11 -7.226790765425817578e-12 4.156860556134990309e-11 -5.101154964081312014e-12 -1.029829671640039009e-10 -1.124568460850049381e-10 -1.040184238012977506e-10 3.293340905775947576e-11 7.401050961756423198e-11 -1.175416115873254234e-10 -1.093853159493562228e-10 1.420163112385359224e-10 2.749281696163938190e-10 7.317394044911511967e-10 9.009471155269995048e-10 5.317243617912369562e-10 1.477882796751305562e-09 5.496634796696249475e-09 1.874934202739155113e-08 5.591011110826811662e-08 1.494200960615174897e-07 4.014029287062902320e-07 1.079968696028294695e-06 2.922340522013241443e-06 7.930869378068923327e-06 2.154549214425325533e-05 5.857719474638829163e-05 1.599682654400854905e-04 4.410256418657114603e-04 1.244549797412018753e-03
3.219806055072894913e-02 1.244908547498432307e-03 4.411370808869184484e-04 1.600040966414316955e-04 5.856966830071215474e-05 2.154315780620730738e-05 7.932783368007563483e-06 2.921784749589606688e-06 1.075440827580928530e-06 3.961926875328720359e-07 1.453670057238890199e-07 5.362330387101146774e-08 1.912869561378686181e-08 7.214566465225030460e-09 3.552307784930307620e-09 1.741601038513067518e-09 8.880575621073682591e-10 1.609689857066675736e-10 -1.191906820832466009e-10 -2.389178736724723446e-10 -2.400885116379906754e-10 -2.075046653650140268e-10 -1.963810073640413889e-12 6.649416003828092867e-11 1.072875683948017035e-10 -3.962160468699428306e-12 -3.736040648695587826e-11 6.257658277484208717e-11 9.728908570218403444e-11 4.683885506083180711e-11 5.212423368380599075e-12 -2.855193834855349402e-11 -1.690399461129374487e-12 -1.257432569824357501e-11 -2.586856743392479699e-11 -4.913333110514198052e-12 4.263293702124232264e-11 -5.658526857292602724e-12 -1.044260718281832024e-10 -1.156336187746097306e-10 -1.100640064935061039e-10 3.222502645871864969e-11 7.178209167146123379e-11 -1.220652747297748969e-10 -1.248139845333679774e-10 9.720465309058814389e-11 2.354964235107812083e-10 7.155632973624698647e-10 8.933592904842072792e-10 5.722783624947725369e-10 1.589481175284996744e-09 5.606578290233865385e-09 1.875201734986372646e-08 5.606840753734776587e-08 1.496664120764855107e-07 4.015084817279191993e-07 1.079810961751361924e-06 2.922305185612982945e-06 7.930764703820455507e-06 2.154507290501425816e-05 5.857496598888714567e-05 1.599633103183750813e-04 4.410108932746216242e-04 1.244512621764682627e-03
3.219805793062267829e-02 1.244975133100385259e-03 4.411691445992754149e-04 1.600194669697917063e-04 5.857473798186706837e-05 2.154491281941315830e-05 7.934270687757987410e-06 2.922851579108065106e-06 1.075639944432473395e-06 3.963738752823095394e-07 1.454793425036534916e-07 5.372675436520686742e-08 1.921562920339748131e-08 7.303392494471899354e-09 3.641270229512581519e-09 1.791081566299705288e-09 9.208831266377080031e-10 1.741489519414004867e-10 -1.174069642200574597e-10 -2.208710997166835290e-10 -2.208291370732964621e-10 -1.952462849437967662e-10 7.626228221780262569e-12 6.726525804887797976e-11 9.690595229628664163e-11 -8.864224011876636066e-12 -3.729761896973241306e-11 6.547620101301134485e-11 1.010748660801682358e-10 4.911207241308237811e-11 8.321014739675996962e-12 -2.784431676979150137e-11 -9.756416282310464343e-13 -1.264812371923605015e-11 -3.026552824100372379e-11 -1.059657435298260249e-11 4.120256926728499768e-11 -3.642827256144376922e-12 -1.015266147967387189e-10 -1.140820751378394104e-10 -1.089701821773151094e-10 3.587270626752520865e-11 8.051288849309496625e-11 -1.175827524077212093e-10 -1.106368357388928281e-10 1.264328939250936773e-10 2.781585187951434257e-10 7.532579037933375805e-10 9.172433934120843895e-10 5.411533093600504764e-10 1.511331168556555389e-09 5.527836427821378558e-09 1.867482877544148588e-08 5.594709377355907056e-08 1.496159777014446369e-07 4.016709255033023085e-07 1.080169037020506315e-06 2.922521551978757484e-06 7.930611798456492053e-06 2.154364975143836626e-05 5.857204698479769273e-05 1.599620335883012324e-04 4.410163612781366053e-04 1.244525638277285424e-03
3.219782972929054882e-02 1.244805988567234236e-03 4.410931503067717354e-04 1.599857566719886236e-04 5.856099238276615425e-05 2.153910900299211656e-05 7.931304966335029692e-06 2.921450695037717826e-06 1.075168831967710161e-06 3.962498459673289749e-07 1.455263461314432478e-07 5.362899107481354030e-08 1.906799245521837890e-08 7.145988745033498896e-09 3.479367530402734501e-09 1.670588633488042608e-09 8.803316795103355852e-10 1.794429853696598172e-10 -9.875700507120826936e-11 -2.193815733433836809e-10 -2.349983049150912673e-10 -2.131657204775074668e-10 -5.297225847768589890e-12 6.326312948485954150e-11 9.919899357991666666e-11 -7.408926226863052934e-12 -3.923903110846551310e-11 6.003376512996543575e-11 9.898205245484120791e-11 5.123984233740011677e-11 6.899960831581962655e-12 -3.063086558827215311e-11 -3.064792984775729542e-12 -1.291477548735787341e-11 -2.876867847655752786e-11 -8.117106140172147723e-12 4.415618029978390668e-11 1.648624652310746212e-13 -9.647408399047720872e-11 -1.115799760654228551e-10 -1.133247625480742982e-10 1.617805234142611246e-11 6.610422750034746504e-11 -1.093895053119874031e-10 -1.028255124854114675e-10 1.084943626109894786e-10 2.509600959287399241e-10 7.133088134372870629e-10 9.030732018714523486e-10 5.783199841334439979e-10 1.526164209782847479e-09 5.475565604898072436e-09 1.870119899064014407e-08 5.605832868805844546e-08 1.495514552879203389e-07 4.013740830819833542e-07 1.080159508625847360e-06 2.922727236606169493e-06 7.930239357631077075e-06 2.154207151345980111e-05 5.856828163507578745e-05 1.599506253035290471e-04 4.409855949693194379e-04 1.244462352359275653e-03
3.219759755581226568e-02 1.244908392016496603e-03 4.411406139704292066e-04 1.600045053176769655e-04 5.856836545646374197e-05 2.154187691064103776e-05 7.932271087113976855e-06 2.921713859783896274e-06 1.075467228911086463e-06 3.965827655947072780e-07 1.456555956552835120e-07 5.364589392612171557e-08 1.901697057058919764e-08 7.142673560208527935e-09 3.553814724509934789e-09 1.758070185331799314e-09 9.078400340390512448e-10 1.613294063232374776e-10 -1.192583445018543397e-10 -2.213131900416823831e-10 -2.327008260941600438e-10 -2.144138372555159856e-10 -9.643079698967564668e-12 5.683358511808016887e-11 1.034240195307794168e-10 -5.173033381377955667e-12 -3.820320035032461227e-11 6.235330752115994849e-11 9.931450568936787662e-11 5.169966420833483326e-11 8.465792453961334247e-12 -2.848161662187078870e-11 -1.654817587276055219e-12 -1.366025989099051451e-11 -3.049669165827470078e-11 -8.453510954607798028e-12 4.289113459902800043e-11 -1.960412598751683492e-12 -9.765421580900558387e-11 -1.101980709352320514e-10 -1.091367750378582764e-10 2.665756037587246186e-11 6.376316291044888891e-11 -1.252726041004405625e-10 -1.174798730127665138e-10 1.124509671824350905e-10 2.748931073483820402e-10 7.496812741641847937e-10 9.550412211063020588e-10 5.841821398823832536e-10 1.515432648899397343e-09 5.530129438608853226e-09 1.877700090890766841e-08 5.612143413440558279e-08 1.497369088216663717e-07 4.015456299539987216e-07 1.079842231954188551e-06 2.922269868943054216e-06 7.930412646504597692e-06 2.154402188373596213e-05 5.857407814875658210e-05 1.599627270527480684e-04 4.410082509128258389e-04 1.244504333155838213e-03
3.219821632666752809e-02 1.244905350662393797e-03 4.411330842126279391e-04 1.599985888144921542e-04 5.856535441627519663e-05 2.154152653330551116e-05 7.932764734667287332e-06 2.921754845164037797e-06 1.074954554065513316e-06 3.960210879321187246e-07 1.453471511722925395e-07 5.353078753465029953e-08 1.909493235702270785e-08 7.205023004250962777e-09 3.560302370006350069e-09 1.691860070008549004e-09 8.582144040478659544e-10 1.477881251325506374e-10 -1.052688732749332296e-10 -1.981784606316580414e-10 -2.323496358536772822e-10 -2.203607207152175332e-10 -1.447691565055476474e-11 5.815356773320648922e-11 1.034303434971174110e-10 -8.134918591518360847e-12 -4.246067157188133397e-11 5.740546997857780024e-11 9.659731031852316801e-11 5.025214798287995287e-11 9.214588300480904195e-12 -2.645476681840357162e-11 1.009132863806610133e-12 -1.043615147307939704e-11 -2.762300639571217459e-11 -7.954893490666192362e-12 4.243324663407013723e-11 -1.868510674821094392e-12 -9.727723472485143524e-11 -1.115387387781700242e-10 -1.077894050346635553e-10 3.020416393979266664e-11 7.274545800720355018e-11 -1.062380685789524179e-10 -1.174508700750015683e-10 1.014589169822767437e-10 2.491479343826389365e-10 7.246363376399469270e-10 9.237382346196737827e-10 5.839275040051034720e-10 1.531274473865257926e-09 5.602036994349515688e-09 1.882392974358381174e-08 5.605177199530862004e-08 1.497173926024927445e-07 4.016505364245561392e-07 1.080050917923566587e-06 2.922073258976300047e-06 7.929978765014579384e-06 2.154338248632069563e-05 5.857243354585137417e-05 1.599601339109969626e-04 4.410083233437113470e-04 1.244502748170567144e-03
3.219815953870311387e-02 1.244903911463106491e-03 4.411346330152429067e-04 1.600027784558594971e-04 5.856876649565706462e-05 2.154241821578505671e-05 7.932022623980884525e-06 2.921234554477219066e-06 1.075017594388517239e-06 3.961754606014580714e-07 1.454559617715780279e-07 5.364418973199880342e-08 1.904021062735082429e-08 7.112183608544201717e-09 3.493078786558189860e-09 1.720365600136025063e-09 9.021114071263203457e-10 1.915810550838517065e-10 -5.772791971939281819e-11 -1.826995556051955878e-10 -2.241336082362178587e-10 -2.164980390284555956e-10 -1.005714091007492356e-11 6.442000002044081772e-11 1.003507916483890182e-10 -1.233664180420174597e-11 -4.463685211418220142e-11 5.693601772280983280e-11 9.276392286607756629e-11 4.504137076854386905e-11 6.458620751807792554e-12 -2.729630164108758577e-11 -3.059897831299010934e-13 -1.124670336382036085e-11 -2.794750175145303485e-11 -8.493725895112719728e-12 4.126476062907465203e-11 -3.645482537364657604e-12 -9.947602936013515869e-11 -1.077771955255575818e-10 -1.098968071652009722e-10 1.844377516647328536e-11 6.293768080652130790e-11 -1.320453477608618800e-10 -1.334725958134414117e-10 9.449014657478881656e-11 2.244486661143086091e-10 6.744504414364654923e-10 8.547738113090571091e-10 5.253834935638764796e-10 1.498094900707762258e-09 5.564380145274577533e-09 1.884386086468824879e-08 5.608379599312656152e-08 1.495906569411692265e-07 4.016108832398133787e-07 1.080095530529826230e-06 2.922138175060175375e-06 7.930034375273745974e-06 2.154363663365882570e-05 5.857272649403343041e-05 1.599605879445277598e-04 4.410116560787202106e-04 1.244514810746633624e-03
3.219804899042093965e-02 1.244937714770108332e-03 4.411548241043387777e-04 1.600141126585567081e-04 5.857360930291635189e-05 2.154419410247400166e-05 7.933353292083508668e-06 2.922079801421104379e-06 1.075300130268525692e-06 3.962273789247304984e-07 1.453447245193393391e-07 5.347529567630374114e-08 1.902618635382773869e-08 7.271091564706158362e-09 3.638372761338723590e-09 1.783730328696153689e-09 9.138960836669092633e-10 1.794467752518407896e-10 -1.032324504645490337e-10 -2.051534500459147263e-10 -2.126671650719570998e-10 -2.033176796241910200e-10 -7.428210567969375798e-12 5.804732592687986092e-11 9.522522803221770440e-11 -1.042431421961402796e-11 -4.185374448740688231e-11 5.979580243723319257e-11 9.868334334711655962e-11 5.067171571310154210e-11 7.008267571351426072e-12 -3.057531852296206989e-11 -3.224079182680699204e-12 -1.272673932539540038e-11 -2.895247398980208202e-11 -9.443537105266639481e-12 3.992468476270228989e-11 -4.396405688349770337e-12 -1.016928532644927446e-10 -1.120892764729652592e-10 -1.010285212938154114e-10 3.405462330524692096e-11 6.936377484709034673e-11 -1.197582323531680671e-10 -1.181370952869374793e-10 9.775791138215449252e-11 2.430764408411216712e-10 7.286719957115858675e-10 9.195132728070898832e-10 5.471316144119031321e-10 1.473337892926400306e-09 5.490124292767984499e-09 1.873313934421843796e-08 5.605848633235453367e-08 1.497316910527120228e-07 4.016836486300092153e-07 1.080185494974319076e-06 2.922603805106235207e-06 7.930887763326368073e-06 2.154540612724575676e-05 5.857659218521399521e-05 1.599683381694822415e-04 4.410245407808790455e-04 1.244528265047308057e-03
3.219822754009644961e-02 1.244956208627475509e-03 4.411620736426379290e-04 1.600148581904834290e-04 5.857226543234354544e-05 2.154376698621976840e-05 7.933304238269119567e-06 2.922271849990625584e-06 1.075499087275330269e-06 3.962797890430259132e-07 1.452925324448728733e-07 5.342818842930509754e-08 1.895453301872731946e-08 7.214427640274383364e-09 3.626070346217814441e-09 1.784742922484611879e-09 8.834295596219532547e-10 1.206417058561783903e-10 -1.430683930035254694e-10 -2.273276616208335769e-10 -2.326647385187777297e-10 -2.113440065784307194e-10 -4.884136146199567170e-12 6.117041346513600776e-11 9.867596136141077429e-11 -7.552381024850594906e-12 -4.006074197559280530e-11 6.096654376483015344e-11 9.753860058651839708e-11 4.751998801632977375e-11 5.851535105074266285e-12 -2.917896137441981871e-11 -7.183118740365338768e-13 -1.102829299816615327e-11 -2.746226462734505946e-11 -7.720050492584854401e-12 4.427683984351715703e-11 -7.002463789488154449e-14 -9.971298570981008938e-11 -1.087401318509888049e-10 -1.007127122596478798e-10 3.689624874151221988e-11 6.977399000717595786e-11 -1.283753998489642979e-10 -1.324258518943299628e-10 9.105707352363984030e-11 2.464539890879305479e-10 7.263026719922669533e-10 9.486334582315544048e-10 5.850055630147316041e-10 1.528639191777634625e-09 5.487199207280131950e-09 1.871850840483795361e-08 5.604842178210909463e-08 1.496018238886137268e-07 4.015694122563367336e-07 1.079941536278020917e-06 2.921991230672053189e-06 7.930381550289517247e-06 2.154470587146486478e-05 5.857411638936947461e-05 1.599636740228958733e-04 4.410191061185978639e-04 1.244534237337655220e-03
3.219783758427068737e-02 1.244972388395652234e-03 4.411645814176896755e-04 1.600131490182079576e-04 5.857218048212573257e-05 2.154391468256510248e-05 7.933249830801916838e-06 2.922214111753023086e-06 1.075373620595295314e-06 3.962329302563662569e-07 1.454077402690695818e-07 5.350063423496276353e-08 1.900125816366488933e-08 7.210520510044766220e-09 3.597739249599671669e-09 1.747804347237710213e-09 8.851806961410208282e-10 1.529135119479976654e-10 -1.258433868557771817e-10 -2.350589348159781886e-10 -2.462464132215973111e-10 -2.206838615160449810e-10 -1.352564007046518278e-11 6.068988131449765071e-11 1.040023999349746523e-10 -8.288485084674781933e-12 -4.165722168767446306e-11 6.023196887441635464e-11 9.686609448130132523e-11 5.041486358468287685e-11 9.908417235922129477e-12 -2.615193156216710960e-11 1.217990957968284444e-12 -1.065831631176220221e-11 -2.835098333505189146e-11 -9.620035808972280552e-12 3.903864723773627950e-11 -3.612734188709449218e-12 -9.849404800450455218e-11 -1.126352218007285775e-10 -1.111175084117069412e-10 2.655114646213894898e-11 7.173141340402362858e-11 -1.171675077671218036e-10 -1.151617082601730374e-10 1.139907075754543395e-10 2.649400443319388083e-10 7.319868332468889572e-10 9.444700371637810231e-10 6.404011985772503299e-10 1.573342792141082453e-09 5.542476186541479131e-09 1.871771895095429991e-08 5.589086692493585546e-08 1.494374130639833131e-07 4.012658232792782848e-07 1.079423109698955139e-06 2.921556704499137218e-06 7.929817103867365733e-06 2.154380825901911148e-05 5.857480172369178696e-05 1.599679744157702754e-04 4.410237624861408721e-04 1.244540375266094817e-03
3.219798945711642435e-02 1.244827831607250726e-03 4.411122325388839964e-04 1.599952439114046528e-04 5.856507679162962035e-05 2.154146221902768335e-05 7.932787763368193644e-06 2.921914656445717358e-06 1.074925403735954957e-06 3.959912858809049911e-07 1.454108127790947743e-07 5.358065584214263003e-08 1.908859318571964234e-08 7.259841271527682337e-09 3.583092041918661012e-09 1.743998538503366696e-09 8.678973036502653655e-10 1.361844597218570854e-10 -1.197608692142913347e-10 -2.115946681871379002e-10 -2.198697640144074234e-10 -2.017764324827088804e-10 3.526278525410269621e-12 6.833973027515313202e-11 1.031463826715725906e-10 -9.552188736865086365e-12 -3.969035850658500155e-11 6.142087729255287231e-11 9.774660845300827208e-11 4.783481390126087654e-11 5.219754424105578225e-12 -3.117744449976976334e-11 -2.393619210744187984e-12 -1.233271037421221314e-11 -2.784215392142431420e-11 -6.095581176879829773e-12 4.390402902137501680e-11 -1.610514584083756382e-12 -9.682935240726286969e-11 -1.070867789300691530e-10 -1.045298644013965256e-10 2.773971806704542306e-11 6.994724880745735934e-11 -1.064435849121781483e-10 -9.724184114091914967e-11 1.186363320925119500e-10 2.503935981819138933e-10 7.082413835591745129e-10 9.197248236296613628e-10 5.654975492295335848e-10 1.488902459140802634e-09 5.459980577318027024e-09 1.872037304420624055e-08 5.606749541646118947e-08 1.497121286281419505e-07 4.016395582770542332e-07 1.080040729273688918e-06 2.922444184003469810e-06 7.930713667646094566e-06 2.154399464527811126e-05 5.857222843189975316e-05 1.599592047102996466e-04 4.410074575010316210e-04 1.244504343052660724e-03
3.219813484723944852e-02 1.244995524381383844e-03 4.411824490615288258e-04 1.600238656957921740e-04 5.857705348344289934e-05 2.154632373953884562e-05 7.934148701651162015e-06 2.922386266891379052e-06 1.075576545583574004e-06 3.964274043503225202e-07 1.455330016337756348e-07 5.361859630949807219e-08 1.903344941419340693e-08 7.220442264608418897e-09 3.596714991484338985e-09 1.744774032088454367e-09 8.931908852957350672e-10 1.754185267383325895e-10 -8.618451475805249683e-11 -2.055748941320703338e-10 -2.316130001330926775e-10 -2.131014293990356600e-10 -4.027024881770142449e-12 6.779819521242478887e-11 1.044303748305683995e-10 -9.600127743913662126e-12 -4.500656335566220310e-11 5.709412813116138173e-11 9.482959903766193878e-11 4.684528306824423201e-11 4.708000849525802779e-12 -3.097284210471195674e-11 -3.568210956048690317e-12 -1.308702681433959718e-11 -2.825472867840376053e-11 -5.678901884424429234e-12 4.624985031664874441e-11 -7.622846641139055346e-13 -9.889039632858828594e-11 -1.166085815612118019e-10 -1.138862380583701745e-10 2.666314620965847927e-11 6.923348330911809655e-11 -1.208531377153092391e-10 -1.145196860987136361e-10 1.048872593096850090e-10 2.622605448181313454e-10 7.586339150604508372e-10 9.426540531867928178e-10 5.572808633294410167e-10 1.487128557164869272e-09 5.536471325626889600e-09 1.875512993846182548e-08 5.596524698311646402e-08 1.494515057025055533e-07 4.012804823357461309e-07 1.079519739069479069e-06 2.921834665694487383e-06 7.930051074722725647e-06 2.154423697120660646e-05 5.857351727777252614e-05 1.599616129746004895e-04 4.410075922061360053e-04 1.244504007406088773e-03
3.219806353668717286e-02 1.244924093186578797e-03 4.411493797546510659e-04 1.600102063931735288e-04 5.857174466859708890e-05 2.154428342149754675e-05 7.933643313025766361e-06 2.922490677232037827e-06 1.075642637080171562e-06 3.963588472763237831e-07 1.453446654445706269e-07 5.349603460129990358e-08 1.905488410206142873e-08 7.249497969545563197e-09 3.572913995085471675e-09 1.744669854494135018e-09 9.148109121762554143e-10 1.930183251379505702e-10 -7.740241020074328729e-11 -1.976794033658159024e-10 -2.268787511672001164e-10 -2.147589573358996701e-10 -6.163155530597872504e-12 6.565744595005196049e-11 1.040709580335700972e-10 -4.499802245644778921e-12 -3.652163507839015597e-11 6.188208745877250753e-11 9.681517456185319075e-11 4.948802273785214121e-11 7.244757739107929479e-12 -2.854316766884942395e-11 -4.169995785175113866e-13 -1.235876908202337180e-11 -2.956126586453343870e-11 -9.809991890113529010e-12 4.200671047471200616e-11 3.300853939622317116e-12 -9.161253225075509361e-11 -1.074245785975579842e-10 -1.026127027937819585e-10 2.845691630132071801e-11 6.541324278898741621e-11 -1.160631669016621939e-10 -9.104153186302313840e-11 1.452930722895600916e-10 2.919083628477699663e-10 7.635490200375807723e-10 9.405806759561960562e-10 5.578519941938927307e-10 1.445335489117940984e-09 5.433086058638377711e-09 1.861141000037000983e-08 5.590638285880018751e-08 1.495339301950586696e-07 4.015324878542283779e-07 1.079887682359358836e-06 2.922007575839216728e-06 7.930334207442155654e-06 2.154505875477118440e-05 5.857721062704638796e-05 1.599719258473698976e-04 4.410340365312142847e-04 1.244557486005822044e-03
3.219791083174274038e-02 1.244863132010143184e-03 4.411188696300983474e-04 1.599961161669630162e-04 5.856475614041529277e-05 2.154118194053816559e-05 7.932892071386428746e-06 2.922387180384478677e-06 1.075646571236741449e-06 3.963979724221208062e-07 1.454634380078294011e-07 5.349737460513271807e-08 1.904624978357386808e-08 7.256403246843200113e-09 3.623375396136780474e-09 1.773774180202252666e-09 9.084349350704213974e-10 1.610110540577983625e-10 -1.170806598339161087e-10 -2.305686188915736008e-10 -2.474079628391703643e-10 -2.243408787718446857e-10 -7.328176453398595495e-12 6.319934066457558595e-11 1.024194669934595632e-10 -7.263290997458081262e-12 -3.971453304315625229e-11 5.909101437727764945e-11 9.584782181192489426e-11 4.806481380446374449e-11 8.328044910644905843e-12 -2.675309212858431442e-11 1.065021821924116178e-13 -1.137136503653312462e-11 -2.833167711672806327e-11 -7.532384878594278937e-12 4.166406524792096623e-11 -5.516594428428301902e-12 -1.055775121378359720e-10 -1.170508454805441038e-10 -1.068630179398970733e-10 3.400413003324100742e-11 7.429239943648340033e-11 -1.153408771530191672e-10 -1.000273977611385181e-10 1.347129612327310031e-10 2.842870571220771845e-10 7.638607787286292377e-10 9.405609460876484945e-10 5.656464574155265516e-10 1.495910769794630673e-09 5.494585788463647058e-09 1.868484872811167816e-08 5.599450020158243849e-08 1.495517134934730894e-07 4.014216651109235258e-07 1.079843085106156450e-06 2.921777866984501831e-06 7.929440219640598462e-06 2.154199344597480914e-05 5.856861495739229930e-05 1.599492376497821194e-04 4.409735238427045056e-04 1.244421082076694511e-03
3.219832942363957951e-02 1.244898218292555397e-03 4.411361317818693383e-04 1.600037342357684366e-04 5.856743293423271766e-05 2.154136150004347123e-05 7.932183549461958624e-06 2.921793091449498947e-06 1.075381680634178588e-06 3.963508850550849412e-07 1.453827294492396419e-07 5.346160846002833836e-08 1.898565542024065107e-08 7.182157922197500196e-09 3.550494842628410507e-09 1.734638159126133718e-09 8.930971870570461056e-10 1.611625523899076751e-10 -9.815556673246928512e-11 -2.042814228162468856e-10 -2.204284684216612135e-10 -2.051157073608460345e-10 2.104214299860305063e-12 6.235172791055384448e-11 9.789829917293033970e-11 -7.118470776105604944e-12 -3.787438605532584547e-11 5.988090825199541506e-11 9.664075215079624998e-11 4.983122566745917742e-11 8.283341400158701672e-12 -2.847585265480244584e-11 -1.307232417308717408e-12 -1.152569313832851522e-11 -2.680120927587359466e-11 -5.686010010336425430e-12 4.308983386294649717e-11 -1.790725862647100641e-12 -9.806885747162809918e-11 -1.062538985973862028e-10 -9.856703475569722366e-11 3.587205733881918849e-11 6.188695479550467939e-11 -1.327836455430882584e-10 -1.313189744050593673e-10 1.043089967733152719e-10 2.663585596655484354e-10 7.413251905855377260e-10 8.997699585974520062e-10 5.307998024713444642e-10 1.506259444787729362e-09 5.537178433389584667e-09 1.877411542886677394e-08 5.598657725029120602e-08 1.494317327981287241e-07 4.012736693630937100e-07 1.079842809899089460e-06 2.922507127295850069e-06 7.930840080221285732e-06 2.154480159016729579e-05 5.857497259139071694e-05 1.599650477954880304e-04 4.410167495656901367e-04 1.244524307058409189e-03
3.219800653974951715e-02 1.244848335976986905e-03 4.411179133063891059e-04 1.599942192098423083e-04 5.856282533097168956e-05 2.154003917831696655e-05 7.932000956173531755e-06 2.921874484971541402e-06 1.075473220797580797e-06 3.963905621601212472e-07 1.454593139230677891e-07 5.362834430803841985e-08 1.911370026849259159e-08 7.239990735758806281e-09 3.595097060877347728e-09 1.752528762395852134e-09 8.861393862392303496e-10 1.490113728975806634e-10 -1.108090597639293643e-10 -2.203953446142476857e-10 -2.391424764203946637e-10 -2.186920908470130442e-10 -5.994143568490156623e-12 6.802836905321518350e-11 1.057326423382122771e-10 -5.186350060610184363e-12 -3.949535521758445739e-11 5.876067638195148967e-11 9.513467689864084585e-11 4.818375316811168693e-11 7.392008362799688573e-12 -2.732839346019147827e-11 1.241851254663266770e-12 -1.108773829490854702e-11 -2.943495612762089532e-11 -8.514591861413910883e-12 4.191798165851148052e-11 4.833370411994408336e-13 -9.261284513667347405e-11 -1.034163136662211020e-10 -9.645094976596867746e-11 3.355963499755733011e-11 6.298155492167487326e-11 -1.276001727710042179e-10 -1.330568917499074151e-10 9.445839384356239373e-11 2.641476659180912287e-10 7.365739497236841305e-10 9.067466486670823643e-10 5.328425916157750599e-10 1.486177282395479084e-09 5.540082532411362657e-09 1.880631613986371601e-08 5.602672957060891214e-08 1.494738817225470800e-07 4.014159747536733044e-07 1.079884201789991206e-06 2.922008542645233280e-06 7.929531317363420386e-06 2.154227178540471998e-05 5.856926891834751838e-05 1.599530127417783947e-04 4.409910169902157189e-04 1.244485636752906297e-03
3.219777767728117246e-02 1.244884272306330400e-03 4.411358287953619814e-04 1.600068721592933798e-04 5.856962338578032779e-05 2.154229776553311473e-05 7.932659369070068871e-06 2.922110452667831431e-06 1.075439330629933590e-06 3.963200675265106733e-07 1.454069611219738731e-07 5.353553602759734729e-08 1.905749684961427599e-08 7.255363516863158259e-09 3.627614160120124378e-09 1.754861101842528288e-09 8.576025192135253308e-10 1.331921188076554042e-10 -1.067057827726530545e-10 -1.998552185999725943e-10 -2.187177187770897434e-10 -2.078519377303989930e-10 -6.146311312069616312e-12 5.798170993752284934e-11 1.011019033558256977e-10 -6.175752483778315743e-12 -4.026391001594490175e-11 6.196419201113501576e-11 9.740905099435392787e-11 4.802306665904424797e-11 7.435866783804697905e-12 -2.657248309676880357e-11 4.512152189547329940e-13 -1.224710493687445538e-11 -2.806123870608006078e-11 -6.625769822413856821e-12 4.446118121906628458e-11 3.623377018807380860e-13 -9.681827482817112931e-11 -1.091983765770749816e-10 -1.050596059809157306e-10 2.173456027480671317e-11 6.184701348213894412e-11 -1.152295965866498531e-10 -1.103881826705384703e-10 1.032393907824165773e-10 2.430524377250876886e-10 6.988663547576024589e-10 8.660149821482323526e-10 5.376591442001346477e-10 1.516894299188504641e-09 5.575330863256604823e-09 1.882047739142752274e-08 5.594465213980777478e-08 1.493682515882275907e-07 4.013591862541162905e-07 1.079953549663650091e-06 2.922254935458404133e-06 7.930035271203723316e-06 2.154367745592512191e-05 5.857258941505180113e-05 1.599542620058236873e-04 4.409833578063534370e-04 1.244442057953839978e-03
3.219834613839282073e-02 1.244917440193158299e-03 4.411418100436334988e-04 1.600046469368838597e-04 5.856718633522525470e-05 2.154069221280061595e-05 7.932167381700054300e-06 2.921994583828534254e-06 1.075463253274036670e-06 3.965337150133556392e-07 1.455757296361216928e-07 5.360696072891483672e-08 1.897623499932657848e-08 7.116981259186353503e-09 3.545545338493671376e-09 1.762662796739895353e-09 8.985031842554863405e-10 1.393859819553163400e-10 -1.085253407566875543e-10 -2.100448262534210623e-10 -2.283950616666093135e-10 -2.120897736561113443e-10 -2.371014780165208915e-12 7.142010955076692976e-11 1.147164022480624149e-10 2.245920995642085334e-12 -3.562701041005389274e-11 5.987252161830676463e-11 9.416642268302947459e-11 4.692393243658514487e-11 5.803237190231961288e-12 -2.872740349141898115e-11 8.229068454048259538e-14 -1.056778194033736676e-11 -2.723921287490678694e-11 -6.737956432474385895e-12 4.350550343626812402e-11 -1.734149785200619161e-12 -9.869867283786189390e-11 -1.109142410249981287e-10 -1.096844593518843499e-10 2.376074747462887042e-11 6.800343686725440221e-11 -1.189081503429609319e-10 -1.114947570920810031e-10 1.190673806791822800e-10 2.677699266781198929e-10 7.485362629115851479e-10 9.432141642051035612e-10 5.573738815767768801e-10 1.495666144716954260e-09 5.581685615795817639e-09 1.881919380056802513e-08 5.602563299281849768e-08 1.494944748325573931e-07 4.012239444212278985e-07 1.079564913545755075e-06 2.921734544422968725e-06 7.929958246622386087e-06 2.154371084567173052e-05 5.857378441013477716e-05 1.599656445750312936e-04 4.410236087348708557e-04 1.244546865823760798e-03
3.219814247566238352e-02 1.244931470308486719e-03 4.411453972957317328e-04 1.600077467547805039e-04 5.856983971840392273e-05 2.154295722896182761e-05 7.932750763668748500e-06 2.921919545262058010e-06 1.075310975087141269e-06 3.962399038015082338e-07 1.455262934110809775e-07 5.361211444181803048e-08 1.901179187507007330e-08 7.160648673921344561e-09 3.584946239131495422e-09 1.760192090615814772e-09 8.842664051999563334e-10 1.449441284661975949e-10 -1.259103183131955996e-10 -2.295428697437425794e-10 -2.414294956036075865e-10 -2.149530114717328878e-10 -2.762677252032013730e-12 6.889825868857532606e-11 1.082038234195492397e-10 -2.540670393207455490e-13 -3.196389474403907775e-11 6.595349668952239534e-11 9.836368077422077608e-11 4.628442929865680259e-11 4.890867186356685873e-12 -2.916622517754879939e-11 1.716239873920710745e-12 -8.493918020229467140e-12 -2.631128946294352547e-11 -6.837052539066421671e-12 4.265846746507708911e-11 -2.218213364447011121e-12 -9.660839645496140323e-11 -1.103434455755997639e-10 -1.086861708547209068e-10 2.672932719989079960e-11 6.439369992145090334e-11 -1.192328089668495198e-10 -1.113338403861266547e-10 1.100367959951805363e-10 2.432692009544728851e-10 7.263108045714543876e-10 9.398789782310503448e-10 5.974374208370931741e-10 1.543623960905265792e-09 5.547750750647085431e-09 1.874759698414564173e-08 5.605481611571927444e-08 1.497618835964457544e-07 4.016880829646763703e-07 1.080093862268201984e-06 2.922157298672426900e-06 7.929772775541143835e-06 2.154336372516692550e-05 5.857156739182310602e-05 1.599553074595320187e-04 4.409964017326413249e-04 1.244491489221743541e-03
3.219800445144576501e-02 1.244845141349175269e-03 4.411125454445413816e-04 1.599943323661058830e-04 5.856373803681891657e-05 2.153993409288281396e-05 7.931410881061896900e-06 2.921188425721037139e-06 1.074954505235524404e-06 3.961688364819342112e-07 1.453519469438297081e-07 5.341806586000321850e-08 1.897710416435370228e-08 7.227548150805589706e-09 3.607650497921833822e-09 1.726360853136326311e-09 8.499358583083619086e-10 1.383350226032392391e-10 -8.822856176062561362e-11 -1.907891416665249570e-10 -2.245126331284372870e-10 -2.170179595571123547e-10 -8.251478687151343316e-12 6.547208391243806817e-11 9.987344140747921462e-11 -8.862030255843143764e-12 -3.874690756320185623e-11 6.220852023685724523e-11 9.737369399524474096e-11 4.646924293515038872e-11 5.736378753517938888e-12 -3.013840862853502767e-11 -2.312411874794862147e-12 -1.245319109716737815e-11 -2.949041655784466053e-11 -1.035856166520685969e-11 4.071083526178120057e-11 -1.935744834068145935e-12 -9.963448615410877663e-11 -1.125694763023170655e-10 -1.026397306937194213e-10 3.459768808027275889e-11 7.219435946420000868e-11 -1.157594964260075565e-10 -1.152174798044026331e-10 1.073573244592646585e-10 2.653273125169042364e-10 7.651723233303120201e-10 9.437253116707702150e-10 5.871035550050574704e-10 1.514235451543762144e-09 5.426549715093769725e-09 1.864789887055584285e-08 5.590506948449623052e-08 1.493567577787995702e-07 4.011928199747408622e-07 1.079612285140542030e-06 2.922100453278376739e-06 7.930360256018473104e-06 2.154370261249780532e-05 5.857382069322051172e-05 1.599606303980258336e-04 4.409940504081020628e-04 1.244462656329067699e-03
3.219786132360163977e-02 1.245000085526672129e-03 4.411773784350557612e-04 1.600186606620792413e-04 5.857282800940012018e-05 2.154417768322161342e-05 7.933803506410304425e-06 2.922324528701317015e-06 1.075639137227263289e-06 3.965831105037033625e-07 1.456528833093696914e-07 5.361845335508053225e-08 1.901852612969557149e-08 7.193115361375323925e-09 3.538697898822601398e-09 1.713512264871418567e-09 8.733258974329062406e-10 1.442190204225373474e-10 -1.215492653312757463e-10 -2.313065681769540019e-10 -2.318767793168551914e-10 -2.084680588005543232e-10 -7.331420232234963101e-12 5.861880925455347688e-11 1.019017845148676258e-10 -3.415462538028833287e-12 -3.579858781985354395e-11 6.202505531824977887e-11 9.676153975816323458e-11 4.617925603340415038e-11 4.431173854241411597e-12 -3.099116237162502954e-11 -2.944626258665498054e-12 -1.260345277399431555e-11 -2.966125914536286011e-11 -9.933687764201015115e-12 3.988172323178017741e-11 -5.324056202846371768e-12 -1.009072861647716000e-10 -1.116354579462123257e-10 -1.115513215372523331e-10 2.724675590033991405e-11 6.595637497114384841e-11 -1.213657170356868394e-10 -1.117462866258275357e-10 1.079310440209641470e-10 2.360359558843663138e-10 7.184329735321672656e-10 9.164577210846173492e-10 5.423260101500920645e-10 1.429335254144533745e-09 5.422108336663507083e-09 1.869851936963439811e-08 5.590883275022710742e-08 1.495065995561934294e-07 4.015825967448918584e-07 1.080151822353462388e-06 2.922560988144795753e-06 7.930292028883731073e-06 2.154372493092593374e-05 5.857282153302011390e-05 1.599596965075279948e-04 4.410045398318336888e-04 1.244489106008090425e-03
3.219844722243829505e-02 1.244845020400825843e-03 4.411131717329897840e-04 1.599940763490827634e-04 5.856536248821235828e-05 2.154187873613750765e-05 7.932644686256854031e-06 2.922013749155260654e-06 1.075565972214904265e-06 3.963330402979808098e-07 1.452806497677508881e-07 5.343389898627086462e-08 1.903831183004038572e-08 7.230442973231186985e-09 3.619492910987838336e-09 1.770872526520330550e-09 8.924992374700716068e-10 1.653773845955497918e-10 -8.920613958624039574e-11 -1.951048047204003434e-10 -2.135296194618835448e-10 -2.061485930888968830e-10 -8.216458491498156331e-12 5.717190875117819577e-11 1.014933193511606459e-10 -1.725524034850407223e-12 -3.274663815370943617e-11 6.375049621721544614e-11 9.637191379450356460e-11 4.610939157639580729e-11 5.064159371985495500e-12 -2.983715224682967483e-11 -2.294257571042453490e-12 -1.341109055174901512e-11 -3.047630741499515148e-11 -1.080784434433679741e-11 3.852026629179652199e-11 -7.784870969303801137e-12 -1.048701562263841036e-10 -1.158276935091382184e-10 -1.058436125815584908e-10 3.714423059230422166e-11 8.458763324460971407e-11 -1.087584899717926905e-10 -1.132759665543541706e-10 1.140798449910868991e-10 2.718811190995143017e-10 7.534269157980337266e-10 9.180102479969913430e-10 5.326734825226657162e-10 1.473235349462122434e-09 5.480798164788400096e-09 1.870133313680879128e-08 5.590296663927406596e-08 1.493330350532815214e-07 4.011808858386766800e-07 1.079809306181976244e-06 2.922427038944393667e-06 7.930902220639684958e-06 2.154508357682961150e-05 5.857501571993451692e-05 1.599660112652753264e-04 4.410182542526456823e-04 1.244521358855291571e-03
3.219792765539039592e-02 1.244845871760687358e-03 4.411213909092125455e-04 1.600019748061090174e-04 5.856848450876381724e-05 2.154260509120971365e-05 7.932865846070085076e-06 2.922101713504218928e-06 1.075364053233271657e-06 3.962073124441894929e-07 1.453421039033671318e-07 5.345738605637117833e-08 1.893850835613380199e-08 7.204276016506557693e-09 3.631160068483488633e-09 1.768082143399984852e-09 8.805421050727223178e-10 1.612201634118030376e-10 -8.630288830664152871e-11 -1.976614998875973530e-10 -2.334908367706880840e-10 -2.228666800986603371e-10 -1.106856361934479952e-11 6.334077012584649878e-11 1.071784663004076660e-10 -2.136916894689159552e-12 -3.739071532718520899e-11 6.109427027611128777e-11 9.769061532745759211e-11 4.970948255852890642e-11 6.538582066308619211e-12 -2.932995758028212596e-11 -5.507041986686897275e-13 -1.221256039100334662e-11 -2.801104272383401352e-11 -6.336885171260670379e-12 4.317270219277181193e-11 -5.547356868088387092e-12 -1.001725684699298339e-10 -1.072687835268426511e-10 -1.009898867807158004e-10 3.178862573846131270e-11 5.653855627915028223e-11 -1.375605011819255669e-10 -1.345773109635660229e-10 1.078769304983380281e-10 2.631446217146908030e-10 7.279292443818166351e-10 9.182370678667476278e-10 5.789477644099002309e-10 1.541187536365579455e-09 5.518183049034182061e-09 1.869716177169995150e-08 5.595783062329419961e-08 1.495522560006689346e-07 4.014560761710728119e-07 1.079890638638373953e-06 2.921967898886525809e-06 7.930364415755675894e-06 2.154501113693214380e-05 5.857501555843369932e-05 1.599617369803436092e-04 4.409998648500191524e-04 1.244475566281245515e-03
3.219848340968853306e-02 1.244939033350412521e-03 4.411593554066802641e-04 1.600155739070734811e-04 5.857329181478539241e-05 2.154356787731516923e-05 7.932960996108015837e-06 2.922228995934962580e-06 1.075787850060303356e-06 3.965235306772696511e-07 1.454521024740434949e-07 5.353437998507664614e-08 1.897535410689865146e-08 7.175211231113472350e-09 3.598340026893324411e-09 1.751064205603796938e-09 8.728626496616657999e-10 1.343030387740369725e-10 -1.286779009383232020e-10 -2.264701533999901375e-10 -2.359842730067452187e-10 -2.132241002942612083e-10 1.235510619379276042e-12 6.819117682207103345e-11 1.065183099983670206e-10 -3.981815943684642606e-12 -3.667015818511319366e-11 6.178692437598930794e-11 9.467157795878657985e-11 4.670180712987046495e-11 6.655029862901575274e-12 -2.958545275343648802e-11 -2.431842804371417566e-12 -1.347793854726541096e-11 -3.068744721845640205e-11 -9.552508601047912684e-12 4.194976596221679543e-11 1.316070524135257154e-12 -9.017163313392761388e-11 -1.029085175815665196e-10 -1.024147217546533161e-10 3.526746722276182272e-11 7.265749070848220729e-11 -1.141805277537788029e-10 -1.123174898857108376e-10 1.032100062932927723e-10 2.461774684284305812e-10 7.232582901130159038e-10 9.272617253611809626e-10 5.763519975959961050e-10 1.512860064906080740e-09 5.481639338045612158e-09 1.872843161899497783e-08 5.599912041122870157e-08 1.495115150316669983e-07 4.014001411936703938e-07 1.079881882666596245e-06 2.922142970700991510e-06 7.930411005644869395e-06 2.154410705173464308e-05 5.857386262151419377e-05 1.599631248754049653e-04 4.410192676132765506e-04 1.244537363232196478e-03
3.219797780057755132e-02 1.244891384379871388e-03 4.411365555052114504e-04 1.600033363947367523e-04 5.856713774787112361e-05 2.154193681399838755e-05 7.933099684609366120e-06 2.922039018671251604e-06 1.075180064364496055e-06 3.960205159646823666e-07 1.452390135114535700e-07 5.348656341266756060e-08 1.902269870907830317e-08 7.235672808994172365e-09 3.591619993935721020e-09 1.750714837369986789e-09 9.041779767927007202e-10 1.632771062213502495e-10 -1.146625467545752003e-10 -2.262134733972582405e-10 -2.328259443323971752e-10 -2.108782526475549033e-10 -8.855797124208137986e-12 5.880611604018573507e-11 9.978162583431963799e-11 -4.482021029918378467e-12 -3.525490583193494502e-11 6.229645758363360264e-11 9.664212082539812657e-11 4.849798128087411895e-11 7.291854268059655694e-12 -2.916723900266596783e-11 -1.955271488401204047e-12 -1.255515827703299245e-11 -3.039482475117127426e-11 -1.103918624315016278e-11 3.987974447898344740e-11 -5.995353685257711676e-12 -1.043883297696816976e-10 -1.150069466492892116e-10 -1.062676721396961865e-10 3.239868429583349680e-11 7.341886834990945403e-11 -1.134781665299207675e-10 -1.005549916624141154e-10 1.201136456004391007e-10 2.648549647467524631e-10 7.768094185967376491e-10 9.928630403064349715e-10 5.934224280865973157e-10 1.483090685656094583e-09 5.473934742294115903e-09 1.865585291432190722e-08 5.585225806243282552e-08 1.493702516283065980e-07 4.013442709025617775e-07 1.079900736410036525e-06 2.922313687068075351e-06 7.931033547698382685e-06 2.154557632221163827e-05 5.857485649855108395e-05 1.599625547098640994e-04 4.410100858634904519e-04 1.244505253507837252e-03
3.219787139781848939e-02 1.244981287250694190e-03 4.411685767489384046e-04 1.600150926121351156e-04 5.857252609595902071e-05 2.154466929464746728e-05 7.933693321390121957e-06 2.922256593759438245e-06 1.075528314466470701e-06 3.964098676232567238e-07 1.455811828058222369e-07 5.361963089403468065e-08 1.904909983104583813e-08 7.239097685882971752e-09 3.647592070445228448e-09 1.798351980130535542e-09 9.134144716077009082e-10 1.636661990195805785e-10 -1.039559345895558442e-10 -2.074995982598584741e-10 -2.176615048390712726e-10 -2.095473841102308170e-10 -4.203664940509186442e-12 6.515690745984187998e-11 1.042186685785155897e-10 -4.310162555963489299e-12 -3.995010987928630254e-11 5.891078835006856986e-11 9.730963835308761078e-11 4.855635566252731395e-11 5.167646264228844196e-12 -3.081977151263484510e-11 -1.687373464207973563e-12 -1.203805017144162984e-11 -2.882680600455518361e-11 -1.117094072299502211e-11 3.706825671627184417e-11 -6.632863572962785131e-12 -9.782062282853366193e-11 -1.065148076563758343e-10 -1.007590979143318176e-10 3.500240471016737194e-11 6.755397048763614740e-11 -1.291784852531516838e-10 -1.297645293940828251e-10 1.039983625704312991e-10 2.817799394076745485e-10 7.833460983787178170e-10 9.886589781916586713e-10 6.245314163203475647e-10 1.523771531820038257e-09 5.470624778209866661e-09 1.867314307405741781e-08 5.593772050115197764e-08 1.493984707706936626e-07 4.013271650776139936e-07 1.079915737426890463e-06 2.922029818620183226e-06 7.929973583363316873e-06 2.154346888904683899e-05 5.857292575010939769e-05 1.599629547466033209e-04 4.410146400531314158e-04 1.244516953863966310e-03
3.219835304095593209e-02 1.244980928649057957e-03 4.411672965167769112e-04 1.600141471157548706e-04 5.857160653440582901e-05 2.154325820937828362e-05 7.933314049322683510e-06 2.922253019055844774e-06 1.075424608434442369e-06 3.963441148064251904e-07 1.455449236336843888e-07 5.362084812030502127e-08 1.906338672603480094e-08 7.196066840614598849e-09 3.533471395790696064e-09 1.711285490644799862e-09 8.714348025309704685e-10 1.623631395135190281e-10 -1.068454745926536052e-10 -2.132679191166381513e-10 -2.215039997255083270e-10 -2.122405466870643857e-10 -1.053059674239420849e-11 5.686694573003738139e-11 9.519833821919796559e-11 -9.269896054016225673e-12 -3.776235531601176094e-11 6.043057983727415130e-11 9.520023409208188558e-11 4.543617243649186196e-11 6.095131288813942916e-12 -2.809094379645739751e-11 1.013508790698075024e-12 -9.090289017700824863e-12 -2.790644737185540404e-11 -7.859395884221118921e-12 4.168018585406516050e-11 -2.525492674346183100e-12 -9.791275490218177772e-11 -1.092696459119469246e-10 -1.087202458741788885e-10 2.879963534483232604e-11 6.398667169981546581e-11 -1.241335689706590514e-10 -1.139237261902848719e-10 1.176460056020112349e-10 2.791012860280527224e-10 7.533792559646904230e-10 9.108060224815524195e-10 5.138909773933086234e-10 1.422741390291258337e-09 5.480887508099148004e-09 1.875792861770627617e-08 5.604053929943199069e-08 1.495847789565935499e-07 4.013402080010911697e-07 1.079642041278136546e-06 2.922037407943175418e-06 7.930404565465157312e-06 2.154391401219900626e-05 5.857408630724645021e-05 1.599662290426277116e-04 4.410226436161413465e-04 1.244538249141663574e-03
3.219820685662126702e-02 1.244966147957791546e-03 4.411642576292540505e-04 1.600130192716189424e-04 5.857187365308054260e-05 2.154317957472227650e-05 7.932710457468130979e-06 2.921796525919998607e-06 1.075305534942080484e-06 3.963182063831338554e-07 1.455240603734959017e-07 5.357302842927250754e-08 1.903271416557243915e-08 7.213288563017147708e-09 3.582674943905993256e-09 1.748327662428123360e-09 8.842048170679184973e-10 1.365648334074835254e-10 -1.252204371139179652e-10 -2.153064526347293121e-10 -2.360889209118602350e-10 -2.171648969133447198e-10 -5.739771662164943827e-12 6.130315087558744834e-11 9.806499989750494157e-11 -7.990296794577800148e-12 -3.626672984828130490e-11 6.083485878199628316e-11 9.285312174808725012e-11 4.602540909866181984e-11 7.951476882778090144e-12 -2.695260662408397448e-11 -1.075906894152990672e-12 -1.208762878258892245e-11 -2.923452889712274191e-11 -8.836671296644581924e-12 4.126661405516597427e-11 -4.112725112381038656e-12 -9.850446997668387659e-11 -1.066680232832112301e-10 -1.006229510283538269e-10 3.646591711132595377e-11 6.607173417589613509e-11 -1.344146650644381734e-10 -1.302232243679998240e-10 1.079881605951465675e-10 2.715430667650010058e-10 7.500087010985489764e-10 9.239485202810148879e-10 5.420727549486733809e-10 1.475376349064336719e-09 5.505413047702952998e-09 1.872580287837718787e-08 5.592454126330090842e-08 1.494675086627099363e-07 4.014535697911288928e-07 1.079941623194006470e-06 2.922267901544808505e-06 7.930619446756606629e-06 2.154499904699004229e-05 5.857512318582938995e-05 1.599631062789882139e-04 4.410091624221933898e-04 1.244513111416819607e-03
3.219807873664531223e-02 1.244895860995201336e-03 4.411291589966577021e-04 1.599984711192543754e-04 5.856611898660899884e-05 2.154169628633826792e-05 7.932340571289951399e-06 2.921846041279035695e-06 1.075347208854973710e-06 3.962440550586792120e-07 1.454176262286906955e-07 5.361910537774380143e-08 1.909374296310465723e-08 7.208287964842073505e-09 3.566168741450081189e-09 1.730952677184658991e-09 8.808956214119267447e-10 1.552649976296787023e-10 -1.063388244537709254e-10 -2.030540835671110964e-10 -2.152807140658025446e-10 -2.111726523952971154e-10 -1.666849979206872874e-12 6.991569008094959690e-11 1.046761690506804895e-10 -1.033334987308167013e-11 -3.953542073166537492e-11 6.029419621880901916e-11 9.531548824537709921e-11 4.848880356358707605e-11 7.856165307992659073e-12 -2.831988687397897379e-11 -2.635224139279541479e-12 -1.578203366797769023e-11 -3.149110424349197741e-11 -7.910103536076475897e-12 4.426119643118498375e-11 -9.024217461034856584e-13 -9.808063429216937188e-11 -1.107076218990374448e-10 -1.063274080232830397e-10 3.265736230794189618e-11 7.082427105842663358e-11 -1.261734518313646188e-10 -1.363233973842125639e-10 9.200601432500386421e-11 2.696454207816973239e-10 7.582120944000797506e-10 9.530724975055558702e-10 5.752019933273404375e-10 1.494193410286408266e-09 5.529363432329588551e-09 1.879030681655413402e-08 5.602191698132041582e-08 1.495107148615096562e-07 4.013788231586017613e-07 1.079835565753165993e-06 2.922034430433474931e-06 7.929689278001632164e-06 2.154280749391764986e-05 5.857060032176487013e-05 1.599558646739935750e-04 4.409934241152062089e-04 1.244473927644670994e-03
3.219764958239128977e-02 1.244897467997049985e-03 4.411404410120755670e-04 1.600051923169961332e-04 5.856918915745729049e-05 2.154312690608450808e-05 7.933376651975574683e-06 2.922346001398016823e-06 1.075684466255123685e-06 3.965542609534222264e-07 1.456011908491706291e-07 5.365324599474895465e-08 1.918132218550004827e-08 7.339355196145965655e-09 3.618892987108412307e-09 1.741031539514505126e-09 8.902578780497680066e-10 1.657275805899533859e-10 -1.056393424728606838e-10 -2.201864344685911357e-10 -2.366079122269609966e-10 -2.137157603417129847e-10 2.468685455901472273e-12 6.657215495351675924e-11 9.893060749177824439e-11 -1.015629174025848975e-11 -4.350924429691285226e-11 6.005034559104907331e-11 9.880198213380816514e-11 4.909066843877490543e-11 6.508799417803618704e-12 -2.900341001577122014e-11 -1.477399442346218185e-12 -1.227519939659177323e-11 -2.890802812194353703e-11 -8.152418471956382514e-12 4.324713762410705578e-11 -2.755147716379887756e-12 -1.024830886795354423e-10 -1.185444984534772241e-10 -1.134535472816212704e-10 2.491529358180024636e-11 6.934906795463532457e-11 -1.211960651075219012e-10 -1.247990152366026370e-10 9.667479950826495171e-11 2.431447397863981547e-10 7.405482111755852401e-10 9.686006739681961554e-10 6.030653808050367420e-10 1.500706134780935411e-09 5.496865064682274241e-09 1.878800336986979099e-08 5.609980799741970381e-08 1.495388000671871454e-07 4.014231683635470783e-07 1.079957954085197942e-06 2.922522090653395979e-06 7.930930500466614198e-06 2.154469462727884562e-05 5.857449256771773201e-05 1.599659573148996383e-04 4.410221259600138020e-04 1.244533464042882820e-03
3.219782969509046161e-02 1.244876200710331397e-03 4.411236786445945387e-04 1.599963667238724107e-04 5.856615507410943197e-05 2.154144638681579230e-05 7.932211477253853305e-06 2.921694853395984707e-06 1.075240506217412679e-06 3.963039925375331405e-07 1.454828885499989510e-07 5.359089995400073872e-08 1.905176555558374840e-08 7.167295680829978180e-09 3.532317901071163957e-09 1.719762403200846936e-09 8.952375115700330304e-10 1.928990569071413176e-10 -7.609269959588366499e-11 -2.145468463629781491e-10 -2.518330040623851864e-10 -2.309775263488809170e-10 -1.559021856662755145e-11 6.183438348593932072e-11 1.031135738288042204e-10 -5.335696392532743257e-12 -3.622915125409872526e-11 6.201043396040871194e-11 9.685791925854703240e-11 4.832756633232739137e-11 4.974941020214105026e-12 -3.129105631418452711e-11 -2.397947094857973326e-12 -1.360438665172024571e-11 -3.068562422922217812e-11 -1.013867514892513796e-11 4.116028291197451377e-11 -4.662024304473389945e-12 -1.003825366327943547e-10 -1.144452841107276064e-10 -1.107565797197035331e-10 2.930326963187599820e-11 6.505335480638414969e-11 -1.245852429329092741e-10 -1.167118249703475301e-10 1.157448813945316894e-10 2.548136194984442241e-10 7.462118520852531732e-10 9.638109878516418285e-10 5.725896491662220811e-10 1.484719465791434429e-09 5.528755091552640436e-09 1.868880633744942657e-08 5.584768781543489372e-08 1.494034366147684377e-07 4.014174364011497420e-07 1.079657244933749562e-06 2.921631961731428101e-06 7.929657183772817483e-06 2.154355754671440095e-05 5.857332552970353812e-05 1.599599736544674261e-04 4.409993119223953807e-04 1.244483651046352684e-03
3.219805484249083777e-02 1.244896937452421139e-03 4.411370660906814589e-04 1.600027051695543585e-04 5.856692773721163296e-05 2.154214935143454479e-05 7.932731985229112847e-06 2.922061845797971870e-06 1.075418673241291716e-06 3.962891891505498690e-07 1.453622070973722455e-07 5.362243183756006536e-08 1.914214701719622548e-08 7.235572898891158350e-09 3.579633060172946051e-09 1.766917515750628075e-09 9.112658752282425256e-10 1.732723648728314513e-10 -1.131712407731375818e-10 -2.152591848344982229e-10 -2.282243707698868171e-10 -2.118901687545536359e-10 -6.870814533346138956e-12 5.486961007526844165e-11 9.730829273405711750e-11 -7.084090506671860142e-12 -3.732456522701346225e-11 6.485792550228629239e-11 1.021020202989877972e-10 5.159893042355181393e-11 6.048118118960635208e-12 -3.066712865276658072e-11 -6.382785539923339662e-13 -1.015720135173219572e-11 -2.778053953493367702e-11 -9.277017938200714478e-12 4.038250923686723442e-11 -3.307648733201145209e-12 -9.612002491878241355e-11 -1.045795189242341617e-10 -9.664227385947878637e-11 4.027731206241769971e-11 8.458217159515318061e-11 -1.023656155411477862e-10 -1.155278855287872794e-10 9.681231460417629084e-11 2.541375516202920420e-10 7.335241452099952297e-10 9.109724394811510857e-10 5.638196074248724396e-10 1.518162024882441590e-09 5.537441242754134660e-09 1.878954376264977613e-08 5.594060299301209758e-08 1.493340860039463265e-07 4.012268881559647994e-07 1.079666795788044884e-06 2.922035669040797174e-06 7.930250592705827088e-06 2.154379717892758241e-05 5.857270736576979402e-05 1.599577282735756007e-04 4.409938474706896912e-04 1.244460132825412528e-03
3.219784418302387013e-02 1.244920595144717850e-03 4.411450299384022809e-04 1.600052869732429496e-04 5.856787880261058750e-05 2.154217607119202437e-05 7.932604212419805311e-06 2.922048019684926886e-06 1.075446240188082108e-06 3.962644520597440188e-07 1.454207379355560838e-07 5.343834230290478044e-08 1.892386654323077496e-08 7.201470095221546740e-09 3.612591510239178589e-09 1.772145547536773342e-09 8.819664889293118735e-10 1.281335334701745187e-10 -1.410169712157860224e-10 -2.332491808751551889e-10 -2.378415450615697248e-10 -2.109307220075283053e-10 5.259467742679082537e-13 6.792015821924777293e-11 1.055694689670146616e-10 -3.931567496868938567e-12 -3.872327286072505305e-11 5.967017939176497045e-11 9.823309537984607043e-11 5.027417601653108001e-11 8.201641485048698145e-12 -2.653021250836677128e-11 -1.395453878803669576e-12 -1.411180673776181716e-11 -3.123610961618379196e-11 -8.978996675089368735e-12 4.103138841480180858e-11 -4.673615808690295731e-12 -1.005594157971568042e-10 -1.133346983545434745e-10 -1.079365017020707151e-10 3.144378691699614657e-11 6.758904599468194071e-11 -1.246120071368549888e-10 -1.291072507128109080e-10 1.045059860822464964e-10 2.619928951742948800e-10 7.390505213558682280e-10 9.367764328321381679e-10 6.032386856511311547e-10 1.529559575248766823e-09 5.514844489270668545e-09 1.873838037503773483e-08 5.596291914522152264e-08 1.494681407594917517e-07 4.013111143037923396e-07 1.079827512208573263e-06 2.922311429517913865e-06 7.930637641438900704e-06 2.154483646207281972e-05 5.857619260893181108e-05 1.599727735711645692e-04 4.410402277852859868e-04 1.244576393499216126e-03
3.219835011921740042e-02 1.244947916916814981e-03 4.411583600640580304e-04 1.600119695146556744e-04 5.857161418313969561e-05 2.154387147651957676e-05 7.933164292666294095e-06 2.921706036927253104e-06 1.075032487314904914e-06 3.961062102584782259e-07 1.453742586580567715e-07 5.353487249753297353e-08 1.904609389636809058e-08 7.206174348178761171e-09 3.587345410811759121e-09 1.775093435350772368e-09 9.025494741852538651e-10 1.558221056898346436e-10 -1.171272971233232434e-10 -2.180616710476909523e-10 -2.316811529406105855e-10 -2.187886707684709736e-10 -9.293678493207364042e-12 6.217239139809376975e-11 1.004455428837222312e-10 -4.373378293381687851e-12 -3.857613978894372817e-11 6.008068746940310644e-11 9.526213959539075254e-11 4.753557357706546960e-11 6.712937105129202597e-12 -2.852856080868045296e-11 1.428607721044743619e-13 -9.758786038038402083e-12 -2.718777771535857766e-11 -8.102443638794975923e-12 3.985259297568414787e-11 -3.705010272862417814e-12 -9.556481001477289180e-11 -1.069563435062202017e-10 -1.017717378732356531e-10 3.204165205809685951e-11 6.571693310182549445e-11 -1.186153335558933541e-10 -1.133834476253467140e-10 1.092741563696040041e-10 2.460211307109253020e-10 7.314379697850266810e-10 9.454462325436027538e-10 5.795978767027215012e-10 1.489727817416237035e-09 5.478784959067112059e-09 1.869371749381009443e-08 5.601196375920704274e-08 1.495136872851629334e-07 4.013236521446093914e-07 1.079770720759340795e-06 2.921773653481708650e-06 7.929476667785998522e-06 2.154393114167823102e-05 5.857431994178618410e-05 1.599630603179275458e-04 4.410112701400780008e-04 1.244505751431084590e-03
3.219780392639615824e-02 1.244884797326584452e-03 4.411355715036680090e-04 1.600044627662267549e-04 5.856872085408921472e-05 2.154270884195663965e-05 7.932483870377836840e-06 2.921444101856878316e-06 1.075008104998874873e-06 3.960834670148396604e-07 1.453098941658891079e-07 5.345920996564083300e-08 1.891315987706530416e-08 7.076987081650985296e-09 3.525741230566069643e-09 1.733516890049951191e-09 8.842094754937242843e-10 1.686566589261029728e-10 -7.177098987966945884e-11 -1.811405398670214196e-10 -2.187110297419671860e-10 -2.115610077730199640e-10 -6.359670403525328994e-12 6.634401310255558129e-11 1.051948388373990220e-10 -7.141896745783000354e-12 -4.105394839524563186e-11 5.921832226736964512e-11 9.609434699267602317e-11 4.810372757666784619e-11 7.368693038214782513e-12 -2.883419568930992893e-11 -2.245544292790457965e-12 -1.287973112733383914e-11 -2.768446965655235135e-11 -7.882337335761390948e-12 4.037029602405855606e-11 -3.625922708670806778e-12 -1.006757298466734256e-10 -1.146008850314841072e-10 -1.102340667508708859e-10 2.754179043726716095e-11 7.294340326864613798e-11 -1.140357970450317238e-10 -1.052377872741030322e-10 1.216556373665337637e-10 2.595550047319282492e-10 7.366160063445625169e-10 9.261844985994725752e-10 5.734067398677916637e-10 1.515504319347998044e-09 5.551786927884726385e-09 1.879626922974305718e-08 5.597666092947310532e-08 1.494465270948639905e-07 4.012338707190210264e-07 1.079613777324736028e-06 2.921743880597789110e-06 7.929597714190060885e-06 2.154237649332933907e-05 5.856962884421117459e-05 1.599521339006996265e-04 4.409864507328097819e-04 1.244446776463968389e-03
3.219810547630936465e-02 1.244875053880530134e-03 4.411312593565549925e-04 1.600029771764174911e-04 5.856753992402994089e-05 2.154173043279645428e-05 7.932633694302137196e-06 2.921697536483740806e-06 1.075038066975688036e-06 3.962393974501246798e-07 1.455628949704445662e-07 5.363536648084537184e-08 1.896623710630412580e-08 7.162220434411135995e-09 3.550618461078647296e-09 1.744398890048778750e-09 9.042649702992330521e-10 1.860241491927091254e-10 -9.135995885770128631e-11 -1.921757555971665652e-10 -2.231403632097297580e-10 -2.173561311912962269e-10 -6.031536960424992219e-12 6.636872572619073258e-11 1.035470781997638598e-10 -3.976811314084392010e-12 -3.243614013025345036e-11 6.454479133749311238e-11 9.745071516215351050e-11 4.805443554179902891e-11 6.242891040639070111e-12 -2.803289314165846222e-11 1.642655359937053057e-13 -1.220601110588713836e-11 -3.030266539822978374e-11 -9.410349034105886938e-12 4.211018691968798279e-11 -1.645143543421532578e-12 -9.910404601204238787e-11 -1.154206137062957906e-10 -1.126119688820382595e-10 3.006892739355732983e-11 7.322298464976381018e-11 -1.128707851678812953e-10 -1.164565986221682065e-10 1.057722037662852550e-10 2.631601562290307619e-10 7.401965182291298635e-10 9.565203797973558032e-10 6.110486041024987620e-10 1.509048854450290136e-09 5.461939200243661780e-09 1.862999591136970910e-08 5.584850537573428336e-08 1.493980859230722226e-07 4.012302735595849427e-07 1.079641368192097051e-06 2.921793390046373864e-06 7.929931822192110152e-06 2.154288747569720427e-05 5.856893938801672746e-05 1.599499304484301590e-04 4.409837660677876992e-04 1.244464506021869836e-03
3.219800606327395676e-02 1.244946233388382869e-03 4.411621897539041472e-04 1.600128978181944764e-04 5.857076323185032976e-05 2.154321215571213362e-05 7.932848235220228827e-06 2.921986508179204974e-06 1.075242260502013430e-06 3.961233324787077569e-07 1.454469953815140954e-07 5.365365768640388733e-08 1.912966058409574302e-08 7.205043389647743248e-09 3.542823684336573180e-09 1.737285365955732789e-09 9.017322329214362340e-10 1.615735371371529405e-10 -1.063117752667177092e-10 -2.132178828770491799e-10 -2.253468995253136391e-10 -2.220264203808463966e-10 -1.122466542621181501e-11 6.049187427995169020e-11 9.933000005586026391e-11 -6.100708055533681836e-12 -3.832652353876626344e-11 6.029859360508821121e-11 9.577760113069470068e-11 4.608571685249417598e-11 4.902206202512600084e-12 -2.992292106941022897e-11 -1.150647578291766018e-12 -1.264264922040679653e-11 -2.922125566069593297e-11 -8.033177161341511221e-12 4.450460306630068707e-11 4.160964653995384980e-13 -9.462861455236805372e-11 -1.082036574751928728e-10 -1.062260924460936678e-10 3.284321191527997355e-11 6.966715963575814421e-11 -1.257736348619755383e-10 -1.170337000378298117e-10 1.209426531651520098e-10 2.680051998109294746e-10 7.204649339374395330e-10 9.105153185753415704e-10 5.653695986181509043e-10 1.528137932404282279e-09 5.524813699071531134e-09 1.880096196074055415e-08 5.614103072228331375e-08 1.495844015557847679e-07 4.014833766665438680e-07 1.079962183296617566e-06 2.922234484804906924e-06 7.930485548274823453e-06 2.154438645313101717e-05 5.857434916647908768e-05 1.599651701001997446e-04 4.410211038717487585e-04 1.244530857745855664e-03
3.219821864140510331e-02 1.244984237830709748e-03 4.411783471291610514e-04 1.600207681597258806e-04 5.857477911371477918e-05 2.154490858145750268e-05 7.933878700484240046e-06 2.922183024389397976e-06 1.075360928714750164e-06 3.961854929886393413e-07 1.452535431948478277e-07 5.350096085391974624e-08 1.908758770279122951e-08 7.257950949674122724e-09 3.562301139913371964e-09 1.705201948970509896e-09 8.556981807102392057e-10 1.401817149750006782e-10 -1.174323491793259915e-10 -2.121450834132305319e-10 -2.320247237976117844e-10 -2.247904407706263536e-10 -1.237433748071355996e-11 6.589256972653608172e-11 1.033730483875070423e-10 -5.028106718926934653e-12 -3.665804420209829344e-11 6.439246642504467555e-11 9.913873052370889010e-11 4.914057694387448490e-11 6.468996749354641343e-12 -2.950135725447415677e-11 -2.876982055059317433e-12 -1.340501358453178324e-11 -2.853352525616806124e-11 -6.038906778844438946e-12 4.446554106592062143e-11 1.179974419656103251e-12 -9.457760319145731549e-11 -1.101732698071843219e-10 -1.088517822060401945e-10 2.356143441918208396e-11 6.677632203245926264e-11 -1.231382917363946223e-10 -1.170970622568396951e-10 9.743026340836031126e-11 2.241537916583929549e-10 7.147484181344501872e-10 9.447777250539036561e-10 6.079951781987690350e-10 1.532204711009335332e-09 5.480203896230663432e-09 1.867256617448785256e-08 5.598550441990691211e-08 1.496248548906215981e-07 4.014092895095548056e-07 1.079698553120714429e-06 2.922218991096218407e-06 7.930857255454535040e-06 2.154489254446727189e-05 5.857605544183818933e-05 1.599690054085614696e-04 4.410300411481533770e-04 1.244553572750925485e-03
3.219822912164547329e-02 1.244886609924432310e-03 4.411315123108446143e-04 1.600020351669565767e-04 5.856731304040851960e-05 2.154198382602515958e-05 7.932734563379117122e-06 2.922069541244328654e-06 1.075597627667934704e-06 3.964441581034334864e-07 1.454872759919558403e-07 5.350379763205213919e-08 1.897160938933694109e-08 7.224508647453338253e-09 3.605453219141977613e-09 1.754553560370496102e-09 8.937855792840970270e-10 1.575369824763399261e-10 -1.065911888019751571e-10 -2.192769604292074446e-10 -2.399214260364505082e-10 -2.187361588581685343e-10 -5.720881720599833674e-12 6.648413104391000347e-11 1.048268655879549464e-10 -3.258099000248750587e-12 -3.434643851463363157e-11 6.343338316073591645e-11 9.812256986887834398e-11 4.892331491865269166e-11 7.241586952983730842e-12 -2.784150744804194426e-11 -3.499009847972851097e-13 -1.360090647910832907e-11 -3.304248391724848545e-11 -1.294583156394830447e-11 3.961475492021931310e-11 -3.249070280824914356e-12 -9.947706192391724453e-11 -1.102017166176607523e-10 -1.037343547119392503e-10 3.150796293802951863e-11 7.790740070951422597e-11 -1.050557911898829580e-10 -1.024665007008117441e-10 1.142740522690043532e-10 2.381780076723443878e-10 7.047838408135923761e-10 9.217704141282859483e-10 5.503206300144973042e-10 1.439804335397486659e-09 5.456853975760894345e-09 1.872236068054842901e-08 5.601481790172103414e-08 1.495509899797705011e-07 4.015703647065623918e-07 1.080196921450094461e-06 2.922378171806958842e-06 7.930368468177180540e-06 2.154467468630283760e-05 5.857627207121093431e-05 1.599715578949363474e-04 4.410346025985426043e-04 1.244565568188235822e-03
3.219830603029755905e-02 1.244954906149895726e-03 4.411605643674742605e-04 1.600107623709250777e-04 5.857135117893640022e-05 2.154366270247894938e-05 7.932673775001367677e-06 2.921578719688411733e-06 1.075324342234242406e-06 3.964396431120647323e-07 1.456353827937862620e-07 5.372314261408183656e-08 1.909687058412457166e-08 7.190009892752388270e-09 3.528081537638833534e-09 1.739801919407219627e-09 9.126169317934075684e-10 1.827141861942695007e-10 -8.344882225912426455e-11 -2.081497998114386354e-10 -2.403889472861906651e-10 -2.262392572738522973e-10 -7.953054198057968466e-12 6.614198559379371521e-11 1.034620353316947622e-10 -5.700876037861183056e-12 -3.767320794404872267e-11 6.194014529559974617e-11 9.734245717762515864e-11 4.709146595629485452e-11 5.699200110129026779e-12 -3.009688430038018577e-11 -1.392387860387883784e-13 -9.902051849008922573e-12 -2.796383160255202478e-11 -7.154004212110933518e-12 4.607249087432397999e-11 -6.475104933193836438e-13 -9.953552180434990311e-11 -1.159616446012767198e-10 -1.136228134195308520e-10 2.416559406361507637e-11 6.559319401455674887e-11 -1.154168874458080929e-10 -1.080918180250062526e-10 1.183404600589486733e-10 2.588121874249570716e-10 7.296649991677800818e-10 9.335568231081656138e-10 5.879295912409400659e-10 1.514686269675358078e-09 5.468888513960391780e-09 1.869135319403028898e-08 5.599596821770766753e-08 1.496264111608864186e-07 4.014194361618232849e-07 1.079789687575401325e-06 2.922176426565255140e-06 7.930257761257257986e-06 2.154388692929908820e-05 5.857268892558157485e-05 1.599594139128096169e-04 4.410063919814819129e-04 1.244499976133692145e-03
3.219820824392673198e-02 1.244941354544141935e-03 4.411448207411385481e-04 1.600028864342385292e-04 5.856631329052666734e-05 2.154126832490794964e-05 7.932279733292518930e-06 2.921650709076446567e-06 1.075226192300137897e-06 3.961776418245953195e-07 1.453198733640981409e-07 5.343835966479352783e-08 1.898813043536274831e-08 7.155801087154609677e-09 3.504312995349902851e-09 1.700682002866966417e-09 8.658264981690025424e-10 1.516980871935864659e-10 -1.069705140931210395e-10 -2.031811134554634354e-10 -2.171978593857530891e-10 -2.102293154228344174e-10 -9.864719644722081403e-12 5.744789706130415848e-11 9.720021624060275473e-11 -9.085500808728739471e-12 -4.080840036492309583e-11 6.325479035739069955e-11 9.907392630021949527e-11 4.851503179860424152e-11 6.586751848313339792e-12 -2.870955377842904365e-11 -9.045706991677032794e-13 -1.243038944374232656e-11 -3.068493970758751060e-11 -9.684653240848513339e-12 4.410076425679071503e-11 6.579456103309148650e-13 -9.490604720246241762e-11 -1.084863622531647901e-10 -1.051120378522979833e-10 3.055580853186810525e-11 6.891519940303342063e-11 -1.222823612407337559e-10 -1.246475787715516193e-10 1.086830886683849203e-10 2.763216958108036624e-10 7.549157391666581961e-10 9.531274971442797294e-10 6.007072957766407382e-10 1.498281488647186991e-09 5.434177370280195867e-09 1.876750930063608580e-08 5.614897835721354196e-08 1.496883442111987589e-07 4.015493248593395174e-07 1.080144688073419276e-06 2.922493660998359885e-06 7.930523930102328264e-06 2.154545561015744514e-05 5.857823929809766140e-05 1.599755372213188345e-04 4.410438688970901413e-04 1.244577833955404266e-03
3.219826393238906653e-02 1.244939320232286680e-03 4.411546897981598607e-04 1.600067692947324080e-04 5.856856586266556832e-05 2.154249496622598643e-05 7.932723460754111165e-06 2.921873902341521902e-06 1.075359613990801161e-06 3.962983231366429049e-07 1.454076605411064164e-07 5.350943921227242938e-08 1.897078192453045455e-08 7.154780309136423765e-09 3.547756750463823700e-09 1.769892638233223017e-09 9.057667757133426432e-10 1.649853334077789015e-10 -1.062893398041286158e-10 -2.177079768580501513e-10 -2.315373559286778071e-10 -2.112521804656460091e-10 -3.587246361675912033e-12 6.910527577676796138e-11 1.051065220978426273e-10 -6.182839160669753295e-12 -3.729959051833258025e-11 6.357609016597035837e-11 1.005175639809049055e-10 5.313250004906488086e-11 1.024860909767752259e-11 -2.718143743125245335e-11 -2.597639305497986729e-13 -1.274766400871523644e-11 -2.933573282142587562e-11 -8.274035410938706620e-12 4.106647267649819244e-11 -3.637025683595341414e-12 -1.017819991062775675e-10 -1.152928775959210726e-10 -1.073581309037024814e-10 3.118924447534032853e-11 6.850775207958082280e-11 -1.152106031689363772e-10 -9.982287756990663080e-11 1.208570512219488892e-10 2.584197829076693329e-10 7.113284927627836159e-10 8.786997975594070289e-10 5.612731985606190384e-10 1.529293553700180602e-09 5.472643380902172390e-09 1.867378260285456639e-08 5.591060173771948616e-08 1.494125068637038765e-07 4.013172457069419645e-07 1.079670608806233820e-06 2.921773520366128086e-06 7.930125060931634127e-06 2.154483715428979777e-05 5.857637313189056839e-05 1.599693212808088005e-04 4.410277817657497689e-04 1.244543051300048058e-03
3.219812141182071263e-02 1.244913442349281823e-03 4.411369618323065221e-04 1.599997654588508969e-04 5.856584613995896734e-05 2.154147211729616073e-05 7.932700416157779482e-06 2.922013471040986219e-06 1.075364740396827635e-06 3.961365802629635827e-07 1.453379524435468561e-07 5.347949302029692141e-08 1.903372327689658382e-08 7.235164020328243241e-09 3.575077816744627630e-09 1.725999349621673887e-09 8.782276182399934613e-10 1.636465481364724670e-10 -8.881790233865221530e-11 -1.967238215527894188e-10 -2.192325611014853422e-10 -2.058378776287047437e-10 2.790798187073071757e-12 6.889038823418930557e-11 1.041069804395808166e-10 -5.016880198738685719e-12 -3.833308851907119926e-11 6.198900503715269904e-11 9.763313074838156544e-11 4.859396093976692684e-11 9.154615178116150587e-12 -2.661519979703438202e-11 -1.342632290392562364e-12 -1.291537684030692233e-11 -3.003786242118588634e-11 -9.918896304376256341e-12 3.832850177106837533e-11 -4.164323244176888028e-12 -9.790326326749500653e-11 -1.148669031316281544e-10 -1.133842697594827708e-10 2.494161950548409540e-11 6.775455819762021410e-11 -1.216065679240911249e-10 -1.166356758089771477e-10 1.062359529854717322e-10 2.638173307891744776e-10 7.637453081059894227e-10 9.770977152769135189e-10 6.152659269705941619e-10 1.555015105563706096e-09 5.568723670164793599e-09 1.877362921664436366e-08 5.596648160974479742e-08 1.495146701856446542e-07 4.014299256301615510e-07 1.079899756239179436e-06 2.922157510826749873e-06 7.930322086967633478e-06 2.154418557323640307e-05 5.857342439574677928e-05 1.599592705705730989e-04 4.410042512640520939e-04 1.244497071953184304e-03
3.219805497151705803e-02 1.244920206761267450e-03 4.411408788425635235e-04 1.600013834376381690e-04 5.856542545266673483e-05 2.154135547628030435e-05 7.932480044377700353e-06 2.921958845943026172e-06 1.075342794945879274e-06 3.963754149725172722e-07 1.455662968244524614e-07 5.349704155856697234e-08 1.888756202938364851e-08 7.112323558128579799e-09 3.516908813006592540e-09 1.718180803001061930e-09 8.849188065477162741e-10 1.741137339500728555e-10 -8.979030600178814783e-11 -2.070649887525898244e-10 -2.251025231624389039e-10 -2.105987457381593520e-10 1.226393733771955064e-12 6.738120111542887281e-11 1.025918998361354071e-10 -5.833277636160681305e-12 -3.882076796154104405e-11 6.271059447536329125e-11 9.898970185180154083e-11 4.782131306912719101e-11 3.591034984368748129e-12 -2.981328186790271304e-11 -2.813534784730521928e-13 -1.129471252413070374e-11 -2.744137213273465637e-11 -8.133251553489818448e-12 4.168941275822067496e-11 -7.648737664644496883e-13 -9.564634549579096991e-11 -1.106390924039161556e-10 -1.090410570503154856e-10 2.709215889797981746e-11 6.529626480579561414e-11 -1.221648067765491620e-10 -1.193968271568623758e-10 1.080486286097296548e-10 2.415598660105058699e-10 7.097250523515032164e-10 9.185494526762541854e-10 5.948815508937299761e-10 1.561797916258287131e-09 5.575942776072242108e-09 1.880004650791391108e-08 5.604216348030624310e-08 1.495228225189944223e-07 4.014278091266915203e-07 1.079876998145466707e-06 2.922238597807315453e-06 7.930338900342715657e-06 2.154517625175339041e-05 5.857717274566488465e-05 1.599682390320430439e-04 4.410226307353128355e-04 1.244542083066379687e-03
3.219821052452837007e-02 1.244973609246632657e-03 4.411697619501197968e-04 1.600138186002414940e-04 5.857003006407328420e-05 2.154226821098245072e-05 7.932486739963204506e-06 2.921813821515755582e-06 1.075412302398674114e-06 3.962607919994465074e-07 1.453536043290428510e-07 5.353944008957417273e-08 1.912730630485627134e-08 7.322821209303673945e-09 3.614999828986807452e-09 1.780593297648210714e-09 8.941383467724749089e-10 1.307617620764785009e-10 -1.288426174987707772e-10 -2.175321931009588316e-10 -2.264282568166563565e-10 -2.053903261632403411e-10 -5.981385013985888779e-12 5.571670032828115090e-11 9.983602685698207650e-11 -3.493473939111384495e-12 -3.812188328433187261e-11 6.081928821883559969e-11 9.666058528602529157e-11 4.855996057962839111e-11 8.813657297303198429e-12 -2.750580567287964875e-11 -3.264336516807872427e-12 -1.437918705680793611e-11 -3.092562867655833821e-11 -9.907203796953940721e-12 3.979387120504455232e-11 -2.189233627281545504e-12 -9.684341284280971562e-11 -1.098053755474499260e-10 -1.057903820809343801e-10 3.096367895451256245e-11 7.017399132827366856e-11 -1.215983296394456495e-10 -1.323782491076363375e-10 8.885919993629068580e-11 2.370780584838036461e-10 6.938931654449177095e-10 8.990759781977181418e-10 5.868092741072955570e-10 1.516148781459649242e-09 5.471681711463648363e-09 1.866952499420132681e-08 5.588940445998364558e-08 1.495397186577011357e-07 4.016383013419380617e-07 1.080125533955481560e-06 2.922151917585194857e-06 7.930065254175693327e-06 2.154459296430895002e-05 5.857656592822909372e-05 1.599704902520421160e-04 4.410309460360316010e-04 1.244556246017776858e-03
3.219742222866591591e-02 1.244887734808613772e-03 4.411355957546530182e-04 1.600050390774103990e-04 5.856897362707091915e-05 2.154271560015069082e-05 7.932902037404609402e-06 2.921741034581616339e-06 1.075292982492479626e-06 3.963513560441973530e-07 1.455098049794770184e-07 5.353676322205829521e-08 1.896612203373716851e-08 7.126398554593112332e-09 3.536021611280681859e-09 1.727350153911270879e-09 8.632985627045999850e-10 1.394200673253604966e-10 -1.325455671720470313e-10 -2.223940957465980594e-10 -2.214392018846063963e-10 -2.092868910330998427e-10 -1.209219946428841720e-12 7.109426016343593560e-11 1.066455087655854674e-10 -3.830475354927044968e-12 -3.731128793799421685e-11 6.218421669376246998e-11 9.735616788515506933e-11 4.775007934469385494e-11 6.117451797090951773e-12 -2.995929214868405187e-11 -2.044320982001893725e-12 -1.171577740802233170e-11 -2.838344406790062384e-11 -6.712165638974213940e-12 4.369821296888851979e-11 -8.802960220817087404e-13 -9.541848027073271832e-11 -1.067716280318294765e-10 -1.054109302256868289e-10 2.545945885879543204e-11 6.159064166412019714e-11 -1.218344176676681029e-10 -1.046781228371814804e-10 1.359257032337321319e-10 2.620124128922854959e-10 7.344303594788234474e-10 9.605442145788390612e-10 5.996688190772237520e-10 1.514349139809825327e-09 5.479505535081021406e-09 1.862564422847803175e-08 5.593322872302430807e-08 1.496200328296122814e-07 4.015408821985339391e-07 1.079930578959856454e-06 2.922220246263156318e-06 7.930585018867727237e-06 2.154474925468681317e-05 5.857555256480882397e-05 1.599651352333011781e-04 4.410128305304588173e-04 1.244509172199781107e-03
3.219809700130037144e-02 1.244833829557470987e-03 4.411109892624084103e-04 1.599923767648901967e-04 5.856273471716983401e-05 2.153989978309984652e-05 7.931943986978672376e-06 2.921773780848605772e-06 1.075273449587335647e-06 3.962004242861033942e-07 1.453414476760793691e-07 5.344965004159702019e-08 1.905277093918805213e-08 7.232761256866775477e-09 3.571803805314722272e-09 1.755592902880118431e-09 9.068256929111383903e-10 1.822528613099300299e-10 -9.742782193887830895e-11 -2.077585958160652810e-10 -2.243271500746536046e-10 -2.152338663243658864e-10 -5.042551272569875722e-13 7.040300810951886999e-11 1.035339158773888164e-10 -6.090337992011407646e-12 -3.792266194078745385e-11 6.003298913411559916e-11 9.489975941881468830e-11 4.557400839123107558e-11 5.801773541738756437e-12 -2.815668601492107099e-11 -1.597630022296588615e-13 -1.093987260239720233e-11 -2.881815712848101070e-11 -1.019609960155325446e-11 4.041086622239125742e-11 -3.911462485627300048e-12 -1.023462413625776083e-10 -1.124056822346860077e-10 -9.911327459862753050e-11 4.633929371020298312e-11 8.035122481715105539e-11 -1.215236584703572197e-10 -1.155802166240466240e-10 1.325571607145558049e-10 2.824268827970703309e-10 7.403321623256154719e-10 9.295433594719636244e-10 6.063529292161823699e-10 1.537917927854913547e-09 5.479626706817325042e-09 1.866353294252463653e-08 5.597046271997181052e-08 1.495363172191582160e-07 4.012898931379486835e-07 1.079659659593071401e-06 2.922045617427237409e-06 7.929951814051977544e-06 2.154270160813144037e-05 5.857121036733971026e-05 1.599583434518982985e-04 4.410004869199943278e-04 1.244479230107059216e-03
3.219822194271641791e-02 1.244932654604527511e-03 4.411464926295887681e-04 1.600066860645280498e-04 5.856821104216621780e-05 2.154160745301035028e-05 7.932370113127858741e-06 2.921868752270026980e-06 1.075419768973246822e-06 3.963649558727761958e-07 1.455648489620034271e-07 5.362033969403443675e-08 1.908485337043333700e-08 7.272121927349608290e-09 3.651485563890071440e-09 1.771711351338588637e-09 8.965905584925347971e-10 1.592232790218166365e-10 -1.073380641545986168e-10 -2.158789982767860699e-10 -2.396308694215643611e-10 -2.131915593754631650e-10 5.447631369790964861e-12 7.125643297179590422e-11 1.056873251455905984e-10 -8.654431333792802550e-12 -4.083881295927802553e-11 6.231368921837360674e-11 9.857680530106424339e-11 4.836022075333618231e-11 5.385137606142404567e-12 -3.047141503434500611e-11 -8.791090096001005742e-13 -1.248584020701076095e-11 -2.908846728796023473e-11 -9.795235159687341769e-12 4.169591302876732698e-11 7.072994139151021252e-14 -9.792512061907767906e-11 -1.123807437162781553e-10 -1.087578972235629333e-10 2.854564828229826327e-11 6.755478009727865849e-11 -1.123544323511517969e-10 -9.549155499187771710e-11 1.383197654377231782e-10 2.816086888760771611e-10 7.471017167165952169e-10 9.262544234015411356e-10 5.771847601145933357e-10 1.525236569473878824e-09 5.508922396251857678e-09 1.870474473989254603e-08 5.598629381173180357e-08 1.495177232937908667e-07 4.014085232902252331e-07 1.079977772161031000e-06 2.922314415393126462e-06 7.930174479377828542e-06 2.154495502042412069e-05 5.857627825774916128e-05 1.599665337957362568e-04 4.410199941486843411e-04 1.244538424238044328e-03
3.219799219747226243e-02 1.244932764360965173e-03 4.411501768154683163e-04 1.600083633809238791e-04 5.856945789869783496e-05 2.154230024695413500e-05 7.932688654852355713e-06 2.922100963041743630e-06 1.075338106972849373e-06 3.961597239107299005e-07 1.453517996375025946e-07 5.344317112140029151e-08 1.890861177779417047e-08 7.139792472504116686e-09 3.593790787738745725e-09 1.789933010592810783e-09 9.218164522804927286e-10 1.678387180984261779e-10 -1.260301298755681905e-10 -2.340346433260701419e-10 -2.356229562621556988e-10 -2.015402145940177755e-10 7.163585619100970016e-12 6.678640719158168270e-11 9.801973317093998412e-11 -1.226187729141052533e-11 -4.109283281195364267e-11 6.287522813587967172e-11 9.850297278433718594e-11 4.843479887667221642e-11 7.147749158994827035e-12 -2.875985629277050979e-11 -8.920752745301856158e-13 -1.155683378022074751e-11 -2.872099342345113615e-11 -8.401187992056956695e-12 4.133548211142372846e-11 -5.387951951452992620e-12 -1.024769079678858273e-10 -1.124933981808680954e-10 -1.043561806666258191e-10 3.301854445578915693e-11 6.412804444270614390e-11 -1.322689548645330675e-10 -1.332869777525890247e-10 1.050244541359127430e-10 2.600255157160454933e-10 7.355731731658695285e-10 9.346013417541386786e-10 5.809931389941306990e-10 1.524133821609436267e-09 5.497613212307459643e-09 1.872727992991711545e-08 5.605151089683570578e-08 1.495562272799481433e-07 4.013273893284015683e-07 1.079659720409126877e-06 2.922106954806578197e-06 7.930495673286089192e-06 2.154463131258915930e-05 5.857503916380911869e-05 1.599657445886346768e-04 4.410195877096419800e-04 1.244532107848680307e-03
3.219842570208521909e-02 1.244875774206260404e-03 4.411295269236425337e-04 1.600036599687307130e-04 5.856997456011112650e-05 2.154315478540738181e-05 7.932699568271448228e-06 2.921583676083906429e-06 1.075038658830750776e-06 3.961879892639743904e-07 1.454685184331861115e-07 5.354632135710273940e-08 1.900169428793646463e-08 7.199071088096951198e-09 3.577742859931662489e-09 1.747691533345480890e-09 8.950650132822424273e-10 1.671692757713642010e-10 -9.069495934022496834e-11 -1.969807423318528965e-10 -2.201045252266270823e-10 -2.055294672842599932e-10 -3.998286698098671678e-12 5.855145406523018999e-11 9.939599554111399693e-11 -2.585667662976253773e-12 -3.520503606491317075e-11 6.416032959876930800e-11 9.894065871478818500e-11 4.832495358096564761e-11 7.658460858338065544e-12 -2.882052485317471075e-11 -2.553792076812021277e-12 -1.315727859317282185e-11 -2.831215797184637678e-11 -9.082187558200475022e-12 4.118146458505183086e-11 -2.789826842464585192e-12 -9.864406482447613415e-11 -1.114835451867061513e-10 -1.070578436443610878e-10 3.461787609720186537e-11 8.012860380086948381e-11 -1.209643083808133719e-10 -1.267148590535398481e-10 1.083908867779602457e-10 2.600631565491828033e-10 7.141686673745566488e-10 9.196027254955169096e-10 5.929503635921280273e-10 1.522546328061905349e-09 5.497289858538160042e-09 1.867754380177661891e-08 5.591666938402550872e-08 1.495090097415997902e-07 4.015510989235099689e-07 1.080164780617250465e-06 2.922437527246367617e-06 7.930213662468348776e-06 2.154384129300355422e-05 5.857416953830878512e-05 1.599627392530872773e-04 4.410137462730181817e-04 1.244517946252723202e-03
3.219789825746061096e-02 1.244843662681499770e-03 4.411158128744211565e-04 1.599939036865936394e-04 5.856292102150174037e-05 2.153931586437232828e-05 7.931136789966002654e-06 2.921357740229553667e-06 1.075126570575960081e-06 3.962681842714139907e-07 1.455240744738769006e-07 5.351504506207071091e-08 1.896781971048274272e-08 7.249263248209228884e-09 3.632939110664984179e-09 1.782419947673733734e-09 9.140032828328668251e-10 1.663271667518555440e-10 -9.044429724470392834e-11 -1.936671459407979942e-10 -2.235668708022937458e-10 -2.085172851440477626e-10 -3.755929101141460795e-12 5.905787164744586499e-11 9.498594316625157111e-11 -9.392289534089096403e-12 -3.712546868873763565e-11 6.431703246661846083e-11 9.872975851236908121e-11 4.768906747653041119e-11 5.890970754749210553e-12 -2.917195137390085862e-11 -1.912524978022243770e-12 -1.122597197414194552e-11 -2.787849901086258532e-11 -6.164078517107429610e-12 4.379010094962657957e-11 -2.045921609464248315e-12 -9.926261378395964135e-11 -1.111057160646869846e-10 -1.076621844105297254e-10 2.821037218242565320e-11 6.890270181807704179e-11 -1.171956022875478340e-10 -1.116175571412653912e-10 1.075251497780059016e-10 2.498637454408717962e-10 7.237068148068644464e-10 8.956775810636967028e-10 5.136510087671014944e-10 1.445567956747494206e-09 5.437044827906972367e-09 1.862371948725041057e-08 5.592442348948783080e-08 1.494912291306151095e-07 4.013993607537703206e-07 1.079967158612098528e-06 2.922365368649148595e-06 7.929901345343143415e-06 2.154199398209561238e-05 5.856988132904601262e-05 1.599520880740467157e-04 4.409781889324763450e-04 1.244426949899034946e-03
3.219818240530844533e-02 1.244895694581790290e-03 4.411358603058262496e-04 1.600015371181681136e-04 5.856636289996725308e-05 2.154159944103834065e-05 7.932117712921525813e-06 2.921472755428427844e-06 1.075140599036014868e-06 3.962587476043078049e-07 1.454443597025326673e-07 5.360015464276025127e-08 1.914928195174144481e-08 7.309841988544579882e-09 3.635541391811176708e-09 1.756695929011128747e-09 9.007669310321811520e-10 1.698981265987616335e-10 -1.059588812341073600e-10 -2.379940978305786739e-10 -2.521655550925601337e-10 -2.179121430413253260e-10 1.031359952919243905e-12 7.107467484739471275e-11 1.063698380899242264e-10 -5.186054416989187765e-12 -4.033918412106576072e-11 5.943925695599817376e-11 9.613574399265547865e-11 4.807478832983591679e-11 5.755389501802386054e-12 -2.918445549110163006e-11 1.899271986969043277e-13 -1.129201103504770863e-11 -3.041086349312723329e-11 -1.014111105626903383e-11 4.157398391478582190e-11 -4.438264126954599587e-12 -1.016340642849955504e-10 -1.133115174116354952e-10 -1.087838728534237032e-10 2.996810328292389164e-11 7.066092275131605986e-11 -1.199573342986858372e-10 -1.167171560984096241e-10 1.048439544052337187e-10 2.489846217717258567e-10 7.239015379419742091e-10 9.444823996119089522e-10 5.910652114964963594e-10 1.499526188780780317e-09 5.496494527083789667e-09 1.866771163984171290e-08 5.596010505391119520e-08 1.497255616078886488e-07 4.017970779612448012e-07 1.080218850617528978e-06 2.922234278677419883e-06 7.930521878819082218e-06 2.154413919148886642e-05 5.857356559102702589e-05 1.599631687802353659e-04 4.410113949001371637e-04 1.244509079857984138e-03
3.219793490223300803e-02 1.244986279364999459e-03 4.411712086700569501e-04 1.600151461540651741e-04 5.857189889124429468e-05 2.154407451166595052e-05 7.933295237945117993e-06 2.921920095157320358e-06 1.075195184731715757e-06 3.960499152958770909e-07 1.452807049316196433e-07 5.355057996957233918e-08 1.910999296271087151e-08 7.263366105595514860e-09 3.533417875576611609e-09 1.674518559779587923e-09 8.422792271665752129e-10 1.445723598089793784e-10 -1.257224189394118769e-10 -2.135715617969223540e-10 -2.225105314891479484e-10 -2.111738594883011987e-10 -1.936821132415187560e-12 6.493178280011312727e-11 9.778046901045455795e-11 -7.768679908343762676e-12 -3.678428762166101802e-11 6.178635468308265059e-11 9.626681543490303875e-11 4.710757947566334594e-11 8.162880360445427809e-12 -2.570254862919835781e-11 3.673986207910254897e-13 -1.052967754603041135e-11 -2.513980893771220079e-11 -5.952979068920927112e-12 4.112867821950357848e-11 -3.257541237438159948e-12 -9.793360425522152862e-11 -1.101477242984027889e-10 -1.039063278373015671e-10 3.357789419217284346e-11 7.161035710176768635e-11 -1.256673504532571314e-10 -1.294170007223141482e-10 8.942143295853384291e-11 2.508728791672060272e-10 7.537303580044033968e-10 9.664471593868253549e-10 6.043965373436378771e-10 1.518279256787996537e-09 5.505615588678808782e-09 1.873647227926174477e-08 5.597057512786168032e-08 1.495048638228666940e-07 4.014660130825787217e-07 1.079856404340431291e-06 2.922212505164667963e-06 7.930402333426759141e-06 2.154396975800467953e-05 5.857399948828634806e-05 1.599671974792171779e-04 4.410262798205111245e-04 1.244534388235636613e-03
3.219817379867475488e-02 1.244950548385077025e-03 4.411596589942715281e-04 1.600144776605724891e-04 5.857336212569576593e-05 2.154437808574178736e-05 7.933000344443618770e-06 2.921671584939063247e-06 1.075182532658026700e-06 3.961422553299286766e-07 1.453011638196806595e-07 5.346525495036594175e-08 1.897932469837132441e-08 7.193902631643922697e-09 3.592072295062877692e-09 1.786880922113401073e-09 9.301345616198913873e-10 1.796165325898915857e-10 -9.625237752786289033e-11 -2.014518681989028731e-10 -2.161874777935964750e-10 -1.984986944188302322e-10 3.353687326929047077e-12 6.826269317521903487e-11 1.029683792015734420e-10 -3.637942166020836300e-12 -3.302054470372387065e-11 6.499021379189860659e-11 9.921550426489541156e-11 4.780955582750114751e-11 6.093308672583513470e-12 -3.004001703142388440e-11 -2.394408002873195853e-12 -1.323144370399560924e-11 -2.927622236624432148e-11 -9.328015943872824559e-12 4.043689741693933780e-11 -2.503146987324385850e-12 -9.960551624687046607e-11 -1.144952498997189072e-10 -1.075137573240702770e-10 3.513299397291167874e-11 7.508399780182960870e-11 -1.150642573814270261e-10 -1.092469793085791638e-10 1.281807433851445597e-10 2.724313677259800573e-10 7.362278728097232367e-10 9.069004132952705367e-10 5.329401925406210836e-10 1.488849786643615380e-09 5.465550270273216282e-09 1.871460160534158288e-08 5.593704898827699679e-08 1.495015008530258083e-07 4.016241185290187962e-07 1.080116978413837861e-06 2.922183731517917568e-06 7.929966115115511893e-06 2.154364009439879057e-05 5.857346049129562461e-05 1.599626786544169899e-04 4.410072419017365851e-04 1.244501427518368217e-03
3.219796644059515905e-02 1.244915682941798900e-03 4.411408091696706344e-04 1.600043982317935919e-04 5.856818911347906663e-05 2.154281464306679499e-05 7.933036837571120234e-06 2.921902763586627381e-06 1.075149255601858135e-06 3.960247085462381544e-07 1.453291968067111748e-07 5.361004372805074409e-08 1.911947251691185726e-08 7.241572403566794308e-09 3.545806128272321733e-09 1.738590413592455592e-09 8.889227326459294352e-10 1.585159634151190022e-10 -9.090667681699754731e-11 -1.996077431907036908e-10 -2.198392015794496717e-10 -2.028153550802245166e-10 -2.972147606759679011e-12 5.894478072814946272e-11 9.881607366721741660e-11 -4.206485006900569400e-12 -3.700668447474963867e-11 6.013445058705889548e-11 9.653288283905795486e-11 4.885501497420269028e-11 6.828772060504446736e-12 -2.939797410749067635e-11 -1.292733051466595901e-12 -1.138940101719701919e-11 -2.817635148073218841e-11 -9.663419682498191364e-12 3.896613892503758703e-11 -2.457643582446176942e-12 -9.604576152471216918e-11 -1.038472103295988656e-10 -1.067149886195152358e-10 2.750759981518706949e-11 7.262153148022933555e-11 -1.227860881006421737e-10 -1.234071528522770405e-10 1.086022489554286824e-10 2.611669240803021732e-10 7.290225907130213022e-10 9.070342425301317575e-10 5.237450379645247237e-10 1.456522970561221001e-09 5.512441964472078452e-09 1.880807418421584798e-08 5.595911513548238914e-08 1.494294326479562094e-07 4.015818926140026502e-07 1.080296763815409464e-06 2.922642438147466928e-06 7.930868629643279358e-06 2.154552754868150512e-05 5.857675948048653999e-05 1.599663615356068647e-04 4.410202035153443093e-04 1.244533616715465295e-03
3.219784190947714425e-02 1.244928618834360888e-03 4.411542986242115386e-04 1.600113533764461300e-04 5.857046506896282248e-05 2.154236044484128315e-05 7.932858365532006521e-06 2.922455205437955846e-06 1.075859396409058289e-06 3.965521304597951442e-07 1.455768585880395955e-07 5.361997184335325124e-08 1.904099545524129192e-08 7.163946054916666271e-09 3.564380741841565058e-09 1.775868042113815952e-09 9.033436050448483230e-10 1.572453101471316691e-10 -9.214319887486597449e-11 -2.039792826373703099e-10 -2.344946211345458199e-10 -2.183699990015774049e-10 -1.073996491390995219e-11 5.822177855112925775e-11 9.910321387010054498e-11 -6.289567559162435719e-12 -4.061346227120477115e-11 5.817575958412440826e-11 9.571535441273169277e-11 4.694396641257138461e-11 4.610469132922380622e-12 -2.927668945793981086e-11 1.747235964476143800e-12 -9.293169235381413178e-12 -2.617985717802249157e-11 -6.372171847154008116e-12 4.343488997417053990e-11 -1.974384105550333299e-12 -1.003406377086778766e-10 -1.133043096314099402e-10 -1.073831887418590264e-10 2.576813895561422214e-11 7.095747086433546517e-11 -1.161082597775486870e-10 -1.047418841266853283e-10 1.290517074091849680e-10 2.833349286810612191e-10 7.454058324154400233e-10 9.285203831271754882e-10 5.901887447513901421e-10 1.523550748564611276e-09 5.462205234701877357e-09 1.864943685100241541e-08 5.594117505490584426e-08 1.494674523733477671e-07 4.013353249835216634e-07 1.079821630926479265e-06 2.922272023751215953e-06 7.930627073172683112e-06 2.154459831933514964e-05 5.857379349236965316e-05 1.599575424749055859e-04 4.409972228029181433e-04 1.244487095285968853e-03
3.219804028565906306e-02 1.244939401618946678e-03 4.411550162829835746e-04 1.600127403973525167e-04 5.857095667065384526e-05 2.154288478735901153e-05 7.932910097793720259e-06 2.921955245310404015e-06 1.075372783550969267e-06 3.962636474849205097e-07 1.454488076927571016e-07 5.347558572735188219e-08 1.896790629331800830e-08 7.248675100902472995e-09 3.613625333268159726e-09 1.753724297537572388e-09 8.928575854257902396e-10 1.817298220934180718e-10 -8.402851463904466490e-11 -2.129568399543606639e-10 -2.371823199298179614e-10 -2.096607769376446752e-10 -2.338306431369577802e-12 6.187496226036219050e-11 9.655422172030079210e-11 -1.309651163423377884e-11 -4.081623008386346977e-11 6.382098776996623579e-11 1.004069839114968664e-10 5.064150101206034464e-11 7.553850172893645426e-12 -2.896579292437715075e-11 -8.911175404101878365e-13 -1.158689574477054176e-11 -2.896565259874934710e-11 -9.088242308164378640e-12 4.311511136778004614e-11 -1.686863317078313058e-12 -1.021783922541938999e-10 -1.150798098099480408e-10 -1.075568830985728568e-10 3.109825808964772530e-11 6.875553705410647109e-11 -1.182727498253888354e-10 -1.041403284998779851e-10 1.137810965318436004e-10 2.348263931212305408e-10 7.003640732296339373e-10 9.069605866574758282e-10 5.903060112216897350e-10 1.569583068985375606e-09 5.553320760588778561e-09 1.876376135011499564e-08 5.607949054106871136e-08 1.496268365022105273e-07 4.015187611114948048e-07 1.079852054519572297e-06 2.921808736097257226e-06 7.929867721718950759e-06 2.154435114177291464e-05 5.857530720264299056e-05 1.599687209459800768e-04 4.410311214531222848e-04 1.244564361924329786e-03
3.219776078425495153e-02 1.244910322936469563e-03 4.411387668051696982e-04 1.600050853863045099e-04 5.856879216200997808e-05 2.154263423889665648e-05 7.932750299175709267e-06 2.921955518335626999e-06 1.075381690258192134e-06 3.962673664498260200e-07 1.453694854895527458e-07 5.347417855522988856e-08 1.903053532347109693e-08 7.225041402005820479e-09 3.603437311546175439e-09 1.762269326535633042e-09 8.821747118105388772e-10 1.507021348800975386e-10 -1.254799824012362008e-10 -2.244435537721854111e-10 -2.319302577486904851e-10 -2.129580438441034307e-10 -9.320017704916728027e-12 6.397436815666105556e-11 1.064616242403211263e-10 -6.027621847994036301e-13 -3.740203911463325712e-11 5.802925313074288874e-11 9.503541110533600590e-11 4.783235506853633430e-11 6.190450599572272584e-12 -2.831130237026459465e-11 -8.987735254334533003e-14 -1.229277881148893788e-11 -2.984341266579630735e-11 -1.006626883738632630e-11 4.148362876406389067e-11 -2.624843888988156259e-12 -9.567462573052510584e-11 -1.082925705469956744e-10 -1.052896708800964768e-10 2.810723501937530719e-11 7.339037860202331947e-11 -1.126259254892882889e-10 -1.219364517952566052e-10 8.694043325699007241e-11 2.298338113277085690e-10 7.250243742011047183e-10 9.472809954141214049e-10 5.943198172189075203e-10 1.483342650805149882e-09 5.496518679885848529e-09 1.872112950380835536e-08 5.607014820521935356e-08 1.496732673108975756e-07 4.014907933032286318e-07 1.080064656725134477e-06 2.922523528835430058e-06 7.930660634312332674e-06 2.154393465613158406e-05 5.857268282738473721e-05 1.599599769235478535e-04 4.410062444901208831e-04 1.244496374029199857e-03
3.219799686872596572e-02 1.244912108675192471e-03 4.411430088064533027e-04 1.600073864787258276e-04 5.856892254402844646e-05 2.154236613392186795e-05 7.932837651519519172e-06 2.922020967770871632e-06 1.075397129816861815e-06 3.964217001602476997e-07 1.455619435009279215e-07 5.363701132789012590e-08 1.905968885106359629e-08 7.187479242255639645e-09 3.578722235013987576e-09 1.772551464279218654e-09 8.993333009871238968e-10 1.432131584598897665e-10 -1.149911485288716624e-10 -2.050775319535609443e-10 -2.233319787679703884e-10 -2.141877921338226794e-10 -1.123486577320872398e-11 5.733340894276734836e-11 9.564032786688678784e-11 -9.680387874190735540e-12 -4.016467976774809256e-11 6.031505898912176302e-11 9.584550799708279456e-11 4.909015578623837196e-11 8.730368680287342242e-12 -2.789518851372652261e-11 -1.900909078796626227e-12 -1.462186290111144935e-11 -3.228317754324432342e-11 -1.043159662857835402e-11 4.161688348878778155e-11 -1.770053793228723424e-12 -9.739335405163571242e-11 -1.080407650831146215e-10 -1.074933223548899513e-10 2.396116978959654990e-11 6.335401076443392990e-11 -1.289822368350955694e-10 -1.240491546815715863e-10 1.045491506238066565e-10 2.417357067899868756e-10 7.010475788851186784e-10 9.079804717800927056e-10 5.811028573240831375e-10 1.527783025176783804e-09 5.548913659404437599e-09 1.878250033787262452e-08 5.605264814433871491e-08 1.495659813073185232e-07 4.014192105838270908e-07 1.079811134109539958e-06 2.922004043184301758e-06 7.929451527944785720e-06 2.154189905154598855e-05 5.856790319670493022e-05 1.599492380221209165e-04 4.409826531406273306e-04 1.244459929628532200e-03
3.219810775682711845e-02 1.244912509295456214e-03 4.411465471147677777e-04 1.600076494453265251e-04 5.857035100631740563e-05 2.154312603271630022e-05 7.932527909077693448e-06 2.921830434285797166e-06 1.075437596307004671e-06 3.963750606192817556e-07 1.455502551674338513e-07 5.362645507940758123e-08 1.904938237699006562e-08 7.185156594760307731e-09 3.579599860728551445e-09 1.763884985201414229e-09 8.886179633162092509e-10 1.396930726831959722e-10 -1.228123335473843499e-10 -2.153887069565909077e-10 -2.272608046205730204e-10 -2.134884736183869861e-10 -4.309589013146184823e-14 6.857658006473833482e-11 1.006065370447904988e-10 -7.437590875674510978e-12 -3.435970071513716923e-11 6.381728166158771977e-11 9.476776793420753098e-11 4.469318439016780097e-11 5.457773408752982522e-12 -2.811997686001346732e-11 -5.751242298214093988e-13 -1.193638152749983568e-11 -2.766836888239119091e-11 -6.735330142196596028e-12 4.276544703737129628e-11 -1.950742138112370277e-13 -9.398800770831786993e-11 -1.049631392284133129e-10 -1.051543143472353404e-10 2.310363096386885944e-11 6.030750099870925718e-11 -1.236500056478640929e-10 -1.143747205821623989e-10 1.140676464871748572e-10 2.602280614466257556e-10 7.321154448257719057e-10 9.489462735424078448e-10 6.242373714230172915e-10 1.544841523123242461e-09 5.483637159225582408e-09 1.863683269458065806e-08 5.592478623058654585e-08 1.494837546661698117e-07 4.014782384659749860e-07 1.079974938913331243e-06 2.922529957875667433e-06 7.931677240241221679e-06 2.154680455361692205e-05 5.857932997057139753e-05 1.599741444722319040e-04 4.410341455449053711e-04 1.244556428847459024e-03
3.219814976514733668e-02 1.244936906216152338e-03 4.411489348249811901e-04 1.600083839309074960e-04 5.857061181362674168e-05 2.154421211704295741e-05 7.933479204412218633e-06 2.922332165420393948e-06 1.075624009694137019e-06 3.963344594905742502e-07 1.453836453201856896e-07 5.348869390362499340e-08 1.902336431628409227e-08 7.251741982258999806e-09 3.614684342434878170e-09 1.748375988862847555e-09 8.814947649423585932e-10 1.714591296534165937e-10 -1.061274292367645353e-10 -2.123287799488895168e-10 -2.297125645000897020e-10 -2.143040123658152639e-10 8.447154991954953512e-13 6.949670399488928034e-11 1.036617485681843607e-10 -5.170587663144033967e-12 -3.746129896414742605e-11 6.069252556821341035e-11 9.477999748981505094e-11 4.611707742656272528e-11 6.472646909811765322e-12 -2.912448175368971921e-11 -3.318869335554732111e-12 -1.358707298982326023e-11 -2.856603822625859196e-11 -8.975796909814767378e-12 4.232921569649574020e-11 3.350421632433577577e-14 -9.499782146650591337e-11 -1.087974262594234619e-10 -1.103743672884831643e-10 2.157654997813677972e-11 6.623410988627418934e-11 -1.166233659753194878e-10 -1.090417724850476550e-10 1.172246312580729595e-10 2.719528447059685016e-10 7.415563695796894016e-10 9.384871241932764391e-10 6.003322079448002388e-10 1.524378564847989826e-09 5.497452541683949494e-09 1.871424021020302320e-08 5.607149889802802938e-08 1.496902743136954760e-07 4.015336006356600631e-07 1.079962692405603012e-06 2.922114698325888833e-06 7.930083122652993870e-06 2.154358283760670278e-05 5.857292931433376635e-05 1.599608728794701268e-04 4.410066737511922873e-04 1.244507864841912443e-03
3.219798963983688811e-02 1.244911999151481190e-03 4.411412734010343797e-04 1.600051860945467654e-04 5.856938697387641270e-05 2.154290926506298036e-05 7.933101438398215428e-06 2.922220897482041840e-06 1.075537465291140441e-06 3.964727250662887862e-07 1.455886379469071060e-07 5.352709583766141507e-08 1.899104298874676852e-08 7.234139631024893124e-09 3.601995427001275769e-09 1.740388787933531202e-09 8.660910870460322057e-10 1.135818147748501012e-10 -1.429704976595276406e-10 -2.204115957560172963e-10 -2.236131735244696864e-10 -2.052427651548946041e-10 -5.156126015417180751e-12 6.034803299718394015e-11 1.003762501191670125e-10 -1.855922123805670393e-12 -3.461209519834956623e-11 6.130954876295395768e-11 9.646398176509153071e-11 4.930884146108112856e-11 9.199080477514602696e-12 -2.620081613914498155e-11 4.450376330487042781e-13 -1.181789125718886207e-11 -3.005876671745254771e-11 -1.085644605706086419e-11 3.962968040639393756e-11 -3.371968422840319590e-12 -9.882393906149894640e-11 -1.104005024285059434e-10 -1.060733706218068098e-10 3.140020922480369638e-11 6.786841864432981639e-11 -1.296550148037331946e-10 -1.249267113703171505e-10 1.273742166886651083e-10 2.994789815382404623e-10 7.592772859458854674e-10 9.309330693665705603e-10 5.570978815078239419e-10 1.496504991251557820e-09 5.497402795186318092e-09 1.875128580999832272e-08 5.605792260606292609e-08 1.495163247587228913e-07 4.013720298473698563e-07 1.080042524287032069e-06 2.922690722186187159e-06 7.930944170372753455e-06 2.154436242077023965e-05 5.857467210301783790e-05 1.599667907981075184e-04 4.410215743839261010e-04 1.244530059581935074e-03
3.219806214844996711e-02 1.244882741082270093e-03 4.411335366386483063e-04 1.600028903536421764e-04 5.856779847089965229e-05 2.154117407531590156e-05 7.931736972419990784e-06 2.921635937924871814e-06 1.075359700677020133e-06 3.963875777182208516e-07 1.455775137509376569e-07 5.365638746925533472e-08 1.902169972552759947e-08 7.146892705799153120e-09 3.542464947317847542e-09 1.748428779980713946e-09 8.863814697996161448e-10 1.425107966848006002e-10 -1.156487777739983479e-10 -2.154872817735686569e-10 -2.191264170173998378e-10 -1.942770553228884396e-10 1.324425199102472662e-11 7.451437386816939645e-11 1.018144345815389211e-10 -8.417003793216486428e-12 -3.914810130430163758e-11 6.364661688262652193e-11 9.942969261732859017e-11 4.936284010004223082e-11 6.936633821635748493e-12 -2.709243308888880845e-11 1.760171155740120117e-12 -1.100922364356941260e-11 -3.000118995153356387e-11 -1.061375528670581403e-11 3.857046129895498045e-11 -3.083906974857188362e-12 -9.695359188918534470e-11 -1.126281509058870365e-10 -1.115793531265714539e-10 2.723467201201154930e-11 6.904308407840216701e-11 -1.134201492993129230e-10 -1.084856252357811318e-10 1.108178362769135763e-10 2.594008297946866681e-10 7.459828651369790269e-10 9.351634805617223249e-10 5.366248949825075526e-10 1.410440156940866097e-09 5.475186026692332502e-09 1.874516773122165325e-08 5.600334906155016265e-08 1.496373944266741645e-07 4.016369307035707348e-07 1.079925137231723489e-06 2.921826507023485511e-06 7.929654474789355398e-06 2.154236412074733215e-05 5.856963112517505130e-05 1.599540520200595859e-04 4.409910252751930238e-04 1.244458767480308191e-03
3.219804312232965593e-02 1.244897077001356914e-03 4.411350585043328316e-04 1.600029291677442010e-04 5.856760584431668044e-05 2.154179870561339247e-05 7.932154035487201776e-06 2.921785398225020968e-06 1.075360336223235550e-06 3.961875150347944605e-07 1.453645460528557022e-07 5.351964536244334156e-08 1.896734541671863172e-08 7.180300359594706378e-09 3.560646219151711618e-09 1.715658783976021657e-09 8.677307605907273486e-10 1.471791375274407206e-10 -1.058426819084744720e-10 -2.007539489014395461e-10 -2.112695296275000566e-10 -2.022835572277473052e-10 -1.293511965071549964e-11 5.559878770354194407e-11 9.521565099319660614e-11 -8.909075537475893511e-12 -3.691843461817748911e-11 6.125611021705471991e-11 9.608180900039694001e-11 4.840308141797390828e-11 7.817989026918618101e-12 -2.693132526885265320e-11 3.888780157382894965e-14 -1.151732476806370643e-11 -2.658052523158814350e-11 -5.802590032134453211e-12 4.260275463238305532e-11 -3.373232063023499643e-12 -1.006624219308293157e-10 -1.121678866396595624e-10 -1.108330279754936854e-10 1.950749344090273031e-11 5.727966358716732795e-11 -1.294968765873404453e-10 -1.228061242738747175e-10 1.160760588444653792e-10 2.693622325346449676e-10 7.482118278407624999e-10 9.559987790322929313e-10 6.088613051395413646e-10 1.519921537615280578e-09 5.483561296431725267e-09 1.867699426655323210e-08 5.592341858247294443e-08 1.494776456262822839e-07 4.014154378230830594e-07 1.079937356635651228e-06 2.922211783042447172e-06 7.930854615340181098e-06 2.154551865321123098e-05 5.857651333158650340e-05 1.599665347405714770e-04 4.410170457625868447e-04 1.244513765312908792e-03
3.219788351181939595e-02 1.244935479732437551e-03 4.411465869472186462e-04 1.600050399588934637e-04 5.856726570597120584e-05 2.154145463344887113e-05 7.932287041021231046e-06 2.921694924690200694e-06 1.075245920762234381e-06 3.963673709049545793e-07 1.455288579388141450e-07 5.363750117443333628e-08 1.907283271405696777e-08 7.210345584414486927e-09 3.602200297112919965e-09 1.773205629268132818e-09 8.941046914559525975e-10 1.661672348431714606e-10 -1.077715315744822780e-10 -2.226424540758068907e-10 -2.409543728306293313e-10 -2.206227675816291115e-10 -1.072984498416011722e-11 5.716926967663607341e-11 1.028014720917145355e-10 -2.243730718580770462e-12 -3.596403435199832162e-11 6.274223562948626751e-11 9.632902705971657790e-11 4.603814672075749949e-11 5.695515402598321847e-12 -2.832213937164842285e-11 1.979266805656275193e-13 -1.103395657891184699e-11 -2.853853960342625587e-11 -9.280523769413648940e-12 3.887153856401928498e-11 -3.827739781219367741e-12 -9.585379128022379014e-11 -1.055771397221705718e-10 -9.663305744629395859e-11 4.005415649087200887e-11 7.804186519400650798e-11 -1.168063847195690306e-10 -1.066308671926295049e-10 1.207003112708524197e-10 2.582235691193618004e-10 7.307140914629507768e-10 9.291418078556478513e-10 5.690068723165988158e-10 1.501893307085100443e-09 5.521241478828206668e-09 1.876233803781267712e-08 5.610546520973411705e-08 1.497230184845914758e-07 4.016143395260577770e-07 1.080007488205545132e-06 2.922050312001811496e-06 7.929761869820000248e-06 2.154323116993162669e-05 5.857162969656262578e-05 1.599562475526361300e-04 4.409892490440638297e-04 1.244455525906500637e-03
3.219826247779493389e-02 1.244974139342131404e-03 4.411730254103101399e-04 1.600186269671517237e-04 5.857444052194450972e-05 2.154480164913362655e-05 7.933608742074128403e-06 2.922236590284645963e-06 1.075526395630883528e-06 3.963763441592611256e-07 1.455941524348706281e-07 5.372557321808410419e-08 1.914600601920630014e-08 7.298651266351771081e-09 3.667045415265065906e-09 1.823441777034451760e-09 9.027258645721733253e-10 1.596422876535487193e-10 -9.892815303040034922e-11 -2.177093932483537367e-10 -2.342625896078477689e-10 -2.206057707808404834e-10 -1.380748168773707874e-11 4.977498485274585189e-11 9.333721917655230694e-11 -4.799802371047101321e-12 -3.467499094643233326e-11 6.238699018315205458e-11 9.759468494482122973e-11 4.767769029660502292e-11 5.975813100517659090e-12 -2.808153340924086573e-11 6.387230952590747026e-13 -1.263187832638335167e-11 -2.988764369178762141e-11 -7.389944509869179217e-12 4.507528477620320901e-11 6.274668454418689451e-13 -9.707593786504447181e-11 -1.095418052297356556e-10 -1.060724370930055577e-10 3.390795387273975941e-11 7.358601217572440083e-11 -1.226070182261848107e-10 -1.259225034629930936e-10 1.017408401494117431e-10 2.355809181812452007e-10 7.040870471376633816e-10 9.346992496449402257e-10 6.051693058111736292e-10 1.513118676078023375e-09 5.495429671569417938e-09 1.870654605954547740e-08 5.594942800268231284e-08 1.495355200312269836e-07 4.013767735732999619e-07 1.079725131455135169e-06 2.921980331893718491e-06 7.929792571072726381e-06 2.154321107085231120e-05 5.857296468792183114e-05 1.599614359040070857e-04 4.410065998031240239e-04 1.244489544839152192e-03
3.219783478177728336e-02 1.244927805699394844e-03 4.411497732486560782e-04 1.600106640666551343e-04 5.857096264040586816e-05 2.154320543073368665e-05 7.933126784579537481e-06 2.922130393330901015e-06 1.075388000083965947e-06 3.962572124026704376e-07 1.453759552152548813e-07 5.347638915225401028e-08 1.901741708570363872e-08 7.210639654933174605e-09 3.576311756694381557e-09 1.770869734193179678e-09 9.052935893262280457e-10 1.549356032575219638e-10 -1.356666522562442828e-10 -2.425301280184302153e-10 -2.353279717626016414e-10 -2.106669890459975443e-10 -1.340074813546401009e-13 6.558190939141141445e-11 1.006651899302374890e-10 -1.024069232077388072e-11 -4.227927181282405374e-11 5.830351373515673098e-11 9.490176387529270029e-11 4.696455783097569686e-11 4.542302778350253670e-12 -3.012432415395497527e-11 4.870286009750204622e-13 -1.050595672252275636e-11 -2.899517578187576560e-11 -9.941326700103824216e-12 4.062035164105657373e-11 -4.695383379066708739e-12 -1.024774005453007658e-10 -1.185027975956311847e-10 -1.124535378536631260e-10 2.891323506892692484e-11 7.098761377759014325e-11 -1.150056469846927641e-10 -1.047095466926714960e-10 1.330947345633837279e-10 2.938730255372487643e-10 7.708665675901955757e-10 9.345194627526333970e-10 5.639635293443095340e-10 1.467130484252417601e-09 5.460162490049536972e-09 1.871739207325485101e-08 5.596314918258241931e-08 1.494218884213124313e-07 4.014650999787214942e-07 1.080042360632246739e-06 2.922240327931527887e-06 7.930097560413114209e-06 2.154322252489895587e-05 5.857171253436350104e-05 1.599582282273291547e-04 4.410053382733729733e-04 1.244494647500664266e-03
3.219777857694781226e-02 1.244970868175393963e-03 4.411681955580782234e-04 1.600164979649871914e-04 5.857308752041032863e-05 2.154385038483269110e-05 7.933287462178283039e-06 2.922178940438852427e-06 1.075537849890615215e-06 3.964314190449887481e-07 1.455705059590408037e-07 5.359531353381499471e-08 1.899268986104095665e-08 7.162171466014682298e-09 3.596114984981948933e-09 1.763889389188145150e-09 9.064197677552984467e-10 1.767764041815611824e-10 -1.057489105299821156e-10 -2.215681211951681326e-10 -2.284900895290091667e-10 -2.085960698435056241e-10 -4.431338722305811402e-12 6.342171698056579376e-11 1.092137927598624523e-10 1.098338422508615039e-12 -3.386894995786278931e-11 6.237110704343524051e-11 9.504816538738955872e-11 4.692222631560895669e-11 5.835843353966753328e-12 -2.878532857952550238e-11 1.257113983425229403e-13 -1.124924676282236871e-11 -2.822191444189605236e-11 -7.154750004473284895e-12 4.106133057818005852e-11 -1.919713311549394589e-12 -9.604968436680380016e-11 -1.106710464821131990e-10 -1.086942186596351990e-10 2.644880978582256470e-11 6.600380111519456323e-11 -1.196778236551769191e-10 -1.022016670243088277e-10 1.345520944475991363e-10 2.888619884889533445e-10 7.587655144167450593e-10 9.436707427327506934e-10 5.590954274949170920e-10 1.464955670010777357e-09 5.458080678817055174e-09 1.875829927523598865e-08 5.619057896937021478e-08 1.497208113255411491e-07 4.015089334437340325e-07 1.079864471426373518e-06 2.921965683378216585e-06 7.930463466974471551e-06 2.154478905758889327e-05 5.857460643865168825e-05 1.599613899256209211e-04 4.410038883305158965e-04 1.244499464134200296e-03
3.219821879179256968e-02 1.244892708797917325e-03 4.411357094592199390e-04 1.600034786428243018e-04 5.856906751347170238e-05 2.154314382728949161e-05 7.933346672485118455e-06 2.922371573096764909e-06 1.075726940685241001e-06 3.964750251303502374e-07 1.454932850932852930e-07 5.351994365676058508e-08 1.896483882946854389e-08 7.193570229891649676e-09 3.647220482300656270e-09 1.809820691456394813e-09 9.358329157505000622e-10 1.877481907050007886e-10 -1.009412416821858564e-10 -2.262236156978530899e-10 -2.389626333929053457e-10 -2.143614929061841211e-10 -5.713080584476875049e-12 6.067543247616104321e-11 1.024588756088065505e-10 -3.315626508310181246e-12 -3.529219969401873619e-11 6.481423435738768280e-11 9.773464732572570381e-11 4.930152835358856043e-11 8.160202351747680414e-12 -2.784930498894665260e-11 -1.887175324332725526e-12 -1.233365577028802921e-11 -2.751401283496476961e-11 -7.136832793135974089e-12 4.349294148263535113e-11 1.993521839005746366e-13 -9.605490093377845255e-11 -1.107656261432790988e-10 -1.098597095607062289e-10 2.806619298546582847e-11 7.294815568770645060e-11 -1.133493383484768786e-10 -1.104128566337427888e-10 1.246436483328283797e-10 2.699882544231476576e-10 7.386693918944613228e-10 9.279309681692431286e-10 5.796574694487741211e-10 1.512707582035165623e-09 5.471030077599062593e-09 1.867336591557117246e-08 5.598935088228236730e-08 1.496296851436158054e-07 4.017049680157851199e-07 1.080093293666187138e-06 2.922238508287611819e-06 7.930174805302289844e-06 2.154299672856107401e-05 5.857089797102538788e-05 1.599560873130999447e-04 4.409947327039511682e-04 1.244487451062961788e-03
3.219823296698939158e-02 1.244957114528982530e-03 4.411606133118383928e-04 1.600120184418929361e-04 5.857023809134888587e-05 2.154323493157398809e-05 7.932812359175152154e-06 2.921665002295222545e-06 1.075322095693453274e-06 3.965187563075562803e-07 1.455934218920869910e-07 5.359471042028058743e-08 1.900790714915410845e-08 7.181390617550121834e-09 3.554655777445921893e-09 1.750122152844282264e-09 8.993495491845704834e-10 1.552330643713894138e-10 -1.119435072568019097e-10 -2.102741000138382175e-10 -2.283297229129143248e-10 -2.110025443816173619e-10 -1.075629263714608253e-11 5.416367127553987500e-11 9.582843489894025708e-11 -5.752217896063884784e-12 -3.574521492072583714e-11 6.524235473301616903e-11 9.914333462542307181e-11 4.941628657042194477e-11 8.241089495916757899e-12 -2.705721372192113491e-11 1.059755520398940484e-12 -1.049817327924738560e-11 -2.817032225550362516e-11 -9.875843848189693271e-12 3.893702980476646150e-11 -5.540743224358323849e-12 -9.953877170210283341e-11 -1.113190236749149968e-10 -1.086179930069390051e-10 2.686736634850725884e-11 7.122241198936409592e-11 -1.120905396293722001e-10 -1.073175327272742497e-10 1.174217882093256197e-10 2.589563371175761263e-10 7.361955659129873600e-10 9.023216136867946331e-10 5.551220581443330168e-10 1.519584888938369629e-09 5.544508303689218699e-09 1.874492479354253774e-08 5.592659786386338839e-08 1.494034842513754368e-07 4.012317869102993936e-07 1.079635850658366555e-06 2.921955281773354662e-06 7.930129874093650767e-06 2.154303692715520190e-05 5.857186430246743788e-05 1.599605288304871658e-04 4.410051091434788245e-04 1.244496996983295066e-03
3.219812090400012844e-02 1.244901679300104962e-03 4.411367925470262839e-04 1.600029794104313005e-04 5.856865539352703231e-05 2.154288740625842242e-05 7.933138361030300103e-06 2.922130322374357677e-06 1.075603184804465339e-06 3.965222622840547813e-07 1.455698470841035161e-07 5.361057910706859509e-08 1.903454836252016820e-08 7.210536840609454874e-09 3.603399105657466549e-09 1.776213976335408484e-09 9.265681654440559170e-10 1.897814892499197390e-10 -1.049388910146677358e-10 -2.222472108379551959e-10 -2.333840119489976352e-10 -2.072033283038735620e-10 4.007392012679288876e-12 6.843085499068442021e-11 1.025654673906927593e-10 -6.855391022975018764e-12 -3.802971724140172256e-11 6.162451600328814527e-11 9.582621543709461706e-11 4.789085329631828406e-11 7.346825161296211226e-12 -2.738390492059013990e-11 9.512147798358273834e-13 -1.135245009120112050e-11 -2.954836502757963342e-11 -8.896808277577181109e-12 3.996175220768561971e-11 -4.621760688632711446e-12 -1.021640970276528990e-10 -1.179971169150673851e-10 -1.121601780743626223e-10 2.749206267808470778e-11 6.561087439919704756e-11 -1.260013192424348986e-10 -1.104859340049099016e-10 1.290670254551155824e-10 2.746721526174392955e-10 7.617572139553868625e-10 9.372422375877306224e-10 5.613285031019786876e-10 1.511403196723017668e-09 5.485990680706481028e-09 1.870606677267274545e-08 5.594031953916091155e-08 1.494518493484530379e-07 4.012621232897985648e-07 1.079728283724451834e-06 2.922033652603834363e-06 7.930192890914075760e-06 2.154379326143142639e-05 5.857311070257425367e-05 1.599625314573195156e-04 4.410158323360597265e-04 1.244523204062629408e-03
3.219814558188804215e-02 1.244884957843950994e-03 4.411310815017851269e-04 1.599992650463597215e-04 5.856578896929966096e-05 2.154193337631433086e-05 7.932670944595966383e-06 2.921831510881681972e-06 1.075234170140220759e-06 3.963145412661605572e-07 1.455654173871120802e-07 5.358301749084243703e-08 1.897640241437906906e-08 7.149017842024680973e-09 3.556462260574717311e-09 1.759050961097165516e-09 9.124144682599269545e-10 1.813669436140324433e-10 -1.027822468820993406e-10 -2.169260841332559359e-10 -2.315793258033186051e-10 -2.066043443401638772e-10 4.749778183069079161e-12 7.147176184038775481e-11 1.066254126569721479e-10 -6.261481483709117428e-12 -4.384264174275435229e-11 5.750469828190427678e-11 9.518301139025453400e-11 4.630829335112021408e-11 6.393075051476356267e-12 -2.686720698346042355e-11 1.407560709938379081e-12 -9.817406239664580320e-12 -2.925700556172106791e-11 -1.148097500812406488e-11 3.858738725288838066e-11 -4.847829328562899914e-12 -9.987270814510528898e-11 -1.149810729202257120e-10 -1.114888941043206219e-10 2.352580584458885497e-11 6.622534962420230074e-11 -1.119293798418802244e-10 -1.122113639122764799e-10 1.035638247846715290e-10 2.432423414197326966e-10 7.151638472242368701e-10 9.299974278049603583e-10 6.108970645572120636e-10 1.559146358366711672e-09 5.545254248236557811e-09 1.876779730822430241e-08 5.597237489458329900e-08 1.492831553649427496e-07 4.010856066867382047e-07 1.079638727965837563e-06 2.922277073999261400e-06 7.930818819961924627e-06 2.154549324103189180e-05 5.857563238520357719e-05 1.599652131025306346e-04 4.410125575044040363e-04 1.244507569437783333e-03
3.219841611840292689e-02 1.244992338732830517e-03 4.411751003747150807e-04 1.600176034463938568e-04 5.857372529059554344e-05 2.154457945132688234e-05 7.933464310339991257e-06 2.922325844335304876e-06 1.075694618986307917e-06 3.964723838078314332e-07 1.455593617469886675e-07 5.356323247420412536e-08 1.899763652797447809e-08 7.232682948615039918e-09 3.620155609428196641e-09 1.753951453512760997e-09 8.838049504048330634e-10 1.591369346319665115e-10 -1.035211223238354807e-10 -2.155807795975910089e-10 -2.307903854464260109e-10 -2.128936852992805652e-10 -9.388429713841650248e-12 5.443483697180146482e-11 9.607610208831687653e-11 -1.184762447727752804e-11 -4.169783981679811474e-11 6.047691683270834804e-11 9.813579184527601885e-11 4.983383153456415788e-11 7.320485926663494656e-12 -2.942478594335532151e-11 -2.502112022276531750e-12 -1.334795823367446637e-11 -2.960771022989167532e-11 -8.516168620230286823e-12 4.239289347033267773e-11 -1.866587797755497883e-12 -9.976050562862688011e-11 -1.167288864730855145e-10 -1.162664206604265628e-10 2.129575459752428259e-11 6.603086492999997524e-11 -1.160427119877689932e-10 -1.163631596152773418e-10 1.049259332086406879e-10 2.537379708954232186e-10 7.198831932051575177e-10 9.144480890734999686e-10 5.708183851061382758e-10 1.530740591538233930e-09 5.568723765026300516e-09 1.880731819693925946e-08 5.608643985932149056e-08 1.495836088117368250e-07 4.013504322419984340e-07 1.079893967765114546e-06 2.922924743138535280e-06 7.931891660940543746e-06 2.154605009069127233e-05 5.857779061544850783e-05 1.599731520555082345e-04 4.410311378974762471e-04 1.244565605787889464e-03
3.219833119973338625e-02 1.244916459960369697e-03 4.411458841857714120e-04 1.600045006643313584e-04 5.856601266146730105e-05 2.154018334438212681e-05 7.931776865071283176e-06 2.921684108140033042e-06 1.075268623230495771e-06 3.963399525838990374e-07 1.454952663485374668e-07 5.358937269417948967e-08 1.904863511188065140e-08 7.221453084408975842e-09 3.580649446310139469e-09 1.711315352936164445e-09 8.278039172343955138e-10 1.215377241886053537e-10 -1.207093639627112768e-10 -2.133622323825783968e-10 -2.184476126281356219e-10 -2.007351511442805086e-10 3.149794561745518647e-12 6.929228156289598582e-11 1.019176539952863096e-10 -1.150670318833595775e-11 -4.242375317394484052e-11 5.917719141131509104e-11 9.604204015263768699e-11 4.853681777082239894e-11 8.392709095066977126e-12 -2.724167147705291751e-11 -1.111555700792002720e-12 -1.282673515010575791e-11 -2.904941581726092771e-11 -6.050691790866601022e-12 4.323037293204461601e-11 -4.806778683124100147e-12 -1.007657122241658664e-10 -1.098665305646580733e-10 -1.070381462459299100e-10 2.624208252080696396e-11 6.398351509222368635e-11 -1.238833173829061044e-10 -1.046618978063248626e-10 1.308046097716305955e-10 2.768219726258308488e-10 7.440969910657202454e-10 9.248590408378423639e-10 5.479550813830040473e-10 1.459595632254532642e-09 5.454551291926093474e-09 1.873163702008762326e-08 5.603767346078469270e-08 1.496614032098798208e-07 4.015501413849880958e-07 1.079959630738079230e-06 2.922334602883784338e-06 7.930942384158269976e-06 2.154648465428534243e-05 5.858042399505133339e-05 1.599772372503606367e-04 4.410477217298293504e-04 1.244593452416099593e-03
3.219816714356848325e-02 1.244920539171118831e-03 4.411475139796119872e-04 1.600071211112698451e-04 5.856980748204668272e-05 2.154348024960367223e-05 7.933302659775183732e-06 2.921977998620449259e-06 1.075331572320455506e-06 3.963831364864183052e-07 1.454524240265497454e-07 5.359415847143100400e-08 1.911725183837350344e-08 7.232717766888640376e-09 3.596113988118490525e-09 1.751200963615285560e-09 8.889642689987571107e-10 1.666717565743205566e-10 -1.074046718052964900e-10 -2.121437922255252060e-10 -2.246885156796704025e-10 -2.073273048579884027e-10 -3.591541767372677105e-12 6.565191514262922908e-11 1.041627721704138785e-10 -4.160769847750956666e-12 -3.638522325684235098e-11 6.381161258242573771e-11 1.004888804740595160e-10 4.817315113641944405e-11 5.997801656420267633e-12 -2.841486210649864185e-11 -1.667422248116223043e-12 -1.425442936634132813e-11 -3.141883651176256995e-11 -8.355669173534774760e-12 4.319900841548308230e-11 -4.937470351236122838e-13 -9.452956342967349746e-11 -1.073020572175689338e-10 -1.102337895600563727e-10 1.946355943430554802e-11 5.996195007016075534e-11 -1.304095019260089030e-10 -1.270145400145696682e-10 1.079016125459927612e-10 2.490319043565821355e-10 7.209741107521056487e-10 9.267068603332796197e-10 6.061346067693279507e-10 1.537653273404357813e-09 5.495439964661858438e-09 1.877696066319696011e-08 5.618145280759706235e-08 1.497602597707216832e-07 4.014742532078124697e-07 1.079805981695839484e-06 2.922225895771896222e-06 7.930639585204648088e-06 2.154489473699770373e-05 5.857402516971209761e-05 1.599626464586566363e-04 4.410080483443939753e-04 1.244499208592608720e-03
3.219799399779782467e-02 1.244871420545940344e-03 4.411282930276793192e-04 1.600005100037966402e-04 5.856694373507067631e-05 2.154172224636492081e-05 7.931891958208120308e-06 2.921252646784189296e-06 1.075240475124847218e-06 3.963922432463956919e-07 1.454958330505013461e-07 5.364997067345180656e-08 1.917815795233842764e-08 7.256324530932403920e-09 3.582372777004523697e-09 1.762011680109468706e-09 9.062820029280028682e-10 1.728372177106301764e-10 -9.621059385930945422e-11 -2.056842773258403385e-10 -2.208018364906966736e-10 -2.137394792280339393e-10 -7.896711605070284241e-12 5.462379544507722174e-11 9.601042627705615890e-11 -8.692396989387748010e-12 -4.016322403964906097e-11 6.002914600666433232e-11 9.698041709212228971e-11 4.794572279786146609e-11 5.922691904391673494e-12 -2.805754450957573902e-11 -2.903812572203257108e-14 -1.315662367026144561e-11 -3.039307194695845909e-11 -9.357597155407269569e-12 4.168542693296122188e-11 -5.600458483103455561e-12 -1.057983792280114315e-10 -1.165909968723005632e-10 -1.098994519302275837e-10 2.733347996477315003e-11 6.746093322136752403e-11 -1.192778569098368975e-10 -1.210870446496761237e-10 9.867269787636835806e-11 2.598878845887700608e-10 7.614823530695817075e-10 9.638712668639748430e-10 5.776003284791007196e-10 1.511038754037990728e-09 5.532207422505851798e-09 1.875601890259394616e-08 5.604700687355122028e-08 1.495183707844008112e-07 4.013973164366429820e-07 1.079939714977102575e-06 2.922277162311712268e-06 7.930071587628208818e-06 2.154273221636493100e-05 5.857154630842068032e-05 1.599604480323624375e-04 4.410076062321145718e-04 1.244488790995532286e-03
3.219784314695807448e-02 1.244956402491553728e-03 4.411600062655637085e-04 1.600102005583828432e-04 5.856947961222072141e-05 2.154278060728217746e-05 7.932789485390901856e-06 2.921760243428444948e-06 1.075261747847167353e-06 3.961812600517644161e-07 1.454766032621350338e-07 5.361620413039962438e-08 1.902016950805719612e-08 7.177325259893935228e-09 3.582573497080619310e-09 1.777141449094792447e-09 9.079173042570735158e-10 1.613673178956268644e-10 -1.001290282576581937e-10 -2.047883186037515516e-10 -2.295925061676768429e-10 -2.185249245520790922e-10 -1.267630589891313495e-11 5.961435276403446518e-11 9.986823396256582661e-11 -3.968750825997081106e-12 -3.371747183555773707e-11 6.215494806505416199e-11 9.642657297193751247e-11 4.702913770029277788e-11 7.267209982069253208e-12 -2.835490215135522426e-11 -1.726189137990878829e-12 -1.429331584407749461e-11 -3.109156804005699646e-11 -1.091408859038529603e-11 4.162889062754588532e-11 -1.784031140084855073e-12 -9.837818638038669507e-11 -1.128382787042011855e-10 -1.113279647625269925e-10 2.833024355768265389e-11 7.208066261456131212e-11 -1.134139786372703950e-10 -1.085113155549303070e-10 1.125105222102326559e-10 2.616499004466730230e-10 7.241221317245564484e-10 8.956075870012244920e-10 5.628009254826694471e-10 1.513034284405823817e-09 5.529508096878207216e-09 1.883745089743460686e-08 5.616668749352334183e-08 1.496141704249816952e-07 4.014758347333827726e-07 1.079774037766105057e-06 2.921767903818856244e-06 7.929582179869094880e-06 2.154367412909582796e-05 5.857267680079195852e-05 1.599570739306510571e-04 4.409942454787003550e-04 1.244476639007478227e-03
3.219759157575690506e-02 1.244857665893938986e-03 4.411149042201471001e-04 1.599950486657822487e-04 5.856574382016882806e-05 2.154134618567543174e-05 7.932091843474883933e-06 2.921648170933316533e-06 1.075165516185384541e-06 3.961827110727380861e-07 1.454569371902798502e-07 5.356175641466235395e-08 1.898952671512418982e-08 7.142720750685199354e-09 3.565690627884125794e-09 1.772019926511039802e-09 9.207909079889443317e-10 1.952917832955685451e-10 -8.623644327863816683e-11 -2.092631006758347258e-10 -2.415578041559500051e-10 -2.263387957453792221e-10 -6.028249899173184741e-12 7.332413574970492572e-11 1.111681969422557124e-10 -3.068497522488371776e-12 -3.694517448768933787e-11 6.374993596139586996e-11 9.887064626072611566e-11 4.837662419774594082e-11 5.897372427552730795e-12 -2.997897223251247362e-11 -3.290656244789966048e-12 -1.427578513699166371e-11 -3.002640715507324800e-11 -8.631690566430228995e-12 4.124585979474811477e-11 -5.767016831639676170e-12 -1.031949458817442756e-10 -1.168982548250546212e-10 -1.093548465862978585e-10 3.619058730313575086e-11 8.049023353978579170e-11 -1.075539413932598351e-10 -1.038932317900992949e-10 1.201961978141987150e-10 2.525741554117931411e-10 7.308119181953188137e-10 9.241863192127029718e-10 5.273873210444299115e-10 1.451580895371692390e-09 5.492436640408670270e-09 1.878749947049261813e-08 5.604022560671087990e-08 1.494843731278850014e-07 4.013210595260973249e-07 1.079841691239008087e-06 2.922248043078751247e-06 7.930796855546656083e-06 2.154513857757962576e-05 5.857652125436875923e-05 1.599701513818130652e-04 4.410303930818557181e-04 1.244558724639446097e-03
3.219795488984078524e-02 1.244852926513152075e-03 4.411236023050266793e-04 1.599992053360799237e-04 5.856560720963319339e-05 2.154130306697521171e-05 7.932426291924789128e-06 2.921761056120286194e-06 1.075273368359010528e-06 3.963315744130023544e-07 1.455304717450911504e-07 5.367420724293636606e-08 1.904556230600216320e-08 7.148822973773977141e-09 3.585785830342677886e-09 1.782110102590402934e-09 9.206632859903777184e-10 1.759317852575120747e-10 -1.131286977529567320e-10 -2.204041085856803238e-10 -2.346154914765475152e-10 -2.191380641494496673e-10 -1.180226575155442093e-11 6.575264225725273668e-11 1.087943304441202617e-10 5.523765455999713041e-13 -3.254886399217013793e-11 6.594098313810183508e-11 9.972264898902873196e-11 5.147397328032014591e-11 9.204504740360788918e-12 -2.813185650019898828e-11 -9.089758693827338648e-13 -1.267970157089348273e-11 -3.035619650017467469e-11 -8.881239813989492701e-12 4.341902489456278645e-11 -1.036246073079083971e-12 -9.848397125306721355e-11 -1.151210208525683944e-10 -1.160768185628531606e-10 2.041717150981382708e-11 6.961282127236052499e-11 -1.077660408640164079e-10 -1.024081413221900067e-10 1.175221566351147825e-10 2.447012461284424351e-10 7.322964233163800960e-10 9.431306975320307951e-10 5.393151087900664646e-10 1.451816745352920262e-09 5.462400696115118018e-09 1.868294700671900506e-08 5.591390230826806783e-08 1.494402912832768452e-07 4.013906532575701289e-07 1.079972038159472200e-06 2.922626213234669935e-06 7.930969108350290606e-06 2.154406518299530545e-05 5.857252568721147453e-05 1.599597580847909775e-04 4.410039441756062758e-04 1.244492304675460679e-03
3.219795863884838266e-02 1.244894437207671621e-03 4.411322960152110452e-04 1.599989848382948540e-04 5.856640627241563356e-05 2.154247490333173549e-05 7.932942044180567458e-06 2.921912513361700751e-06 1.075198063976406173e-06 3.963002012667766362e-07 1.455496515374956433e-07 5.360808984235926885e-08 1.898148661041372676e-08 7.181803623648788963e-09 3.611161155683175958e-09 1.751507578673143627e-09 8.760033535873942293e-10 1.611804397799451172e-10 -9.051718223727893306e-11 -2.066987112737732663e-10 -2.260699166409817697e-10 -2.117551620156945498e-10 -4.517020789239081527e-12 5.781178403169285744e-11 9.975819715955578546e-11 -5.339759304204245891e-12 -3.598779590622692584e-11 6.145609745590338888e-11 9.569065632870010612e-11 4.758812094869676072e-11 6.840529717584331844e-12 -2.863564897287254688e-11 -2.977453282975941304e-13 -1.181661053514855774e-11 -2.908559924831303052e-11 -9.329323797358632012e-12 4.044308534595475443e-11 -2.034970676272362259e-12 -9.837674839314260559e-11 -1.150836529921753241e-10 -1.156996027987583392e-10 2.196051663412163513e-11 6.424293339359367632e-11 -1.242064632095075918e-10 -1.056263462166907393e-10 1.520747780012768858e-10 3.011184987767705606e-10 7.569254324299245289e-10 9.228363351701093828e-10 5.344459680064111657e-10 1.473697209515167903e-09 5.495718844166617855e-09 1.873520857744364397e-08 5.591696351854535986e-08 1.495133468013362423e-07 4.014165746438576592e-07 1.079504065150150805e-06 2.921808617155803182e-06 7.930074709482461655e-06 2.154372603190628392e-05 5.857342549360680916e-05 1.599609125853211470e-04 4.410027393508834308e-04 1.244491404162629275e-03
3.219801777901269701e-02 1.244916202062403042e-03 4.411492553350148511e-04 1.600092637155334251e-04 5.856985974739658797e-05 2.154266757290998455e-05 7.932599151463534616e-06 2.921810978994326825e-06 1.075532668836670174e-06 3.965152412373239689e-07 1.456532784268368593e-07 5.370040624068355978e-08 1.911737065162035575e-08 7.204009334121521222e-09 3.552161608042691528e-09 1.761476446159476006e-09 8.992009273260637724e-10 1.603292007982258603e-10 -9.821568049276043337e-11 -2.045599874029735091e-10 -2.240213973509725700e-10 -2.089203745349503524e-10 -1.164044399337643921e-11 5.123023552082490912e-11 9.203295995393541721e-11 -1.111221158222591264e-11 -3.851036205405861203e-11 6.387957126471364934e-11 1.000421415161470920e-10 5.113656978922374419e-11 8.733376108902355912e-12 -2.779590810933599677e-11 -9.018193610782104430e-13 -1.216032811660795489e-11 -2.890965834858326426e-11 -8.827242705881339581e-12 3.939334406134205071e-11 -5.215126186487008726e-12 -1.014617525334718293e-10 -1.157351047760480910e-10 -1.104266402041551021e-10 2.751532262809874725e-11 6.768759644260496782e-11 -1.194822086188855666e-10 -1.199332475152055283e-10 1.102566070378107507e-10 2.563608382884264151e-10 7.328564319489913889e-10 9.316070435416934227e-10 5.676248015007239346e-10 1.514179987972218421e-09 5.532359227050004475e-09 1.877611920716790428e-08 5.595976027409616497e-08 1.493559637381840012e-07 4.012936402560596326e-07 1.079949725976346596e-06 2.922281639853061230e-06 7.931027987108603121e-06 2.154633967096421739e-05 5.857751544035134884e-05 1.599679542323562533e-04 4.410267937337763663e-04 1.244566071485137589e-03
3.219806615140585054e-02 1.244958548717142038e-03 4.411594509474477273e-04 1.600118061192457876e-04 5.857183216215327155e-05 2.154419342106766785e-05 7.933467646074791413e-06 2.921994708435191982e-06 1.075315078263583480e-06 3.961505961629331948e-07 1.453567591330673360e-07 5.359911128776933373e-08 1.907311985314987477e-08 7.170761091100211690e-09 3.574429533770097953e-09 1.762752884533823617e-09 9.060438633605664460e-10 1.775673234226733953e-10 -9.790813906482944636e-11 -2.235843299082863467e-10 -2.496699745312279782e-10 -2.339896333430667219e-10 -2.210190947318937715e-11 5.533921095951989704e-11 9.840246487665050272e-11 -7.581266227550956658e-12 -3.632419433288219821e-11 6.252928439217347879e-11 9.863781388048327077e-11 5.004989674505290212e-11 6.630063389086815607e-12 -3.212730975352256420e-11 -5.143163930443479633e-12 -1.384372232484862921e-11 -2.821317604398722260e-11 -6.759056905517340232e-12 4.253091994832055543e-11 -2.658428224598353121e-12 -9.893425621390711216e-11 -1.121356975641533635e-10 -1.083677731920728990e-10 2.738035220028350304e-11 6.916513575476545560e-11 -1.189892710591088210e-10 -1.190131036738336563e-10 1.162712416008525863e-10 2.738065802260025187e-10 7.718099123244387922e-10 9.813438601591070272e-10 6.528195551381839423e-10 1.590837563048872705e-09 5.597347726767274698e-09 1.882171165070323550e-08 5.609866731999041407e-08 1.496128297601696849e-07 4.014401339074020768e-07 1.080003931229362124e-06 2.922321759728450671e-06 7.930012534572492876e-06 2.154334651232419530e-05 5.857325193483758506e-05 1.599633530129890931e-04 4.410199658465270654e-04 1.244539978554469678e-03
3.219825865793983499e-02 1.244907126894957390e-03 4.411410938934857431e-04 1.600026911584028801e-04 5.856600948125374869e-05 2.154117513039125373e-05 7.932304977278531544e-06 2.921494918871387993e-06 1.074889215256130504e-06 3.960056287982553173e-07 1.453514479338659699e-07 5.354562039989590753e-08 1.919838989110985433e-08 7.387858358911412011e-09 3.676994336885636906e-09 1.783307441771060577e-09 8.905860142717799197e-10 1.600998311791404706e-10 -9.704017781152693081e-11 -2.149807850195174796e-10 -2.369909575086089863e-10 -2.133823237002625632e-10 -8.072601690645458403e-12 6.047707442773595909e-11 1.005594127036011048e-10 -7.358243091529313209e-12 -3.869364645730850986e-11 6.117406863741372491e-11 9.694880919171165945e-11 4.860455775957955420e-11 6.872014760212102275e-12 -2.997501035068713478e-11 -1.966624109342202778e-12 -1.171937419700079817e-11 -2.930884628757333326e-11 -6.948856506578497070e-12 4.422087754843012862e-11 7.724760470402146570e-14 -9.655219813616475422e-11 -1.131501998081170302e-10 -1.137538334584094761e-10 2.003690537684296552e-11 6.214682332204021271e-11 -1.240615221802716284e-10 -1.272234918335282481e-10 8.380163555797011119e-11 2.289078389062408490e-10 7.252969850623701194e-10 9.702436443891686373e-10 6.311842726259422220e-10 1.558032454275887873e-09 5.552976482753549866e-09 1.874391445984812351e-08 5.598599899582273016e-08 1.495550475879557475e-07 4.015385322690720358e-07 1.079956555422824118e-06 2.922283579284929812e-06 7.930407765570705837e-06 2.154389545859241816e-05 5.857113958038254956e-05 1.599511898987502625e-04 4.409835009928965714e-04 1.244454136619922713e-03
3.219786035901101712e-02 1.244985681149378322e-03 4.411718889133099523e-04 1.600167100491875992e-04 5.857363281876576232e-05 2.154468484301706255e-05 7.933587885519291060e-06 2.921947530522292131e-06 1.075106083937625691e-06 3.961860817311538381e-07 1.454121545564345859e-07 5.352244107248646512e-08 1.903381359051657979e-08 7.215435287155978066e-09 3.578188861270597723e-09 1.738510649799947224e-09 8.726577037169282806e-10 1.500079979040443883e-10 -1.057709255799882051e-10 -2.096772252344957136e-10 -2.273583636792627237e-10 -2.064687741579744514e-10 -1.066113517398174914e-11 5.765530535129675138e-11 1.030057265792059040e-10 -5.508513257103518301e-13 -3.265730392068259586e-11 6.443498004294314265e-11 9.707287386464983105e-11 4.688087008805526518e-11 5.393565789180674293e-12 -2.853475803174926707e-11 -7.138213152374949978e-13 -1.332265418146422461e-11 -3.112947201169679166e-11 -1.204792136664165920e-11 3.759096590224105339e-11 -3.436969343342927649e-12 -9.729862826962894179e-11 -1.094129503395744405e-10 -1.096662858864415267e-10 2.895580379343650000e-11 7.619970516046853800e-11 -1.092830788326202841e-10 -1.024421785211487056e-10 1.438663625868632123e-10 2.907739931289810248e-10 7.566013142792123076e-10 9.614454655859778332e-10 6.334488758390395625e-10 1.544616535284892748e-09 5.487347509308869454e-09 1.869890505222267523e-08 5.600306778019820310e-08 1.496195350920791184e-07 4.014841224626767552e-07 1.079874649728648735e-06 2.922343603260775870e-06 7.930981590191543253e-06 2.154517092456399008e-05 5.857436317184421974e-05 1.599622412632277773e-04 4.410048463321326255e-04 1.244482880373764437e-03
3.219861955836508111e-02 1.244953320949752484e-03 4.411611747272138444e-04 1.600127065148755330e-04 5.857119725515198984e-05 2.154357402352562563e-05 7.933088433401301533e-06 2.922125962009369764e-06 1.075436188857832077e-06 3.963487112471144060e-07 1.454710101382994924e-07 5.355977279350219010e-08 1.904685022166525684e-08 7.196696847205678843e-09 3.608552034550589858e-09 1.836008468924356003e-09 9.509841694987975393e-10 1.824179515406862342e-10 -7.981880191927366877e-11 -1.958871290757370691e-10 -2.329095953733597364e-10 -2.208204832050106603e-10 -1.337762065759489579e-11 5.892460535594468798e-11 9.693957922620931419e-11 -7.854128742676174626e-12 -3.616011760210353104e-11 6.432681212272553750e-11 9.853022599272123310e-11 4.655453516163316369e-11 5.050867709646003286e-12 -2.988440843748092657e-11 -2.593726400582286722e-12 -1.436534895397267684e-11 -3.008183651297174760e-11 -9.745440786852108133e-12 4.375108263274867064e-11 3.198534588272709402e-12 -9.190667957137574296e-11 -1.043423312840632250e-10 -1.006439260005537253e-10 3.792058357611032357e-11 7.651521942653146680e-11 -1.149777175996367392e-10 -9.888791388503703446e-11 1.366618550801951743e-10 2.703806940807375334e-10 7.222209485812453596e-10 9.454272334935499378e-10 6.316947012086998509e-10 1.565142697362304523e-09 5.532102498961880809e-09 1.873635289263613195e-08 5.597080748741111367e-08 1.495168921555945857e-07 4.015017413222854000e-07 1.080177295753673356e-06 2.922910370726020028e-06 7.931835856189840904e-06 2.154706773298505884e-05 5.858026744194508003e-05 1.599789289446489787e-04 4.410522889678646021e-04 1.244601369705993594e-03
3.219799544587374773e-02 1.244871771584768558e-03 4.411226408545319941e-04 1.599934372150860597e-04 5.856225437367439958e-05 2.154014173958247716e-05 7.932227652694190918e-06 2.922054763984875552e-06 1.075538019088895759e-06 3.964489701249493793e-07 1.455700412680705644e-07 5.364427762159621964e-08 1.903422730310464862e-08 7.187147822102982371e-09 3.619085767771298878e-09 1.775600294925481698e-09 8.867956099780549654e-10 1.587306731720020737e-10 -8.846252346390078812e-11 -1.920176759213759681e-10 -2.209629495636098969e-10 -1.953071924070151541e-10 8.651459153581783623e-12 5.912096033671381727e-11 9.399218839320739947e-11 -5.322793433940244134e-12 -3.235496414509651338e-11 6.602258343035491155e-11 1.014441746651201816e-10 5.234001695194653250e-11 9.600915060106496984e-12 -2.948574471723717958e-11 -3.036270740054871690e-12 -1.442644320452586611e-11 -3.291903920963659819e-11 -1.223854110423935951e-11 3.955792448738583585e-11 -1.453458517598330834e-12 -9.893154478590658829e-11 -1.134378271680880932e-10 -1.120787592858889387e-10 2.658740175296022070e-11 8.286785470558371434e-11 -9.534828396932339023e-11 -9.737517560332385502e-11 1.094056926522768340e-10 2.329509813318562523e-10 6.873413010456524822e-10 8.837285673179120968e-10 5.308891629410129522e-10 1.503368589113140245e-09 5.533853177431731557e-09 1.871658824141000070e-08 5.588303295268470528e-08 1.493165636936735451e-07 4.012244228787286973e-07 1.079661260725106670e-06 2.921533703355596576e-06 7.928955437060462741e-06 2.154091768077692282e-05 5.856610635191659357e-05 1.599456777545442334e-04 4.409730028535554396e-04 1.244431450409421184e-03
3.219763565132567618e-02 1.244869897682502127e-03 4.411288608055331318e-04 1.599983266839000195e-04 5.856628232685827726e-05 2.154188775034982734e-05 7.932437564385657445e-06 2.921671612382590231e-06 1.075045026364654186e-06 3.961264023722504517e-07 1.454357449481599235e-07 5.360202328276153780e-08 1.906686738594837723e-08 7.232264327404708481e-09 3.597000671238614225e-09 1.776090255819337714e-09 9.178361809719788362e-10 1.551099005750153412e-10 -1.145344582693384787e-10 -2.113322633891226428e-10 -2.292475850597169910e-10 -2.100976105579384998e-10 -8.712773670295351239e-12 6.077626209702749393e-11 1.002136020480043482e-10 -8.953598530852268193e-12 -4.164682116545375162e-11 6.138058913066213104e-11 9.735812735151842589e-11 4.721734834841229992e-11 5.187648528700679207e-12 -2.950945854138059316e-11 -8.216303276918900603e-13 -1.066847736803149397e-11 -2.735587632962181337e-11 -6.006406285291678108e-12 4.509366020058851562e-11 -8.684500016192934929e-13 -9.552874621398056594e-11 -1.100158303869659297e-10 -1.088514293745568635e-10 2.501525195813606972e-11 5.661058788026786398e-11 -1.366718677476260551e-10 -1.275548939586677068e-10 1.132562326688402015e-10 2.861554711585333003e-10 7.848891063549589731e-10 9.522065374000003732e-10 5.662815363824599743e-10 1.497378247395843850e-09 5.488562765037842407e-09 1.876115024645347715e-08 5.605089604894200379e-08 1.495760921385149323e-07 4.015649849527543366e-07 1.080194779612594620e-06 2.922690428397851791e-06 7.931176315251182676e-06 2.154554359297186904e-05 5.857524491359184237e-05 1.599638799415531887e-04 4.410134342533568257e-04 1.244520343828981824e-03
3.219812548523282719e-02 1.244897235630800696e-03 4.411300403785125722e-04 1.599948959957460490e-04 5.856299702357145646e-05 2.153991583576623804e-05 7.931803465950609184e-06 2.921773703467613991e-06 1.075398075895568795e-06 3.963005784566021636e-07 1.453932767761442626e-07 5.358337294849469975e-08 1.907938227481880509e-08 7.258672213965738197e-09 3.625107897299914417e-09 1.766640158807467464e-09 8.811750538021196848e-10 1.614891371087330100e-10 -8.444664862180816514e-11 -1.940926162026465935e-10 -2.250326668288052453e-10 -2.110418494005216056e-10 -1.071919405395086139e-11 5.727494831261360269e-11 9.774147171189044636e-11 -7.003755818719533507e-12 -3.710465908631698291e-11 6.393288146614478208e-11 1.003646044070345879e-10 5.039494146554107032e-11 7.235828511046109133e-12 -2.830554818427027779e-11 -1.699423509178258291e-13 -1.106020847589881909e-11 -2.898659940545175653e-11 -8.952725267285023004e-12 4.327520262154542590e-11 3.595765703759051891e-13 -9.737865211451417437e-11 -1.099915550861856660e-10 -1.048450444454203588e-10 2.725325082639703181e-11 6.245488072602472224e-11 -1.206466267194415226e-10 -9.209056422871637442e-11 1.475711777513426405e-10 2.805852819603506104e-10 7.567756149813128057e-10 9.276351314893506172e-10 5.772655294130143928e-10 1.534418647602071797e-09 5.559984453753995260e-09 1.876511711937912011e-08 5.602723726135428116e-08 1.495658144596797158e-07 4.013182066465271728e-07 1.079551068751922753e-06 2.921999859835309327e-06 7.930752938411394278e-06 2.154585324613258337e-05 5.857805132662072923e-05 1.599720402132777278e-04 4.410347977280265185e-04 1.244567218140210565e-03
3.219793209253699051e-02 1.244811807810005918e-03 4.411028158302998745e-04 1.599902132217917222e-04 5.856339960589184189e-05 2.154065796699887510e-05 7.932154598457909290e-06 2.921826881248783020e-06 1.075391482267697695e-06 3.963805460657346024e-07 1.455359952006461129e-07 5.362089246683154768e-08 1.906323972900304208e-08 7.195816311115183784e-09 3.563629097220973977e-09 1.736271653451021867e-09 8.864303644966962498e-10 1.514868055574190195e-10 -1.163137827561390416e-10 -2.248723365207459962e-10 -2.441837355662743229e-10 -2.179579824389223774e-10 -5.432066399656072032e-12 6.524484082956564699e-11 1.028650085313681365e-10 -5.887850396866195581e-12 -3.330748398982787006e-11 6.600620243209077415e-11 9.665532053448937526e-11 4.700746574387572943e-11 6.348791969971011659e-12 -2.793672611302316349e-11 -2.400033425223241205e-13 -1.270046829615362886e-11 -2.990349524875697498e-11 -9.132869043573432171e-12 4.225398149883112000e-11 -4.343383215181056806e-13 -9.757224098489277399e-11 -1.150221215074654285e-10 -1.126062992584027467e-10 2.623055709547604705e-11 6.649686611052823865e-11 -1.222022137138694378e-10 -1.314597723016585281e-10 8.411979460468310282e-11 2.531626988926057148e-10 7.467016996707976675e-10 9.454629372259253528e-10 6.082155816705501341e-10 1.562056395915188132e-09 5.600669423652012493e-09 1.880427635395101703e-08 5.595452761294310224e-08 1.493277237709508861e-07 4.012626289860173278e-07 1.079836616763126783e-06 2.922457335354785996e-06 7.931452256864771324e-06 2.154712443913191369e-05 5.857925516757453199e-05 1.599718361416369028e-04 4.410290516759780670e-04 1.244537306059235234e-03
3.219832001253533638e-02 1.244948098875843989e-03 4.411606977472705090e-04 1.600123680817796678e-04 5.857167525872545335e-05 2.154373506139243386e-05 7.933111762410237971e-06 2.922062020168792726e-06 1.075436844305400839e-06 3.962974474787526288e-07 1.455378432044280424e-07 5.364032078758774355e-08 1.903373987572408375e-08 7.164235027649213552e-09 3.564211374808049082e-09 1.749529365288836808e-09 8.696211303882284421e-10 1.429713734406239478e-10 -1.002057512275947568e-10 -2.182575184890894133e-10 -2.396753474019447686e-10 -2.178543618821891634e-10 -4.053287295018269263e-12 6.805100785246093868e-11 1.029847552972550314e-10 -7.715746071425191431e-12 -3.903169041279749855e-11 6.319588230663191090e-11 9.871548584111287438e-11 5.024838575142404442e-11 9.271888571764080320e-12 -2.661006418550138887e-11 -3.342595813286916567e-13 -1.153660778168699954e-11 -2.811461278445796523e-11 -8.274581444311706015e-12 4.095250876199989666e-11 -1.856401413432245933e-12 -9.552073430457571506e-11 -1.111382712147977965e-10 -1.108536425478728869e-10 2.497526114062113885e-11 6.523901907981885284e-11 -1.178089928425962780e-10 -1.073656866473072197e-10 1.171213030811809152e-10 2.526371075734757205e-10 7.234131000751409242e-10 9.507170665915819968e-10 6.339783730180193304e-10 1.573149862614364801e-09 5.506727885822786273e-09 1.871972498607329593e-08 5.603464529143855452e-08 1.495663063716897063e-07 4.014834081814976078e-07 1.079869285306377635e-06 2.922323607036101537e-06 7.930674981933986728e-06 2.154380561793624990e-05 5.857259511502200752e-05 1.599609812910960489e-04 4.410079794755489952e-04 1.244512680274706493e-03
3.219835460622435391e-02 1.244960564996387166e-03 4.411664996327097142e-04 1.600153102775612719e-04 5.857339846118420345e-05 2.154467869756459221e-05 7.933273352189877499e-06 2.921876927274939039e-06 1.075308654242413788e-06 3.962467296556124058e-07 1.454207285181753254e-07 5.361415980775808148e-08 1.911150405802924458e-08 7.281185696076065727e-09 3.632564255630875503e-09 1.761510724723945090e-09 8.895686961632710621e-10 1.868378448089184750e-10 -6.189261804537135231e-11 -1.812168166607296616e-10 -2.297951424525872946e-10 -2.245679924988116073e-10 -1.586536409035041643e-11 5.406034979020531585e-11 9.806250801647437021e-11 -4.112858571509056983e-12 -3.533083291747351359e-11 6.357509248330508731e-11 9.711722504497539046e-11 4.639292628912242650e-11 4.580351060277946269e-12 -2.773360694165759318e-11 1.357786348598348184e-13 -1.305849820972465225e-11 -3.021631517031161448e-11 -8.753286726280070361e-12 4.327399672318494815e-11 1.515393219208981750e-12 -9.130493876361114084e-11 -1.048000590361279189e-10 -1.060401260458347997e-10 3.717538573041441969e-11 7.714604829043002101e-11 -1.268260331442628004e-10 -1.266918084792971793e-10 9.657813156820477818e-11 2.558707074428144861e-10 7.494366055251506277e-10 9.372601205426505873e-10 5.904587466229264377e-10 1.523390573478865339e-09 5.507699789769539221e-09 1.867528267340355184e-08 5.594266287811747967e-08 1.496016722781302759e-07 4.015625657129324290e-07 1.079852009538137084e-06 2.922060580029714009e-06 7.930394204494979862e-06 2.154458437920827495e-05 5.857550656561142581e-05 1.599689814176569105e-04 4.410251026731698250e-04 1.244534840891961362e-03
3.219822205646372115e-02 1.244936866209890797e-03 4.411540337499937647e-04 1.600119002827452681e-04 5.857037490997968543e-05 2.154241319178438796e-05 7.932446239621712209e-06 2.921766735188832713e-06 1.075483908152801125e-06 3.965475013529657509e-07 1.456966420921308035e-07 5.376933332253457566e-08 1.919777882726961682e-08 7.280729368187975905e-09 3.602086296715299264e-09 1.754833516699196143e-09 8.875707274899515661e-10 1.517174137556336707e-10 -1.154061671796050893e-10 -2.194657143669061326e-10 -2.339560403513437511e-10 -2.107147142898490069e-10 -1.035531375267447442e-12 6.650809682013933879e-11 1.003439351215018874e-10 -8.560637131475002742e-12 -3.979097833936983410e-11 6.269649596236769651e-11 1.008815777705171031e-10 5.017745226990456593e-11 5.967903543391889634e-12 -3.021165684668546460e-11 -2.104902883304680992e-12 -1.385493800925381975e-11 -3.052622256666815040e-11 -8.698652511509570905e-12 4.152186067273204335e-11 -4.768167449536452922e-12 -1.039746126255473804e-10 -1.147376939941026379e-10 -1.034229730496900905e-10 3.419559109356035362e-11 7.043481721211841384e-11 -1.175803104489355342e-10 -1.180458471642331779e-10 9.647642427815910357e-11 2.504781412175464624e-10 7.247893358275657389e-10 9.193894922160144511e-10 5.846936209412015356e-10 1.541741402012313217e-09 5.568249433697439666e-09 1.880254679883007956e-08 5.599759557171387705e-08 1.495592761336542466e-07 4.015393863221191427e-07 1.080032796483817803e-06 2.922669099039284772e-06 7.931479657307385293e-06 2.154714836425302782e-05 5.858122408992127495e-05 1.599770457307985187e-04 4.410399124652463767e-04 1.244576082745283991e-03
3.219804007746335239e-02 1.244928516615026546e-03 4.411458491880468585e-04 1.600058169091011931e-04 5.856925389092289443e-05 2.154313592205823279e-05 7.932980815888569405e-06 2.921637354317724903e-06 1.075078555184134919e-06 3.962175414368907109e-07 1.453680538108904903e-07 5.340759179209356594e-08 1.893070763352853728e-08 7.136508375259473011e-09 3.531926963599398190e-09 1.722835511239325497e-09 8.905230873046224144e-10 1.654637320947248970e-10 -1.056027142861859631e-10 -2.211830254106989873e-10 -2.402496973954697230e-10 -2.266544123290040072e-10 -9.559504681521473857e-12 5.952578450510829891e-11 9.519548709328954964e-11 -1.285852182598362465e-11 -4.231802361951890207e-11 6.168893245762657128e-11 9.871263024875363809e-11 4.881074606852177585e-11 6.770688439213111251e-12 -2.692831926931200651e-11 2.095797287046056886e-13 -1.274079201183577945e-11 -3.050533358706868638e-11 -1.075321614441366834e-11 4.145435886313436516e-11 9.934516978220131964e-13 -9.463934055395191154e-11 -1.069113889421211672e-10 -1.042255351482399287e-10 3.097676078460593962e-11 8.252998538821675682e-11 -9.996453890709396823e-11 -1.047474163217251474e-10 1.121846866306188835e-10 2.673844304095320515e-10 7.390444614581914952e-10 9.115962590688444620e-10 5.497257263659518885e-10 1.493384822974807041e-09 5.496922425941702967e-09 1.872538422805258041e-08 5.605483701021614279e-08 1.495521181218239240e-07 4.013405321990466976e-07 1.079840674132801607e-06 2.922465962919004867e-06 7.930870827577779709e-06 2.154399668855699082e-05 5.857107480166452891e-05 1.599536961894326866e-04 4.409901400290592481e-04 1.244473541483585247e-03
3.219774994185290590e-02 1.244863858854276676e-03 4.411186236785101500e-04 1.599945419818105325e-04 5.856387441955280567e-05 2.154073735472102329e-05 7.931934320574422390e-06 2.921533193099277686e-06 1.075301088653997344e-06 3.962839987486142265e-07 1.454344731221986631e-07 5.357793819649814267e-08 1.903321216657811534e-08 7.218776694678260683e-09 3.604865646758147286e-09 1.748290047953585753e-09 8.563864997268246344e-10 1.389589549674926051e-10 -1.148770380645562037e-10 -2.208366155872280805e-10 -2.326236346589074781e-10 -2.184731558024823840e-10 -6.918772976872697843e-12 6.686398681176185227e-11 1.052812468973329659e-10 -4.155646608863266138e-12 -3.894622386519154174e-11 5.967743699595080358e-11 9.569178096125608330e-11 4.735347452967304535e-11 6.984353378437316472e-12 -2.673100052051731701e-11 7.139784932999391187e-13 -1.214403419587569393e-11 -2.973704825593906572e-11 -9.770965736077298904e-12 4.156456282722147388e-11 -2.692139904626782270e-14 -9.302965203152459659e-11 -1.051518271875366256e-10 -1.059034721937970616e-10 3.383539543118507822e-11 7.999177103536390456e-11 -1.185384819530152118e-10 -1.245304035565066065e-10 9.807702680768608626e-11 2.449592845151686285e-10 7.362819731307327787e-10 9.436455860199011038e-10 5.758434941857448148e-10 1.553070682648728506e-09 5.569732546569605427e-09 1.872337008868382064e-08 5.588561558243323631e-08 1.493516769186134142e-07 4.012389744049859293e-07 1.079883279548680456e-06 2.922559801190628952e-06 7.931378654589597461e-06 2.154580002575934557e-05 5.857719583369590374e-05 1.599714628291368495e-04 4.410312189271072231e-04 1.244557111727750834e-03
3.219781039596228411e-02 1.244908212564133912e-03 4.411387704286391697e-04 1.600038250900363932e-04 5.856755809454247338e-05 2.154178769553299896e-05 7.932608176800525848e-06 2.921954563983545189e-06 1.075447832550722593e-06 3.964139583100824021e-07 1.453985681993422808e-07 5.342148387509318093e-08 1.902519410339276793e-08 7.263577428604975803e-09 3.627841080756436827e-09 1.770768666730693685e-09 8.634938123142145712e-10 1.391834720547600468e-10 -1.004990738309427236e-10 -2.032965307436681076e-10 -2.274070105966067172e-10 -2.189166113428219485e-10 -1.020160286824965984e-11 6.243204621536601377e-11 1.015111841701810037e-10 -9.139397375761139158e-12 -4.029373646286728627e-11 6.073529481884970106e-11 9.596117315532941901e-11 4.708563035726697088e-11 6.789226649400316094e-12 -2.721292204969767265e-11 6.881165766321490650e-13 -1.191757114571848037e-11 -2.816986688672951764e-11 -7.974768221172185911e-12 4.014765113127035088e-11 -4.176655154342195086e-12 -1.000571962514661357e-10 -1.167507724596545637e-10 -1.101142597766911021e-10 3.004379326569134906e-11 7.195075952669554496e-11 -1.124354771768593266e-10 -1.096616881210189836e-10 1.175029532348691461e-10 2.662007074234689076e-10 7.216727658563253528e-10 8.878187662235110924e-10 5.381093379615079606e-10 1.533948275047898648e-09 5.563260545611257031e-09 1.878505298004801268e-08 5.600588229433243562e-08 1.494806076007723759e-07 4.014629047576116216e-07 1.080141150293052884e-06 2.922609318796071532e-06 7.931039009656423757e-06 2.154446381927914932e-05 5.857313488453063809e-05 1.599586877584720560e-04 4.410028285540432092e-04 1.244500766337411227e-03
3.219775033432519667e-02 1.244924866536520824e-03 4.411498407235690507e-04 1.600114642387060946e-04 5.857215252044262665e-05 2.154418931300111639e-05 7.933084825789386236e-06 2.921807010024547374e-06 1.075287419937211566e-06 3.963103655049695246e-07 1.455386358709400451e-07 5.358177234748552879e-08 1.904739000426127751e-08 7.278838042428050568e-09 3.637278961758450734e-09 1.760796936916018568e-09 8.865757439274853945e-10 1.667923986825673674e-10 -8.900414283109844002e-11 -1.965654136366629080e-10 -2.131763563790806388e-10 -1.995543914755029722e-10 6.736265423377209081e-12 6.772836365803452049e-11 9.755309501144953510e-11 -9.230384046461593172e-12 -3.821577835655939283e-11 6.330932084429430157e-11 9.799583279542957759e-11 4.735809702732994264e-11 4.266510541726657125e-12 -3.098015466016568428e-11 -8.381046479242975800e-13 -1.156521726927226813e-11 -2.805250459877491734e-11 -7.037990770883812781e-12 4.346172282729811407e-11 1.014913390750601805e-12 -9.667153852309287313e-11 -1.101402589013988767e-10 -1.081821616984090075e-10 2.663918519352140125e-11 6.469422293030189072e-11 -1.253054862177244288e-10 -1.225127466533978700e-10 1.099916708330654670e-10 2.652209472053953052e-10 7.466938351068666227e-10 9.518501047540141962e-10 6.218898532392463757e-10 1.592220618128572292e-09 5.584097325049758797e-09 1.876776876272612205e-08 5.601273793295144200e-08 1.495387557326874809e-07 4.013520804432000952e-07 1.079609104014929375e-06 2.921871431407371762e-06 7.930141554294580552e-06 2.154430135424076166e-05 5.857410777862744527e-05 1.599628218994329093e-04 4.410124681422894857e-04 1.244520986758273226e-03
3.219798963064813418e-02 1.244891488993467819e-03 4.411315262935450285e-04 1.599997583706245965e-04 5.856647699718150075e-05 2.154171823544559790e-05 7.932349614480481171e-06 2.921793313133305529e-06 1.075362247745444753e-06 3.963936066183388385e-07 1.455537535757738073e-07 5.365761015577934923e-08 1.911260657051706693e-08 7.199904457354545643e-09 3.551873235382606288e-09 1.758477723448085931e-09 8.917865777144621698e-10 1.575660209768577633e-10 -1.059202035482223668e-10 -2.193166804723883670e-10 -2.325615016400815894e-10 -2.125357408126157133e-10 -4.079290050667841824e-12 6.337657990089248758e-11 9.992145774433684257e-11 -6.580503935490410273e-12 -3.439550191301083057e-11 6.469481853315064390e-11 9.835649724672543351e-11 4.850070316612629410e-11 6.721492074629393859e-12 -2.688034820976816215e-11 1.189903326181865713e-12 -1.075430958579374148e-11 -2.950583779506277678e-11 -1.026170273799679926e-11 4.250784452761829092e-11 -1.500947769187406591e-12 -9.824341198660539332e-11 -1.104554354926304193e-10 -1.069827749452789339e-10 2.242929905251019712e-11 5.957594976790834946e-11 -1.163243715330192264e-10 -1.057340456574028340e-10 1.124190359004081236e-10 2.607080760394433042e-10 7.412848656156964912e-10 9.553077044978551442e-10 6.310457318143186316e-10 1.582735256884310108e-09 5.585582031734739818e-09 1.877131149966376581e-08 5.609149779868488109e-08 1.495991581259926097e-07 4.013349552417714554e-07 1.079892947051149739e-06 2.922353544888316278e-06 7.930701973120558623e-06 2.154462995705719048e-05 5.857476017530080465e-05 1.599654739247775999e-04 4.410204661540401486e-04 1.244535136259448992e-03
3.219791472731668713e-02 1.244943055177676105e-03 4.411530191685242536e-04 1.600089885446233601e-04 5.857047445206952729e-05 2.154317110821399997e-05 7.933249593764413700e-06 2.922302719273280118e-06 1.075387911278129398e-06 3.960950754299586703e-07 1.453305187591080071e-07 5.354338525929676195e-08 1.908295235829948367e-08 7.254513627415252744e-09 3.595597482581975848e-09 1.753794614140253475e-09 8.895574938705509289e-10 1.665493468815833831e-10 -9.956289540269416679e-11 -1.994936910207818455e-10 -2.108061963000417193e-10 -2.006539594563799111e-10 -3.039666344651497844e-12 5.941178592795414722e-11 9.787382230828270810e-11 -7.744325279060898298e-12 -3.855015401283630867e-11 5.981854371306442860e-11 9.584278650482916260e-11 4.787480753884145294e-11 5.246540445983905885e-12 -2.950205656295889706e-11 -8.218947550549224936e-13 -1.210559078207673124e-11 -2.928668761843327134e-11 -7.601769606953498739e-12 4.101360250404304989e-11 -4.460909796890311531e-12 -9.941593538833206527e-11 -1.185216419662935268e-10 -1.153087596502720650e-10 2.927475099477174881e-11 7.041720793727917693e-11 -1.166947540963424021e-10 -9.815953833626482128e-11 1.413524952091862295e-10 2.726066630388512731e-10 6.984632355850845162e-10 8.712716648128696230e-10 5.135404996582992587e-10 1.512723218229463322e-09 5.560389142938874242e-09 1.880609312794481603e-08 5.611654892840824326e-08 1.497059508244556625e-07 4.018438229145345359e-07 1.080511643503552679e-06 2.922712593235710879e-06 7.930512213804637116e-06 2.154488668478757351e-05 5.857790220806198745e-05 1.599726771697631406e-04 4.410279058706086997e-04 1.244551420540609054e-03
3.219790250301134138e-02 1.244945312275629089e-03 4.411552518405364217e-04 1.600077711491898751e-04 5.856859151897781421e-05 2.154218811491906977e-05 7.932705133022239876e-06 2.922097430255644432e-06 1.075320433884283768e-06 3.962686536592018806e-07 1.455030524822545352e-07 5.363080324635698401e-08 1.904293700673758159e-08 7.182028598550715286e-09 3.572427286447559083e-09 1.752595819975394187e-09 8.860326257595518758e-10 1.448715948397570558e-10 -1.060232170877677163e-10 -2.021549000192090265e-10 -2.151546451229151756e-10 -2.087102108914778017e-10 -9.661914455688991732e-12 5.592154431821243186e-11 9.536539300576358685e-11 -9.244423810984321666e-12 -3.582948598615661016e-11 6.369836577199683810e-11 9.764949737354161432e-11 4.948691116567750636e-11 9.242286292578513003e-12 -2.630693318931490847e-11 4.969438616013292621e-13 -1.040803156004618984e-11 -2.714816826393228265e-11 -7.320015971043253275e-12 4.224924265127907016e-11 -1.263300838278689732e-12 -9.881717860009183725e-11 -1.124601669260853422e-10 -1.061061956027302617e-10 3.297747328941194995e-11 7.506826428404397226e-11 -1.128066130226854919e-10 -1.149803676413156220e-10 1.029197776411802620e-10 2.484636954694600053e-10 7.261742234852912520e-10 9.225559268072886299e-10 5.827554738080975331e-10 1.533594797631076895e-09 5.498035564645906482e-09 1.870550271221032488e-08 5.595173322133623518e-08 1.495308721415233266e-07 4.015738425514474355e-07 1.080173515408048179e-06 2.922568152092027447e-06 7.931220185199511233e-06 2.154591967945151574e-05 5.857682858943357996e-05 1.599691458396448440e-04 4.410320849199506304e-04 1.244558537316746644e-03
3.219784990556316673e-02 1.244915973435585695e-03 4.411417684485095065e-04 1.600037027656542701e-04 5.856766236396329580e-05 2.154200490978038128e-05 7.931963856814084002e-06 2.921439236162538550e-06 1.075162656730475232e-06 3.962910099604969985e-07 1.455200578450344429e-07 5.362828705604096804e-08 1.914566708868037704e-08 7.263175004832970435e-09 3.577197550272278966e-09 1.730159381563285205e-09 8.671271460079284508e-10 1.494190452634598143e-10 -1.000811638786757183e-10 -1.996152596432385352e-10 -2.171509700847419125e-10 -2.062771007831618768e-10 -3.195642887238929958e-12 6.172526809949401921e-11 1.006045146655563468e-10 -4.656640235209253725e-12 -3.562863636222826295e-11 6.308297382444514632e-11 9.573457297240418059e-11 4.416446495633714037e-11 2.601909916097531387e-12 -3.046554907828093056e-11 -1.377699600037373829e-12 -1.232245716310839170e-11 -2.856636042723326134e-11 -9.674519809689166114e-12 3.885796657729246838e-11 -7.345279518292535097e-12 -1.028594383064918908e-10 -1.140183435849730342e-10 -1.079639224510332670e-10 2.780340994800331458e-11 6.655016687806806375e-11 -1.240606904062554181e-10 -1.171098902029956520e-10 1.093063791625656559e-10 2.497113124182703820e-10 7.293443919499643495e-10 9.268171737523075850e-10 5.892174754690857292e-10 1.514989769716209807e-09 5.494306981575010629e-09 1.874941049445219707e-08 5.610097244043471753e-08 1.497095602561949093e-07 4.015015936629487031e-07 1.079795591166144257e-06 2.921941731787644295e-06 7.930106893376581546e-06 2.154396281304568091e-05 5.857366898189917678e-05 1.599636423497918466e-04 4.410169379751372517e-04 1.244530813937438484e-03
3.219797208634529034e-02 1.244852198312099666e-03 4.411179437349111668e-04 1.599949241787687235e-04 5.856347437356717602e-05 2.154017254596549545e-05 7.931784622401378773e-06 2.921725794577487675e-06 1.075459569050426725e-06 3.964836086864336734e-07 1.454520732199814952e-07 5.352638383763248825e-08 1.902754486276387137e-08 7.229230424838916498e-09 3.611012752203336152e-09 1.764281526193460843e-09 8.945570785054309202e-10 1.635508467335083573e-10 -8.043768456819894769e-11 -1.995742094924827431e-10 -2.297837485777721894e-10 -2.231781140601890303e-10 -9.412854200746647860e-12 6.338894164164922564e-11 1.039485064665572826e-10 -2.257569421278727796e-12 -3.370250235345600177e-11 6.502104372711097736e-11 9.864345276803152203e-11 4.727532133754847540e-11 3.654153717333540100e-12 -3.164421887202521294e-11 -1.726873643896852200e-12 -1.120595570141055700e-11 -2.749921649654608355e-11 -6.077677830379566251e-12 4.459485952292837564e-11 3.419860448150730191e-13 -9.622452770229325932e-11 -1.086229552500310972e-10 -1.079791463853718116e-10 2.596411750097717375e-11 6.762027932391789947e-11 -1.207609990691248665e-10 -1.163508458229819026e-10 1.172111438953717495e-10 2.767801570508171234e-10 7.488393416027472513e-10 9.010668481397953970e-10 5.144534304293418872e-10 1.436195223365966523e-09 5.460039514503769912e-09 1.870888507692388147e-08 5.601781031320666953e-08 1.495997261118475788e-07 4.014737714816949072e-07 1.079953270652723731e-06 2.922354502956411250e-06 7.930597329652754805e-06 2.154496973466671835e-05 5.857542964967318730e-05 1.599650576168554369e-04 4.410156515349639519e-04 1.244507713868417235e-03
3.219796629894859652e-02 1.244953925602270643e-03 4.411577983688103164e-04 1.600132893717161515e-04 5.857282729539008554e-05 2.154382370029561057e-05 7.933011066113676286e-06 2.921879292122194014e-06 1.075368614541257629e-06 3.963381564552219709e-07 1.453865898938040633e-07 5.352191256518274018e-08 1.908135179640358106e-08 7.339335615370227450e-09 3.688127161048590316e-09 1.804586620923780324e-09 9.310297594984355258e-10 1.748648362639785924e-10 -1.080941692531018170e-10 -2.208098025657211640e-10 -2.381505120683553474e-10 -2.225076497658360154e-10 -6.710458818441565422e-12 6.887194140553652004e-11 1.042690321264452995e-10 -5.965196778096094446e-12 -3.785351834384382532e-11 6.063082603042119571e-11 9.574457369509745313e-11 4.731122548888344459e-11 6.133805497425739940e-12 -3.059348233094605934e-11 -1.625634146424296711e-12 -1.244015851375466186e-11 -2.998858668412414189e-11 -8.534407101855218817e-12 4.201934694701961669e-11 -5.794077973998301573e-12 -1.026545056119986995e-10 -1.142502089871178163e-10 -1.066750502115039942e-10 2.921767401592665681e-11 7.127438946898533519e-11 -1.197897305645141071e-10 -1.183071609382766477e-10 1.069135844773473167e-10 2.779422425593307548e-10 7.479131713040998794e-10 9.253638962981717509e-10 6.086504669978325327e-10 1.599937832109081443e-09 5.631155889408572804e-09 1.879079183211656027e-08 5.596683282271771526e-08 1.495498494817042165e-07 4.013831121974256693e-07 1.079561060545910611e-06 2.921480541878511162e-06 7.928896902560793832e-06 2.154209153633143020e-05 5.857016559785687548e-05 1.599518252928252638e-04 4.409856604286151367e-04 1.244456363095329532e-03
3.219810942219765437e-02 1.244982578663421163e-03 4.411765151249944644e-04 1.600208074106421186e-04 5.857392277612290498e-05 2.154413448538040139e-05 7.933351421914087461e-06 2.922286917274418595e-06 1.075506954899835223e-06 3.962387068213584498e-07 1.453848421766819246e-07 5.363166788820658667e-08 1.909636988464234127e-08 7.231403149648558916e-09 3.614028049034924220e-09 1.745379399634272060e-09 8.639828771567054622e-10 1.441332036044149976e-10 -1.087096258976522280e-10 -2.159287995776342927e-10 -2.350737866641315235e-10 -2.172929840996164019e-10 -5.082053696254440413e-12 6.325492852007052913e-11 9.996408191925300739e-11 -8.561042418570576148e-12 -4.177984332781648791e-11 5.983469114995984663e-11 9.688120777021918288e-11 4.838454744041546955e-11 6.713456137594075380e-12 -2.841988294827365382e-11 5.450027536542064412e-14 -9.972279545295367995e-12 -2.671358806398334200e-11 -7.785947444461469735e-12 4.342883257598784219e-11 1.125508850327375771e-12 -9.871142957714229735e-11 -1.134760803434408191e-10 -1.083565186810189689e-10 3.278298854081098327e-11 7.570890387515491306e-11 -1.132928694431395750e-10 -1.025289715477097077e-10 1.240003378976980625e-10 2.620318055022486621e-10 7.211832873651836211e-10 8.981559240982864562e-10 5.534786141601459139e-10 1.475081505677971521e-09 5.450008609804762310e-09 1.869913472111785732e-08 5.594424681824755845e-08 1.494915952202162970e-07 4.012833182058688924e-07 1.079585572625271012e-06 2.921961045245513108e-06 7.930010126249014963e-06 2.154333134232628771e-05 5.857279316459615062e-05 1.599611582809725254e-04 4.410139692753574326e-04 1.244527688376755384e-03
3.219812020421618931e-02 1.244935114603272150e-03 4.411478271728358383e-04 1.600048651752081631e-04 5.856670081497709668e-05 2.154146259805343972e-05 7.932406114084711350e-06 2.921862296102235557e-06 1.075543678042161656e-06 3.963744101207567273e-07 1.454713881195072142e-07 5.356769155703017205e-08 1.903388015127379950e-08 7.177167764875064927e-09 3.548331021181239023e-09 1.756454277299014496e-09 8.874208311752407382e-10 1.604405421228110984e-10 -8.832540516570282092e-11 -1.921203255657604727e-10 -2.246879204970107373e-10 -2.071946740062210775e-10 1.219752421811092838e-12 6.241790300259814901e-11 9.867242389647831767e-11 -6.414164904427513921e-12 -3.631573500668887692e-11 6.486577695965565158e-11 9.942366950374816810e-11 4.818400597898249830e-11 7.105016423087782897e-12 -2.792348454041485955e-11 -3.153116703259715242e-13 -1.182342918387700725e-11 -2.664191219337438667e-11 -4.403290074846227563e-12 4.603817123852436769e-11 3.353927375265029624e-13 -9.836600831504788053e-11 -1.088320991707175840e-10 -1.058561889174950676e-10 3.077202022799543396e-11 7.461855694727846484e-11 -1.134674724277980103e-10 -1.074898219998770046e-10 1.177213519880486750e-10 2.576067386209676591e-10 7.227762915058388537e-10 9.268207706706230621e-10 5.382479298960287315e-10 1.435157351707139089e-09 5.454256170390604447e-09 1.871887831701352659e-08 5.599301786311325165e-08 1.494853166247769279e-07 4.013128591774875283e-07 1.079824774886267404e-06 2.922288574557809960e-06 7.930741476347896168e-06 2.154440316027150663e-05 5.857316133808580479e-05 1.599616473500974859e-04 4.410135046400722706e-04 1.244528118864416310e-03
3.219818632642736794e-02 1.244857938526359965e-03 4.411208427261012282e-04 1.599962461417196681e-04 5.856371771750827008e-05 2.154091083035220857e-05 7.932173910765511596e-06 2.921484088704688410e-06 1.075198263433900295e-06 3.963035778200431163e-07 1.453444526403862428e-07 5.344935499824401637e-08 1.899824205155017056e-08 7.258279296271096338e-09 3.636073415637623335e-09 1.749161984488230012e-09 8.809138442696161417e-10 1.686318564132386532e-10 -8.586182031599172318e-11 -1.924204332936514220e-10 -2.239908454903449479e-10 -2.144351037029554637e-10 -4.654648130446616273e-12 6.388594800316928969e-11 1.026897117685594381e-10 -6.506412592320472790e-12 -3.733858364873214407e-11 6.013981934873936315e-11 9.502369157083846835e-11 4.644825328312873537e-11 4.589272623125448580e-12 -3.105795631541772912e-11 -3.623646712801048844e-12 -1.423784339623613090e-11 -2.961938009837382533e-11 -7.001306261728438444e-12 4.535251873776223643e-11 2.863967550660987752e-12 -9.386866066624573229e-11 -1.081450720095652013e-10 -1.030291193804033618e-10 3.416223325424452523e-11 7.040037001816437335e-11 -1.196831863692208919e-10 -1.198631487624933518e-10 1.124708409250804437e-10 2.651246962933707012e-10 7.442519855526291736e-10 9.371726890243311311e-10 6.016755179281098826e-10 1.587382305547451480e-09 5.613920607779693396e-09 1.880859997855732926e-08 5.602666716795279545e-08 1.495324172999305773e-07 4.013095530664703858e-07 1.079566722520469763e-06 2.921787533134839291e-06 7.930332653531155604e-06 2.154481882626107700e-05 5.857469774581808546e-05 1.599632707567004257e-04 4.410125245230157994e-04 1.244506644918011396e-03
3.219819362670176682e-02 1.244958225732945576e-03 4.411621412432112344e-04 1.600109062285926366e-04 5.857024226862511370e-05 2.154281794905687616e-05 7.932587728305838642e-06 2.921763231993421681e-06 1.075280735964287292e-06 3.963735047627756157e-07 1.455272878631362469e-07 5.354557496921441087e-08 1.898457692893746457e-08 7.209542574106141907e-09 3.607105670341859180e-09 1.765147013543828240e-09 8.987469801455474046e-10 1.388076254619350862e-10 -1.310413340980977287e-10 -2.293901300806158138e-10 -2.342294138051821244e-10 -2.084652846566443755e-10 -1.446531745403824339e-12 6.680994350675925101e-11 1.063269417102170747e-10 -1.079895208642186674e-12 -3.621782493463613965e-11 6.105530158173248749e-11 9.657191312011237152e-11 4.715946064869746099e-11 6.077235187495367820e-12 -3.122129490615020190e-11 -2.543576699292717830e-12 -1.081081111960822987e-11 -2.771086366147263625e-11 -8.676930722745109568e-12 4.001429035366644831e-11 -2.876768215072002042e-12 -9.958431773323788910e-11 -1.124369900011255431e-10 -1.074754511879224113e-10 3.187016016399890668e-11 7.127596630973482969e-11 -1.191094513586675453e-10 -1.253177179197474808e-10 9.984021401624163501e-11 2.717261135574991827e-10 7.604958871050437385e-10 9.674849001714718149e-10 6.107856276404917974e-10 1.555835563972916374e-09 5.551599439436429985e-09 1.876312396889712602e-08 5.601412825528184917e-08 1.494979493221887345e-07 4.013624441213729527e-07 1.079963933778162991e-06 2.922440969981803966e-06 7.930699763158964609e-06 2.154469932205362018e-05 5.857490090029092363e-05 1.599653879570337714e-04 4.410237659341535266e-04 1.244541981192291312e-03
3.219803409510169773e-02 1.244912383480429414e-03 4.411405681332670700e-04 1.600039815990183557e-04 5.856748236869790600e-05 2.154152712461931328e-05 7.932297741668887958e-06 2.921956441584232082e-06 1.075414389207036775e-06 3.963257965496237969e-07 1.455197266036458723e-07 5.351709250588949296e-08 1.890795483007322828e-08 7.153365544876070546e-09 3.576342191033927493e-09 1.782663544612501552e-09 8.936686565508992129e-10 1.456421289262967939e-10 -1.235285928489480517e-10 -2.239166532262263116e-10 -2.260810386444261207e-10 -2.148632854591510248e-10 -1.038261354614232563e-11 5.920946364501166198e-11 9.541793758715616334e-11 -1.037127202049556581e-11 -4.039473690171197935e-11 5.877605370458759161e-11 9.314047607686858033e-11 4.668336851854886928e-11 6.773792138869675365e-12 -2.827732328519392021e-11 1.164035082530307712e-12 -9.436847428978028141e-12 -2.736720314872056258e-11 -8.439951158101471196e-12 4.273185170071713014e-11 -2.619957344730855218e-12 -9.893019180173447049e-11 -1.104966239371370095e-10 -1.039829634590915960e-10 3.091217952316279651e-11 7.241943377516807345e-11 -1.125001164941432756e-10 -1.138376300063016104e-10 9.318937945672334238e-11 2.330502169051014474e-10 7.269511875974894631e-10 9.345458155030119567e-10 5.983707031932559863e-10 1.549902427305981171e-09 5.529405167343157112e-09 1.874421899623500733e-08 5.596765679654968250e-08 1.494132040299416235e-07 4.013757745224516501e-07 1.079900436681274445e-06 2.922552916404434586e-06 7.931164860134989506e-06 2.154512787281622898e-05 5.857561447264187770e-05 1.599672121637148820e-04 4.410208864628369215e-04 1.244525861384962722e-03
3.219889967995591407e-02 1.244926889987210379e-03 4.411373411995939977e-04 1.599970021330927405e-04 5.856379219418284665e-05 2.154028966096623379e-05 7.931922022692842325e-06 2.921759276278828635e-06 1.075235413722858257e-06 3.961866548118761978e-07 1.454073868892783948e-07 5.362233150344235525e-08 1.909154130151382078e-08 7.218796291396656153e-09 3.603544227991630879e-09 1.760608239275721276e-09 9.058381293169577704e-10 1.704148348837557290e-10 -1.135670809735601962e-10 -2.225365328530992082e-10 -2.427729741800672964e-10 -2.249158693623128603e-10 -1.466249360747134987e-11 5.891288557527761853e-11 1.001077349871615059e-10 -3.948558429506442606e-12 -3.499736322689465161e-11 6.165320901561913393e-11 9.733256975522146149e-11 4.846902039489346999e-11 7.160312134973690074e-12 -2.739118409546404562e-11 5.422118917496064171e-13 -1.074931993716342034e-11 -2.719456075418119405e-11 -7.943919056630394839e-12 3.822211544103087709e-11 -8.357557373797147197e-12 -1.026385862821295855e-10 -1.113398373962653732e-10 -9.847898896949962457e-11 3.595077378220111862e-11 7.908824082448229796e-11 -1.012131974028101097e-10 -9.588899971283827496e-11 1.351380852435506499e-10 2.911407095448469167e-10 7.449967154413844632e-10 9.375549654254432094e-10 5.765870675050627458e-10 1.512855722274865019e-09 5.542935423036121934e-09 1.875594545731699748e-08 5.589785289988080303e-08 1.493259872019694235e-07 4.011131451242182252e-07 1.079597496962737252e-06 2.921902433237519225e-06 7.929508006623615815e-06 2.154234059385863281e-05 5.856969055356122040e-05 1.599552628551352909e-04 4.410042251241397021e-04 1.244527351879292460e-03
3.219775932315575850e-02 1.244930883506397377e-03 4.411417812968493573e-04 1.600030249814659580e-04 5.856736821947962330e-05 2.154217455289124657e-05 7.932591999928197723e-06 2.921895898244393650e-06 1.075584043962835853e-06 3.963819784178302174e-07 1.455222274743237074e-07 5.366125175654434188e-08 1.904291874642885311e-08 7.153905542186549116e-09 3.519487105617596662e-09 1.724205498757141481e-09 8.996128965701656446e-10 1.744664141873501312e-10 -9.627428181820721851e-11 -2.068365304614961420e-10 -2.176399892923536727e-10 -2.021387335275123068e-10 -4.799276881706239121e-12 6.280984654170007399e-11 1.015497847723774209e-10 -5.675468550312793643e-12 -3.812148042576729149e-11 6.178537607466563281e-11 9.542572817155085123e-11 4.851632768200673496e-11 6.947807600204330056e-12 -2.977791325653389496e-11 -2.012548513076287899e-12 -1.196699841252993410e-11 -2.866372691913377376e-11 -7.206176382587675883e-12 4.278552394670586094e-11 -3.904413184876637221e-12 -1.011542380850914345e-10 -1.122094913102237648e-10 -1.058725229639755810e-10 2.901319646948782954e-11 6.564408945215215525e-11 -1.249584977341070310e-10 -1.216624950994446571e-10 1.147959651563089316e-10 2.732952332901637502e-10 7.463384956428299149e-10 9.436240125450591455e-10 6.022333412088686175e-10 1.522431479376821628e-09 5.486093166088082436e-09 1.870416451536771323e-08 5.601354903164689759e-08 1.495939566699211458e-07 4.014625061029755765e-07 1.079891717964941361e-06 2.922086509210092994e-06 7.929970655776141640e-06 2.154294468997285274e-05 5.857104635633638437e-05 1.599558816737145690e-04 4.409954308553360163e-04 1.244488261912522244e-03
3.219749424740957211e-02 1.244954987988628348e-03 4.411579773459796102e-04 1.600128712517853290e-04 5.857278861313233053e-05 2.154384600406644370e-05 7.933095811685940472e-06 2.922081938427740058e-06 1.075433147025800382e-06 3.962480362008237170e-07 1.453864866751524575e-07 5.353749050160712996e-08 1.899060300501701614e-08 7.165318952324186341e-09 3.567454574988031039e-09 1.786338163696459566e-09 9.296933698060202951e-10 1.876833789976958211e-10 -1.062289808813270125e-10 -2.272589979148091879e-10 -2.317529353569928467e-10 -2.043444285052260070e-10 4.512398525760569950e-12 6.711235767228363547e-11 1.005382787842454641e-10 -9.953093228827409724e-12 -4.151460636005528393e-11 6.029758901295951497e-11 9.817235658443868289e-11 5.054472358514063773e-11 6.809426883845100259e-12 -2.929119246044864653e-11 -6.425429958072584832e-13 -1.164780111239933756e-11 -2.922222068624286465e-11 -1.004379282537961085e-11 3.855862918953133545e-11 -5.812982718946579281e-12 -9.770609239364608716e-11 -1.123269072361937138e-10 -1.111928986709738855e-10 3.192767167974666686e-11 7.911861146242981556e-11 -1.169341396839929814e-10 -1.219212048986227814e-10 1.054514886868547736e-10 2.529443974806983122e-10 7.338683249818261736e-10 9.272930292672055180e-10 5.842170268928724037e-10 1.527180506133749019e-09 5.474144076602534158e-09 1.868485853161560513e-08 5.593718084070843449e-08 1.494896091413446873e-07 4.015008309811832546e-07 1.080011469925274892e-06 2.922189230227559904e-06 7.930469910529813217e-06 2.154516329371599666e-05 5.857563566294372382e-05 1.599670163756465341e-04 4.410203317257560519e-04 1.244534897612191871e-03
3.219842275877817656e-02 1.244893847698935307e-03 4.411342370709023871e-04 1.599976343843442566e-04 5.856239267098300219e-05 2.153814150396636377e-05 7.930393598839166749e-06 2.920797162899060812e-06 1.074870105042150847e-06 3.961004583632755702e-07 1.453985798141558650e-07 5.359936005859613588e-08 1.908265486696799184e-08 7.159287705461893114e-09 3.551371935848398154e-09 1.759012264515553161e-09 9.100474386400349878e-10 1.535885400702592415e-10 -1.165115290630921065e-10 -2.101352822023732923e-10 -2.366918303267611788e-10 -2.162953087942594684e-10 -3.569788656818614081e-12 6.484116399055511508e-11 1.066012317192814984e-10 -1.300567130692825943e-12 -3.671939089452782950e-11 6.063364332570891036e-11 9.524395773445789418e-11 4.563938931916955190e-11 5.497206881438083601e-12 -2.809697434441903348e-11 -7.964865326122616464e-13 -1.409257263072778418e-11 -3.259146501164252815e-11 -1.138369596161967722e-11 4.103948030330759972e-11 -2.797554440427927822e-12 -1.001591316488109288e-10 -1.140970881509586892e-10 -1.064980793811559373e-10 3.638400296366208996e-11 7.703411043022614796e-11 -1.126505486290551779e-10 -1.147092793895539122e-10 1.266275127331032595e-10 2.956709934172755734e-10 7.696473988984487719e-10 9.531522899762684237e-10 5.807661565710167668e-10 1.531243550393185283e-09 5.537660025013483965e-09 1.873380967659345691e-08 5.594755872118637426e-08 1.494307704754558417e-07 4.013049478658979316e-07 1.079481405826102541e-06 2.921598298676328362e-06 7.929269192800959110e-06 2.154220896276196149e-05 5.857072813126437878e-05 1.599555957271889153e-04 4.409955970507729861e-04 1.244489615049084461e-03
3.219804860448496203e-02 1.244842029367594855e-03 4.411147874774200696e-04 1.599937854731323485e-04 5.856481072269033962e-05 2.154168156837619612e-05 7.932572044571196558e-06 2.921971304621661856e-06 1.075447027027387249e-06 3.961299601665152438e-07 1.452670313566901067e-07 5.345485449949279220e-08 1.896108172017395717e-08 7.141729969388820211e-09 3.543061419361027051e-09 1.752317734218766526e-09 8.687778295189190178e-10 1.299121848210254721e-10 -1.097378738996431146e-10 -2.166341317056612852e-10 -2.389079576487800193e-10 -2.285280247978419975e-10 -1.165794914529494531e-11 6.611110091896163304e-11 1.067296749418996246e-10 -4.443145327020316987e-12 -4.091372743459724645e-11 5.748469629613494517e-11 9.553982499045974753e-11 4.922099326505176832e-11 6.477340948890950816e-12 -3.010461314089461584e-11 -2.046957137243290836e-12 -1.457752850507630193e-11 -3.082247075131702306e-11 -7.528095734909735777e-12 4.494033139088312489e-11 1.488946402193932566e-12 -9.803620825115823234e-11 -1.171516412221757377e-10 -1.186075902269440930e-10 2.117704667172146017e-11 6.402726713937453388e-11 -1.120809011290867292e-10 -1.016710670777888386e-10 1.140202448267063629e-10 2.502447661616936778e-10 7.312362395207097886e-10 9.225810928165895134e-10 6.159584724935204667e-10 1.583884744460691328e-09 5.577543675004647191e-09 1.882797025526220495e-08 5.607127985431273144e-08 1.495892642331233013e-07 4.015589589898345321e-07 1.079697407157941394e-06 2.921808045010996167e-06 7.930043427404910098e-06 2.154407866581869050e-05 5.857393541166273622e-05 1.599623353664718275e-04 4.410073937084379092e-04 1.244495240584720525e-03
3.219771027286778137e-02 1.244877326814335279e-03 4.411264477226633780e-04 1.599983399429588009e-04 5.856453454878697931e-05 2.154064672781772291e-05 7.932326314805295195e-06 2.921825153600534712e-06 1.075181157094019424e-06 3.962278320453348632e-07 1.454727964551183427e-07 5.364066280460776203e-08 1.909263774085570078e-08 7.255720580326945973e-09 3.579537670672305921e-09 1.679317802454598776e-09 8.399664447286195459e-10 1.604175599325307941e-10 -1.055391623922483089e-10 -2.172495766534603152e-10 -2.322245738689856458e-10 -2.165899972037635783e-10 9.854170873417277852e-13 7.098360386623044157e-11 9.941720384820824027e-11 -1.018461009097949790e-11 -3.976289253647749477e-11 6.264692598764173508e-11 9.698627213446004310e-11 4.752189217671909984e-11 5.324592748283857113e-12 -2.968877523878509043e-11 -1.070914112904623070e-12 -1.111035327488646995e-11 -2.856747424679183056e-11 -1.051895688564664576e-11 3.888749007896113569e-11 -6.368836206742390350e-12 -1.001388028355765953e-10 -1.054226793289870858e-10 -9.739061760071440647e-11 3.208205679984404948e-11 6.930781808205341989e-11 -1.200647041912938384e-10 -1.115611550728033855e-10 1.137149543537704697e-10 2.570304349644546167e-10 7.524879399139776404e-10 9.466743048876143270e-10 5.884262855715862478e-10 1.520792205486056992e-09 5.538472292658531057e-09 1.873213835525948781e-08 5.606943444835714753e-08 1.497785129230877550e-07 4.016557137498754340e-07 1.080076741078082942e-06 2.922356444961876363e-06 7.930430805349112421e-06 2.154473524051484239e-05 5.857646884291349716e-05 1.599684290250904346e-04 4.410217571237255219e-04 1.244535200791873535e-03
3.219793239624012954e-02 1.244884411341320085e-03 4.411262879696958503e-04 1.599977169130154637e-04 5.856521043136465432e-05 2.154117395489593795e-05 7.932016915892353535e-06 2.921506786169631213e-06 1.075269502231467647e-06 3.963889040894358920e-07 1.455255626081948570e-07 5.356033832936267983e-08 1.891875670369474356e-08 7.126362950913997661e-09 3.563455410939020438e-09 1.773040904467217423e-09 9.172351940501373639e-10 1.577187972678244833e-10 -1.143052586962482161e-10 -2.002083724580174950e-10 -2.054205022816915938e-10 -2.013390621061197126e-10 7.415299496394180600e-13 6.997239757449972094e-11 1.043983498418606705e-10 -9.449451394068347896e-12 -4.098139754895575964e-11 5.879487216119137352e-11 9.783909657688885505e-11 5.063342848943011388e-11 8.698713331025507608e-12 -2.630858795937007086e-11 2.406069828412723818e-12 -1.032081234940850292e-11 -2.941261215623490845e-11 -8.811303482581730915e-12 4.191806742091818746e-11 -1.678617794396796986e-12 -9.853296576519319054e-11 -1.159292805026994155e-10 -1.151409920036087370e-10 2.277474626857871963e-11 6.566113723179156871e-11 -1.225224134105557919e-10 -1.261823224259268588e-10 8.291459093607293143e-11 2.300194204832176387e-10 7.470590557841369579e-10 9.796848087605691086e-10 5.937878203999751014e-10 1.474511082964828895e-09 5.493304672281059689e-09 1.873422316945925354e-08 5.597014051349554867e-08 1.494739415794466398e-07 4.013675593863090025e-07 1.079876236713550729e-06 2.922207585617798767e-06 7.929976888674231776e-06 2.154288202180483792e-05 5.857194962450242470e-05 1.599596258702068073e-04 4.410038741509977140e-04 1.244489771258497270e-03
3.219784369143398328e-02 1.244853556498210769e-03 4.411200393090377193e-04 1.599983278630285103e-04 5.856503323868093793e-05 2.154021053851272084e-05 7.931905769843795048e-06 2.921904920858022338e-06 1.075530914491591271e-06 3.964745690882199173e-07 1.455772926674368502e-07 5.360457840321699194e-08 1.904535329416184983e-08 7.209308937658243030e-09 3.555247609649655928e-09 1.735552785934653261e-09 8.921051271724819635e-10 1.639809615718033756e-10 -9.548242161084421333e-11 -2.030593764769057311e-10 -2.342129205421046959e-10 -2.175936111402730221e-10 -7.807665658728540590e-12 5.668422331201654006e-11 9.558626088490408265e-11 -6.979576887939504176e-12 -3.757094907758501559e-11 6.247942071297841732e-11 9.831477768476853806e-11 4.926917233767156153e-11 7.702581485143541091e-12 -2.835484039550738843e-11 -4.901151227380534974e-14 -1.253353896911870641e-11 -3.009862715053374690e-11 -8.647870296389266716e-12 4.197192095089374007e-11 -1.818659400895428773e-12 -9.813805081726905844e-11 -1.089241487968106640e-10 -1.079056979269693257e-10 2.514634548717303828e-11 6.927001844004077090e-11 -1.235264678163095674e-10 -1.302467677609748509e-10 1.116662110175862258e-10 2.732400411977601138e-10 7.392359054601144394e-10 9.214359330668105227e-10 5.738596482029276960e-10 1.516599765620239258e-09 5.493204199902330348e-09 1.876199845704732721e-08 5.610423004170403560e-08 1.494907152260768492e-07 4.011630773658606003e-07 1.079598111697046530e-06 2.921929235906031959e-06 7.929476377638894317e-06 2.154170421919562490e-05 5.856910760904704047e-05 1.599536413071283106e-04 4.409859596769200377e-04 1.244444875240611689e-03
3.219777032747929424e-02 1.244934480171606310e-03 4.411514695461198998e-04 1.600091269210491022e-04 5.857081980802181183e-05 2.154354231295138892e-05 7.933370948558137324e-06 2.922322557918680860e-06 1.075638128750435564e-06 3.963113118572109721e-07 1.453588702131980371e-07 5.356939778554389965e-08 1.906021712163839102e-08 7.225196211799909962e-09 3.572166160645816235e-09 1.727618742514978595e-09 8.734267955555790057e-10 1.582694835020168754e-10 -1.037626874602817623e-10 -2.208592334383822957e-10 -2.393914313967658069e-10 -2.166603875666472591e-10 -7.836656060481665170e-12 6.068074003673094681e-11 9.924473099774740171e-11 -5.983957324584202752e-12 -3.638465088678961641e-11 6.396311330108630984e-11 1.011099721106996656e-10 5.003379887389280954e-11 6.640123129900752678e-12 -2.769523591046895120e-11 1.680520139341030879e-12 -1.081400411332991430e-11 -2.934405084168726423e-11 -9.255657718252615510e-12 3.954075953801945909e-11 -2.777417078682381522e-12 -9.875424686506031806e-11 -1.144562855297469297e-10 -1.114756024415890324e-10 2.733291358875999131e-11 7.322129963243620185e-11 -1.213168140625385090e-10 -1.118585621343638573e-10 1.168947459775412541e-10 2.595994576530332479e-10 7.416381308806467535e-10 9.338608945802857397e-10 5.575253220235602367e-10 1.542624228035757704e-09 5.568945207873258932e-09 1.874694926188160603e-08 5.601566391744040228e-08 1.496440181607848782e-07 4.017372965637608646e-07 1.080393245829091116e-06 2.923088109589940211e-06 7.931807337174569950e-06 2.154703659052362272e-05 5.857963732940356974e-05 1.599743781404465101e-04 4.410326660042690971e-04 1.244554663059718822e-03
3.219848485894161172e-02 1.244877221375648201e-03 4.411271067474946124e-04 1.599974269632285187e-04 5.856466093787039608e-05 2.154123240622822004e-05 7.932355906445643084e-06 2.921493561549832952e-06 1.075158069960114318e-06 3.962609965030615388e-07 1.454794606533883806e-07 5.359363202956614013e-08 1.903426281857465628e-08 7.163259674568222302e-09 3.527561212600007729e-09 1.752690720472443147e-09 8.942704622094560120e-10 1.553683122447869483e-10 -1.060515327579272201e-10 -2.176329815648736892e-10 -2.351751244941219858e-10 -2.129051541715668998e-10 -7.507520190639651671e-12 6.295695836316870749e-11 1.078066816596188077e-10 -1.441934432396243349e-12 -3.582758084813835731e-11 6.098713673270610658e-11 9.486769167114349395e-11 4.642614574896722745e-11 5.898620856648703127e-12 -2.899415003337541900e-11 -1.388018439432681534e-12 -1.256367528996668706e-11 -3.000663591797512738e-11 -8.845069213278606716e-12 4.139821623542809222e-11 -6.072066805075188222e-12 -1.018561883018107866e-10 -1.138480252393299150e-10 -1.048202130624168194e-10 3.481162999763927618e-11 7.137328016800458434e-11 -1.171317529260290741e-10 -1.015368195670371419e-10 1.295173897414354006e-10 2.675360235209660781e-10 7.385616406236590753e-10 9.083961960620926615e-10 5.550259851248202077e-10 1.525357843662074039e-09 5.489037122215932791e-09 1.869658496387000021e-08 5.602922216613184388e-08 1.496071672871389491e-07 4.014189538474094180e-07 1.079570775059289531e-06 2.921814584540102182e-06 7.929869398240546599e-06 2.154371729890984801e-05 5.857344793187941684e-05 1.599636283642908569e-04 4.410161122717338143e-04 1.244516941841990881e-03
3.219778059416587845e-02 1.244885622076516646e-03 4.411288959482544928e-04 1.599983390626777912e-04 5.856479745066480510e-05 2.154124108641302583e-05 7.932708190728673372e-06 2.922178786795775247e-06 1.075579475708503993e-06 3.963127300173413947e-07 1.453287324666575271e-07 5.344928352612761179e-08 1.896274557291874278e-08 7.164798934664383691e-09 3.540967227305152158e-09 1.703600552622917923e-09 8.574098949078212539e-10 1.616249654773970768e-10 -1.013542345695196992e-10 -2.135304440901013293e-10 -2.306529820136836632e-10 -2.104805746275276615e-10 -6.051799119674457757e-12 6.129597266548578810e-11 1.050110130066479902e-10 -3.449985527539800885e-12 -3.646387913793238587e-11 6.161314027844651779e-11 9.607908429958771251e-11 4.697873075977102062e-11 5.270133913038174004e-12 -2.906130038079505570e-11 -4.019830315097117560e-14 -1.120303178155434369e-11 -2.815248837258862029e-11 -5.739652226853014381e-12 4.669764004841161668e-11 -3.236935514741568808e-14 -1.003519957213124697e-10 -1.148071176272980126e-10 -1.124967449950747348e-10 2.233087902722782489e-11 5.958420490042730028e-11 -1.236000546040519612e-10 -1.055498473357630107e-10 1.323674829514737647e-10 2.857011122750528324e-10 7.675914545805489144e-10 9.681634855170641995e-10 6.095237239446962391e-10 1.545322815197754506e-09 5.550593022547768575e-09 1.876986608964427841e-08 5.601207977237688695e-08 1.495797955762069382e-07 4.013275908690843917e-07 1.079486291049992446e-06 2.921813853938535676e-06 7.929735613878184259e-06 2.154337457471114996e-05 5.857206885857238232e-05 1.599574653301580730e-04 4.409947230443260718e-04 1.244467161670366516e-03
3.219792563057900792e-02 1.244938628992978700e-03 4.411595077653017514e-04 1.600140706200350643e-04 5.857324125930592548e-05 2.154437786137644768e-05 7.933392833975689499e-06 2.922106522363397557e-06 1.075422866572587547e-06 3.964460452137778608e-07 1.455298143899825389e-07 5.346348502219393027e-08 1.896783944338915347e-08 7.258381837898358891e-09 3.663615800732626957e-09 1.784299458009294528e-09 8.895952817736269939e-10 1.396981695937940480e-10 -1.201598266973381411e-10 -2.019840480415640364e-10 -2.144202534451355419e-10 -2.147655189416556719e-10 -1.164158033772027678e-11 6.177856993203248896e-11 1.034977579324903808e-10 2.942475888226828567e-13 -2.973764904243318811e-11 6.833987635207480942e-11 9.968157893787824371e-11 4.811312443191376196e-11 6.143017205246276117e-12 -2.883824763927666852e-11 -2.265582922578551287e-13 -1.172151960405780971e-11 -2.848454820126116286e-11 -7.598636859339061190e-12 4.272915763946800112e-11 -3.238795354741414250e-12 -9.855548757142253791e-11 -1.077794071051004201e-10 -1.034393181066577288e-10 3.035574474100825591e-11 7.117926265402037494e-11 -1.144701577301132296e-10 -1.065728943446868755e-10 1.214303283946820396e-10 2.583752469624690514e-10 7.368726573717578049e-10 9.316624660806155033e-10 5.856619790731217406e-10 1.541884446987954796e-09 5.550808620752888460e-09 1.877083807796249183e-08 5.601721029324287785e-08 1.495304587824359747e-07 4.015415406067224033e-07 1.080267676784193384e-06 2.922584971943470178e-06 7.930917380402248006e-06 2.154500771377442433e-05 5.857544485942683699e-05 1.599651757474152957e-04 4.410188622522339123e-04 1.244532943144540781e-03
3.219754743876811209e-02 1.244930193929099337e-03 4.411519635944066643e-04 1.600111583862019911e-04 5.857159996895969846e-05 2.154388220049622188e-05 7.933278665661033755e-06 2.922160270474886728e-06 1.075592537223780443e-06 3.965040822245092800e-07 1.455706040479281085e-07 5.365035151901132217e-08 1.911576505798756631e-08 7.338110256404167632e-09 3.654464820702805094e-09 1.777042688409514785e-09 9.024846519425492998e-10 1.567828009000931597e-10 -1.016804596431766809e-10 -2.052272870218819156e-10 -2.293748050165034488e-10 -2.172833522150599486e-10 -6.453642328937681915e-12 6.196118756174455010e-11 1.011026723959869300e-10 -5.287320926094538332e-12 -3.690690971095538817e-11 6.318633208828403617e-11 9.885240641527792856e-11 5.048940853786515157e-11 6.049130979680949909e-12 -3.073573682428844276e-11 -2.930204253112503945e-12 -1.349129492401412711e-11 -2.881716519877278602e-11 -8.376714601596656883e-12 4.248810640093862940e-11 4.481489171638269479e-13 -9.707262428104631956e-11 -1.106328381942859788e-10 -1.023096011027213200e-10 2.916406225609461194e-11 6.195794280399383483e-11 -1.281873952230625654e-10 -1.227662193705560036e-10 9.450644401519730555e-11 2.387707987284601753e-10 7.233970692404526529e-10 9.337996718356996877e-10 6.036404838329035618e-10 1.571132160761080235e-09 5.566675435631446193e-09 1.878232818726154208e-08 5.601937943873498085e-08 1.494342002235771497e-07 4.013456632984249220e-07 1.079815061496506276e-06 2.922089314423610000e-06 7.930342251448761621e-06 2.154504705902843162e-05 5.857728390040269675e-05 1.599705638258412145e-04 4.410269145973470914e-04 1.244554657584436052e-03
3.219825520621034942e-02 1.244920535820746117e-03 4.411420572794533691e-04 1.600047817846541253e-04 5.856775658707087673e-05 2.154190816145139467e-05 7.932771822676640570e-06 2.922099329315061047e-06 1.075471342954333948e-06 3.962241386589695696e-07 1.453583673970850271e-07 5.354164389339922568e-08 1.910216540165127522e-08 7.261422808238306549e-09 3.587981183804169862e-09 1.760481475719688450e-09 8.969782378245688133e-10 1.363655920135897550e-10 -1.248718914675947478e-10 -2.176238819254495708e-10 -2.394535910694767571e-10 -2.176798155719175817e-10 3.064262573818806263e-12 6.957608502347218267e-11 9.615682140847045975e-11 -1.324677370316729377e-11 -4.114982920883072789e-11 6.044183480775267223e-11 9.551465138880598928e-11 4.755240935920238084e-11 7.589680650994296542e-12 -2.829758332879039539e-11 -2.152248178272063970e-12 -1.236176323692826015e-11 -2.987072202259799203e-11 -9.431605023379548325e-12 4.443493808144641580e-11 3.070892215138418195e-13 -9.576973713324315063e-11 -1.072701245522750221e-10 -1.035450254515203738e-10 2.736584225350070967e-11 6.241160878076057279e-11 -1.352568048523521290e-10 -1.416463100489384600e-10 9.318735063430031627e-11 2.620727678304604424e-10 7.556225798246327862e-10 9.626005662753016762e-10 5.954372055270354614e-10 1.515191073496412447e-09 5.539625095761923502e-09 1.873930287626199978e-08 5.604728630633903160e-08 1.495738673935857774e-07 4.014836028405546896e-07 1.079914590198260357e-06 2.921988705056800483e-06 7.929734986713761773e-06 2.154229567838335967e-05 5.856990802710045150e-05 1.599549961901204870e-04 4.409990714259854304e-04 1.244495097091475678e-03
3.219820255250416957e-02 1.244949256236937019e-03 4.411564175700349757e-04 1.600086859297875281e-04 5.856873654578845001e-05 2.154150712448188587e-05 7.931864355915718641e-06 2.921495303773808971e-06 1.075379521571066696e-06 3.965059579791432929e-07 1.455046609541175151e-07 5.351547800717483884e-08 1.906454449224852129e-08 7.286671717711383394e-09 3.616860569828920142e-09 1.717127943182977730e-09 8.445569758182792132e-10 1.344313621234348564e-10 -1.096855295176507345e-10 -2.166235372709196325e-10 -2.298896695941211082e-10 -2.161944575267710121e-10 -9.182490595125985993e-12 6.300353090193888060e-11 1.032013303276712581e-10 -6.360017988734553175e-12 -3.977565409647357961e-11 6.154771575353647961e-11 9.902516418666458160e-11 4.994186300578915309e-11 8.155438933100082560e-12 -2.775761497007079857e-11 -5.219522603380813830e-13 -1.175609773556620831e-11 -2.971571396622538467e-11 -1.006718495292290485e-11 3.834794790173315986e-11 -8.152443241676560319e-12 -1.032059584015901429e-10 -1.131449000378502414e-10 -1.102896758130633676e-10 3.043024799530096745e-11 7.339509318666022412e-11 -1.220393044585239057e-10 -1.176421431677329413e-10 1.217467914381496689e-10 2.762124960243484894e-10 7.349398125441467220e-10 9.051446113789451332e-10 5.624114220852836975e-10 1.506902286492131856e-09 5.544720942174477410e-09 1.877298461401732041e-08 5.596573803855332220e-08 1.493092607358030893e-07 4.011940652154252905e-07 1.079654363234357454e-06 2.921756436887378471e-06 7.929517719017258786e-06 2.154321393915614851e-05 5.857317796259554345e-05 1.599598588737382340e-04 4.410012815225483303e-04 1.244485895282062713e-03
3.219853260563761144e-02 1.244936479980350693e-03 4.411556898667128956e-04 1.600120405846518624e-04 5.857154624916644306e-05 2.154367743325663644e-05 7.933100562504812617e-06 2.921758691971702110e-06 1.075118534485909963e-06 3.961559874049443992e-07 1.453734410523802783e-07 5.355285842311487834e-08 1.899532987031448956e-08 7.129271070848198177e-09 3.510669091980347847e-09 1.730884165272524545e-09 8.838314673469409910e-10 1.535008339258112467e-10 -1.048420498870410338e-10 -2.121492289105348847e-10 -2.389828328455498300e-10 -2.268838780231891801e-10 -5.434155585714314379e-12 6.916932916029679676e-11 1.025995823720648355e-10 -6.320173939524293893e-12 -3.381232175359092196e-11 6.489355608120252998e-11 9.782799769636475190e-11 4.748694794887304371e-11 5.567781000172843693e-12 -3.018615349754484451e-11 -1.909458727290036495e-12 -1.372287584522117547e-11 -2.944612604098982249e-11 -6.916035461026395398e-12 4.451285387779392240e-11 -1.983268453740798914e-12 -1.008011809952034189e-10 -1.118114842405308775e-10 -1.057791420973532300e-10 3.050503724374804884e-11 7.439013835071757774e-11 -1.154583848635082966e-10 -1.107290609775820961e-10 1.186097524779758773e-10 2.568903447711060089e-10 7.078690187555480600e-10 9.101999503970660343e-10 6.181788612500285360e-10 1.556092898002364863e-09 5.539228362491509202e-09 1.876822884734108156e-08 5.598649855754948071e-08 1.494443733255272300e-07 4.013095891168306485e-07 1.079735270829523559e-06 2.922046406312830155e-06 7.930285061654609964e-06 2.154498369615856596e-05 5.857842795593285818e-05 1.599789173184628808e-04 4.410534835532657952e-04 1.244605336816325455e-03
3.219825381036759554e-02 1.244927580198188161e-03 4.411499342934082648e-04 1.600092749185472022e-04 5.857140024913038719e-05 2.154370271431146035e-05 7.932430154898310174e-06 2.921429665507960183e-06 1.075298358470353028e-06 3.965069358767856088e-07 1.456401589757744278e-07 5.359933450040162412e-08 1.904334988855812134e-08 7.211528598253886022e-09 3.564346280481614304e-09 1.749638636277571758e-09 8.827290905297256271e-10 1.432856362907314106e-10 -1.248864151806167734e-10 -2.335743853469144750e-10 -2.394563260268592055e-10 -2.179634164510335644e-10 -9.227313260542628596e-12 6.574881036073147839e-11 1.056556148971361961e-10 -1.855439178509164657e-12 -3.411834919840956217e-11 6.332124258030615519e-11 9.811019918407657577e-11 4.974370350531793424e-11 7.673275701893628202e-12 -2.840925255348092324e-11 -1.466543344742907683e-13 -1.012600787448660192e-11 -2.760057187238616588e-11 -9.482932813319417991e-12 4.138264753306402805e-11 -6.779266752448984923e-13 -9.550866771344800986e-11 -1.079776149725396309e-10 -1.105193877024389957e-10 2.342990542927087210e-11 6.911074142089360244e-11 -1.191103230758883688e-10 -1.170168201265581165e-10 1.167378385513920384e-10 2.718705156011159063e-10 7.375290691843725458e-10 9.249573731106325955e-10 5.653136255044799841e-10 1.496559771885247247e-09 5.514715046707631150e-09 1.876515754159200955e-08 5.599689137008019916e-08 1.494819605878639489e-07 4.014049345880781262e-07 1.079962729297814710e-06 2.922163065265366009e-06 7.930334035334291737e-06 2.154417846930437711e-05 5.857346488775066708e-05 1.599647038230786369e-04 4.410245767161637956e-04 1.244552663937386304e-03
3.219806710820930645e-02 1.244890839044546530e-03 4.411385163708286274e-04 1.600041315058287094e-04 5.856676024116091236e-05 2.154120303999960075e-05 7.932076563672251556e-06 2.921425959158181637e-06 1.075037422266944010e-06 3.961258842982587624e-07 1.453834095636227379e-07 5.352411886720380069e-08 1.899709438736411961e-08 7.209394200423920297e-09 3.617025926287410890e-09 1.773142651808820410e-09 8.939795442946434338e-10 1.741424961621836731e-10 -7.293526278980774016e-11 -1.846114594317778803e-10 -2.205639733884568868e-10 -2.089001820352250846e-10 -5.653697566640639397e-12 5.941568542284415389e-11 9.677167913371967736e-11 -7.441586307147084734e-12 -3.689768099825866417e-11 6.199699167022996134e-11 9.796296782925789939e-11 4.776275224316589427e-11 6.693815013938298857e-12 -2.809617771389436179e-11 -1.290242500830019797e-12 -1.302610718448197631e-11 -3.040651129396027027e-11 -1.037541277883762983e-11 4.098404776566921363e-11 -3.333300182562567861e-12 -9.919712303215864057e-11 -1.115001182844418538e-10 -1.070060206834195726e-10 3.328829143927371933e-11 6.635917209027943980e-11 -1.235738441957841792e-10 -1.032275639997378398e-10 1.438531107944702964e-10 2.929503316467837630e-10 7.483785794535721768e-10 9.554605389960834127e-10 6.101311476383307943e-10 1.540858256404717676e-09 5.502899216071600499e-09 1.874941417681761584e-08 5.595047301910559240e-08 1.493888349685063345e-07 4.012427671678860497e-07 1.079853067573944793e-06 2.922245370984424012e-06 7.930266969004300435e-06 2.154353201384930940e-05 5.857198856539510363e-05 1.599575649321953843e-04 4.409940458254704254e-04 1.244457270310356158e-03
3.219802198064344173e-02 1.244912762714841734e-03 4.411421449327466841e-04 1.600048719303022329e-04 5.856898822859298443e-05 2.154316771178194198e-05 7.932921153670345970e-06 2.921968310856139573e-06 1.075544077710302587e-06 3.965111622325514942e-07 1.455668345824184276e-07 5.364413601817688778e-08 1.911098333245280130e-08 7.258634874823925187e-09 3.595777424947486202e-09 1.768968073128340857e-09 9.147823623911297419e-10 1.616228676751388842e-10 -1.198315461761530636e-10 -2.193461211373138692e-10 -2.488428726577578872e-10 -2.377149006621537477e-10 -2.202542420914610904e-11 5.528910691026837001e-11 9.224565427991925368e-11 -1.186661916823917104e-11 -3.992254697415660903e-11 5.946340643468164998e-11 9.450193695461899448e-11 4.679366168070959046e-11 6.855944585591609296e-12 -2.675483825579724456e-11 2.309803208605988650e-12 -1.111640416869732373e-11 -3.213501545007837690e-11 -1.152429696144020992e-11 4.074009832798627458e-11 -2.208130955097521473e-12 -9.671532110823791125e-11 -1.066645450831875023e-10 -1.043703403161323645e-10 3.032362895604137935e-11 6.950346139365148612e-11 -1.162990647157173442e-10 -1.090078016186151740e-10 1.222848301263140723e-10 2.703135230685860097e-10 7.355027721741152284e-10 9.158829911857176309e-10 5.743873645168798551e-10 1.539856340021248954e-09 5.498943556093624021e-09 1.868710324848299493e-08 5.595846501148970070e-08 1.494929084179981709e-07 4.014800940128506968e-07 1.079979369835263690e-06 2.922403578309643295e-06 7.930904178437307302e-06 2.154468293784657978e-05 5.857323211319993378e-05 1.599606671168456043e-04 4.410076465956379679e-04 1.244509959537465956e-03
3.219802786253973814e-02 1.244966515570320505e-03 4.411630235355398950e-04 1.600113594264716279e-04 5.857115393852422577e-05 2.154311653398616593e-05 7.932962317653841354e-06 2.922263684261808500e-06 1.075538453083037559e-06 3.962536946337774979e-07 1.453411538846473809e-07 5.350021981703140054e-08 1.896678087861139073e-08 7.145718404514105257e-09 3.561044660940688834e-09 1.719883694086452921e-09 8.712717120928925761e-10 1.512022038923631078e-10 -9.787958086955322907e-11 -1.973042869249827894e-10 -2.196083227170042446e-10 -2.110692047299202577e-10 -2.701758404723783188e-12 6.705979015899716178e-11 1.023048658683466989e-10 -6.354947374525841935e-12 -3.698698200417117691e-11 6.058918774585679989e-11 9.394001554227872626e-11 4.609266165083860863e-11 6.289472568695423373e-12 -2.955627301250846341e-11 -8.574635148981676175e-13 -1.115464235583563438e-11 -2.831134321033101111e-11 -7.666446537906110475e-12 4.236424836950677476e-11 -1.222262136848706446e-12 -9.817542416430321991e-11 -1.084470247434549795e-10 -1.041138247309385750e-10 2.642297372110846194e-11 6.115207519098821552e-11 -1.239989799144343089e-10 -1.135125416919493042e-10 1.213565771183270393e-10 2.655304835456953546e-10 7.284594802881397273e-10 9.056592726795239069e-10 5.355081311542521571e-10 1.471711975283658726e-09 5.453399727969664966e-09 1.865808921976910977e-08 5.591698355010308085e-08 1.493321964945529708e-07 4.012588632356743570e-07 1.079799239943419063e-06 2.922231919231907465e-06 7.930651232322541102e-06 2.154528310013480730e-05 5.857679721843206676e-05 1.599691207809142543e-04 4.410210202989830802e-04 1.244546600974293354e-03
3.219819565582782150e-02 1.244900659161776333e-03 4.411338835955761753e-04 1.600022440771987637e-04 5.856708544389826424e-05 2.154126875804288896e-05 7.932052378373720766e-06 2.921678894869876796e-06 1.075360539026853709e-06 3.963479221838004898e-07 1.454846408675619817e-07 5.364913738105890099e-08 1.912347407501350661e-08 7.249049013957033361e-09 3.583885681688111751e-09 1.772933987275083416e-09 8.844295233983046084e-10 1.412595169703788797e-10 -1.077008597437020219e-10 -2.061605516051290729e-10 -2.192878674634250327e-10 -2.077340767114589401e-10 -5.206445380820861539e-12 6.327865074004440796e-11 1.012014419152260740e-10 -6.723895890809858314e-12 -4.093738245277513521e-11 5.901592895596319425e-11 9.448118440725368090e-11 4.782060275073559943e-11 8.473533763458841164e-12 -2.708619117947621962e-11 4.986078505678045644e-13 -1.082617245714639490e-11 -2.966791627830293152e-11 -1.010006713240902459e-11 4.146812324036165340e-11 -1.738231454336390948e-12 -9.699347264820352427e-11 -1.078402151065260518e-10 -1.089370007006071162e-10 2.066302432542725152e-11 6.410638757642330485e-11 -1.276644088287291077e-10 -1.189887630575047537e-10 1.140427791572022466e-10 2.713739883072160853e-10 7.316182258617183555e-10 9.088825580204206173e-10 5.370447960805048785e-10 1.527049863067099697e-09 5.575372721255910463e-09 1.879755711314171956e-08 5.602303644315247381e-08 1.495174958148585302e-07 4.014629343150719556e-07 1.079924014323273831e-06 2.922335636238275927e-06 7.929835137408688906e-06 2.154188240737631363e-05 5.856837490585131023e-05 1.599523983459296902e-04 4.409911312598157945e-04 1.244466646829195519e-03
3.219791781790747737e-02 1.244866828689770956e-03 4.411208070804972466e-04 1.599953953732604326e-04 5.856401996052555252e-05 2.154033852744196648e-05 7.931643816992816763e-06 2.921246732216960912e-06 1.075151997661918906e-06 3.961948702652133612e-07 1.452827893198579251e-07 5.343499648477799299e-08 1.900597735401249117e-08 7.229789430559259558e-09 3.595448310119526509e-09 1.752061322049149234e-09 9.080899045336597707e-10 1.759566524677911724e-10 -1.010753135549376792e-10 -2.156842719352963905e-10 -2.396034621141798501e-10 -2.204329908335332714e-10 -6.725169101122289812e-12 6.577513620720016274e-11 1.099172114240224296e-10 1.390428387803049655e-12 -3.324911572356700728e-11 6.260020115811785080e-11 9.523821995249590163e-11 4.818522560048140027e-11 6.529862336695586184e-12 -2.886801014603910338e-11 -1.800201915675141300e-13 -1.113919293673796268e-11 -2.756126674333750515e-11 -8.581491722320371232e-12 4.224559496308702598e-11 -1.254290911334576452e-12 -9.672711662990983755e-11 -1.095804523086827894e-10 -1.066203496931044100e-10 2.580352357273862062e-11 6.608950914242991192e-11 -1.175981856539748784e-10 -1.119483825219273870e-10 1.056439635239070966e-10 2.441640988463675714e-10 7.242429175425284496e-10 9.120012204943143559e-10 5.430370553338745285e-10 1.462641748263329513e-09 5.504764846862964489e-09 1.876422251954491957e-08 5.597576075030610655e-08 1.494072329488260617e-07 4.014226077648449544e-07 1.080123949817115947e-06 2.922315173172081776e-06 7.930356994495514251e-06 2.154421978291118923e-05 5.857424163524836892e-05 1.599629581919234135e-04 4.410058554154055121e-04 1.244500403419517356e-03
3.219837936858908206e-02 1.244910333737350369e-03 4.411362897605802889e-04 1.600011411008818213e-04 5.856759963183411213e-05 2.154323043444134135e-05 7.932758696016823535e-06 2.921316528464953869e-06 1.075016261574552708e-06 3.960649419509693866e-07 1.452968564156697335e-07 5.343505833544284837e-08 1.903539272173982437e-08 7.294861850693316263e-09 3.659680453762773945e-09 1.781260518493314243e-09 8.992319579366741143e-10 1.561320290408914503e-10 -1.170333381812601489e-10 -2.156883803007401255e-10 -2.350110348579036131e-10 -2.259100157773477764e-10 -1.418502347765220000e-11 6.721403407342257590e-11 1.080846305108412464e-10 -8.907646977169160983e-13 -3.599846961964748508e-11 6.073481186718616724e-11 9.479291696354975663e-11 4.586902879530652611e-11 6.499864714075039156e-12 -2.858170638413160880e-11 -1.181977559285596117e-12 -1.258338926180378831e-11 -3.111688739256864615e-11 -1.215630401994576299e-11 3.931371158054459711e-11 -2.954660323084512274e-12 -9.818796246338815468e-11 -1.118728442101861518e-10 -1.101782538109363822e-10 2.381693793986157007e-11 6.231869309748249788e-11 -1.197383630197719270e-10 -1.060156137776367786e-10 1.219357287795431360e-10 2.525298521008925614e-10 7.264557906530311286e-10 9.319674622546566340e-10 5.541825502094051451e-10 1.485567341329665754e-09 5.507181326596583910e-09 1.874716441671713342e-08 5.600799504308208362e-08 1.495268091087229602e-07 4.015161581791414838e-07 1.080015349040482373e-06 2.922390228053735226e-06 7.930570683980154754e-06 2.154445840506136577e-05 5.857523140545913996e-05 1.599693721187634419e-04 4.410304680402357702e-04 1.244564458380797815e-03
3.219799515254841843e-02 1.244896727962822511e-03 4.411396007864605714e-04 1.600046000403924766e-04 5.856819740554203253e-05 2.154206251663920912e-05 7.931905592071715087e-06 2.921238248633264617e-06 1.075070751510773125e-06 3.961675663831235816e-07 1.454539417512955109e-07 5.365474810061178986e-08 1.910332644071397919e-08 7.246381080861102675e-09 3.585091517347017352e-09 1.727068090081922194e-09 8.727814493907074525e-10 1.486946729039965476e-10 -1.190544052932140157e-10 -2.154279362659076482e-10 -2.268527868426603571e-10 -2.189790423795699241e-10 -1.556861835795623976e-11 5.918767044966796032e-11 1.031067092868381511e-10 -6.848571185382164437e-12 -4.231911060372969856e-11 5.880157016387724393e-11 9.728239134928835145e-11 4.956746229402313724e-11 8.053869566948093912e-12 -2.914271681234832688e-11 -2.214581222732675667e-12 -1.323888546765119795e-11 -2.898648263971530338e-11 -7.970192692245255199e-12 4.250150806008603131e-11 -8.009421434383946854e-13 -9.603470965127294034e-11 -1.100659593048844156e-10 -1.059992231374097115e-10 3.207240894950930908e-11 7.123931246567611941e-11 -1.254559531310683276e-10 -1.155722462504746182e-10 1.121600518835102171e-10 2.654971571094166543e-10 7.667563869636956233e-10 9.667830977980526549e-10 6.183103458597854815e-10 1.497866409347766486e-09 5.414128839743401542e-09 1.859634475160603049e-08 5.583908969999761613e-08 1.494894785577547411e-07 4.014834829020630341e-07 1.079958257511741222e-06 2.922034806387863570e-06 7.929984708892798455e-06 2.154360473480130788e-05 5.857380659515416945e-05 1.599635071335970518e-04 4.410146258578109867e-04 1.244520558870004573e-03
3.219801510782539095e-02 1.244856090600149909e-03 4.411163824155092759e-04 1.599918911999372321e-04 5.856202007004154142e-05 2.153962177229464653e-05 7.931999545632781865e-06 2.921673970891511214e-06 1.075249530207821002e-06 3.963426269358368980e-07 1.454684827929511021e-07 5.363158815947924529e-08 1.912553482228670998e-08 7.241956833824411891e-09 3.572666008911337710e-09 1.758230510169405177e-09 8.958332265196753262e-10 1.750044283253453992e-10 -8.787097207669911534e-11 -2.231295021643715599e-10 -2.424209153996885212e-10 -2.099713105789991511e-10 8.726831830234496788e-12 7.269896015164658130e-11 1.055189786420317865e-10 -3.425689882366486475e-12 -3.473688513366885145e-11 6.211646153092201837e-11 9.678577918349995927e-11 4.735726636283467547e-11 4.723353469742969585e-12 -3.144159129032491535e-11 -3.162274614943347592e-12 -1.368742716917832421e-11 -2.962583809387518985e-11 -8.872835931914737627e-12 4.153703861862433589e-11 -2.345035343642356469e-12 -9.799895179158326278e-11 -1.175341047125710916e-10 -1.202636815128924395e-10 2.057854316675229348e-11 7.033177481314138735e-11 -1.088491053881461511e-10 -9.643951823823576949e-11 1.344187648111286268e-10 2.764262443416039041e-10 7.591833205077590929e-10 9.604594201572314333e-10 6.134186287361036289e-10 1.545395723380427655e-09 5.544482021533030548e-09 1.872579128535985247e-08 5.601913721287599692e-08 1.495694834139746070e-07 4.013228944282462120e-07 1.079755205554338858e-06 2.922069431602088079e-06 7.930039439205726422e-06 2.154273774765173789e-05 5.857061535708869973e-05 1.599542395310098208e-04 4.409883076455346036e-04 1.244453145808912002e-03
3.219803262752501949e-02 1.244857698251130565e-03 4.411179942114713814e-04 1.599948184787684303e-04 5.856504699470708195e-05 2.154109019596412382e-05 7.931833010560364084e-06 2.921458987085687429e-06 1.075118948517468948e-06 3.960379607808633716e-07 1.452964646057756451e-07 5.353834670766171315e-08 1.902879645383426337e-08 7.185110298622474525e-09 3.552208681669780691e-09 1.768350559149070837e-09 8.855996432274294881e-10 1.354475950761540948e-10 -1.081150697004166449e-10 -2.151986273761483956e-10 -2.327752649080134025e-10 -2.108987513606049674e-10 -1.435078819114317630e-12 6.755685988662988931e-11 1.043838845170818442e-10 -6.188519096166361026e-12 -4.006266897507283914e-11 5.875676464685760952e-11 9.672895053122536697e-11 5.088080916517069264e-11 9.103962628690199948e-12 -2.828989127259980566e-11 -1.097166417860387256e-12 -1.133129910348187126e-11 -2.637586580858364834e-11 -5.843281332638564708e-12 4.539188552001966166e-11 1.345751496067399851e-12 -9.557290131651598285e-11 -1.115393963932177885e-10 -1.092931320758598841e-10 2.593369162463536084e-11 6.948585343937107122e-11 -1.171636179991690393e-10 -1.050878850510570864e-10 1.298998989550703781e-10 2.638631524288158233e-10 7.283756762102848548e-10 9.269911362775443817e-10 5.966171630568390445e-10 1.594764305270237868e-09 5.572070377435490922e-09 1.869515431608577526e-08 5.589521019311613948e-08 1.493173230460654832e-07 4.011460141962199555e-07 1.079773516732404702e-06 2.922205959818692778e-06 7.930250838539765689e-06 2.154285416962339349e-05 5.857025930179756649e-05 1.599529212562067536e-04 4.409850747746403847e-04 1.244447388557258722e-03
3.219827565619457627e-02 1.244908541556730966e-03 4.411415730641487436e-04 1.600047091770080471e-04 5.856874223874934356e-05 2.154280795153783496e-05 7.932921897302862578e-06 2.922190026843069023e-06 1.075531507191617021e-06 3.963411470236897041e-07 1.454675077735055915e-07 5.361107913369560575e-08 1.902151025962765119e-08 7.232105746142519778e-09 3.601931135186984983e-09 1.739435167659970085e-09 8.825649809689056605e-10 1.625833825574135143e-10 -9.128727044337748386e-11 -2.024158860051326822e-10 -2.346918185325157645e-10 -2.167999842406996652e-10 -4.637590758552265450e-12 6.538114728455174089e-11 1.040661165062751210e-10 -2.328472860144262831e-12 -3.341412413598778839e-11 6.496212684871399848e-11 9.835861681096594606e-11 4.706549081939408318e-11 5.698921611366645670e-12 -2.796707783464853877e-11 -7.249333497769940830e-13 -1.264210196391749751e-11 -2.866313968736145977e-11 -6.597208340265737112e-12 4.514431125261087710e-11 -2.314040522321931545e-14 -9.793508660668427905e-11 -1.143862518392316706e-10 -1.097465572954742708e-10 3.286243625024838615e-11 7.233556147932370865e-11 -1.193540387253763909e-10 -1.179080003563174763e-10 1.099196988848730485e-10 2.615693338273443982e-10 7.734133097755304585e-10 9.775190572584332146e-10 5.654105255688419500e-10 1.446976327972421800e-09 5.424612019062914225e-09 1.865774840097471315e-08 5.604473925354361231e-08 1.497177664620722909e-07 4.015223569374137795e-07 1.079855254733403820e-06 2.922320092279577195e-06 7.931163313009089282e-06 2.154574504217570083e-05 5.857665035037057854e-05 1.599689843170100584e-04 4.410258565275996059e-04 1.244546056670214331e-03
3.219811619579517753e-02 1.244894962824703724e-03 4.411324259715242255e-04 1.599984674438725992e-04 5.856648652128000415e-05 2.154259106175977911e-05 7.932972315841296579e-06 2.922142548934186832e-06 1.075559366996009215e-06 3.962978717487443836e-07 1.452975996605682621e-07 5.351519505713518377e-08 1.912415339541374241e-08 7.298944855924726137e-09 3.645762090384614621e-09 1.759995195502507177e-09 8.872808019392272430e-10 1.522567819681485992e-10 -1.356991245682508687e-10 -2.233828822153991286e-10 -2.249535389357849514e-10 -2.079555062060721735e-10 -1.221804342795852805e-13 7.230928532617114606e-11 1.067750813030890343e-10 -6.708852151967638175e-12 -3.857669427133702748e-11 6.326773397976584606e-11 9.655584151723514244e-11 4.741495472659108588e-11 7.552371184054392020e-12 -2.806186878344048146e-11 -1.518429844639699729e-12 -1.205017233236211088e-11 -2.637983167177839733e-11 -7.178825411757754634e-12 4.168936345872396974e-11 -3.060893855967525395e-12 -9.796357765918077982e-11 -1.113722560899077818e-10 -1.118807674579595788e-10 2.714289649533686077e-11 7.034047102139883291e-11 -1.232431720151798513e-10 -1.245604859501478313e-10 1.027461900776996389e-10 2.624888320795806047e-10 7.380372781947882749e-10 9.272813289799500858e-10 5.582229213745431278e-10 1.469893653046464944e-09 5.510145190781898595e-09 1.878595768747035614e-08 5.604884334603356641e-08 1.494178056521662173e-07 4.012866997122072772e-07 1.079931044999791724e-06 2.922396148639377493e-06 7.930561378047497597e-06 2.154465169217107889e-05 5.857555593943898913e-05 1.599696941442078110e-04 4.410354271546601621e-04 1.244573771791963141e-03
3.219774690159649816e-02 1.244886135635435128e-03 4.411302587065398331e-04 1.600023729831943420e-04 5.856885062569575458e-05 2.154274386167006678e-05 7.932643919484359533e-06 2.921617072425367027e-06 1.075180287720460237e-06 3.962148501554356179e-07 1.454265763984101454e-07 5.352182641572838143e-08 1.902504560376836482e-08 7.216365870106701725e-09 3.593696159036673280e-09 1.746237980137037417e-09 8.745106761564393595e-10 1.421883945065074197e-10 -1.164526066026650675e-10 -2.051923146523905726e-10 -2.021486793175872732e-10 -1.886114214746525673e-10 5.437926218344233651e-12 6.422548518931292873e-11 9.944003642371435332e-11 -6.657518373667105840e-12 -4.003922198376444937e-11 5.768014866793394290e-11 9.432823673508886473e-11 4.531325215108208940e-11 3.639148731794503122e-12 -3.105424342413695489e-11 -3.240356233327969972e-12 -1.555558921839780131e-11 -3.105119725086100135e-11 -8.759231226127869174e-12 4.276728636719722421e-11 -1.694456094149510059e-12 -9.888887918808890264e-11 -1.138104939376642312e-10 -1.109612587501291260e-10 2.523012701022791252e-11 6.883551642554575569e-11 -1.150881629476933175e-10 -1.065832946952689153e-10 1.221607725541926325e-10 2.658670869995944364e-10 7.428106440188257795e-10 9.538017129417821544e-10 6.124899350266454949e-10 1.560806696381700338e-09 5.603349604828904607e-09 1.879277706055811101e-08 5.596524566812252956e-08 1.494742527732944079e-07 4.012553024449597867e-07 1.079257056294341043e-06 2.921298845097899041e-06 7.929638317515731510e-06 2.154278159321413528e-05 5.856986491240155412e-05 1.599527331769500221e-04 4.409866087245209671e-04 1.244465080299199736e-03
3.219812683698488470e-02 1.244961466635846224e-03 4.411675130330737732e-04 1.600182017690243382e-04 5.857429420065779838e-05 2.154476278508261786e-05 7.933519812324753932e-06 2.922267742088664487e-06 1.075651541684734028e-06 3.964657777946331959e-07 1.455093828079241842e-07 5.364557682243065684e-08 1.909076454179389078e-08 7.194498291136130870e-09 3.555434752625733335e-09 1.736481562041289128e-09 8.806404068339056530e-10 1.626837020878428381e-10 -9.716904773562537825e-11 -1.807822506503090943e-10 -2.070392821734275167e-10 -2.016255495172233857e-10 -1.194644566176695094e-12 6.128165649974916113e-11 9.481225687172542940e-11 -1.162279544075755631e-11 -4.086169682183337939e-11 5.992131492979317609e-11 9.535452680312286670e-11 4.908819124186366064e-11 7.162581193008728277e-12 -2.921118818717445739e-11 -2.722061298063879327e-12 -1.347466215586051273e-11 -2.834608328489548350e-11 -7.853172071529565896e-12 4.518572840220976519e-11 2.011121828712307688e-12 -9.768272880859028747e-11 -1.128957757433963960e-10 -1.113956395290361763e-10 2.422043385464932194e-11 6.653294888578559398e-11 -1.201763417274856449e-10 -1.111955555058304967e-10 1.173188150009546790e-10 2.672281580662912889e-10 7.304676430347896933e-10 8.842590960911636271e-10 5.039084835577369240e-10 1.469892841770834887e-09 5.529694893094621045e-09 1.884734986505492518e-08 5.621770803428355972e-08 1.496431467335375325e-07 4.012997038597029271e-07 1.079688425349475689e-06 2.922445926955468529e-06 7.931377436441280326e-06 2.154608553448835652e-05 5.857551881830437243e-05 1.599626281137578755e-04 4.410057591398078834e-04 1.244496582093282747e-03
3.219822255277264567e-02 1.244884286593169256e-03 4.411297945502202253e-04 1.599987919856664831e-04 5.856589304186865763e-05 2.154166797812370369e-05 7.932876442682268718e-06 2.922095653948419139e-06 1.075544223574402821e-06 3.964013417570729362e-07 1.454567397549654518e-07 5.356268128189778153e-08 1.910116953663216612e-08 7.204097271239311367e-09 3.574774234288813682e-09 1.777625719984511821e-09 9.350719644545859767e-10 1.834212485483733333e-10 -8.989073201493478004e-11 -1.954744058539615426e-10 -2.200674985394920414e-10 -2.109527290649269550e-10 -8.397871152195641377e-12 5.888599955088032924e-11 9.769321304716735154e-11 -7.964526123288410212e-12 -3.541966390010380671e-11 6.659957505472544374e-11 9.837023862906242930e-11 4.677887563601142689e-11 6.468242228733387187e-12 -2.837618910596888397e-11 1.822652005215693554e-13 -1.097754613007370454e-11 -2.976939313885044993e-11 -9.447717749554840686e-12 4.206576612125327348e-11 -2.610355009490405270e-12 -9.704480945781604661e-11 -1.085895930882515515e-10 -1.058564691691442252e-10 2.829465073754749506e-11 6.497979950046510367e-11 -1.254347688063982291e-10 -1.215198448396544166e-10 1.192964509827197228e-10 2.687977441236889712e-10 7.244435057073831806e-10 8.791554263979510358e-10 5.017592906106724703e-10 1.470293695893078696e-09 5.552523495633885594e-09 1.878657885784232435e-08 5.598425275230288794e-08 1.494001598242106723e-07 4.013887373694661836e-07 1.080169375000247783e-06 2.922817027803098862e-06 7.930974357493140049e-06 2.154433067825090072e-05 5.857489424275106812e-05 1.599655184791628462e-04 4.410221290475892990e-04 1.244550499972240341e-03
3.219849831057348954e-02 1.244904991486695716e-03 4.411428615278995837e-04 1.600085543639267289e-04 5.857097423892562021e-05 2.154412976982391403e-05 7.932875004271842793e-06 2.921690275427405093e-06 1.075302718929929110e-06 3.963941465092893288e-07 1.455421881430694641e-07 5.356856527151948679e-08 1.902892085098828887e-08 7.190546380163918406e-09 3.524992388156015830e-09 1.706386749735632390e-09 9.040475211370804284e-10 1.896169906767570372e-10 -9.911811891570737052e-11 -2.014998103305221237e-10 -2.135484699658930015e-10 -2.003458614372405310e-10 2.113560621309483957e-13 7.012417060664787894e-11 1.068940712365428004e-10 5.908872847605544038e-12 -2.695347082350257441e-11 6.632031642365150924e-11 9.963479734646636318e-11 4.985779525382633874e-11 6.636639958388771255e-12 -2.943058759092057998e-11 -1.409217407742610302e-12 -1.250674997461883875e-11 -2.997383541651339917e-11 -9.714286917899213476e-12 4.229937761893378423e-11 5.056629083133599724e-15 -9.500145658289424324e-11 -1.112061623199135534e-10 -1.116157923105154970e-10 2.093267604461167215e-11 5.795486545896920341e-11 -1.240065469638454577e-10 -1.124131139175943583e-10 1.062042073778608062e-10 2.400018846135327078e-10 6.816112801533256826e-10 8.794968176595161475e-10 5.784766144346149876e-10 1.582444306344614981e-09 5.605672870169167849e-09 1.878192107371223193e-08 5.603581715655983682e-08 1.495603970427258586e-07 4.013086803311875143e-07 1.079832122195459281e-06 2.922312430622007998e-06 7.930467996970953104e-06 2.154417535865123714e-05 5.857374163644911495e-05 1.599617475861222343e-04 4.410045088144792596e-04 1.244485342217470977e-03
3.219762385016749356e-02 1.244869894216178545e-03 4.411283315452605336e-04 1.600021655807441203e-04 5.856810331742073238e-05 2.154220522135478013e-05 7.932835259504766192e-06 2.922132437278908654e-06 1.075437460671685108e-06 3.962637751454671735e-07 1.454741810056178312e-07 5.364985475921648262e-08 1.908814796621268899e-08 7.225247690374567949e-09 3.570509752946728187e-09 1.661220090329085086e-09 8.123996843481475041e-10 1.164410924383050390e-10 -1.126217626347437676e-10 -2.009999453512531396e-10 -2.135104176125095848e-10 -2.009012848199156826e-10 1.984627858301675269e-12 6.287816301772437344e-11 9.529208431766355590e-11 -1.350905449262571942e-11 -4.181047542538348986e-11 6.159042919169623722e-11 9.728993390092442427e-11 4.849332825244546812e-11 7.162584369117430011e-12 -2.938043717521022419e-11 -1.718193493065377150e-12 -1.300960765565901095e-11 -2.960815572131247011e-11 -7.186148576822234072e-12 4.604960250919858306e-11 3.184654255972538257e-12 -9.421472578636784173e-11 -1.119863066060392583e-10 -1.135282816047430774e-10 2.077080251511228701e-11 6.497751616850591143e-11 -1.151397266118058640e-10 -1.136119479160488669e-10 1.116558627372100849e-10 2.496012168272777807e-10 7.191749366779754434e-10 8.980611079039963762e-10 5.447691934538355535e-10 1.492264057568442687e-09 5.473843999357665948e-09 1.876078492612046550e-08 5.609249232802746662e-08 1.495052995111886060e-07 4.013914956981839464e-07 1.079855060650667903e-06 2.922072698090708129e-06 7.930191135155844357e-06 2.154398355965590767e-05 5.857361899499687763e-05 1.599625279754565243e-04 4.410057185933253707e-04 1.244483789843962157e-03
3.219789173974378638e-02 1.244917434588556230e-03 4.411440064504642709e-04 1.600060847123292729e-04 5.857022533881216123e-05 2.154380455984809302e-05 7.933687519209495063e-06 2.922555138683911638e-06 1.075740953758999899e-06 3.964641152498103343e-07 1.454904075533077112e-07 5.351873340789812105e-08 1.899578317871649448e-08 7.225462099145468903e-09 3.576450278243759071e-09 1.693339224037126434e-09 8.463724281926892679e-10 1.461076873090209921e-10 -1.111250452535392435e-10 -2.175615101926203555e-10 -2.309206915051954221e-10 -2.099046568250317456e-10 -4.171238220142651748e-12 6.465731223879362582e-11 1.026167756707060578e-10 -4.818915739274322398e-12 -3.658688816874280920e-11 6.199292877437383617e-11 9.605380994256710144e-11 4.777759205166166343e-11 7.108157479052175696e-12 -2.628330892470715383e-11 1.610438849017911334e-12 -1.137786277476402425e-11 -2.746537901016492656e-11 -5.434964639198802340e-12 4.637660118784257272e-11 3.405260462483820941e-12 -9.372805289710489968e-11 -1.070254167533159117e-10 -1.038799609998415474e-10 2.390208783667753685e-11 6.024306447591124541e-11 -1.343663282243504561e-10 -1.236970863917557961e-10 1.101796623022101135e-10 2.611647777345068293e-10 7.348660936430472657e-10 9.462436597548974925e-10 6.288683833443426478e-10 1.540829332584310609e-09 5.497681926666829087e-09 1.863983604761410506e-08 5.587281843267605133e-08 1.493815278182935018e-07 4.013003873140870177e-07 1.079860387485856838e-06 2.922662851370961480e-06 7.931754218290158512e-06 2.154722107333206045e-05 5.857894364237262305e-05 1.599714800788184859e-04 4.410274152304967193e-04 1.244542684066655058e-03
3.219768003824327596e-02 1.244812097851137004e-03 4.410997522401926890e-04 1.599893930379497637e-04 5.856221242067429790e-05 2.153995554296412880e-05 7.931963562117377796e-06 2.921731373166897786e-06 1.075227855950596729e-06 3.961466852582347782e-07 1.453392924825184618e-07 5.347701067285316790e-08 1.894041948144570945e-08 7.155253869587522822e-09 3.621059909418911944e-09 1.836955060376827453e-09 9.173689033606679121e-10 1.542377019027044639e-10 -1.084251140863343052e-10 -2.192268177524780540e-10 -2.258808863669687596e-10 -2.106446913752444452e-10 -3.103490867518841050e-12 7.225695120589675297e-11 1.126429112157972096e-10 4.444755876553294312e-13 -3.497053659672537553e-11 6.414474236521728319e-11 9.662977228726071524e-11 4.448228737895371409e-11 1.911730425893481700e-12 -3.125146773863197711e-11 -1.442888970317538093e-12 -1.129277215940580429e-11 -2.884448510545148052e-11 -1.045670780697222271e-11 4.012019083637938373e-11 -2.983635547312507409e-12 -9.932901185703230598e-11 -1.127619775679961991e-10 -1.108738179712074531e-10 2.526646323213197386e-11 7.254641990889115975e-11 -1.126464219875254403e-10 -9.718257272085793703e-11 1.455216795674613567e-10 3.031869580507600195e-10 7.722772208266582146e-10 9.409531616965738613e-10 5.553753689572585515e-10 1.474083986454082404e-09 5.431794246373699779e-09 1.867662958062175573e-08 5.594619683182000368e-08 1.495133068929573218e-07 4.014372792153234014e-07 1.079895676915308686e-06 2.922484683059724288e-06 7.930759296746100600e-06 2.154476764142082608e-05 5.857498682139141929e-05 1.599639947484601712e-04 4.410058599153909658e-04 1.244484676908086786e-03
3.219800699270820160e-02 1.244929393520150147e-03 4.411421561737898824e-04 1.600025143385032291e-04 5.856717511785963597e-05 2.154224338887926978e-05 7.932976071635962736e-06 2.922032984703739052e-06 1.075276587741467851e-06 3.962323987176225242e-07 1.454379491225732729e-07 5.351622560532499176e-08 1.900903060970754832e-08 7.301248833922782201e-09 3.657794006304555225e-09 1.774427021283073146e-09 8.732648445146011265e-10 1.378240230009085524e-10 -1.029892152846865416e-10 -2.088792696138579363e-10 -2.325560996806942411e-10 -2.094826628603826943e-10 1.159018583363183561e-12 6.557277699643701634e-11 1.001736622553521114e-10 -5.830479864450400940e-12 -3.757703990354653843e-11 6.180246394773863506e-11 9.654271581092587411e-11 4.544120659290589758e-11 3.922345152041382565e-12 -2.896260996377160591e-11 4.925940692599215197e-14 -1.227441743833658278e-11 -3.088463791970874733e-11 -9.366112474521483869e-12 4.255290867211347966e-11 -4.620790148245045685e-13 -9.560644825399383137e-11 -1.087429081057338343e-10 -1.041510006061873105e-10 3.976297558955422000e-11 8.168076171334475576e-11 -1.110154148467780049e-10 -1.243413625971818331e-10 8.446434052621345038e-11 2.561426358450024349e-10 7.581120040557082102e-10 9.683543228774810224e-10 6.419017206056866010e-10 1.612380593702279177e-09 5.562818224198984227e-09 1.872181175091391136e-08 5.595551757549667356e-08 1.495428891127386282e-07 4.015480700812229217e-07 1.080009522866224233e-06 2.922288729933683193e-06 7.930244083179303997e-06 2.154360905714730666e-05 5.857165682285081384e-05 1.599548150692905102e-04 4.409895280516347828e-04 1.244458539002301495e-03
3.219776447336962499e-02 1.244864831078609617e-03 4.411242988363847694e-04 1.599973725458251012e-04 5.856515432091445838e-05 2.154063222736130802e-05 7.932080250165251867e-06 2.921759591331876592e-06 1.075315113824395757e-06 3.962240208531418627e-07 1.454922102306579085e-07 5.364421147775894641e-08 1.906477538423507261e-08 7.215812349345212563e-09 3.614227498944179085e-09 1.753816959117756199e-09 8.622547574116758690e-10 1.409797771459138147e-10 -1.159328435478343400e-10 -2.251351542248532991e-10 -2.349590487971880794e-10 -2.125003822093252309e-10 -2.795631008743593157e-12 6.423592328174726285e-11 1.004270786609672011e-10 -3.288123346577971419e-12 -3.414442850134413466e-11 6.412539076065197884e-11 9.750035718863642414e-11 4.699671221281406292e-11 4.906870074744852056e-12 -2.935267089064240430e-11 -1.759782787469534261e-12 -1.350190190355481630e-11 -2.880240604097085307e-11 -7.359012479314708550e-12 4.336174571428586380e-11 -1.087273616034474636e-13 -1.001316893024023621e-10 -1.152740812460048099e-10 -1.084265809460600349e-10 2.584337254902630323e-11 5.865178798004077532e-11 -1.248649092607164521e-10 -1.098142991618248589e-10 1.119545497961111991e-10 2.402901582592159721e-10 7.253065503577699738e-10 9.384363437674618764e-10 5.622993380487802676e-10 1.466520956804866358e-09 5.499504028874924192e-09 1.880449234170405156e-08 5.608701835969369614e-08 1.496016303394489033e-07 4.016047734250217031e-07 1.080113146479253444e-06 2.922292563451910901e-06 7.930312857020470734e-06 2.154413116303755636e-05 5.857450085735073657e-05 1.599651043254301890e-04 4.410137088794521820e-04 1.244507108312122023e-03
3.219850428246141816e-02 1.244919941051932924e-03 4.411397757239681936e-04 1.600016322557379464e-04 5.856751037221369913e-05 2.154190853244675015e-05 7.932369428093460895e-06 2.921800418752640607e-06 1.075293543620988524e-06 3.962761058947472707e-07 1.455436983936121731e-07 5.369878394475540003e-08 1.916916969706421420e-08 7.260529111146693100e-09 3.582737741860096181e-09 1.728772230969907344e-09 8.977599792677395244e-10 1.790364068822935268e-10 -8.894590999845568429e-11 -2.068392233775700323e-10 -2.345755298769722100e-10 -2.220216322200059882e-10 -1.140682265402671883e-11 6.926892641139702142e-11 1.049590943522540616e-10 -8.821477330709054136e-12 -4.245374927650255390e-11 5.834652968999683459e-11 9.480077248952564615e-11 4.709573278742586242e-11 5.832490286198534789e-12 -2.919919030586084068e-11 -1.377443177344016246e-12 -1.330361891384409094e-11 -2.972689241107425500e-11 -8.465103427074264343e-12 4.420813857930638372e-11 9.219511794836723259e-13 -9.676241005628843128e-11 -1.115615415806908242e-10 -1.123704604052906500e-10 2.160022739752151208e-11 6.513047708542154241e-11 -1.214578119860374402e-10 -1.146652611561747509e-10 1.316226918880314461e-10 2.760447294942665694e-10 7.328484815292194058e-10 9.236998053155731104e-10 5.640501921904952887e-10 1.463953216729471962e-09 5.458602215611782566e-09 1.876184705801378987e-08 5.603626617237767503e-08 1.496136817781624054e-07 4.015888780650928321e-07 1.080138670034587031e-06 2.922559716965520325e-06 7.930734328942153213e-06 2.154405471018906913e-05 5.857284057861469667e-05 1.599600460966103138e-04 4.410062068294826575e-04 1.244499934257663892e-03
3.219786490499854104e-02 1.244893195466316481e-03 4.411336571212566256e-04 1.600006927541336389e-04 5.856768402667816452e-05 2.154256196427674672e-05 7.932742697644989824e-06 2.921865944577574457e-06 1.075094229445418855e-06 3.960289949915067350e-07 1.453272721519421157e-07 5.355316978457569649e-08 1.909492689764057131e-08 7.271460257154774509e-09 3.610181190038342472e-09 1.748908584698991576e-09 8.417740422421460337e-10 1.241823784870910623e-10 -1.159303527921334387e-10 -2.125341966958545304e-10 -2.206424530522213735e-10 -2.140588997723164105e-10 -1.308021725580202516e-11 5.629906514847594594e-11 9.616168696526115942e-11 -1.168241660824751524e-11 -4.370840599214080924e-11 5.850267697367900220e-11 9.854350734244074546e-11 5.250409521246579769e-11 9.501869867574553637e-12 -2.740081024929824508e-11 -4.955391281750971643e-13 -1.175885548721522738e-11 -2.814904642049753865e-11 -6.262147132531241063e-12 4.354508391619194085e-11 -8.783294215683822859e-13 -9.996737383225461001e-11 -1.132517602670850309e-10 -1.052130411083711894e-10 3.166694433932153859e-11 8.022728756519681695e-11 -1.070098868824383836e-10 -1.122254883614644500e-10 1.041352464678107004e-10 2.650335762685895364e-10 7.532357156380572584e-10 9.617465782185453468e-10 6.217261405688482325e-10 1.518567123114116891e-09 5.472304661413048125e-09 1.869073809350556609e-08 5.603511692309840090e-08 1.496660192683975046e-07 4.014968320831891022e-07 1.079717473862290103e-06 2.922018688705963595e-06 7.930095958023728410e-06 2.154313297007403872e-05 5.857193387818775181e-05 1.599590640420407587e-04 4.410052282814048031e-04 1.244500609390730966e-03
3.219814130241351741e-02 1.244912171131061507e-03 4.411405139849027836e-04 1.600053486593748736e-04 5.856963403621746401e-05 2.154306199677061219e-05 7.933129088584492511e-06 2.922344354767747824e-06 1.075678774647317409e-06 3.964214725773073670e-07 1.454421354799753220e-07 5.354704968839414707e-08 1.902089693353698968e-08 7.189637287600976589e-09 3.575270438191235273e-09 1.781352834447928461e-09 9.236446018961649835e-10 1.952327976679111601e-10 -7.831982284931490080e-11 -1.977558347336838029e-10 -2.297185970819549553e-10 -2.158332366729895450e-10 3.666083480875457885e-12 7.497028645643542921e-11 1.045724956929288822e-10 -8.843125345580587088e-12 -4.182993550845997437e-11 5.833336816726629791e-11 9.725829068109531133e-11 4.979742280562952354e-11 8.773503668281853764e-12 -2.613789512944626901e-11 1.330514184340882480e-12 -1.061269308254609150e-11 -2.956599750043185372e-11 -1.077678879130084188e-11 3.837895414083321649e-11 -5.334583382200276445e-12 -1.020961780106447471e-10 -1.178977562484397662e-10 -1.116515747005965827e-10 2.461465571314645780e-11 6.754977063162597642e-11 -1.190088865072833235e-10 -1.183097341181851794e-10 1.298019856792277365e-10 2.941928518346229296e-10 7.396019953511568901e-10 9.012946657541905004e-10 5.541919321881108282e-10 1.497331083495740843e-09 5.488655717165198592e-09 1.867144846484928207e-08 5.591870770009969887e-08 1.493600102290757115e-07 4.011895638252797755e-07 1.079753918368467738e-06 2.922355165881004959e-06 7.930939645715022313e-06 2.154525539912584696e-05 5.857450205543638039e-05 1.599624986874913235e-04 4.410054664612330397e-04 1.244487489268680976e-03
3.219792179637408908e-02 1.244949733337060100e-03 4.411613906331245073e-04 1.600139225697152850e-04 5.857284060543652349e-05 2.154456471875993304e-05 7.933826404704782893e-06 2.922563664656905063e-06 1.075652542387903963e-06 3.964374297315196357e-07 1.455453058445609265e-07 5.367037450465668151e-08 1.920394787498524040e-08 7.334390220535409701e-09 3.638285136622420262e-09 1.739027959286536613e-09 8.655890324409535606e-10 1.507255325931249067e-10 -1.072864005801855170e-10 -2.146717025646713883e-10 -2.378720210336005662e-10 -2.210386919305908235e-10 -1.095430746604661740e-11 6.212518948024268916e-11 1.027809562908997779e-10 -5.323282151861945129e-12 -3.310451540740089132e-11 6.500273816795347768e-11 9.786703087014740932e-11 4.718663142319160593e-11 5.806227653586840773e-12 -2.834183727358798085e-11 1.917962243215661843e-13 -1.253335755877359337e-11 -3.091072466449751925e-11 -1.045703039509957864e-11 4.027041403366717519e-11 -2.623187631826991899e-12 -9.560787368948206604e-11 -1.087255711969147567e-10 -1.052250994588824025e-10 3.410723574214084830e-11 7.932147157383479107e-11 -1.076778302416313713e-10 -1.135403147165131039e-10 1.026899339354264786e-10 2.491985019535187609e-10 7.324574393099554304e-10 9.453668009294398099e-10 6.061226977297377760e-10 1.558199747426740561e-09 5.557871210444214365e-09 1.880958542185124763e-08 5.616055015876807856e-08 1.497670901333191768e-07 4.016572432916414006e-07 1.080202926030107228e-06 2.922787225712603658e-06 7.930882581442595019e-06 2.154442697973265689e-05 5.857441989686336506e-05 1.599645096608417300e-04 4.410225936568186434e-04 1.244540166322508643e-03
3.219847978091815860e-02 1.244883880522774933e-03 4.411350879691499738e-04 1.600023038460686030e-04 5.856643968958360569e-05 2.154079738140436782e-05 7.931199370137172346e-06 2.920953726912119518e-06 1.075101997079847920e-06 3.962908804124896659e-07 1.454581430680962548e-07 5.354410516447408824e-08 1.898907854049164147e-08 7.194329748114311755e-09 3.638067670156200436e-09 1.799418149293349121e-09 9.351030750612882466e-10 1.871054592182737928e-10 -1.044171676864984379e-10 -2.109971867283764338e-10 -2.287332002196094802e-10 -2.107334378502343098e-10 -4.453201635392534624e-12 5.691145957421245992e-11 9.567184739976224155e-11 -6.487466075096066222e-12 -3.620723053899344037e-11 6.190800926202418379e-11 9.646436782377840854e-11 4.664492808004433048e-11 4.648177006417723571e-12 -3.061878586003931203e-11 -3.383142385872124939e-12 -1.243410051364715814e-11 -2.749732799512010693e-11 -6.240826901574812141e-12 4.515294553294368080e-11 -2.468500861751313018e-12 -9.939098399256057479e-11 -1.138186402621393177e-10 -1.153798147559489775e-10 1.990664828331788955e-11 6.804112075898079120e-11 -1.153873731142604393e-10 -1.098117399630177399e-10 1.104162424341220604e-10 2.648596747712094973e-10 7.348121488749236609e-10 9.176023224742722753e-10 5.647731912856021934e-10 1.513765164105963243e-09 5.527371676014911969e-09 1.870362616910012878e-08 5.591044749070888013e-08 1.494998203882342865e-07 4.014353073839652194e-07 1.079869673670834450e-06 2.922018796540421138e-06 7.929485648110713649e-06 2.154132054141970375e-05 5.856887573123167732e-05 1.599538777440147103e-04 4.409963260495573388e-04 1.244473459305171434e-03
3.219807640899789020e-02 1.244908586792309920e-03 4.411355130537845666e-04 1.600013395167896571e-04 5.856742323991344997e-05 2.154290863915786039e-05 7.933080417918657120e-06 2.921919420429793056e-06 1.075332779568800310e-06 3.964925058672489303e-07 1.456224877219221824e-07 5.368104722549388305e-08 1.909373542311941735e-08 7.187310251400745732e-09 3.536329048341838330e-09 1.755071264974061239e-09 9.076723767292817254e-10 1.594500964811070430e-10 -1.182914413721916332e-10 -2.106174528371659182e-10 -2.182883099149065572e-10 -2.009794019539675710e-10 2.743930279141643001e-12 7.204577340529075930e-11 1.094372190563232735e-10 1.845198974292077655e-12 -3.333318203935666980e-11 6.377831522732188717e-11 9.712068970591729191e-11 4.717589722462229326e-11 5.214367721765222190e-12 -2.846390221444576748e-11 7.591054654823149707e-13 -1.037692714177348430e-11 -2.951972865452078307e-11 -1.108902860405762348e-11 3.816400597318105928e-11 -4.775211487593134414e-12 -9.673824128137465478e-11 -1.109028294295716402e-10 -1.130987995146643330e-10 2.031025135278940831e-11 6.715011740009790978e-11 -1.059732390148091558e-10 -9.625002215975950853e-11 1.303289124500586794e-10 2.605235243476761486e-10 7.316313316715711474e-10 9.328336788008344339e-10 5.690665437374803266e-10 1.466803114967437892e-09 5.448063925268358394e-09 1.874419383674049202e-08 5.603434397312350677e-08 1.496372517628412231e-07 4.015672535215305765e-07 1.079993227713906398e-06 2.922819983311577213e-06 7.931677337012747069e-06 2.154650272021942981e-05 5.857760774536558719e-05 1.599678302227185980e-04 4.410216458950880561e-04 1.244534314561206775e-03
3.219810379288953750e-02 1.244906825254451198e-03 4.411387793447177114e-04 1.600053358346278042e-04 5.856916510243817157e-05 2.154264902278124258e-05 7.933004273506446763e-06 2.922120567964346702e-06 1.075625713005182482e-06 3.964430226562288485e-07 1.454504586041917405e-07 5.347565983217546893e-08 1.896277953849865329e-08 7.168411642793707318e-09 3.594154260028618376e-09 1.755071554461981276e-09 8.658564679261516407e-10 1.635726192970065434e-10 -8.156883472325819774e-11 -1.923665698460335133e-10 -2.221089525985248451e-10 -2.066411800737507830e-10 -2.688471380426484290e-12 6.220514462725095422e-11 1.003869348070730306e-10 -7.430330255780277181e-12 -3.975074515351876540e-11 6.075142819514521310e-11 9.962868095265460239e-11 5.023595604799470991e-11 7.413352915429894506e-12 -3.012822097712773633e-11 -3.511355873406832102e-12 -1.441655447697837142e-11 -2.992341584188759191e-11 -9.199434014023364982e-12 4.213473741972995273e-11 -3.290954425451962073e-12 -1.025627154729084258e-10 -1.119413933352611874e-10 -1.068177256493674490e-10 2.673295352001513409e-11 6.372874304312126202e-11 -1.315226888284193698e-10 -1.304627001174192079e-10 1.164530181399704818e-10 2.805928850304483005e-10 7.467251311466366109e-10 9.385775900837461396e-10 5.799990727470638739e-10 1.511735031690823327e-09 5.493906849292372146e-09 1.862851733143364173e-08 5.579864296854334461e-08 1.494130889613359581e-07 4.013938156526773644e-07 1.079684326539052734e-06 2.921940147490505320e-06 7.930188382032387471e-06 2.154445449283049868e-05 5.857511308148611776e-05 1.599655013303748685e-04 4.410185270166728675e-04 1.244529596358713141e-03
3.219831042058061282e-02 1.244877859539618653e-03 4.411246020755815972e-04 1.599962602135479790e-04 5.856468319464017396e-05 2.154077348290503165e-05 7.932296563913627290e-06 2.921946364714408315e-06 1.075380813996186208e-06 3.962819276986343112e-07 1.453413799216615289e-07 5.337098195853378280e-08 1.880409093880787826e-08 7.041286608861798015e-09 3.526893310963553401e-09 1.751407972005569197e-09 8.924764333754464808e-10 1.514386067488469761e-10 -1.079976403296155475e-10 -1.989938162847121370e-10 -2.239315830960844068e-10 -2.121288029077839754e-10 -3.680184463619748829e-12 6.172763158614766440e-11 1.008135825063148992e-10 -6.376504150373547691e-12 -3.719590842859454312e-11 6.264419173992437879e-11 9.855853063486238483e-11 4.851636559650588557e-11 6.572490401984097941e-12 -2.821555616307328826e-11 7.107997954622189775e-13 -1.066518650006701992e-11 -2.968034962546003382e-11 -8.901179578110704379e-12 4.097631376479762467e-11 -1.277425439961367932e-12 -9.231647999400157826e-11 -1.011816103492488946e-10 -9.887764323251353129e-11 3.476839148855739602e-11 7.379289478957118003e-11 -1.054992120692246855e-10 -8.811473281623168610e-11 1.426046112013984038e-10 2.653661460094980192e-10 7.203420664672116248e-10 9.215875656961319684e-10 5.921085861282916635e-10 1.531184819736862728e-09 5.512571161378663496e-09 1.873250913781336766e-08 5.593892713976749253e-08 1.495034959833957832e-07 4.015119530687282440e-07 1.079968563622458285e-06 2.922055464652698348e-06 7.929742412946819968e-06 2.154324564389326774e-05 5.857313806985979510e-05 1.599628078212195421e-04 4.410133941641299115e-04 1.244526301075367034e-03
3.219807259663320237e-02 1.244843627333042102e-03 4.411128259446650524e-04 1.599947419152254627e-04 5.856573095141744156e-05 2.154040711589158701e-05 7.931385880742890685e-06 2.921238255121180816e-06 1.075280147623602790e-06 3.963910931301549889e-07 1.454948785255169762e-07 5.356110399939996223e-08 1.899692928124708124e-08 7.188040919336646529e-09 3.566123572846273136e-09 1.750549110968650918e-09 8.920952225956349184e-10 1.541465098437561746e-10 -1.289171657020976085e-10 -2.524489776989113843e-10 -2.615421213381672402e-10 -2.257590823304165760e-10 -7.662986091934629576e-12 6.448856403782762847e-11 1.067825133414881017e-10 -2.591702698260042441e-12 -3.678027309840719317e-11 6.252651804948408579e-11 9.710423040109145709e-11 4.647657955897432359e-11 4.211254855598543195e-12 -2.955245619909518083e-11 -1.055731716243956338e-12 -1.202414655704963571e-11 -2.823349715162185882e-11 -7.130438075352559642e-12 3.949852032228064110e-11 -9.696519184681791110e-12 -1.040683200023702814e-10 -1.125573853046558214e-10 -1.073761978220249415e-10 3.546688227219992146e-11 8.190224082353274301e-11 -1.105282227371537253e-10 -1.109614596876893131e-10 1.121318798141588611e-10 2.498329857393329095e-10 7.134541511086342254e-10 8.995908821983392709e-10 5.280892838578006822e-10 1.466477358421467158e-09 5.537856225574255023e-09 1.881080377144486415e-08 5.604416658950940988e-08 1.496601869189499797e-07 4.014647479069351809e-07 1.079691800180082083e-06 2.921841498129338223e-06 7.929963292153243218e-06 2.154347336945210969e-05 5.857213083954056465e-05 1.599594681086878979e-04 4.410023296690781321e-04 1.244478526074392849e-03
3.219782644671356081e-02 1.244887145839789541e-03 4.411249992251117650e-04 1.599972295979824920e-04 5.856476836082075290e-05 2.154060058344288913e-05 7.931790412532743458e-06 2.921458102156199394e-06 1.075155157277759423e-06 3.961224062064625558e-07 1.454647450060592376e-07 5.364157353607171817e-08 1.906178348977803058e-08 7.220318887551050277e-09 3.608377938514082348e-09 1.795322626426161501e-09 8.983347796004212363e-10 1.469372676008689773e-10 -1.104436737326405791e-10 -2.105322353732413665e-10 -2.250983253677034304e-10 -2.168839210672221896e-10 -1.264198170566902375e-11 6.422976780297474425e-11 1.038001386111978562e-10 -6.322118058455668232e-12 -3.819392352734725596e-11 5.991862017247856033e-11 9.379346391498705818e-11 4.531186725540918615e-11 6.148543978782475448e-12 -2.803345584840007963e-11 -1.220305580424403017e-12 -1.242150449559353951e-11 -3.094732645470230846e-11 -1.020421214297162024e-11 3.932350858075923200e-11 -4.025992327858404621e-12 -9.794559254188734732e-11 -1.106449935156023541e-10 -1.038211886716185037e-10 3.937383794529366160e-11 8.613846400898767074e-11 -1.097574098780444020e-10 -9.949592953447873438e-11 1.302910576151713323e-10 2.479459988093147367e-10 7.392028923561447126e-10 9.470015325900564868e-10 5.927769323867958132e-10 1.511518167952753093e-09 5.486712420171261537e-09 1.867546144549023032e-08 5.593532210316813751e-08 1.495171115847585195e-07 4.014291928720577375e-07 1.079879973285277428e-06 2.922048367014972944e-06 7.930100347931600915e-06 2.154354663586756962e-05 5.857385137394533170e-05 1.599636080846737328e-04 4.410150840722414155e-04 1.244523146272890268e-03
3.219845267689924739e-02 1.244954691922036533e-03 4.411600543133934751e-04 1.600095273263375903e-04 5.857014426261270300e-05 2.154251238975653758e-05 7.932148248301111257e-06 2.921489743882645664e-06 1.075471511391808229e-06 3.965755943062812639e-07 1.456725641754809706e-07 5.355516216846891486e-08 1.898510340961417547e-08 7.180210438305515406e-09 3.575604530334915561e-09 1.773013497436398682e-09 8.937024537258723014e-10 1.386540239598972536e-10 -1.388362786001308232e-10 -2.252854401370504466e-10 -2.268256730474949628e-10 -2.059702014950534767e-10 1.339378152703759826e-12 6.318394620719274115e-11 9.759439810377530235e-11 -9.085417556490980449e-12 -3.835139070999825507e-11 6.355548278887823488e-11 9.792353696525207074e-11 4.789330647411223366e-11 7.306236775737943589e-12 -2.703121892133603679e-11 -4.018019730795155701e-13 -1.127741773735209757e-11 -2.680119318670124710e-11 -8.014021068209001086e-12 4.149878520503232327e-11 -3.209930551318003809e-12 -9.847699054465500600e-11 -1.088872389259928492e-10 -1.055082867555796118e-10 2.629651181690868812e-11 5.967072771599497423e-11 -1.354145390505435955e-10 -1.263917124019753419e-10 1.154210171517847210e-10 2.660765180478662474e-10 7.560096100655845429e-10 9.698138286176257742e-10 5.870790574112483724e-10 1.513820561350097791e-09 5.457001033084154817e-09 1.864194660376759456e-08 5.597281418645480961e-08 1.495232869598599991e-07 4.014616766281773034e-07 1.079822301813193901e-06 2.921981062444016211e-06 7.930117605317613547e-06 2.154355911818887819e-05 5.857292734357529647e-05 1.599613244798795656e-04 4.410066216588599949e-04 1.244502991812058458e-03
3.219828232163305520e-02 1.244852816465696335e-03 4.411079201157393952e-04 1.599909272291687894e-04 5.856408335828708713e-05 2.154056333258758891e-05 7.931650842435681553e-06 2.921287770867521178e-06 1.075132850716248765e-06 3.961241517985449159e-07 1.453217589196565776e-07 5.350482794803656663e-08 1.904910189906619425e-08 7.240351042955988860e-09 3.627046636044482411e-09 1.780832899879655804e-09 8.923346628170826234e-10 1.423218963285177935e-10 -1.156180373413955025e-10 -2.120025294232949677e-10 -2.235908764595159574e-10 -2.098424028378442887e-10 -5.918701947163840147e-12 6.450653704411050778e-11 1.031312126929953593e-10 -4.691612148214406720e-12 -4.052692171624575424e-11 5.527051469501634346e-11 9.530148061294651870e-11 5.096898457673931425e-11 8.588895786652499216e-12 -2.874441713694096159e-11 -2.380588369642416127e-12 -1.387861907785708018e-11 -2.923354694844762698e-11 -6.548834249293790619e-12 4.501543259027226881e-11 -6.045541413205585783e-13 -9.527203953540038555e-11 -1.085098239295323775e-10 -1.075436018537860002e-10 2.686874360773762368e-11 6.480359861126768775e-11 -1.241327046355168666e-10 -1.275070474370306038e-10 1.272773852609377770e-10 3.089687213401586386e-10 7.706698284953229536e-10 9.396500915712384084e-10 5.622420273162386209e-10 1.448728204859215087e-09 5.437024931903786111e-09 1.871218301257948268e-08 5.605280161664758092e-08 1.496969018998327777e-07 4.016437024468002686e-07 1.080123602961491983e-06 2.922602621739225833e-06 7.930758235638618540e-06 2.154396801170192774e-05 5.857163448991141522e-05 1.599567490472857297e-04 4.410020880447033812e-04 1.244511109166713441e-03
3.219821054537760907e-02 1.244932023896773042e-03 4.411501038001421093e-04 1.600092171264399751e-04 5.856960506537874230e-05 2.154292626513004826e-05 7.933182937637045813e-06 2.922465176261152395e-06 1.075660838668607317e-06 3.962480451485406410e-07 1.453910166520863423e-07 5.357365660677083749e-08 1.905969470219455341e-08 7.189158304525416513e-09 3.580925650776056113e-09 1.763198118727390250e-09 9.124162850380841537e-10 1.863808071430681386e-10 -1.018431664702727667e-10 -2.352019487571302920e-10 -2.426607377184465038e-10 -2.146038005863631174e-10 6.290994280673628065e-13 7.311002076591963448e-11 1.087326894195797953e-10 -5.370625102817578818e-12 -4.101679259906066618e-11 5.917858203273079205e-11 9.520974207731095580e-11 4.773238573397415950e-11 6.669938814509162206e-12 -2.693386239824293052e-11 3.844914528840098256e-13 -1.236489457836529915e-11 -2.906021776059601467e-11 -8.075660205379973069e-12 3.933074059468618127e-11 -6.731246294494963889e-12 -1.023411334157131945e-10 -1.125691742512530416e-10 -1.072357046505314860e-10 2.758969491985794094e-11 7.443997434787592621e-11 -1.155839939447824064e-10 -1.255057829827418234e-10 1.038112804969405826e-10 2.481267369193915826e-10 7.248338692134238653e-10 9.204028122054888706e-10 5.570576958871188507e-10 1.523663894057350940e-09 5.560800822579914293e-09 1.871574357796699681e-08 5.588951307976322632e-08 1.493707564388314212e-07 4.013404110042966023e-07 1.079938788537239876e-06 2.922280485469881997e-06 7.929940946364658026e-06 2.154335665173743011e-05 5.857323974287051752e-05 1.599626646065884427e-04 4.410136824422297079e-04 1.244531442107018205e-03
3.219797479985954392e-02 1.244953413358497419e-03 4.411587968259307927e-04 1.600129711041304713e-04 5.857316853138524803e-05 2.154466284517974077e-05 7.933724030829272447e-06 2.922674476247730604e-06 1.076114936055651260e-06 3.967495424481197454e-07 1.456536756391120087e-07 5.361063087033341803e-08 1.900721824278287594e-08 7.174313153160695981e-09 3.557850096667532196e-09 1.765442214585099335e-09 8.846277702188356635e-10 1.432207689121246959e-10 -1.062212430933558588e-10 -2.152400327732645832e-10 -2.437540613023850204e-10 -2.186900792300179097e-10 -2.865530640234900002e-12 7.207481031831926297e-11 1.082116213751253535e-10 -2.642913250255303916e-12 -3.898333839168526980e-11 5.912104332155702769e-11 9.275871406346997448e-11 4.384812254488110206e-11 6.532945426453419073e-12 -2.764793357727511479e-11 -8.179538523149787061e-13 -1.436033804159073393e-11 -3.171130838825814414e-11 -7.944797670196042069e-12 4.480903983201822903e-11 -7.416142032667029560e-13 -9.984275788860096665e-11 -1.143536397234899540e-10 -1.113079798037407740e-10 2.535321986531066804e-11 6.633033403170525535e-11 -1.266784059734121595e-10 -1.139737695130939749e-10 1.194746692135923572e-10 2.584398957396008350e-10 7.168097538303407370e-10 9.274193679394298917e-10 6.155202826933216501e-10 1.548470937982386730e-09 5.520581310008687692e-09 1.869525606471740860e-08 5.593005527452699088e-08 1.495405517161179847e-07 4.015418729938477871e-07 1.079948833828567451e-06 2.922224254551931589e-06 7.930607823485892865e-06 2.154553266873788866e-05 5.857744528167767837e-05 1.599712397592125009e-04 4.410333806786618420e-04 1.244551689791197893e-03
3.219768651810327176e-02 1.244893360830650903e-03 4.411309785036779049e-04 1.600037533748810132e-04 5.856899484813075419e-05 2.154312819565531417e-05 7.933209091518181474e-06 2.922088441628410188e-06 1.075378806428656370e-06 3.964044173507632896e-07 1.454857715687850325e-07 5.361621761422598289e-08 1.910643198566907394e-08 7.238540787971836384e-09 3.592238360125478883e-09 1.767578354976585230e-09 9.072344294423756958e-10 1.808212020601474929e-10 -1.037846191255475087e-10 -2.152990995312488635e-10 -2.278687364031315683e-10 -2.211984483418583976e-10 -1.321538349795356625e-11 6.551173410505352215e-11 1.052539751035967709e-10 -2.957794351754444574e-12 -3.718901734057472876e-11 5.833334975041358091e-11 9.347428424196963151e-11 4.670374424464401109e-11 8.026670466126518569e-12 -2.683423835039614684e-11 -4.386849310310264743e-13 -1.248572754520517584e-11 -2.828039168668029651e-11 -8.276377477184426959e-12 4.112446550275423213e-11 -2.225964913293298466e-12 -9.754076888141907539e-11 -1.157425411590471271e-10 -1.152892354664794215e-10 2.529934850001970812e-11 6.990697740058295632e-11 -1.137521994525027864e-10 -1.058523347149181590e-10 1.142227854982606230e-10 2.489229811517110121e-10 7.369824220451149345e-10 9.339912075540585794e-10 5.798743894030603524e-10 1.505912097841750611e-09 5.454538292694959500e-09 1.871472016830460876e-08 5.605799849289395535e-08 1.495603382254619121e-07 4.014423003945959154e-07 1.080002703898312951e-06 2.922331280407087768e-06 7.930160398212144935e-06 2.154424330751800214e-05 5.857503796961375489e-05 1.599669729467251592e-04 4.410240360401825955e-04 1.244544107873432615e-03
3.219853650020605002e-02 1.244968996033985918e-03 4.411688367722089521e-04 1.600150642418474698e-04 5.857244951735650525e-05 2.154399882055420970e-05 7.933227772350061847e-06 2.921708004845946774e-06 1.075056737290709293e-06 3.961302063200430813e-07 1.453677358926677473e-07 5.355756459469499201e-08 1.904951026395529007e-08 7.268141939130567050e-09 3.633926205343276266e-09 1.767325608248329065e-09 8.836618523348855038e-10 1.716179916448464903e-10 -8.894834416716323777e-11 -2.144812616319873814e-10 -2.307998520791361485e-10 -2.138657441065683208e-10 -3.803368919235162998e-12 6.645083461939209686e-11 1.092202467764860718e-10 -1.961491145806555593e-12 -3.749951064818829351e-11 6.292531432983919223e-11 9.796862837914694017e-11 4.772872249534618054e-11 6.462359551580718406e-12 -2.901101002262407799e-11 -2.017459446927682229e-12 -1.287088909328364662e-11 -2.622758565986681718e-11 -4.051735983332458052e-12 4.620143540314466367e-11 1.585380827171628531e-12 -9.663422054020795395e-11 -1.134888170406244645e-10 -1.129745139947360230e-10 2.407869997763389086e-11 7.154450396847955395e-11 -1.085533499989032079e-10 -1.095075866682786813e-10 1.198547881509544418e-10 2.677068428629191818e-10 7.372793425827161783e-10 9.620560353140168917e-10 6.355361789864826874e-10 1.527554706861278526e-09 5.456731897265393235e-09 1.868113686377884884e-08 5.604917810528241511e-08 1.496725048884630694e-07 4.014493991147355644e-07 1.079765174728629709e-06 2.922304105403548013e-06 7.930892235253645341e-06 2.154499718592504281e-05 5.857468990917412692e-05 1.599635455344513256e-04 4.410129585215161315e-04 1.244504809814662603e-03
3.219802980680031013e-02 1.244911072075196743e-03 4.411400478714590971e-04 1.600048399999429161e-04 5.856839197054929255e-05 2.154192805529775767e-05 7.932550995304805104e-06 2.921781821373440458e-06 1.075198765562154975e-06 3.961404990169245215e-07 1.453390268219150226e-07 5.346368969126497622e-08 1.892680873357163627e-08 7.099891064484348493e-09 3.477972336934786925e-09 1.702929223540194956e-09 9.010511020689625992e-10 1.882214836512086974e-10 -7.791229483547326470e-11 -1.948391374669390957e-10 -2.142937253105119850e-10 -2.061382723161057360e-10 -8.358272362839854342e-13 6.431382836205715613e-11 9.540413410198459377e-11 -1.613392087112088086e-11 -4.474111410630409100e-11 6.249301624326296618e-11 1.009525981736085360e-10 5.066945558049466145e-11 8.424847470587016624e-12 -2.786051499432394607e-11 -1.381910889308964051e-13 -1.134305243561507794e-11 -2.847210180005459518e-11 -9.490856436270943476e-12 3.883596691127224223e-11 -7.342033062565910421e-12 -1.038194358796928684e-10 -1.177438995138082593e-10 -1.129996513347303798e-10 3.201943291864219720e-11 7.738888776097412416e-11 -1.076846186552905814e-10 -1.077684577787565557e-10 1.211221100205076758e-10 2.626519624805119069e-10 7.135822867590442148e-10 8.869016597150193835e-10 5.498672381895699493e-10 1.469219789163422114e-09 5.471129830217686820e-09 1.872165447117836182e-08 5.603169089192376995e-08 1.495924065977169759e-07 4.012617983043747700e-07 1.079484718057780184e-06 2.921830310179740992e-06 7.929617259136016014e-06 2.154199715624056330e-05 5.856961937107453721e-05 1.599508491298169547e-04 4.409804360595858969e-04 1.244451635497162640e-03
3.219800009113438222e-02 1.244910021151314538e-03 4.411422600240961665e-04 1.600054166509605426e-04 5.856920802435894991e-05 2.154311592461393985e-05 7.933247541320104018e-06 2.921981913248397991e-06 1.075010650093153684e-06 3.959469713179792579e-07 1.452360609719461105e-07 5.345361517873347746e-08 1.900727044290873653e-08 7.182047945165464117e-09 3.534514797382948926e-09 1.701014282847874221e-09 8.485193780198399501e-10 1.148888712223481434e-10 -1.411255094432957260e-10 -2.294600314949554880e-10 -2.307917884961538496e-10 -1.987887681049261601e-10 7.299507183253065970e-12 7.202541055525923783e-11 1.074909205241001851e-10 -2.031517557245513699e-12 -3.774748902473380878e-11 5.853517311925814220e-11 9.365472436435975476e-11 4.546915215136852752e-11 7.612679614788762316e-12 -2.501375592684884753e-11 1.984047241565541651e-12 -1.141840844362256503e-11 -2.956202252988621679e-11 -8.309940369960021087e-12 4.625253185149642918e-11 2.673242129427666429e-12 -9.699279734441898024e-11 -1.095271556877760589e-10 -1.106521398547486175e-10 2.060948863289837778e-11 5.916234205996900514e-11 -1.259207022617101177e-10 -1.133836686151387801e-10 1.289527912999244651e-10 2.777407993633607115e-10 7.450062100261547958e-10 9.272588583155918007e-10 5.377015123249213095e-10 1.494024346354420981e-09 5.555770605792426456e-09 1.881551568737654293e-08 5.611447076968723185e-08 1.496279742150622806e-07 4.014186932881029848e-07 1.079794919524962340e-06 2.921962852275545816e-06 7.930218788792623653e-06 2.154514145509278813e-05 5.857640036887776339e-05 1.599676435267146995e-04 4.410259307865335146e-04 1.244548663023246600e-03
3.219821058552856108e-02 1.244929937096140573e-03 4.411497176970915904e-04 1.600082642567365052e-04 5.856905019848648202e-05 2.154194937654721454e-05 7.932249422111419530e-06 2.921918454991881674e-06 1.075603099268581907e-06 3.964406666843725539e-07 1.455087051282669385e-07 5.362817694488947122e-08 1.909151741950830848e-08 7.286952266959951942e-09 3.655672816177000960e-09 1.789227059763622973e-09 9.107123022908246567e-10 1.647838004327883362e-10 -8.768488075960975411e-11 -1.946213393489441767e-10 -2.222156266503499265e-10 -2.066064883493563839e-10 8.690685190516935749e-12 6.974315891569619887e-11 9.625114552048182814e-11 -1.373769913645522507e-11 -4.309976224799647990e-11 6.033561737470698040e-11 9.848817834377306589e-11 4.918387657709531744e-11 8.503498516174035192e-12 -2.729953629117444098e-11 -5.771185265840864416e-13 -1.159478917373413744e-11 -2.957879509456292440e-11 -1.047961567276042875e-11 4.087002274413559838e-11 8.553830663226705929e-13 -9.588454466416975329e-11 -1.147718167951596591e-10 -1.134628716369111432e-10 1.761449231068259142e-11 5.435020567560134257e-11 -1.244318233288379002e-10 -1.003398892195681077e-10 1.376535943091630752e-10 2.929741286843574648e-10 7.768250772507728978e-10 9.951401425247119199e-10 6.594857705145898246e-10 1.589140693868870888e-09 5.534400067654688128e-09 1.869413955158885099e-08 5.598908250893750200e-08 1.494815813289849003e-07 4.013105848848742889e-07 1.079717558153181851e-06 2.922228579546629499e-06 7.930404377700375561e-06 2.154392407221692913e-05 5.857230186685677523e-05 1.599594527761510356e-04 4.410038236889787105e-04 1.244490345739416269e-03
3.219812925728348513e-02 1.244868015051568818e-03 4.411261623263536573e-04 1.600001116168803022e-04 5.856675008643315246e-05 2.154184248675468889e-05 7.932403535082429300e-06 2.921734505141567615e-06 1.075226989431521633e-06 3.962574845394049354e-07 1.455452459216486745e-07 5.365221939351975795e-08 1.913781910497144742e-08 7.276425861696442417e-09 3.558378677404733425e-09 1.667911919016343859e-09 8.321103262056389392e-10 1.473289843340701560e-10 -8.041678388470500396e-11 -1.865632808237044958e-10 -2.348066825108931374e-10 -2.157260729554313430e-10 -3.931325622045378676e-13 6.673483864368001543e-11 1.079737362697520776e-10 -3.023290529404470629e-12 -4.098522841519938935e-11 6.008990513841789582e-11 9.913987964802772317e-11 4.946136370199080250e-11 8.456813282501289467e-12 -2.666955919998186428e-11 -1.005512806821645471e-13 -1.115996053486130712e-11 -2.738266464747950820e-11 -8.451046139056121223e-12 3.977623363626871714e-11 -3.743496699847711188e-12 -1.012279094290494819e-10 -1.129794956127485206e-10 -1.099291927314004655e-10 2.599570377272969593e-11 5.976136932269790815e-11 -1.358761480072934062e-10 -1.253908627482604859e-10 1.216044089174070283e-10 2.700900298862791827e-10 7.453427072021217639e-10 9.695257919264493868e-10 6.364651253669408067e-10 1.530673190843625989e-09 5.499419607548573884e-09 1.875193683460717662e-08 5.607248809295315490e-08 1.495286356150320668e-07 4.014527151024090230e-07 1.080143197851689656e-06 2.922622153780642057e-06 7.930902407384078304e-06 2.154518567321455345e-05 5.857670038115583188e-05 1.599716308227680354e-04 4.410273842516347197e-04 1.244545834293421787e-03
3.219800919874738626e-02 1.244929182380934878e-03 4.411512417011063730e-04 1.600094370135328296e-04 5.856957065670295032e-05 2.154248655179639903e-05 7.932278415102837849e-06 2.921629018941432786e-06 1.075529536440312827e-06 3.964450359654092645e-07 1.455237175211898867e-07 5.368267818690010442e-08 1.913957116640024806e-08 7.268115877061240874e-09 3.612103121209891241e-09 1.755716243002440230e-09 8.655823188956947727e-10 1.378328061492003329e-10 -1.184620586211956144e-10 -2.133820664224609729e-10 -2.163521123365928571e-10 -1.971494851423139354e-10 -1.750947749815018948e-12 5.786442789779781382e-11 9.497254884298415030e-11 -8.260979990773920884e-12 -4.101146044365793887e-11 5.888113472153491724e-11 9.361615207720172042e-11 4.657805253122997063e-11 7.760274022152073608e-12 -2.775570402139957084e-11 -7.889987822882328113e-13 -1.203515112014731052e-11 -2.802664591737500469e-11 -5.232218162959460706e-12 4.518293786910507446e-11 -1.363413019724710243e-12 -9.948262491800061501e-11 -1.118438208465119332e-10 -1.062720640967349608e-10 3.164966358046878093e-11 7.388401573059183627e-11 -1.218160553749238291e-10 -1.150678030472118777e-10 1.136409617899716895e-10 2.429748839432041157e-10 7.018093088460178082e-10 8.988859143499839855e-10 5.432542450071224897e-10 1.511046408698379195e-09 5.561503205633723730e-09 1.875731544885172701e-08 5.600336214647008026e-08 1.494952630505371396e-07 4.012933857067678505e-07 1.079671394446417287e-06 2.922082712596311951e-06 7.930017763459035581e-06 2.154222775423223342e-05 5.856896275497701067e-05 1.599525005642705511e-04 4.409870163876286110e-04 1.244466121002106183e-03
3.219783442181280153e-02 1.244880894754183797e-03 4.411332755420961042e-04 1.600032352519026270e-04 5.856950461103576473e-05 2.154343616030718174e-05 7.933139293891877870e-06 2.922241254379122302e-06 1.075565598459296477e-06 3.963491771604189920e-07 1.454062188172610843e-07 5.353581867175526669e-08 1.902026040861057087e-08 7.244151512476753658e-09 3.592514622830236453e-09 1.746370088708901992e-09 8.794342494090431888e-10 1.575953251533343020e-10 -1.008199915534848963e-10 -2.098695301251688878e-10 -2.257295225767475470e-10 -2.096365171070138148e-10 -3.036882711629900741e-12 6.590899922680068972e-11 1.029612243273245268e-10 -4.530729037449826196e-12 -4.026539726548895464e-11 5.864293832548947723e-11 9.658395693831784676e-11 4.908219387555186590e-11 6.989917901446285887e-12 -2.941306103602215952e-11 -2.908813315997539245e-12 -1.303291286157147046e-11 -2.848590859900865649e-11 -6.997490014348367301e-12 4.373016944891187595e-11 -1.650036115219414912e-12 -9.808285346198069317e-11 -1.142311626054050130e-10 -1.110251014771087035e-10 3.250917488634497808e-11 8.120283035451373259e-11 -1.058036613634324126e-10 -1.114172802047228541e-10 1.146254265049732060e-10 2.634752393090861712e-10 7.119367150105933625e-10 8.984631493455760465e-10 5.440890852514170885e-10 1.489100972504126077e-09 5.529620495220082580e-09 1.876955745132953802e-08 5.604645809576776664e-08 1.495201249168382076e-07 4.013571988322068950e-07 1.079756420786366448e-06 2.922022598303603035e-06 7.930104354784359302e-06 2.154374362600130162e-05 5.857267071141671153e-05 1.599576043350643456e-04 4.409967221729504320e-04 1.244482505565726966e-03
3.219854887678258448e-02 1.244958625556074824e-03 4.411583659801861864e-04 1.600105812534780285e-04 5.857086566567685354e-05 2.154346162573841166e-05 7.932866024414313771e-06 2.921747351483189779e-06 1.075134556832628810e-06 3.961893681817676984e-07 1.454163770681383224e-07 5.355560818433871561e-08 1.898818887474730089e-08 7.156694849209053538e-09 3.583074444444082480e-09 1.760991493883048999e-09 8.859685156962575612e-10 1.486220240793071092e-10 -1.053081952113751564e-10 -2.051434973018793557e-10 -2.156257775495959060e-10 -2.068852190560508006e-10 -4.913751964319001329e-12 6.468313212731284312e-11 1.003889184722858510e-10 -6.676980344771257951e-12 -3.774589908405294656e-11 6.185165250786242192e-11 9.568733781951509303e-11 4.693641212409848051e-11 5.301751012746494452e-12 -3.040184206499179073e-11 -3.006086361737483755e-12 -1.377437883358227335e-11 -2.917925508202278298e-11 -8.155444054648444192e-12 4.079538255459290344e-11 -4.906333851805359610e-12 -9.932483277121230257e-11 -1.103261000791202838e-10 -1.078055394798007931e-10 2.901943128913745290e-11 7.501581486827581488e-11 -1.139529315150134901e-10 -1.143104905823013168e-10 1.067498758346015264e-10 2.539492771109868573e-10 7.380028915371395851e-10 9.583589526864339208e-10 5.806930006394604641e-10 1.511089953786403108e-09 5.516819206145392916e-09 1.868965576839351489e-08 5.593792127019718951e-08 1.493953551936080539e-07 4.012308221404707967e-07 1.079821033873588468e-06 2.922259861124943648e-06 7.930549876562051047e-06 2.154429330175000265e-05 5.857318788419542139e-05 1.599614050750430296e-04 4.410146316741173534e-04 1.244531096994655689e-03
3.219775890406240126e-02 1.244844040709674939e-03 4.411113420401098300e-04 1.599942214510260280e-04 5.856498689590330009e-05 2.154047680721115271e-05 7.931095571238732313e-06 2.921151325852732649e-06 1.075161672191338579e-06 3.963561430574816360e-07 1.454701729686042049e-07 5.345254181236657362e-08 1.884749869746557330e-08 7.079831418284284371e-09 3.586423660735719538e-09 1.748717187371928524e-09 8.634484604294906993e-10 1.401568696104967536e-10 -1.281917055857338498e-10 -2.248509644658103654e-10 -2.316452675129212925e-10 -2.125332688150241737e-10 -7.285732968906542914e-12 6.323276731677559989e-11 1.002125931954802656e-10 -7.734120062002633627e-12 -3.673805205334059367e-11 6.433896685900729636e-11 9.800885133036802202e-11 4.801558460073697581e-11 6.282832428660575502e-12 -2.931015369533753345e-11 -1.831253695927682421e-12 -1.213076408983741676e-11 -2.880225445534125802e-11 -1.003840325469343650e-11 4.103121919490823690e-11 -2.255797210248379382e-12 -1.003942379637928625e-10 -1.141278547169609928e-10 -1.097036920606016090e-10 3.345777341224628685e-11 7.757818772302674626e-11 -1.143590532709724481e-10 -1.160121739360500431e-10 1.084854499611320904e-10 2.412037153634212435e-10 7.075424019753934939e-10 8.945171240748264458e-10 5.357907229233751605e-10 1.505531968714688257e-09 5.560797878759676312e-09 1.884229899419778156e-08 5.607868351540879865e-08 1.494650233629496204e-07 4.010572547510372847e-07 1.079423454424445188e-06 2.922102887735291445e-06 7.930361153176226398e-06 2.154370599640963215e-05 5.857262894571689906e-05 1.599593517087902564e-04 4.410014074463891836e-04 1.244490065842225775e-03
3.219798511928395612e-02 1.244807444002064617e-03 4.411042471744803703e-04 1.599920385492839049e-04 5.856373290273389883e-05 2.154067324683776557e-05 7.932159737073038807e-06 2.921620437180228735e-06 1.075069560868312952e-06 3.960172818640270805e-07 1.452635959963604714e-07 5.349280187429154024e-08 1.905757660419587864e-08 7.285569468729918366e-09 3.661409164891253023e-09 1.790561602707114778e-09 8.908019486866000034e-10 1.469324091544753766e-10 -1.089927199192638470e-10 -2.107894173962671500e-10 -2.374696189728811178e-10 -2.187385978710588444e-10 -3.733277990860348205e-12 6.710172784017942121e-11 9.885452571212149014e-11 -1.029976141576621649e-11 -4.076639823481618730e-11 6.168389932888287157e-11 9.818738165242855517e-11 4.879604154638154348e-11 7.927563193001632801e-12 -2.744832621644561988e-11 5.905142419500412558e-13 -1.079212554433921031e-11 -2.807065734041566782e-11 -8.461510660289723258e-12 4.176090162336924496e-11 -1.387889746120965510e-12 -9.563017283346080625e-11 -1.116799799840141115e-10 -1.114454618286433625e-10 2.807596715178191662e-11 7.350866893641082713e-11 -1.144735920938420757e-10 -1.099615150500185030e-10 1.328186968211277281e-10 2.821891203168511648e-10 7.522241192664498883e-10 9.239479648103282422e-10 5.552546595841796120e-10 1.503331942163346938e-09 5.512206373562262505e-09 1.881797657096872922e-08 5.608428819048941847e-08 1.495412348467757179e-07 4.013499852759727334e-07 1.079727351939362947e-06 2.921872093138262690e-06 7.929974755735788193e-06 2.154383019965257478e-05 5.857516889378340644e-05 1.599680409066414068e-04 4.410213717986068670e-04 1.244529374922222252e-03
3.219783074215479268e-02 1.244925485884895927e-03 4.411440302193858349e-04 1.600058337088809950e-04 5.856834725319307082e-05 2.154210184319648876e-05 7.932624234673733927e-06 2.921941657836017866e-06 1.075438867168713683e-06 3.962919467869647871e-07 1.454606995172819634e-07 5.352692228361441913e-08 1.898823268030913832e-08 7.176422683583241635e-09 3.569889334743369696e-09 1.735686520128792060e-09 8.828634417054338480e-10 1.601634593414224741e-10 -9.924552329769808930e-11 -2.075716268892429741e-10 -2.315553773030300305e-10 -2.174040125170239777e-10 -5.607046344305276625e-12 6.460053268285567604e-11 9.795017041771734587e-11 -1.285647116561419396e-11 -4.285020237479482435e-11 6.004741621570075726e-11 9.596336028197139350e-11 4.848425045106624205e-11 8.012107783699393277e-12 -2.778718654133184642e-11 -1.393933911629132836e-13 -9.712227171034242588e-12 -2.783457857388709948e-11 -8.613195980895880663e-12 4.184661777600316934e-11 -1.506779944772346300e-12 -9.588770632907189781e-11 -1.076597440496036179e-10 -1.055819125899239170e-10 2.728495102974093980e-11 5.967627118246387483e-11 -1.276024166090340110e-10 -1.150753053037065115e-10 1.173072049939863344e-10 2.569091173030663834e-10 7.342421104305272743e-10 9.201592660831243440e-10 5.556504314229252836e-10 1.491225148555983498e-09 5.520548871232398258e-09 1.874936845763318679e-08 5.600588880208545102e-08 1.495704999014030844e-07 4.014856110137019137e-07 1.079797622267746980e-06 2.922075781559865980e-06 7.930083942797456196e-06 2.154312597761999523e-05 5.857183205347594253e-05 1.599586413314648791e-04 4.410022058460560382e-04 1.244493892148807249e-03
3.219806826279098672e-02 1.244893724514775386e-03 4.411289644695033890e-04 1.599996807237457882e-04 5.856689156674659946e-05 2.154168963217915469e-05 7.932004147594375239e-06 2.921506583142021755e-06 1.075203049149023630e-06 3.961335911060109817e-07 1.452511467942494357e-07 5.342696421816315685e-08 1.896336776575089834e-08 7.224514002302036136e-09 3.656717918801174585e-09 1.802762332239603426e-09 8.970038324564584179e-10 1.551819728939459805e-10 -1.204407477568013957e-10 -2.209388156054827241e-10 -2.325299876991128358e-10 -2.163927888491338783e-10 -4.857500875511779181e-12 6.241548599844020349e-11 9.646119542024735944e-11 -1.480451198328369142e-11 -4.324519488278572626e-11 6.004215432038285458e-11 9.722255015679501898e-11 4.993405449314125771e-11 8.590153315932108474e-12 -2.740451597157602211e-11 -1.113694316235725299e-12 -1.306665245136375715e-11 -2.880889115155492497e-11 -8.588551307564943270e-12 3.942550194903755869e-11 -4.171215717340456998e-12 -9.677826819386647144e-11 -1.071156364468856462e-10 -1.067419195324483157e-10 2.589105432148342994e-11 6.829413440080169275e-11 -1.193068116339020821e-10 -1.065774232084900080e-10 1.264156256610058850e-10 2.657930639420689021e-10 7.556475229208701652e-10 9.570502667224213981e-10 5.840087190494102624e-10 1.504868609450801090e-09 5.535474741022507460e-09 1.871297642847065271e-08 5.592739494016721253e-08 1.496077710162444658e-07 4.016922978472229076e-07 1.080136646689354580e-06 2.922311417666726922e-06 7.930292303304584410e-06 2.154329842635117315e-05 5.857046938618696549e-05 1.599533234193192713e-04 4.409916140774490533e-04 1.244469984572880907e-03
3.219839732320314840e-02 1.244900152430922658e-03 4.411354591414083756e-04 1.600025145282354922e-04 5.856778725103573360e-05 2.154153770908499364e-05 7.931949465392464666e-06 2.921363998001397762e-06 1.074928779820239358e-06 3.961485710869960158e-07 1.454663800432310156e-07 5.365418147727653645e-08 1.910937835492154920e-08 7.227293659922262329e-09 3.576518648344915359e-09 1.744862232772047584e-09 8.903716277610469921e-10 1.865270496894287230e-10 -7.626541971086946446e-11 -1.960231649633161912e-10 -2.165464667915338134e-10 -2.076814780232106756e-10 -4.162861521416696366e-12 6.333687475920774647e-11 9.663095003698284365e-11 -1.220440727127334065e-11 -4.117085547948546638e-11 6.012813173117926210e-11 9.551731665510464511e-11 4.524997435544216845e-11 4.555205909928852447e-12 -2.891814845634612424e-11 -1.041716631233230410e-12 -1.169502208624794256e-11 -2.796404823161278511e-11 -7.952379762310103032e-12 4.563537398466501690e-11 1.831896816423423544e-12 -9.584554347987248553e-11 -1.100355789511541602e-10 -1.065999458856896430e-10 2.744056576708524717e-11 6.005554306424537627e-11 -1.378653300288936161e-10 -1.262489189592753198e-10 1.215702827805461289e-10 2.719868551269245671e-10 7.516212991151793088e-10 9.455408442434084628e-10 5.880704171473779359e-10 1.519589369171558359e-09 5.526714771090765215e-09 1.884220945730035430e-08 5.621814079773606566e-08 1.496115877431248354e-07 4.011750404448567311e-07 1.079656973922202144e-06 2.922004859729667304e-06 7.929770919870539746e-06 2.154384517482218784e-05 5.857301079911280073e-05 1.599599069346494418e-04 4.410049979551291187e-04 1.244504017271364903e-03
3.219799673236676402e-02 1.244922765048957648e-03 4.411483760312424245e-04 1.600099523059328335e-04 5.857136245532703554e-05 2.154357736368893257e-05 7.932922302752159016e-06 2.922035260523389430e-06 1.075344964929147657e-06 3.963605723591674805e-07 1.455201833256339526e-07 5.361483425848692100e-08 1.909335201493421062e-08 7.264620920560891784e-09 3.615071794888050866e-09 1.765560513422837029e-09 9.050829873606486689e-10 1.740463238828350944e-10 -1.042485142637455014e-10 -2.233619483110992727e-10 -2.286698057244011541e-10 -2.117233956222410536e-10 -7.736107169858421236e-12 6.254456834336768543e-11 1.016909248734661662e-10 -8.683081237982214694e-13 -3.094491437952243810e-11 6.725512581776511851e-11 9.877807664052502735e-11 4.894531473105085716e-11 7.803871753811580961e-12 -2.865173617215481925e-11 2.834571064198057116e-13 -1.148601455321058891e-11 -2.944094555853786943e-11 -9.259057935489350063e-12 3.984739591349580963e-11 -7.837149558184168324e-12 -1.061567078976611221e-10 -1.165928781818570555e-10 -1.129974636850564301e-10 2.186666254110547097e-11 6.164032159517394209e-11 -1.287813581808990901e-10 -1.229258334832345720e-10 1.171242716006361558e-10 2.706909004462560827e-10 7.332303955307651570e-10 9.352959481267341295e-10 6.250645383734366655e-10 1.565748301947313620e-09 5.500193099967988900e-09 1.865135845782826394e-08 5.581865373170653651e-08 1.491822046988643235e-07 4.010140780186314279e-07 1.079386022636840347e-06 2.921649935709288121e-06 7.929417199138086777e-06 2.154214241173007440e-05 5.857098476069593098e-05 1.599555139960087420e-04 4.409912610371696426e-04 1.244460126971391484e-03
3.219798487671028664e-02 1.244978109491234755e-03 4.411655305399723960e-04 1.600132425152239410e-04 5.857145985306313172e-05 2.154383237205000586e-05 7.933432784952533921e-06 2.922252434395840089e-06 1.075591963921139951e-06 3.964749796933891760e-07 1.454725257171418138e-07 5.355952045895891660e-08 1.906809797092520420e-08 7.232927251818739502e-09 3.593705170071936364e-09 1.741866888116664330e-09 8.852611863622713501e-10 1.559295771918725107e-10 -1.236987194575127313e-10 -2.269960354214514270e-10 -2.297282515247404486e-10 -2.028872065163378606e-10 4.033349705888028517e-12 6.945746438194976398e-11 1.102645249846844638e-10 -1.608182041744085084e-12 -3.970716239832629816e-11 5.727644225775682918e-11 9.423743916118205278e-11 4.735437021340907515e-11 7.031943668446475527e-12 -2.876568452350550158e-11 -1.785025961860958154e-12 -1.376627495198463378e-11 -3.188785503735198855e-11 -1.068473018782700570e-11 4.214256702030122691e-11 3.658485057134254427e-13 -9.264015308261436049e-11 -1.108651520512218350e-10 -1.141173355672538477e-10 1.422150971948597879e-11 5.152509711579426313e-11 -1.359538987075395556e-10 -1.315657595895413731e-10 1.171424973404910720e-10 2.857390655786970656e-10 7.395308959745618484e-10 9.351444632056381206e-10 5.942741693634492827e-10 1.499553752478533809e-09 5.447566408279781933e-09 1.866291219508536750e-08 5.601445101984240457e-08 1.494412008124188190e-07 4.012451129432484520e-07 1.079755870678315871e-06 2.922245680144758200e-06 7.930221051048620673e-06 2.154346918633500015e-05 5.857235459698225771e-05 1.599597727629405153e-04 4.410014693060605945e-04 1.244498632335081347e-03
3.219789591565203057e-02 1.244832398346363677e-03 4.411132656508719358e-04 1.599971231853394718e-04 5.856621946907273842e-05 2.154146661240517052e-05 7.931785099574797688e-06 2.921244381948387250e-06 1.074997623003110131e-06 3.961978205556522311e-07 1.453437724348512050e-07 5.351339716881567972e-08 1.907625008343773999e-08 7.260874076609402747e-09 3.654300120956535326e-09 1.826795290501437970e-09 9.317016982565271477e-10 1.606375857998496045e-10 -1.024225242274821421e-10 -2.166883901694952445e-10 -2.333377146040980704e-10 -2.125882634545630420e-10 -9.601000744781700827e-12 5.747550967943130826e-11 9.795207522664557249e-11 -1.007852672182810566e-11 -3.982919429282372018e-11 6.348708397428256905e-11 9.969604768006630934e-11 5.057210592565053186e-11 8.132118840203477488e-12 -2.865943497661603832e-11 -1.213140532166815934e-12 -1.273118200562887342e-11 -3.053346307248858918e-11 -1.243605390366661977e-11 3.690558984126489233e-11 -3.592616623076221207e-12 -9.512465054699976553e-11 -1.038464156982684566e-10 -1.033165113493891941e-10 2.937034039810832888e-11 6.962423974437417104e-11 -1.201332825231828428e-10 -1.255614502172789185e-10 8.223703746503769044e-11 2.124944047534919939e-10 7.045026854330688225e-10 9.079708916951523476e-10 5.458175604082972508e-10 1.497477811094433619e-09 5.474627805166873544e-09 1.869389449195989341e-08 5.597841894688314417e-08 1.495269217396751384e-07 4.015877482602281834e-07 1.080015062479273727e-06 2.922215210596085103e-06 7.929912641348219155e-06 2.154331379477914909e-05 5.857274886165069670e-05 1.599604094958344649e-04 4.410059482681544935e-04 1.244502334898901124e-03
3.219785655051148748e-02 1.244912424359499292e-03 4.411438800114340182e-04 1.600052065611423874e-04 5.856921492581788712e-05 2.154262633290193976e-05 7.932513921327104497e-06 2.921879513091425391e-06 1.075536966107835090e-06 3.964803363626726299e-07 1.455527146305257685e-07 5.363787963455938259e-08 1.904513615226488242e-08 7.203700510050032690e-09 3.579620103690291066e-09 1.779299910631744365e-09 9.360806987517248506e-10 1.779830778041523708e-10 -1.115157982680221032e-10 -2.258741115194430511e-10 -2.364915203261485534e-10 -2.161455336596874448e-10 -1.127196864533605774e-11 5.740092329343577579e-11 1.054117809429118602e-10 -2.592168495815776132e-12 -4.013441911413187957e-11 5.612228479013420046e-11 9.266888563602795946e-11 4.641219290377052877e-11 5.790850353496419655e-12 -3.149935779134012210e-11 -3.391140739025031505e-12 -1.153500399243673012e-11 -2.604844974933805679e-11 -6.516633119679285572e-12 4.152303506570286224e-11 -4.953805571262352234e-12 -1.016644188818691857e-10 -1.138823263846968976e-10 -1.081357349910619397e-10 2.784872261717368355e-11 7.012099179331525288e-11 -1.243277761750068422e-10 -1.274273639211272137e-10 9.606385063530733406e-11 2.309100852534143266e-10 6.856565889175099846e-10 9.074226885026540382e-10 5.825190091774002158e-10 1.464129829073457684e-09 5.449418413494431669e-09 1.871405307547979584e-08 5.593602305887498653e-08 1.494400793731124170e-07 4.012608581499695358e-07 1.079506013669782091e-06 2.921759063457052170e-06 7.930198639337953168e-06 2.154405340529952649e-05 5.857383794625189240e-05 1.599615850145947866e-04 4.410025743309650735e-04 1.244485052318516308e-03
3.219775504349146888e-02 1.244903227728422820e-03 4.411407155493187664e-04 1.600077874791333489e-04 5.857089735052998613e-05 2.154300776337460257e-05 7.932547222699829902e-06 2.921726478221372094e-06 1.075399640467748824e-06 3.963129011874824526e-07 1.454950119283226533e-07 5.361223012142039730e-08 1.902163509786431331e-08 7.161064111924633380e-09 3.557828804217018810e-09 1.739717919211219908e-09 8.936393909137712226e-10 1.828333077309061529e-10 -9.547268627035341778e-11 -2.252989514289398917e-10 -2.570003103256126970e-10 -2.311015537322661030e-10 -9.108052673378311681e-12 6.800461495561582065e-11 1.074191130752472640e-10 -2.893673761371564367e-12 -3.864126112442349260e-11 5.791920168979520849e-11 9.348923055203328930e-11 4.482978357482790492e-11 5.295537146455286558e-12 -2.895725729496721606e-11 -1.804326329093016642e-12 -1.299198888762781397e-11 -2.918026627191770117e-11 -9.175115120880866125e-12 3.929731622396899717e-11 -3.421297223980226443e-12 -9.670379418621007106e-11 -1.092437999220494833e-10 -1.022777216198583813e-10 4.174392118906591105e-11 8.676025821097499995e-11 -1.069608940391463198e-10 -1.137576244232858469e-10 1.105830443629465550e-10 2.355240011890972692e-10 6.747337125407547236e-10 8.715086720845666868e-10 5.608618284653856270e-10 1.533614217288827057e-09 5.608921650405918012e-09 1.892773734890529657e-08 5.617714049947673960e-08 1.496048660343259694e-07 4.014084995609250705e-07 1.079910596101920647e-06 2.922342698965561280e-06 7.930691817281627026e-06 2.154465214033039725e-05 5.857404418176000150e-05 1.599623938027047579e-04 4.410087516275473145e-04 1.244500253924506151e-03
3.219846861134825766e-02 1.244922299408216188e-03 4.411454356994296520e-04 1.600065970986219558e-04 5.856985477490744526e-05 2.154274801319130579e-05 7.932533745932254395e-06 2.921867326170103048e-06 1.075197525837191180e-06 3.963208076027966685e-07 1.455813693157584511e-07 5.358887249182374814e-08 1.899874435259826098e-08 7.208679485801287429e-09 3.624637676096889148e-09 1.750717815238189568e-09 8.688524768275969538e-10 1.320938033538561411e-10 -1.353717065745900098e-10 -2.286963566922354394e-10 -2.276801856531851928e-10 -2.066684007470662341e-10 -1.145008001591544816e-12 6.899648220249348357e-11 1.051463060655912158e-10 -3.775392249511065796e-12 -3.603489355134210032e-11 6.201225085642705091e-11 9.742159417794458030e-11 4.963192612325267175e-11 7.363434498964905875e-12 -2.629572416448267331e-11 9.193177563947482080e-13 -1.271849138789474232e-11 -3.115585191843742798e-11 -1.085299384013273169e-11 4.104333567995064548e-11 -4.265136144074689933e-12 -1.019113746313257034e-10 -1.119357158656947929e-10 -1.083019288209086367e-10 2.749331266731452643e-11 6.647289331377351745e-11 -1.210061765692816662e-10 -1.137901426978410558e-10 1.121285342770290153e-10 2.549552657636482991e-10 7.374301558691069587e-10 9.429470803626433792e-10 5.575608136028422082e-10 1.460448827514677344e-09 5.504124525346218522e-09 1.875366678671333866e-08 5.596973840474935367e-08 1.494193844336971871e-07 4.013364011349308001e-07 1.079938439464636134e-06 2.922508940338785440e-06 7.930971023314336028e-06 2.154535874800159271e-05 5.857691996049866549e-05 1.599709529623945714e-04 4.410320823755420989e-04 1.244565244571491742e-03
3.219835659864277166e-02 1.244909349769139206e-03 4.411383723721971949e-04 1.600008665547414963e-04 5.856569280175969231e-05 2.154079285190122874e-05 7.931859567062207581e-06 2.921330092371637595e-06 1.075026248544578453e-06 3.962423893397414645e-07 1.454779984710675733e-07 5.365343031033571499e-08 1.911666541072139325e-08 7.257976254396896990e-09 3.633544188459204571e-09 1.786431075641403844e-09 9.022083282426482073e-10 1.519321432337965661e-10 -1.109244355932123673e-10 -2.338350857555031023e-10 -2.546622774900690140e-10 -2.274175379724802329e-10 -1.293026860728044712e-11 6.115819437260763296e-11 1.043483782011639411e-10 -2.491769758180053954e-12 -3.597753030316034758e-11 6.066499912262816622e-11 9.607818528947078112e-11 4.629749016071077214e-11 4.039936632106016545e-12 -3.010071887702205629e-11 -1.153929433771345852e-12 -1.103369918819950365e-11 -2.734305608340957711e-11 -7.817460983921393979e-12 4.280063113495310747e-11 -1.097657571342414786e-13 -9.605389729865460825e-11 -1.084443250347575976e-10 -1.019537642666131802e-10 3.431278909584076779e-11 7.918162118973564210e-11 -1.063071128701352028e-10 -1.119779341589321115e-10 1.149950678518822348e-10 2.590647908081410030e-10 7.534079258869946083e-10 9.721191216675975191e-10 5.874623863297691745e-10 1.478830613231421159e-09 5.463317267613086537e-09 1.863740927419790719e-08 5.580755783377752377e-08 1.492526749687260667e-07 4.013265649757844278e-07 1.080132672349226578e-06 2.922652887769742328e-06 7.930736416940459098e-06 2.154445116750837110e-05 5.857516053910838850e-05 1.599650628979844052e-04 4.410165546504869099e-04 1.244534852859326178e-03
3.219794383866131371e-02 1.244909484057694091e-03 4.411421642538398578e-04 1.600050771140976700e-04 5.856766966589142803e-05 2.154167432614444895e-05 7.931955582241831775e-06 2.921477248571123348e-06 1.075112882962781716e-06 3.961325304828516676e-07 1.454264073994262896e-07 5.358935314058337611e-08 1.912200513595264174e-08 7.303043531636402565e-09 3.602555777683526019e-09 1.747584495573472680e-09 8.954958294986873900e-10 1.664102784715303428e-10 -9.924532378652139081e-11 -2.176628436709818688e-10 -2.462245621057198739e-10 -2.181726591262274235e-10 -1.090218320658708976e-12 6.212343067700931053e-11 9.861810505584309489e-11 -1.172081617426126102e-11 -4.358423564151490446e-11 5.907573689994089121e-11 9.556449691270657867e-11 4.684758899264392415e-11 5.344072304768203863e-12 -2.971373455650278249e-11 -2.005176315700418372e-12 -1.239400459900821219e-11 -3.042389944848780775e-11 -1.015878095838297569e-11 4.150463912321725194e-11 -2.684435015466606697e-12 -9.935685309298498096e-11 -1.154341153100969573e-10 -1.170207949248556306e-10 2.461205234434616888e-11 7.338002784945497629e-11 -1.137844650786479377e-10 -1.075814134791221909e-10 1.210846898658478385e-10 2.656670522239830387e-10 7.450429819746158651e-10 9.486416493556579967e-10 5.932921306811097211e-10 1.515924516790163215e-09 5.500680931752266612e-09 1.873308894905828213e-08 5.591081278665205452e-08 1.494399446127071079e-07 4.014621499902338822e-07 1.079990920443600181e-06 2.922134427562717861e-06 7.930221337659636762e-06 2.154407885706400178e-05 5.857269976695954789e-05 1.599592441034012745e-04 4.410001714226448907e-04 1.244479524667628728e-03
3.219825801310802205e-02 1.244896102892619014e-03 4.411351579489857563e-04 1.600023079784198567e-04 5.856745948508388239e-05 2.154116779588166036e-05 7.931512569895996068e-06 2.921158956706110234e-06 1.075188765972546820e-06 3.963707337319073595e-07 1.455698172063017536e-07 5.362000253087862134e-08 1.898307709604756732e-08 7.181415698593594514e-09 3.584360457569035499e-09 1.747113073175184692e-09 8.696669150825553811e-10 1.586900525903897460e-10 -9.597074058424028377e-11 -2.075855336314019320e-10 -2.381787613492361205e-10 -2.244407920901805690e-10 -1.255208984259884751e-11 6.036076782048411594e-11 1.033455523050122542e-10 -3.357114613196313872e-12 -3.535885708787798215e-11 6.422855039535453836e-11 9.994131769255712011e-11 4.935002950277362425e-11 6.458993181129728166e-12 -2.920481937010440343e-11 1.282598068098243326e-13 -1.093228568503024992e-11 -3.085417416853074198e-11 -1.055656697373998743e-11 4.062451874443124920e-11 -2.431872953240540536e-12 -9.899777431654733962e-11 -1.147532967148094906e-10 -1.146954205617010093e-10 2.241652584534121017e-11 6.394238596032862002e-11 -1.155172001332147152e-10 -1.127017953167271381e-10 1.206342803728946131e-10 2.595366073461552104e-10 7.352805012451901545e-10 9.427291875634648742e-10 5.894270400836428987e-10 1.528555941271023655e-09 5.538036811162260408e-09 1.874689027848788983e-08 5.593106306815858721e-08 1.493717591261623233e-07 4.012681697227281834e-07 1.079730833268631786e-06 2.922184362969373700e-06 7.930589975709655731e-06 2.154460911005416919e-05 5.857331952202579796e-05 1.599597158359668822e-04 4.410110873013384095e-04 1.244523504842200146e-03
